2026-04-20T00:01:59.464Z [LOG] ────────────────────────────────────────────────────────────
2026-04-20T00:01:59.464Z [LOG] [pipeline #116] 2026-04-20T00:01:59.464Z
2026-04-20T00:01:59.464Z [LOG] [extract_emails.js] starting…
2026-04-20T00:02:03.582Z [LOG] extracted 0 email(s) this run
2026-04-20T00:02:03.879Z [LOG] extraction finished
2026-04-20T00:02:03.888Z [LOG] [extract_emails.js] done
2026-04-20T00:02:03.888Z [LOG] [pipeline #116] new emails extracted: 0
2026-04-20T00:02:03.888Z [LOG] [parse_extracted_emails.js] starting…
2026-04-20T00:02:03.960Z [LOG] parse summary: total=1788, parsed=0, alreadyParsed=1572, missingFields=216, invalidMessageType=0, missingParser=0, parseErrors=0
2026-04-20T00:02:03.968Z [LOG] [parse_extracted_emails.js] done
2026-04-20T00:02:03.968Z [LOG] [pipeline #116] new emails parsed: 0
2026-04-20T00:02:03.968Z [LOG] [pipeline #116] no new data — skipping CSV rebuild and Sheets upload
2026-04-20T00:07:36.638Z [WARN] Received SIGINT; shutting down pipeline...
2026-04-20T00:19:53.296Z [LOG] Pipeline polling every 600s. Press Ctrl+C to stop.
2026-04-20T00:19:53.299Z [LOG] ────────────────────────────────────────────────────────────
2026-04-20T00:19:53.299Z [LOG] [pipeline #1] 2026-04-20T00:19:53.299Z
2026-04-20T00:19:53.299Z [LOG] [extract_emails.js] starting…
2026-04-20T00:19:53.445Z [ERROR] extractor failed: Invalid EXTRACT_EMAIL_LIMIT: expected a positive integer
2026-04-20T00:19:53.462Z [ERROR] [extract_emails.js] exited with code 1
2026-04-20T00:19:53.462Z [WARN] [pipeline #1] extract_emails failed; continuing to parse existing extracted files
2026-04-20T00:19:53.462Z [LOG] [parse_extracted_emails.js] starting…
2026-04-20T00:19:53.536Z [LOG] parse summary: total=1788, parsed=0, alreadyParsed=1572, missingFields=216, invalidMessageType=0, missingParser=0, parseErrors=0
2026-04-20T00:19:53.543Z [LOG] [parse_extracted_emails.js] done
2026-04-20T00:19:53.543Z [LOG] [pipeline #1] new emails parsed: 0
2026-04-20T00:19:53.543Z [LOG] [pipeline #1] no new data — skipping CSV rebuild and Sheets upload
2026-04-20T02:29:20.471Z [LOG] ────────────────────────────────────────────────────────────
2026-04-20T02:29:20.472Z [LOG] [pipeline #2] 2026-04-20T02:29:20.472Z
2026-04-20T02:29:20.472Z [LOG] [extract_emails.js] starting…
2026-04-20T02:29:20.606Z [ERROR] extractor failed: Invalid EXTRACT_EMAIL_LIMIT: expected a positive integer
2026-04-20T02:29:20.623Z [ERROR] [extract_emails.js] exited with code 1
2026-04-20T02:29:20.623Z [WARN] [pipeline #2] extract_emails failed; continuing to parse existing extracted files
2026-04-20T02:29:20.623Z [LOG] [parse_extracted_emails.js] starting…
2026-04-20T02:29:20.707Z [LOG] parse summary: total=1788, parsed=0, alreadyParsed=1572, missingFields=216, invalidMessageType=0, missingParser=0, parseErrors=0
2026-04-20T02:29:20.714Z [LOG] [parse_extracted_emails.js] done
2026-04-20T02:29:20.714Z [LOG] [pipeline #2] new emails parsed: 0
2026-04-20T02:29:20.714Z [LOG] [pipeline #2] no new data — skipping CSV rebuild and Sheets upload
2026-04-20T02:39:20.472Z [LOG] ────────────────────────────────────────────────────────────
2026-04-20T02:39:20.472Z [LOG] [pipeline #3] 2026-04-20T02:39:20.472Z
2026-04-20T02:39:20.472Z [LOG] [extract_emails.js] starting…
2026-04-20T02:39:20.602Z [ERROR] extractor failed: Invalid EXTRACT_EMAIL_LIMIT: expected a positive integer
2026-04-20T02:39:20.615Z [ERROR] [extract_emails.js] exited with code 1
2026-04-20T02:39:20.615Z [WARN] [pipeline #3] extract_emails failed; continuing to parse existing extracted files
2026-04-20T02:39:20.615Z [LOG] [parse_extracted_emails.js] starting…
2026-04-20T02:39:20.691Z [LOG] parse summary: total=1788, parsed=0, alreadyParsed=1572, missingFields=216, invalidMessageType=0, missingParser=0, parseErrors=0
2026-04-20T02:39:20.697Z [LOG] [parse_extracted_emails.js] done
2026-04-20T02:39:20.697Z [LOG] [pipeline #3] new emails parsed: 0
2026-04-20T02:39:20.697Z [LOG] [pipeline #3] no new data — skipping CSV rebuild and Sheets upload
2026-04-20T02:49:20.475Z [LOG] ────────────────────────────────────────────────────────────
2026-04-20T02:49:20.475Z [LOG] [pipeline #4] 2026-04-20T02:49:20.475Z
2026-04-20T02:49:20.475Z [LOG] [extract_emails.js] starting…
2026-04-20T02:49:20.603Z [ERROR] extractor failed: Invalid EXTRACT_EMAIL_LIMIT: expected a positive integer
2026-04-20T02:49:20.618Z [ERROR] [extract_emails.js] exited with code 1
2026-04-20T02:49:20.618Z [WARN] [pipeline #4] extract_emails failed; continuing to parse existing extracted files
2026-04-20T02:49:20.618Z [LOG] [parse_extracted_emails.js] starting…
2026-04-20T02:49:20.670Z [LOG] parse summary: total=1788, parsed=0, alreadyParsed=1572, missingFields=216, invalidMessageType=0, missingParser=0, parseErrors=0
2026-04-20T02:49:20.676Z [LOG] [parse_extracted_emails.js] done
2026-04-20T02:49:20.676Z [LOG] [pipeline #4] new emails parsed: 0
2026-04-20T02:49:20.676Z [LOG] [pipeline #4] no new data — skipping CSV rebuild and Sheets upload
2026-04-20T02:59:20.483Z [LOG] ────────────────────────────────────────────────────────────
2026-04-20T02:59:20.484Z [LOG] [pipeline #5] 2026-04-20T02:59:20.484Z
2026-04-20T02:59:20.484Z [LOG] [extract_emails.js] starting…
2026-04-20T02:59:20.609Z [ERROR] extractor failed: Invalid EXTRACT_EMAIL_LIMIT: expected a positive integer
2026-04-20T02:59:20.622Z [ERROR] [extract_emails.js] exited with code 1
2026-04-20T02:59:20.623Z [WARN] [pipeline #5] extract_emails failed; continuing to parse existing extracted files
2026-04-20T02:59:20.623Z [LOG] [parse_extracted_emails.js] starting…
2026-04-20T02:59:20.676Z [LOG] parse summary: total=1788, parsed=0, alreadyParsed=1572, missingFields=216, invalidMessageType=0, missingParser=0, parseErrors=0
2026-04-20T02:59:20.681Z [LOG] [parse_extracted_emails.js] done
2026-04-20T02:59:20.682Z [LOG] [pipeline #5] new emails parsed: 0
2026-04-20T02:59:20.682Z [LOG] [pipeline #5] no new data — skipping CSV rebuild and Sheets upload
2026-04-20T03:09:20.491Z [LOG] ────────────────────────────────────────────────────────────
2026-04-20T03:09:20.492Z [LOG] [pipeline #6] 2026-04-20T03:09:20.492Z
2026-04-20T03:09:20.492Z [LOG] [extract_emails.js] starting…
2026-04-20T03:09:20.615Z [ERROR] extractor failed: Invalid EXTRACT_EMAIL_LIMIT: expected a positive integer
2026-04-20T03:09:20.630Z [ERROR] [extract_emails.js] exited with code 1
2026-04-20T03:09:20.630Z [WARN] [pipeline #6] extract_emails failed; continuing to parse existing extracted files
2026-04-20T03:09:20.630Z [LOG] [parse_extracted_emails.js] starting…
2026-04-20T03:09:20.685Z [LOG] parse summary: total=1788, parsed=0, alreadyParsed=1572, missingFields=216, invalidMessageType=0, missingParser=0, parseErrors=0
2026-04-20T03:09:20.692Z [LOG] [parse_extracted_emails.js] done
2026-04-20T03:09:20.692Z [LOG] [pipeline #6] new emails parsed: 0
2026-04-20T03:09:20.692Z [LOG] [pipeline #6] no new data — skipping CSV rebuild and Sheets upload
2026-04-20T03:19:20.493Z [LOG] ────────────────────────────────────────────────────────────
2026-04-20T03:19:20.494Z [LOG] [pipeline #7] 2026-04-20T03:19:20.494Z
2026-04-20T03:19:20.494Z [LOG] [extract_emails.js] starting…
2026-04-20T03:19:20.726Z [ERROR] extractor failed: Invalid EXTRACT_EMAIL_LIMIT: expected a positive integer
2026-04-20T03:19:20.744Z [ERROR] [extract_emails.js] exited with code 1
2026-04-20T03:19:20.744Z [WARN] [pipeline #7] extract_emails failed; continuing to parse existing extracted files
2026-04-20T03:19:20.744Z [LOG] [parse_extracted_emails.js] starting…
2026-04-20T03:19:20.808Z [LOG] parse summary: total=1788, parsed=0, alreadyParsed=1572, missingFields=216, invalidMessageType=0, missingParser=0, parseErrors=0
2026-04-20T03:19:20.818Z [LOG] [parse_extracted_emails.js] done
2026-04-20T03:19:20.818Z [LOG] [pipeline #7] new emails parsed: 0
2026-04-20T03:19:20.818Z [LOG] [pipeline #7] no new data — skipping CSV rebuild and Sheets upload
2026-04-20T03:29:20.494Z [LOG] ────────────────────────────────────────────────────────────
2026-04-20T03:29:20.495Z [LOG] [pipeline #8] 2026-04-20T03:29:20.495Z
2026-04-20T03:29:20.495Z [LOG] [extract_emails.js] starting…
2026-04-20T03:29:20.628Z [ERROR] extractor failed: Invalid EXTRACT_EMAIL_LIMIT: expected a positive integer
2026-04-20T03:29:20.643Z [ERROR] [extract_emails.js] exited with code 1
2026-04-20T03:29:20.643Z [WARN] [pipeline #8] extract_emails failed; continuing to parse existing extracted files
2026-04-20T03:29:20.643Z [LOG] [parse_extracted_emails.js] starting…
2026-04-20T03:29:20.697Z [LOG] parse summary: total=1788, parsed=0, alreadyParsed=1572, missingFields=216, invalidMessageType=0, missingParser=0, parseErrors=0
2026-04-20T03:29:20.703Z [LOG] [parse_extracted_emails.js] done
2026-04-20T03:29:20.703Z [LOG] [pipeline #8] new emails parsed: 0
2026-04-20T03:29:20.703Z [LOG] [pipeline #8] no new data — skipping CSV rebuild and Sheets upload
2026-04-20T03:39:20.496Z [LOG] ────────────────────────────────────────────────────────────
2026-04-20T03:39:20.496Z [LOG] [pipeline #9] 2026-04-20T03:39:20.496Z
2026-04-20T03:39:20.496Z [LOG] [extract_emails.js] starting…
2026-04-20T03:39:20.621Z [ERROR] extractor failed: Invalid EXTRACT_EMAIL_LIMIT: expected a positive integer
2026-04-20T03:39:20.636Z [ERROR] [extract_emails.js] exited with code 1
2026-04-20T03:39:20.636Z [WARN] [pipeline #9] extract_emails failed; continuing to parse existing extracted files
2026-04-20T03:39:20.636Z [LOG] [parse_extracted_emails.js] starting…
2026-04-20T03:39:20.689Z [LOG] parse summary: total=1788, parsed=0, alreadyParsed=1572, missingFields=216, invalidMessageType=0, missingParser=0, parseErrors=0
2026-04-20T03:39:20.695Z [LOG] [parse_extracted_emails.js] done
2026-04-20T03:39:20.695Z [LOG] [pipeline #9] new emails parsed: 0
2026-04-20T03:39:20.695Z [LOG] [pipeline #9] no new data — skipping CSV rebuild and Sheets upload
2026-04-20T03:49:20.500Z [LOG] ────────────────────────────────────────────────────────────
2026-04-20T03:49:20.501Z [LOG] [pipeline #10] 2026-04-20T03:49:20.501Z
2026-04-20T03:49:20.501Z [LOG] [extract_emails.js] starting…
2026-04-20T03:49:20.626Z [ERROR] extractor failed: Invalid EXTRACT_EMAIL_LIMIT: expected a positive integer
2026-04-20T03:49:20.640Z [ERROR] [extract_emails.js] exited with code 1
2026-04-20T03:49:20.640Z [WARN] [pipeline #10] extract_emails failed; continuing to parse existing extracted files
2026-04-20T03:49:20.640Z [LOG] [parse_extracted_emails.js] starting…
2026-04-20T03:49:20.693Z [LOG] parse summary: total=1788, parsed=0, alreadyParsed=1572, missingFields=216, invalidMessageType=0, missingParser=0, parseErrors=0
2026-04-20T03:49:20.701Z [LOG] [parse_extracted_emails.js] done
2026-04-20T03:49:20.701Z [LOG] [pipeline #10] new emails parsed: 0
2026-04-20T03:49:20.701Z [LOG] [pipeline #10] no new data — skipping CSV rebuild and Sheets upload
2026-04-20T03:59:20.501Z [LOG] ────────────────────────────────────────────────────────────
2026-04-20T03:59:20.502Z [LOG] [pipeline #11] 2026-04-20T03:59:20.502Z
2026-04-20T03:59:20.502Z [LOG] [extract_emails.js] starting…
2026-04-20T03:59:20.627Z [ERROR] extractor failed: Invalid EXTRACT_EMAIL_LIMIT: expected a positive integer
2026-04-20T03:59:20.641Z [ERROR] [extract_emails.js] exited with code 1
2026-04-20T03:59:20.641Z [WARN] [pipeline #11] extract_emails failed; continuing to parse existing extracted files
2026-04-20T03:59:20.641Z [LOG] [parse_extracted_emails.js] starting…
2026-04-20T03:59:20.696Z [LOG] parse summary: total=1788, parsed=0, alreadyParsed=1572, missingFields=216, invalidMessageType=0, missingParser=0, parseErrors=0
2026-04-20T03:59:20.702Z [LOG] [parse_extracted_emails.js] done
2026-04-20T03:59:20.702Z [LOG] [pipeline #11] new emails parsed: 0
2026-04-20T03:59:20.702Z [LOG] [pipeline #11] no new data — skipping CSV rebuild and Sheets upload
2026-04-20T04:03:43.655Z [WARN] Received SIGINT; shutting down pipeline...
2026-04-20T04:03:46.933Z [WARN] [rebuild] REBUILD mode enabled; clearing cached extraction, parse, and table outputs
2026-04-20T04:03:46.966Z [WARN] [rebuild] cleared emails output directory: /home/wesleywu9/tolead/NCAParser/server/data/outputs/emails
2026-04-20T04:03:46.998Z [WARN] [rebuild] cleared parsed emails output directory: /home/wesleywu9/tolead/NCAParser/server/data/outputs/parsed_emails
2026-04-20T04:03:46.998Z [WARN] [rebuild] cleared parsed tables output directory: /home/wesleywu9/tolead/NCAParser/server/data/outputs/parsed_tables
2026-04-20T04:03:46.999Z [LOG] [rebuild] skipped missing email index file: /home/wesleywu9/tolead/NCAParser/server/data/index.ndjson
2026-04-20T04:03:46.999Z [LOG] [rebuild] skipped missing stderr summary file: /home/wesleywu9/tolead/NCAParser/server/data/stderr-summary.ndjson
2026-04-20T04:03:46.999Z [LOG] ────────────────────────────────────────────────────────────
2026-04-20T04:03:46.999Z [LOG] [pipeline #1] 2026-04-20T04:03:46.999Z
2026-04-20T04:03:46.999Z [LOG] [extract_emails.js] starting…
2026-04-20T04:03:47.134Z [ERROR] extractor failed: Invalid EXTRACT_EMAIL_LIMIT: expected a positive integer
2026-04-20T04:03:47.143Z [ERROR] [extract_emails.js] exited with code 1
2026-04-20T04:03:47.143Z [WARN] [pipeline #1] extract_emails failed; continuing to parse existing extracted files
2026-04-20T04:03:47.143Z [LOG] [parse_extracted_emails.js] starting…
2026-04-20T04:03:47.159Z [LOG] parse summary: total=0, parsed=0, alreadyParsed=0, missingFields=0, invalidMessageType=0, missingParser=0, parseErrors=0
2026-04-20T04:03:47.163Z [LOG] [parse_extracted_emails.js] done
2026-04-20T04:03:47.163Z [LOG] [pipeline #1] new emails parsed: 0
2026-04-20T04:03:47.163Z [LOG] [pipeline #1] no new data — skipping CSV rebuild and Sheets upload
2026-04-20T04:04:01.835Z [WARN] [rebuild] REBUILD mode enabled; clearing cached extraction, parse, and table outputs
2026-04-20T04:04:01.840Z [WARN] [rebuild] cleared emails output directory: /home/wesleywu9/tolead/NCAParser/server/data/outputs/emails
2026-04-20T04:04:01.840Z [WARN] [rebuild] cleared parsed emails output directory: /home/wesleywu9/tolead/NCAParser/server/data/outputs/parsed_emails
2026-04-20T04:04:01.840Z [LOG] [rebuild] skipped missing parsed tables output directory: /home/wesleywu9/tolead/NCAParser/server/data/outputs/parsed_tables
2026-04-20T04:04:01.840Z [LOG] [rebuild] skipped missing email index file: /home/wesleywu9/tolead/NCAParser/server/data/index.ndjson
2026-04-20T04:04:01.840Z [LOG] [rebuild] skipped missing stderr summary file: /home/wesleywu9/tolead/NCAParser/server/data/stderr-summary.ndjson
2026-04-20T04:04:01.840Z [LOG] ────────────────────────────────────────────────────────────
2026-04-20T04:04:01.840Z [LOG] [pipeline #1] 2026-04-20T04:04:01.840Z
2026-04-20T04:04:01.841Z [LOG] [extract_emails.js] starting…
2026-04-20T04:04:01.941Z [ERROR] extractor failed: Invalid EXTRACT_EMAIL_LIMIT: expected a positive integer
2026-04-20T04:04:01.950Z [ERROR] [extract_emails.js] exited with code 1
2026-04-20T04:04:01.950Z [WARN] [pipeline #1] extract_emails failed; continuing to parse existing extracted files
2026-04-20T04:04:01.950Z [LOG] [parse_extracted_emails.js] starting…
2026-04-20T04:04:01.965Z [LOG] parse summary: total=0, parsed=0, alreadyParsed=0, missingFields=0, invalidMessageType=0, missingParser=0, parseErrors=0
2026-04-20T04:04:01.968Z [LOG] [parse_extracted_emails.js] done
2026-04-20T04:04:01.969Z [LOG] [pipeline #1] new emails parsed: 0
2026-04-20T04:04:01.969Z [LOG] [pipeline #1] no new data — skipping CSV rebuild and Sheets upload
2026-04-20T04:16:13.119Z [WARN] [rebuild] REBUILD mode enabled; clearing cached extraction, parse, and table outputs
2026-04-20T04:16:13.122Z [WARN] [rebuild] cleared emails output directory: /home/wesleywu9/tolead/NCAParser/server/data/outputs/emails
2026-04-20T04:16:13.122Z [WARN] [rebuild] cleared parsed emails output directory: /home/wesleywu9/tolead/NCAParser/server/data/outputs/parsed_emails
2026-04-20T04:16:13.122Z [LOG] [rebuild] skipped missing parsed tables output directory: /home/wesleywu9/tolead/NCAParser/server/data/outputs/parsed_tables
2026-04-20T04:16:13.122Z [LOG] [rebuild] skipped missing email index file: /home/wesleywu9/tolead/NCAParser/server/data/index.ndjson
2026-04-20T04:16:13.122Z [LOG] [rebuild] skipped missing stderr summary file: /home/wesleywu9/tolead/NCAParser/server/data/stderr-summary.ndjson
2026-04-20T04:16:13.122Z [LOG] ────────────────────────────────────────────────────────────
2026-04-20T04:16:13.122Z [LOG] [pipeline #1] 2026-04-20T04:16:13.122Z
2026-04-20T04:16:13.122Z [LOG] [extract_emails.js] starting…
2026-04-20T04:21:13.136Z [ERROR] [extract_emails.js] timed out after 300000ms
2026-04-20T04:21:13.136Z [WARN] [pipeline #1] extract_emails failed; continuing to parse existing extracted files
2026-04-20T04:21:13.136Z [LOG] [parse_extracted_emails.js] starting…
2026-04-20T04:21:22.084Z [LOG] [parse_extracted_emails.js] Parsed: parsed-INBOX-uid-6116.json
2026-04-20T04:21:22.085Z [LOG] [parse_extracted_emails.js] Parsed: parsed-INBOX-uid-6117.json
2026-04-20T04:21:22.085Z [LOG] [parse_extracted_emails.js] Parsed: parsed-INBOX-uid-6118.json
2026-04-20T04:21:22.085Z [LOG] [parse_extracted_emails.js] Parsed: parsed-INBOX-uid-6119.json
2026-04-20T04:21:22.085Z [LOG] [parse_extracted_emails.js] Parsed: parsed-INBOX-uid-6120.json
2026-04-20T04:21:22.085Z [LOG] [parse_extracted_emails.js] Parsed: parsed-INBOX-uid-6121.json
2026-04-20T04:21:22.085Z [LOG] [parse_extracted_emails.js] Parsed: parsed-INBOX-uid-6122.json
2026-04-20T04:21:22.085Z [LOG] [parse_extracted_emails.js] Parsed: parsed-INBOX-uid-6123.json
2026-04-20T04:21:22.085Z [LOG] [parse_extracted_emails.js] Parsed: parsed-INBOX-uid-6124.json
2026-04-20T04:21:22.085Z [LOG] [parse_extracted_emails.js] Parsed: parsed-INBOX-uid-6125.json
2026-04-20T04:21:22.085Z [LOG] [parse_extracted_emails.js] Parsed: parsed-INBOX-uid-6126.json
2026-04-20T04:21:22.085Z [LOG] [parse_extracted_emails.js] Parsed: parsed-INBOX-uid-6127.json
2026-04-20T04:21:22.085Z [LOG] [parse_extracted_emails.js] Parsed: parsed-INBOX-uid-6128.json
2026-04-20T04:21:22.085Z [LOG] [parse_extracted_emails.js] Parsed: parsed-INBOX-uid-6129.json
2026-04-20T04:21:22.085Z [LOG] [parse_extracted_emails.js] Parsed: parsed-INBOX-uid-6130.json
2026-04-20T04:21:22.085Z [LOG] [parse_extracted_emails.js] Parsed: parsed-INBOX-uid-6131.json
2026-04-20T04:21:22.085Z [LOG] [parse_extracted_emails.js] Parsed: parsed-INBOX-uid-6132.json
2026-04-20T04:21:22.085Z [LOG] [parse_extracted_emails.js] Parsed: parsed-INBOX-uid-6133.json
2026-04-20T04:21:22.085Z [LOG] [parse_extracted_emails.js] Parsed: parsed-INBOX-uid-6134.json
2026-04-20T04:21:22.085Z [LOG] [parse_extracted_emails.js] Parsed: parsed-INBOX-uid-6135.json
2026-04-20T04:21:22.085Z [LOG] [parse_extracted_emails.js] Parsed: parsed-INBOX-uid-6136.json
2026-04-20T04:21:22.085Z [LOG] [parse_extracted_emails.js] Parsed: parsed-INBOX-uid-6137.json
2026-04-20T04:21:22.085Z [LOG] [parse_extracted_emails.js] Parsed: parsed-INBOX-uid-6138.json
2026-04-20T04:21:22.085Z [LOG] [parse_extracted_emails.js] Parsed: parsed-INBOX-uid-6139.json
2026-04-20T04:21:22.085Z [LOG] [parse_extracted_emails.js] Parsed: parsed-INBOX-uid-6140.json
2026-04-20T04:21:22.085Z [LOG] [parse_extracted_emails.js] Parsed: parsed-INBOX-uid-6141.json
2026-04-20T04:21:22.085Z [LOG] [parse_extracted_emails.js] Parsed: parsed-INBOX-uid-6142.json
2026-04-20T04:21:22.085Z [LOG] [parse_extracted_emails.js] Parsed: parsed-INBOX-uid-6143.json
2026-04-20T04:21:22.085Z [LOG] [parse_extracted_emails.js] Parsed: parsed-INBOX-uid-6144.json
2026-04-20T04:21:22.085Z [LOG] [parse_extracted_emails.js] Parsed: parsed-INBOX-uid-6145.json
2026-04-20T04:21:22.085Z [LOG] [parse_extracted_emails.js] Parsed: parsed-INBOX-uid-6146.json
2026-04-20T04:21:22.085Z [LOG] [parse_extracted_emails.js] Parsed: parsed-INBOX-uid-6147.json
2026-04-20T04:21:22.085Z [LOG] [parse_extracted_emails.js] Parsed: parsed-INBOX-uid-6148.json
2026-04-20T04:21:22.085Z [LOG] [parse_extracted_emails.js] Parsed: parsed-INBOX-uid-6149.json
2026-04-20T04:21:22.085Z [LOG] [parse_extracted_emails.js] Parsed: parsed-INBOX-uid-6150.json
2026-04-20T04:21:22.085Z [LOG] [parse_extracted_emails.js] Parsed: parsed-INBOX-uid-6151.json
2026-04-20T04:21:22.085Z [LOG] [parse_extracted_emails.js] Parsed: parsed-INBOX-uid-6152.json
2026-04-20T04:21:22.085Z [LOG] [parse_extracted_emails.js] Parsed: parsed-INBOX-uid-6156.json
2026-04-20T04:21:22.085Z [LOG] [parse_extracted_emails.js] Parsed: parsed-INBOX-uid-6157.json
2026-04-20T04:21:22.085Z [LOG] [parse_extracted_emails.js] Parsed: parsed-INBOX-uid-6158.json
2026-04-20T04:21:22.085Z [LOG] [parse_extracted_emails.js] Parsed: parsed-INBOX-uid-6159.json
2026-04-20T04:21:22.085Z [LOG] [parse_extracted_emails.js] Parsed: parsed-INBOX-uid-6160.json
2026-04-20T04:21:22.085Z [LOG] [parse_extracted_emails.js] Parsed: parsed-INBOX-uid-6161.json
2026-04-20T04:21:22.085Z [LOG] [parse_extracted_emails.js] Parsed: parsed-INBOX-uid-6162.json
2026-04-20T04:21:22.085Z [LOG] [parse_extracted_emails.js] Parsed: parsed-INBOX-uid-6163.json
2026-04-20T04:21:22.085Z [LOG] [parse_extracted_emails.js] Parsed: parsed-INBOX-uid-6164.json
2026-04-20T04:21:22.085Z [LOG] [parse_extracted_emails.js] Parsed: parsed-INBOX-uid-6165.json
2026-04-20T04:21:22.085Z [LOG] [parse_extracted_emails.js] Parsed: parsed-INBOX-uid-6166.json
2026-04-20T04:21:22.085Z [LOG] [parse_extracted_emails.js] Parsed: parsed-INBOX-uid-6167.json
2026-04-20T04:21:22.085Z [LOG] [parse_extracted_emails.js] Parsed: parsed-INBOX-uid-6168.json
2026-04-20T04:21:22.085Z [LOG] [parse_extracted_emails.js] Parsed: parsed-INBOX-uid-6169.json
2026-04-20T04:21:22.085Z [LOG] [parse_extracted_emails.js] Parsed: parsed-INBOX-uid-6170.json
2026-04-20T04:21:22.085Z [LOG] [parse_extracted_emails.js] Parsed: parsed-INBOX-uid-6171.json
2026-04-20T04:21:22.085Z [LOG] [parse_extracted_emails.js] Parsed: parsed-INBOX-uid-6172.json
2026-04-20T04:21:22.085Z [LOG] [parse_extracted_emails.js] Parsed: parsed-INBOX-uid-6173.json
2026-04-20T04:21:22.085Z [LOG] [parse_extracted_emails.js] Parsed: parsed-INBOX-uid-6174.json
2026-04-20T04:21:22.085Z [LOG] [parse_extracted_emails.js] Parsed: parsed-INBOX-uid-6175.json
2026-04-20T04:21:22.085Z [LOG] [parse_extracted_emails.js] Parsed: parsed-INBOX-uid-6176.json
2026-04-20T04:21:22.085Z [LOG] [parse_extracted_emails.js] Parsed: parsed-INBOX-uid-6177.json
2026-04-20T04:21:22.085Z [LOG] [parse_extracted_emails.js] Parsed: parsed-INBOX-uid-6178.json
2026-04-20T04:21:22.085Z [LOG] [parse_extracted_emails.js] Parsed: parsed-INBOX-uid-6179.json
2026-04-20T04:21:22.085Z [LOG] [parse_extracted_emails.js] Parsed: parsed-INBOX-uid-6180.json
2026-04-20T04:21:22.085Z [LOG] [parse_extracted_emails.js] Parsed: parsed-INBOX-uid-6181.json
2026-04-20T04:21:22.085Z [LOG] [parse_extracted_emails.js] Parsed: parsed-INBOX-uid-6182.json
2026-04-20T04:21:22.085Z [LOG] [parse_extracted_emails.js] Parsed: parsed-INBOX-uid-6183.json
2026-04-20T04:21:22.085Z [LOG] [parse_extracted_emails.js] Parsed: parsed-INBOX-uid-6184.json
2026-04-20T04:21:22.085Z [LOG] [parse_extracted_emails.js] Parsed: parsed-INBOX-uid-6185.json
2026-04-20T04:21:22.086Z [LOG] [parse_extracted_emails.js] Parsed: parsed-INBOX-uid-6186.json
2026-04-20T04:21:22.086Z [LOG] [parse_extracted_emails.js] Parsed: parsed-INBOX-uid-6187.json
2026-04-20T04:21:22.086Z [LOG] [parse_extracted_emails.js] Parsed: parsed-INBOX-uid-6188.json
2026-04-20T04:21:22.086Z [LOG] [parse_extracted_emails.js] Parsed: parsed-INBOX-uid-6189.json
2026-04-20T04:21:22.086Z [LOG] [parse_extracted_emails.js] Parsed: parsed-INBOX-uid-6190.json
2026-04-20T04:21:22.086Z [LOG] [parse_extracted_emails.js] Parsed: parsed-INBOX-uid-6191.json
2026-04-20T04:21:22.086Z [LOG] [parse_extracted_emails.js] Parsed: parsed-INBOX-uid-6192.json
2026-04-20T04:21:22.086Z [LOG] [parse_extracted_emails.js] Parsed: parsed-INBOX-uid-6193.json
2026-04-20T04:21:22.086Z [LOG] [parse_extracted_emails.js] Parsed: parsed-INBOX-uid-6194.json
2026-04-20T04:21:22.086Z [LOG] [parse_extracted_emails.js] Parsed: parsed-INBOX-uid-6195.json
2026-04-20T04:21:22.086Z [LOG] [parse_extracted_emails.js] Parsed: parsed-INBOX-uid-6196.json
2026-04-20T04:21:22.086Z [LOG] [parse_extracted_emails.js] Parsed: parsed-INBOX-uid-6197.json
2026-04-20T04:21:22.086Z [LOG] [parse_extracted_emails.js] Parsed: parsed-INBOX-uid-6198.json
2026-04-20T04:21:22.086Z [LOG] [parse_extracted_emails.js] Parsed: parsed-INBOX-uid-6199.json
2026-04-20T04:21:22.086Z [LOG] [parse_extracted_emails.js] Parsed: parsed-INBOX-uid-6200.json
2026-04-20T04:21:22.086Z [LOG] [parse_extracted_emails.js] Parsed: parsed-INBOX-uid-6201.json
2026-04-20T04:21:22.086Z [LOG] [parse_extracted_emails.js] Parsed: parsed-INBOX-uid-6202.json
2026-04-20T04:21:22.086Z [LOG] [parse_extracted_emails.js] Parsed: parsed-INBOX-uid-6203.json
2026-04-20T04:21:22.086Z [LOG] [parse_extracted_emails.js] Parsed: parsed-INBOX-uid-6204.json
2026-04-20T04:21:22.086Z [LOG] [parse_extracted_emails.js] Parsed: parsed-INBOX-uid-6205.json
2026-04-20T04:21:22.086Z [LOG] [parse_extracted_emails.js] Parsed: parsed-INBOX-uid-6206.json
2026-04-20T04:21:22.086Z [LOG] [parse_extracted_emails.js] Parsed: parsed-INBOX-uid-6207.json
2026-04-20T04:21:22.086Z [LOG] [parse_extracted_emails.js] Parsed: parsed-INBOX-uid-6208.json
2026-04-20T04:21:22.086Z [LOG] [parse_extracted_emails.js] Parsed: parsed-INBOX-uid-6209.json
2026-04-20T04:21:22.086Z [LOG] [parse_extracted_emails.js] Parsed: parsed-INBOX-uid-6210.json
2026-04-20T04:21:22.086Z [LOG] [parse_extracted_emails.js] Parsed: parsed-INBOX-uid-6211.json
2026-04-20T04:21:22.086Z [LOG] [parse_extracted_emails.js] Parsed: parsed-INBOX-uid-6212.json
2026-04-20T04:21:22.086Z [LOG] [parse_extracted_emails.js] Parsed: parsed-INBOX-uid-6213.json
2026-04-20T04:21:22.086Z [LOG] [parse_extracted_emails.js] Parsed: parsed-INBOX-uid-6214.json
2026-04-20T04:21:22.086Z [LOG] [parse_extracted_emails.js] Parsed: parsed-INBOX-uid-6215.json
2026-04-20T04:21:22.086Z [LOG] [parse_extracted_emails.js] Parsed: parsed-INBOX-uid-6216.json
2026-04-20T04:21:22.086Z [LOG] [parse_extracted_emails.js] Parsed: parsed-INBOX-uid-6217.json
2026-04-20T04:21:22.086Z [LOG] [parse_extracted_emails.js] Parsed: parsed-INBOX-uid-6218.json
2026-04-20T04:21:22.086Z [LOG] [parse_extracted_emails.js] Parsed: parsed-INBOX-uid-6219.json
2026-04-20T04:21:22.086Z [LOG] [parse_extracted_emails.js] Parsed: parsed-INBOX-uid-6220.json
2026-04-20T04:21:22.086Z [LOG] [parse_extracted_emails.js] Parsed: parsed-INBOX-uid-6221.json
2026-04-20T04:21:22.086Z [LOG] [parse_extracted_emails.js] Parsed: parsed-INBOX-uid-6222.json
2026-04-20T04:21:22.086Z [LOG] [parse_extracted_emails.js] Parsed: parsed-INBOX-uid-6223.json
2026-04-20T04:21:22.086Z [LOG] [parse_extracted_emails.js] Parsed: parsed-INBOX-uid-6224.json
2026-04-20T04:21:22.086Z [LOG] [parse_extracted_emails.js] Parsed: parsed-INBOX-uid-6225.json
2026-04-20T04:21:22.086Z [LOG] [parse_extracted_emails.js] Parsed: parsed-INBOX-uid-6226.json
2026-04-20T04:21:22.086Z [LOG] [parse_extracted_emails.js] Parsed: parsed-INBOX-uid-6227.json
2026-04-20T04:21:22.086Z [LOG] [parse_extracted_emails.js] Parsed: parsed-INBOX-uid-6228.json
2026-04-20T04:21:22.086Z [LOG] [parse_extracted_emails.js] Parsed: parsed-INBOX-uid-6229.json
2026-04-20T04:21:22.086Z [LOG] [parse_extracted_emails.js] Parsed: parsed-INBOX-uid-6230.json
2026-04-20T04:21:22.086Z [LOG] [parse_extracted_emails.js] Parsed: parsed-INBOX-uid-6231.json
2026-04-20T04:21:22.086Z [LOG] [parse_extracted_emails.js] Parsed: parsed-INBOX-uid-6232.json
2026-04-20T04:21:22.086Z [LOG] [parse_extracted_emails.js] Parsed: parsed-INBOX-uid-6233.json
2026-04-20T04:21:22.086Z [LOG] [parse_extracted_emails.js] Parsed: parsed-INBOX-uid-6234.json
2026-04-20T04:21:22.086Z [LOG] [parse_extracted_emails.js] Parsed: parsed-INBOX-uid-6235.json
2026-04-20T04:21:22.086Z [LOG] [parse_extracted_emails.js] Parsed: parsed-INBOX-uid-6236.json
2026-04-20T04:21:22.086Z [LOG] [parse_extracted_emails.js] Parsed: parsed-INBOX-uid-6237.json
2026-04-20T04:21:22.086Z [LOG] [parse_extracted_emails.js] Parsed: parsed-INBOX-uid-6238.json
2026-04-20T04:21:22.086Z [LOG] [parse_extracted_emails.js] Parsed: parsed-INBOX-uid-6239.json
2026-04-20T04:21:22.086Z [LOG] [parse_extracted_emails.js] Parsed: parsed-INBOX-uid-6240.json
2026-04-20T04:21:22.086Z [LOG] [parse_extracted_emails.js] Parsed: parsed-INBOX-uid-6241.json
2026-04-20T04:21:22.086Z [LOG] [parse_extracted_emails.js] Parsed: parsed-INBOX-uid-6242.json
2026-04-20T04:21:22.086Z [LOG] [parse_extracted_emails.js] Parsed: parsed-INBOX-uid-6243.json
2026-04-20T04:21:22.086Z [LOG] [parse_extracted_emails.js] Parsed: parsed-INBOX-uid-6244.json
2026-04-20T04:21:22.086Z [LOG] [parse_extracted_emails.js] Parsed: parsed-INBOX-uid-6245.json
2026-04-20T04:21:22.086Z [LOG] [parse_extracted_emails.js] Parsed: parsed-INBOX-uid-6246.json
2026-04-20T04:21:22.086Z [LOG] [parse_extracted_emails.js] Parsed: parsed-INBOX-uid-6247.json
2026-04-20T04:21:22.086Z [LOG] [parse_extracted_emails.js] Parsed: parsed-INBOX-uid-6248.json
2026-04-20T04:21:22.086Z [LOG] [parse_extracted_emails.js] Parsed: parsed-INBOX-uid-6249.json
2026-04-20T04:21:22.086Z [LOG] [parse_extracted_emails.js] Parsed: parsed-INBOX-uid-6250.json
2026-04-20T04:21:22.086Z [LOG] [parse_extracted_emails.js] Parsed: parsed-INBOX-uid-6251.json
2026-04-20T04:21:22.086Z [LOG] [parse_extracted_emails.js] Parsed: parsed-INBOX-uid-6252.json
2026-04-20T04:21:22.086Z [LOG] [parse_extracted_emails.js] Parsed: parsed-INBOX-uid-6253.json
2026-04-20T04:21:22.086Z [LOG] [parse_extracted_emails.js] Parsed: parsed-INBOX-uid-6254.json
2026-04-20T04:21:22.086Z [LOG] [parse_extracted_emails.js] Parsed: parsed-INBOX-uid-6255.json
2026-04-20T04:21:22.086Z [LOG] [parse_extracted_emails.js] Parsed: parsed-INBOX-uid-6256.json
2026-04-20T04:21:22.086Z [LOG] [parse_extracted_emails.js] Parsed: parsed-INBOX-uid-6257.json
2026-04-20T04:21:22.086Z [LOG] [parse_extracted_emails.js] Parsed: parsed-INBOX-uid-6258.json
2026-04-20T04:21:22.086Z [LOG] [parse_extracted_emails.js] Parsed: parsed-INBOX-uid-6259.json
2026-04-20T04:21:22.087Z [LOG] [parse_extracted_emails.js] Parsed: parsed-INBOX-uid-6260.json
2026-04-20T04:21:22.087Z [LOG] [parse_extracted_emails.js] Parsed: parsed-INBOX-uid-6261.json
2026-04-20T04:21:22.087Z [LOG] [parse_extracted_emails.js] Parsed: parsed-INBOX-uid-6262.json
2026-04-20T04:21:22.087Z [LOG] [parse_extracted_emails.js] Parsed: parsed-INBOX-uid-6263.json
2026-04-20T04:21:22.087Z [LOG] [parse_extracted_emails.js] Parsed: parsed-INBOX-uid-6264.json
2026-04-20T04:21:22.087Z [LOG] [parse_extracted_emails.js] Parsed: parsed-INBOX-uid-6265.json
2026-04-20T04:21:22.087Z [LOG] [parse_extracted_emails.js] Parsed: parsed-INBOX-uid-6266.json
2026-04-20T04:21:22.087Z [LOG] [parse_extracted_emails.js] Parsed: parsed-INBOX-uid-6267.json
2026-04-20T04:21:22.087Z [LOG] [parse_extracted_emails.js] Parsed: parsed-INBOX-uid-6268.json
2026-04-20T04:21:22.087Z [LOG] [parse_extracted_emails.js] Parsed: parsed-INBOX-uid-6269.json
2026-04-20T04:21:22.087Z [LOG] [parse_extracted_emails.js] Parsed: parsed-INBOX-uid-6270.json
2026-04-20T04:21:22.087Z [LOG] [parse_extracted_emails.js] Parsed: parsed-INBOX-uid-6271.json
2026-04-20T04:21:22.087Z [LOG] [parse_extracted_emails.js] Parsed: parsed-INBOX-uid-6272.json
2026-04-20T04:21:22.087Z [LOG] [parse_extracted_emails.js] Parsed: parsed-INBOX-uid-6273.json
2026-04-20T04:21:22.087Z [LOG] [parse_extracted_emails.js] Parsed: parsed-INBOX-uid-6274.json
2026-04-20T04:21:22.087Z [LOG] [parse_extracted_emails.js] Parsed: parsed-INBOX-uid-6275.json
2026-04-20T04:21:22.087Z [LOG] [parse_extracted_emails.js] Parsed: parsed-INBOX-uid-6276.json
2026-04-20T04:21:22.087Z [LOG] [parse_extracted_emails.js] Parsed: parsed-INBOX-uid-6277.json
2026-04-20T04:21:22.087Z [LOG] [parse_extracted_emails.js] Parsed: parsed-INBOX-uid-6278.json
2026-04-20T04:21:22.087Z [LOG] [parse_extracted_emails.js] Parsed: parsed-INBOX-uid-6279.json
2026-04-20T04:21:22.087Z [LOG] [parse_extracted_emails.js] Parsed: parsed-INBOX-uid-6280.json
2026-04-20T04:21:22.087Z [LOG] [parse_extracted_emails.js] Parsed: parsed-INBOX-uid-6281.json
2026-04-20T04:21:22.087Z [LOG] [parse_extracted_emails.js] Parsed: parsed-INBOX-uid-6282.json
2026-04-20T04:21:22.087Z [LOG] [parse_extracted_emails.js] Parsed: parsed-INBOX-uid-6283.json
2026-04-20T04:21:22.087Z [LOG] [parse_extracted_emails.js] Parsed: parsed-INBOX-uid-6284.json
2026-04-20T04:21:22.087Z [LOG] [parse_extracted_emails.js] Parsed: parsed-INBOX-uid-6285.json
2026-04-20T04:21:22.087Z [LOG] [parse_extracted_emails.js] Parsed: parsed-INBOX-uid-6286.json
2026-04-20T04:21:22.087Z [LOG] [parse_extracted_emails.js] Parsed: parsed-INBOX-uid-6287.json
2026-04-20T04:21:22.087Z [LOG] [parse_extracted_emails.js] Parsed: parsed-INBOX-uid-6288.json
2026-04-20T04:21:22.087Z [LOG] [parse_extracted_emails.js] Parsed: parsed-INBOX-uid-6289.json
2026-04-20T04:21:22.087Z [LOG] [parse_extracted_emails.js] Parsed: parsed-INBOX-uid-6290.json
2026-04-20T04:21:22.087Z [LOG] [parse_extracted_emails.js] Parsed: parsed-INBOX-uid-6291.json
2026-04-20T04:21:22.087Z [LOG] [parse_extracted_emails.js] Parsed: parsed-INBOX-uid-6292.json
2026-04-20T04:21:22.087Z [LOG] [parse_extracted_emails.js] Parsed: parsed-INBOX-uid-6293.json
2026-04-20T04:21:22.087Z [LOG] [parse_extracted_emails.js] Parsed: parsed-INBOX-uid-6296.json
2026-04-20T04:21:22.087Z [LOG] [parse_extracted_emails.js] Parsed: parsed-INBOX-uid-6297.json
2026-04-20T04:21:22.087Z [LOG] [parse_extracted_emails.js] Parsed: parsed-INBOX-uid-6298.json
2026-04-20T04:21:22.087Z [LOG] [parse_extracted_emails.js] Parsed: parsed-INBOX-uid-6299.json
2026-04-20T04:21:22.087Z [LOG] [parse_extracted_emails.js] Parsed: parsed-INBOX-uid-6300.json
2026-04-20T04:21:22.087Z [LOG] [parse_extracted_emails.js] Parsed: parsed-INBOX-uid-6301.json
2026-04-20T04:21:22.087Z [LOG] [parse_extracted_emails.js] Parsed: parsed-INBOX-uid-6302.json
2026-04-20T04:21:22.087Z [LOG] [parse_extracted_emails.js] Parsed: parsed-INBOX-uid-6303.json
2026-04-20T04:21:22.087Z [LOG] [parse_extracted_emails.js] Parsed: parsed-INBOX-uid-6304.json
2026-04-20T04:21:22.087Z [LOG] [parse_extracted_emails.js] Parsed: parsed-INBOX-uid-6305.json
2026-04-20T04:21:22.087Z [LOG] [parse_extracted_emails.js] Parsed: parsed-INBOX-uid-6306.json
2026-04-20T04:21:22.087Z [LOG] [parse_extracted_emails.js] Parsed: parsed-INBOX-uid-6307.json
2026-04-20T04:21:22.087Z [LOG] [parse_extracted_emails.js] Parsed: parsed-INBOX-uid-6308.json
2026-04-20T04:21:22.087Z [LOG] [parse_extracted_emails.js] Parsed: parsed-INBOX-uid-6309.json
2026-04-20T04:21:22.087Z [LOG] [parse_extracted_emails.js] Parsed: parsed-INBOX-uid-6310.json
2026-04-20T04:21:22.087Z [LOG] [parse_extracted_emails.js] Parsed: parsed-INBOX-uid-6311.json
2026-04-20T04:21:22.087Z [LOG] [parse_extracted_emails.js] Parsed: parsed-INBOX-uid-6312.json
2026-04-20T04:21:22.087Z [LOG] [parse_extracted_emails.js] Parsed: parsed-INBOX-uid-6313.json
2026-04-20T04:21:22.087Z [LOG] [parse_extracted_emails.js] Parsed: parsed-INBOX-uid-6314.json
2026-04-20T04:21:22.087Z [LOG] [parse_extracted_emails.js] Parsed: parsed-INBOX-uid-6315.json
2026-04-20T04:21:22.087Z [LOG] [parse_extracted_emails.js] Parsed: parsed-INBOX-uid-6316.json
2026-04-20T04:21:22.087Z [LOG] [parse_extracted_emails.js] Parsed: parsed-INBOX-uid-6317.json
2026-04-20T04:21:22.087Z [LOG] [parse_extracted_emails.js] Parsed: parsed-INBOX-uid-6318.json
2026-04-20T04:21:22.087Z [LOG] [parse_extracted_emails.js] Parsed: parsed-INBOX-uid-6319.json
2026-04-20T04:21:22.087Z [LOG] [parse_extracted_emails.js] Parsed: parsed-INBOX-uid-6320.json
2026-04-20T04:21:22.087Z [LOG] [parse_extracted_emails.js] Parsed: parsed-INBOX-uid-6321.json
2026-04-20T04:21:22.087Z [LOG] [parse_extracted_emails.js] Parsed: parsed-INBOX-uid-6322.json
2026-04-20T04:21:22.087Z [LOG] [parse_extracted_emails.js] Parsed: parsed-INBOX-uid-6323.json
2026-04-20T04:21:22.087Z [LOG] [parse_extracted_emails.js] Parsed: parsed-INBOX-uid-6324.json
2026-04-20T04:21:22.087Z [LOG] [parse_extracted_emails.js] Parsed: parsed-INBOX-uid-6325.json
2026-04-20T04:21:22.088Z [LOG] [parse_extracted_emails.js] Parsed: parsed-INBOX-uid-6326.json
2026-04-20T04:21:22.088Z [LOG] [parse_extracted_emails.js] Parsed: parsed-INBOX-uid-6327.json
2026-04-20T04:21:22.088Z [LOG] [parse_extracted_emails.js] Parsed: parsed-INBOX-uid-6328.json
2026-04-20T04:21:22.088Z [LOG] [parse_extracted_emails.js] Parsed: parsed-INBOX-uid-6329.json
2026-04-20T04:21:22.088Z [LOG] [parse_extracted_emails.js] Parsed: parsed-INBOX-uid-6330.json
2026-04-20T04:21:22.088Z [LOG] [parse_extracted_emails.js] Parsed: parsed-INBOX-uid-6331.json
2026-04-20T04:21:22.088Z [LOG] [parse_extracted_emails.js] Parsed: parsed-INBOX-uid-6332.json
2026-04-20T04:21:22.088Z [LOG] [parse_extracted_emails.js] Parsed: parsed-INBOX-uid-6333.json
2026-04-20T04:21:22.088Z [LOG] [parse_extracted_emails.js] Parsed: parsed-INBOX-uid-6334.json
2026-04-20T04:21:22.088Z [LOG] [parse_extracted_emails.js] Parsed: parsed-INBOX-uid-6335.json
2026-04-20T04:21:22.088Z [LOG] [parse_extracted_emails.js] Parsed: parsed-INBOX-uid-6336.json
2026-04-20T04:21:22.088Z [LOG] [parse_extracted_emails.js] Parsed: parsed-INBOX-uid-6337.json
2026-04-20T04:21:22.088Z [LOG] [parse_extracted_emails.js] Parsed: parsed-INBOX-uid-6338.json
2026-04-20T04:21:22.088Z [LOG] [parse_extracted_emails.js] Parsed: parsed-INBOX-uid-6339.json
2026-04-20T04:21:22.088Z [LOG] [parse_extracted_emails.js] Parsed: parsed-INBOX-uid-6340.json
2026-04-20T04:21:22.088Z [LOG] [parse_extracted_emails.js] Parsed: parsed-INBOX-uid-6341.json
2026-04-20T04:21:22.088Z [LOG] [parse_extracted_emails.js] Parsed: parsed-INBOX-uid-6342.json
2026-04-20T04:21:22.088Z [LOG] [parse_extracted_emails.js] Parsed: parsed-INBOX-uid-6343.json
2026-04-20T04:21:22.088Z [LOG] [parse_extracted_emails.js] Parsed: parsed-INBOX-uid-6344.json
2026-04-20T04:21:22.088Z [LOG] [parse_extracted_emails.js] Parsed: parsed-INBOX-uid-6345.json
2026-04-20T04:21:22.088Z [LOG] [parse_extracted_emails.js] Parsed: parsed-INBOX-uid-6346.json
2026-04-20T04:21:22.088Z [LOG] [parse_extracted_emails.js] Parsed: parsed-INBOX-uid-6347.json
2026-04-20T04:21:22.088Z [LOG] [parse_extracted_emails.js] Parsed: parsed-INBOX-uid-6348.json
2026-04-20T04:21:22.088Z [LOG] [parse_extracted_emails.js] Parsed: parsed-INBOX-uid-6349.json
2026-04-20T04:21:22.088Z [LOG] [parse_extracted_emails.js] Parsed: parsed-INBOX-uid-6350.json
2026-04-20T04:21:22.088Z [LOG] [parse_extracted_emails.js] Parsed: parsed-INBOX-uid-6351.json
2026-04-20T04:21:22.088Z [LOG] [parse_extracted_emails.js] Parsed: parsed-INBOX-uid-6352.json
2026-04-20T04:21:22.088Z [LOG] [parse_extracted_emails.js] Parsed: parsed-INBOX-uid-6353.json
2026-04-20T04:21:22.088Z [LOG] [parse_extracted_emails.js] Parsed: parsed-INBOX-uid-6354.json
2026-04-20T04:21:22.088Z [LOG] [parse_extracted_emails.js] Parsed: parsed-INBOX-uid-6355.json
2026-04-20T04:21:22.088Z [LOG] [parse_extracted_emails.js] Parsed: parsed-INBOX-uid-6356.json
2026-04-20T04:21:22.088Z [LOG] [parse_extracted_emails.js] Parsed: parsed-INBOX-uid-6365.json
2026-04-20T04:21:22.088Z [LOG] [parse_extracted_emails.js] Parsed: parsed-INBOX-uid-6366.json
2026-04-20T04:21:22.088Z [LOG] [parse_extracted_emails.js] Parsed: parsed-INBOX-uid-6367.json
2026-04-20T04:21:22.088Z [LOG] [parse_extracted_emails.js] Parsed: parsed-INBOX-uid-6368.json
2026-04-20T04:21:22.088Z [LOG] [parse_extracted_emails.js] Parsed: parsed-INBOX-uid-6371.json
2026-04-20T04:21:22.088Z [LOG] [parse_extracted_emails.js] Parsed: parsed-INBOX-uid-6376.json
2026-04-20T04:21:22.088Z [LOG] [parse_extracted_emails.js] Parsed: parsed-INBOX-uid-6377.json
2026-04-20T04:21:22.088Z [LOG] [parse_extracted_emails.js] Parsed: parsed-INBOX-uid-6378.json
2026-04-20T04:21:22.088Z [LOG] [parse_extracted_emails.js] Parsed: parsed-INBOX-uid-6383.json
2026-04-20T04:21:22.088Z [LOG] [parse_extracted_emails.js] Parsed: parsed-INBOX-uid-6384.json
2026-04-20T04:21:22.088Z [LOG] [parse_extracted_emails.js] Parsed: parsed-INBOX-uid-6395.json
2026-04-20T04:21:22.088Z [LOG] [parse_extracted_emails.js] Parsed: parsed-INBOX-uid-6423.json
2026-04-20T04:21:22.088Z [LOG] [parse_extracted_emails.js] Parsed: parsed-INBOX-uid-6428.json
2026-04-20T04:21:22.088Z [LOG] [parse_extracted_emails.js] Parsed: parsed-INBOX-uid-6429.json
2026-04-20T04:21:22.088Z [LOG] [parse_extracted_emails.js] Parsed: parsed-INBOX-uid-6430.json
2026-04-20T04:21:22.088Z [LOG] [parse_extracted_emails.js] Parsed: parsed-INBOX-uid-6431.json
2026-04-20T04:21:22.088Z [LOG] [parse_extracted_emails.js] Parsed: parsed-INBOX-uid-6433.json
2026-04-20T04:21:22.088Z [LOG] [parse_extracted_emails.js] Parsed: parsed-INBOX-uid-6436.json
2026-04-20T04:21:22.088Z [LOG] [parse_extracted_emails.js] Parsed: parsed-INBOX-uid-6437.json
2026-04-20T04:21:22.088Z [LOG] [parse_extracted_emails.js] Parsed: parsed-INBOX-uid-6438.json
2026-04-20T04:21:22.088Z [LOG] [parse_extracted_emails.js] Parsed: parsed-INBOX-uid-6439.json
2026-04-20T04:21:22.088Z [LOG] [parse_extracted_emails.js] Parsed: parsed-INBOX-uid-6440.json
2026-04-20T04:21:22.088Z [LOG] [parse_extracted_emails.js] Parsed: parsed-INBOX-uid-6441.json
2026-04-20T04:21:22.088Z [LOG] [parse_extracted_emails.js] Parsed: parsed-INBOX-uid-6442.json
2026-04-20T04:21:22.088Z [LOG] [parse_extracted_emails.js] Parsed: parsed-INBOX-uid-6443.json
2026-04-20T04:21:22.088Z [LOG] [parse_extracted_emails.js] Parsed: parsed-INBOX-uid-6444.json
2026-04-20T04:21:22.088Z [LOG] [parse_extracted_emails.js] Parsed: parsed-INBOX-uid-6445.json
2026-04-20T04:21:22.088Z [LOG] [parse_extracted_emails.js] Parsed: parsed-INBOX-uid-6446.json
2026-04-20T04:21:22.088Z [LOG] [parse_extracted_emails.js] Parsed: parsed-INBOX-uid-6447.json
2026-04-20T04:21:22.088Z [LOG] [parse_extracted_emails.js] Parsed: parsed-INBOX-uid-6448.json
2026-04-20T04:21:22.088Z [LOG] [parse_extracted_emails.js] Parsed: parsed-INBOX-uid-6449.json
2026-04-20T04:21:22.088Z [LOG] [parse_extracted_emails.js] Parsed: parsed-INBOX-uid-6450.json
2026-04-20T04:21:22.088Z [LOG] [parse_extracted_emails.js] Parsed: parsed-INBOX-uid-6451.json
2026-04-20T04:21:22.088Z [LOG] [parse_extracted_emails.js] Parsed: parsed-INBOX-uid-6452.json
2026-04-20T04:21:22.088Z [LOG] [parse_extracted_emails.js] Parsed: parsed-INBOX-uid-6453.json
2026-04-20T04:21:22.088Z [LOG] [parse_extracted_emails.js] Parsed: parsed-INBOX-uid-6456.json
2026-04-20T04:21:22.088Z [LOG] [parse_extracted_emails.js] Parsed: parsed-INBOX-uid-6457.json
2026-04-20T04:21:22.088Z [LOG] [parse_extracted_emails.js] Parsed: parsed-INBOX-uid-6459.json
2026-04-20T04:21:22.088Z [LOG] [parse_extracted_emails.js] Parsed: parsed-INBOX-uid-6460.json
2026-04-20T04:21:22.088Z [LOG] [parse_extracted_emails.js] Parsed: parsed-INBOX-uid-6461.json
2026-04-20T04:21:22.088Z [LOG] [parse_extracted_emails.js] Parsed: parsed-INBOX-uid-6462.json
2026-04-20T04:21:22.088Z [LOG] [parse_extracted_emails.js] Parsed: parsed-INBOX-uid-6463.json
2026-04-20T04:21:22.088Z [LOG] [parse_extracted_emails.js] Parsed: parsed-INBOX-uid-6464.json
2026-04-20T04:21:22.088Z [LOG] [parse_extracted_emails.js] Parsed: parsed-INBOX-uid-6465.json
2026-04-20T04:21:22.088Z [LOG] [parse_extracted_emails.js] Parsed: parsed-INBOX-uid-6466.json
2026-04-20T04:21:22.088Z [LOG] [parse_extracted_emails.js] Parsed: parsed-INBOX-uid-6467.json
2026-04-20T04:21:22.088Z [LOG] [parse_extracted_emails.js] Parsed: parsed-INBOX-uid-6468.json
2026-04-20T04:21:22.088Z [LOG] [parse_extracted_emails.js] Parsed: parsed-INBOX-uid-6469.json
2026-04-20T04:21:22.088Z [LOG] [parse_extracted_emails.js] Parsed: parsed-INBOX-uid-6470.json
2026-04-20T04:21:22.088Z [LOG] [parse_extracted_emails.js] Parsed: parsed-INBOX-uid-6471.json
2026-04-20T04:21:22.088Z [LOG] [parse_extracted_emails.js] Parsed: parsed-INBOX-uid-6472.json
2026-04-20T04:21:22.088Z [LOG] [parse_extracted_emails.js] Parsed: parsed-INBOX-uid-6473.json
2026-04-20T04:21:22.088Z [LOG] [parse_extracted_emails.js] Parsed: parsed-INBOX-uid-6474.json
2026-04-20T04:21:22.088Z [LOG] [parse_extracted_emails.js] Parsed: parsed-INBOX-uid-6475.json
2026-04-20T04:21:22.088Z [LOG] [parse_extracted_emails.js] Parsed: parsed-INBOX-uid-6476.json
2026-04-20T04:21:22.088Z [LOG] [parse_extracted_emails.js] Parsed: parsed-INBOX-uid-6477.json
2026-04-20T04:21:22.088Z [LOG] [parse_extracted_emails.js] Parsed: parsed-INBOX-uid-6478.json
2026-04-20T04:21:22.088Z [LOG] [parse_extracted_emails.js] Parsed: parsed-INBOX-uid-6479.json
2026-04-20T04:21:22.088Z [LOG] [parse_extracted_emails.js] Parsed: parsed-INBOX-uid-6480.json
2026-04-20T04:21:22.088Z [LOG] [parse_extracted_emails.js] Parsed: parsed-INBOX-uid-6481.json
2026-04-20T04:21:22.088Z [LOG] [parse_extracted_emails.js] Parsed: parsed-INBOX-uid-6482.json
2026-04-20T04:21:22.088Z [LOG] [parse_extracted_emails.js] Parsed: parsed-INBOX-uid-6483.json
2026-04-20T04:21:22.088Z [LOG] [parse_extracted_emails.js] Parsed: parsed-INBOX-uid-6484.json
2026-04-20T04:21:22.088Z [LOG] [parse_extracted_emails.js] Parsed: parsed-INBOX-uid-6485.json
2026-04-20T04:21:22.088Z [LOG] [parse_extracted_emails.js] Parsed: parsed-INBOX-uid-6486.json
2026-04-20T04:21:22.088Z [LOG] [parse_extracted_emails.js] Parsed: parsed-INBOX-uid-6487.json
2026-04-20T04:21:22.088Z [LOG] [parse_extracted_emails.js] Parsed: parsed-INBOX-uid-6488.json
2026-04-20T04:21:22.088Z [LOG] [parse_extracted_emails.js] Parsed: parsed-INBOX-uid-6489.json
2026-04-20T04:21:22.088Z [LOG] [parse_extracted_emails.js] Parsed: parsed-INBOX-uid-6490.json
2026-04-20T04:21:22.088Z [LOG] [parse_extracted_emails.js] Parsed: parsed-INBOX-uid-6491.json
2026-04-20T04:21:22.088Z [LOG] [parse_extracted_emails.js] Parsed: parsed-INBOX-uid-6492.json
2026-04-20T04:21:22.088Z [LOG] [parse_extracted_emails.js] Parsed: parsed-INBOX-uid-6493.json
2026-04-20T04:21:22.088Z [LOG] [parse_extracted_emails.js] Parsed: parsed-INBOX-uid-6494.json
2026-04-20T04:21:22.088Z [LOG] [parse_extracted_emails.js] Parsed: parsed-INBOX-uid-6495.json
2026-04-20T04:21:22.088Z [LOG] [parse_extracted_emails.js] Parsed: parsed-INBOX-uid-6515.json
2026-04-20T04:21:22.088Z [LOG] [parse_extracted_emails.js] Parsed: parsed-INBOX-uid-6516.json
2026-04-20T04:21:22.088Z [LOG] [parse_extracted_emails.js] Parsed: parsed-INBOX-uid-6517.json
2026-04-20T04:21:22.088Z [LOG] [parse_extracted_emails.js] Parsed: parsed-INBOX-uid-6518.json
2026-04-20T04:21:22.088Z [LOG] [parse_extracted_emails.js] Parsed: parsed-INBOX-uid-6519.json
2026-04-20T04:21:22.088Z [LOG] [parse_extracted_emails.js] Parsed: parsed-INBOX-uid-6520.json
2026-04-20T04:21:22.088Z [LOG] [parse_extracted_emails.js] Parsed: parsed-INBOX-uid-6521.json
2026-04-20T04:21:22.088Z [LOG] [parse_extracted_emails.js] Parsed: parsed-INBOX-uid-6522.json
2026-04-20T04:21:22.088Z [LOG] [parse_extracted_emails.js] Parsed: parsed-INBOX-uid-6523.json
2026-04-20T04:21:22.088Z [LOG] [parse_extracted_emails.js] Parsed: parsed-INBOX-uid-6524.json
2026-04-20T04:21:22.088Z [LOG] [parse_extracted_emails.js] Parsed: parsed-INBOX-uid-6525.json
2026-04-20T04:21:22.088Z [LOG] [parse_extracted_emails.js] Parsed: parsed-INBOX-uid-6526.json
2026-04-20T04:21:22.088Z [LOG] [parse_extracted_emails.js] Parsed: parsed-INBOX-uid-6527.json
2026-04-20T04:21:22.088Z [LOG] [parse_extracted_emails.js] Parsed: parsed-INBOX-uid-6528.json
2026-04-20T04:21:22.088Z [LOG] [parse_extracted_emails.js] Parsed: parsed-INBOX-uid-6529.json
2026-04-20T04:21:22.088Z [LOG] [parse_extracted_emails.js] Parsed: parsed-INBOX-uid-6530.json
2026-04-20T04:21:22.088Z [LOG] [parse_extracted_emails.js] Parsed: parsed-INBOX-uid-6531.json
2026-04-20T04:21:22.088Z [LOG] [parse_extracted_emails.js] Parsed: parsed-INBOX-uid-6532.json
2026-04-20T04:21:22.089Z [LOG] [parse_extracted_emails.js] Parsed: parsed-INBOX-uid-6533.json
2026-04-20T04:21:22.089Z [LOG] [parse_extracted_emails.js] Parsed: parsed-INBOX-uid-6534.json
2026-04-20T04:21:22.089Z [LOG] [parse_extracted_emails.js] Parsed: parsed-INBOX-uid-6535.json
2026-04-20T04:21:22.089Z [LOG] [parse_extracted_emails.js] Parsed: parsed-INBOX-uid-6536.json
2026-04-20T04:21:22.089Z [LOG] [parse_extracted_emails.js] Parsed: parsed-INBOX-uid-6537.json
2026-04-20T04:21:22.089Z [LOG] [parse_extracted_emails.js] Parsed: parsed-INBOX-uid-6538.json
2026-04-20T04:21:22.089Z [LOG] [parse_extracted_emails.js] Parsed: parsed-INBOX-uid-6539.json
2026-04-20T04:21:22.089Z [LOG] [parse_extracted_emails.js] Parsed: parsed-INBOX-uid-6540.json
2026-04-20T04:21:22.089Z [LOG] [parse_extracted_emails.js] Parsed: parsed-INBOX-uid-6541.json
2026-04-20T04:21:22.089Z [LOG] [parse_extracted_emails.js] Parsed: parsed-INBOX-uid-6542.json
2026-04-20T04:21:22.089Z [LOG] [parse_extracted_emails.js] Parsed: parsed-INBOX-uid-6543.json
2026-04-20T04:21:22.089Z [LOG] [parse_extracted_emails.js] Parsed: parsed-INBOX-uid-6544.json
2026-04-20T04:21:22.089Z [LOG] [parse_extracted_emails.js] Parsed: parsed-INBOX-uid-6545.json
2026-04-20T04:21:22.089Z [LOG] [parse_extracted_emails.js] Parsed: parsed-INBOX-uid-6546.json
2026-04-20T04:21:22.089Z [LOG] [parse_extracted_emails.js] Parsed: parsed-INBOX-uid-6547.json
2026-04-20T04:21:22.089Z [LOG] [parse_extracted_emails.js] Parsed: parsed-INBOX-uid-6548.json
2026-04-20T04:21:22.089Z [LOG] [parse_extracted_emails.js] Parsed: parsed-INBOX-uid-6549.json
2026-04-20T04:21:22.089Z [LOG] [parse_extracted_emails.js] Parsed: parsed-INBOX-uid-6550.json
2026-04-20T04:21:22.089Z [LOG] [parse_extracted_emails.js] Parsed: parsed-INBOX-uid-6551.json
2026-04-20T04:21:22.089Z [LOG] [parse_extracted_emails.js] Parsed: parsed-INBOX-uid-6552.json
2026-04-20T04:21:22.089Z [LOG] [parse_extracted_emails.js] Parsed: parsed-INBOX-uid-6553.json
2026-04-20T04:21:22.089Z [LOG] [parse_extracted_emails.js] Parsed: parsed-INBOX-uid-6554.json
2026-04-20T04:21:22.089Z [LOG] [parse_extracted_emails.js] Parsed: parsed-INBOX-uid-6555.json
2026-04-20T04:21:22.089Z [LOG] [parse_extracted_emails.js] Parsed: parsed-INBOX-uid-6556.json
2026-04-20T04:21:22.089Z [LOG] [parse_extracted_emails.js] Parsed: parsed-INBOX-uid-6557.json
2026-04-20T04:21:22.089Z [LOG] [parse_extracted_emails.js] Parsed: parsed-INBOX-uid-6558.json
2026-04-20T04:21:22.089Z [LOG] [parse_extracted_emails.js] Parsed: parsed-INBOX-uid-6559.json
2026-04-20T04:21:22.089Z [LOG] [parse_extracted_emails.js] Parsed: parsed-INBOX-uid-6560.json
2026-04-20T04:21:22.089Z [LOG] [parse_extracted_emails.js] Parsed: parsed-INBOX-uid-6561.json
2026-04-20T04:21:22.089Z [LOG] [parse_extracted_emails.js] Parsed: parsed-INBOX-uid-6562.json
2026-04-20T04:21:22.089Z [LOG] [parse_extracted_emails.js] Parsed: parsed-INBOX-uid-6563.json
2026-04-20T04:21:22.089Z [LOG] [parse_extracted_emails.js] Parsed: parsed-INBOX-uid-6564.json
2026-04-20T04:21:22.089Z [LOG] [parse_extracted_emails.js] Parsed: parsed-INBOX-uid-6565.json
2026-04-20T04:21:22.089Z [LOG] [parse_extracted_emails.js] Parsed: parsed-INBOX-uid-6566.json
2026-04-20T04:21:22.089Z [LOG] [parse_extracted_emails.js] Parsed: parsed-INBOX-uid-6567.json
2026-04-20T04:21:22.089Z [LOG] [parse_extracted_emails.js] Parsed: parsed-INBOX-uid-6568.json
2026-04-20T04:21:22.089Z [LOG] [parse_extracted_emails.js] Parsed: parsed-INBOX-uid-6569.json
2026-04-20T04:21:22.089Z [LOG] [parse_extracted_emails.js] Parsed: parsed-INBOX-uid-6570.json
2026-04-20T04:21:22.089Z [LOG] [parse_extracted_emails.js] Parsed: parsed-INBOX-uid-6571.json
2026-04-20T04:21:22.089Z [LOG] [parse_extracted_emails.js] Parsed: parsed-INBOX-uid-6572.json
2026-04-20T04:21:22.089Z [LOG] [parse_extracted_emails.js] Parsed: parsed-INBOX-uid-6573.json
2026-04-20T04:21:22.089Z [LOG] [parse_extracted_emails.js] Parsed: parsed-INBOX-uid-6574.json
2026-04-20T04:21:22.089Z [LOG] [parse_extracted_emails.js] Parsed: parsed-INBOX-uid-6575.json
2026-04-20T04:21:22.089Z [LOG] [parse_extracted_emails.js] Parsed: parsed-INBOX-uid-6576.json
2026-04-20T04:21:22.089Z [LOG] [parse_extracted_emails.js] Parsed: parsed-INBOX-uid-6577.json
2026-04-20T04:21:22.089Z [LOG] [parse_extracted_emails.js] Parsed: parsed-INBOX-uid-6578.json
2026-04-20T04:21:22.089Z [LOG] [parse_extracted_emails.js] Parsed: parsed-INBOX-uid-6579.json
2026-04-20T04:21:22.089Z [LOG] [parse_extracted_emails.js] Parsed: parsed-INBOX-uid-6580.json
2026-04-20T04:21:22.089Z [LOG] [parse_extracted_emails.js] Parsed: parsed-INBOX-uid-6581.json
2026-04-20T04:21:22.089Z [LOG] [parse_extracted_emails.js] Parsed: parsed-INBOX-uid-6582.json
2026-04-20T04:21:22.089Z [LOG] [parse_extracted_emails.js] Parsed: parsed-INBOX-uid-6583.json
2026-04-20T04:21:22.089Z [LOG] [parse_extracted_emails.js] Parsed: parsed-INBOX-uid-6584.json
2026-04-20T04:21:22.089Z [LOG] [parse_extracted_emails.js] Parsed: parsed-INBOX-uid-6585.json
2026-04-20T04:21:22.089Z [LOG] [parse_extracted_emails.js] Parsed: parsed-INBOX-uid-6586.json
2026-04-20T04:21:22.089Z [LOG] [parse_extracted_emails.js] Parsed: parsed-INBOX-uid-6587.json
2026-04-20T04:21:22.089Z [LOG] [parse_extracted_emails.js] Parsed: parsed-INBOX-uid-6588.json
2026-04-20T04:21:22.089Z [LOG] [parse_extracted_emails.js] Parsed: parsed-INBOX-uid-6589.json
2026-04-20T04:21:22.089Z [LOG] [parse_extracted_emails.js] Parsed: parsed-INBOX-uid-6590.json
2026-04-20T04:21:22.089Z [LOG] [parse_extracted_emails.js] Parsed: parsed-INBOX-uid-6591.json
2026-04-20T04:21:22.089Z [LOG] [parse_extracted_emails.js] Parsed: parsed-INBOX-uid-6592.json
2026-04-20T04:21:22.089Z [LOG] [parse_extracted_emails.js] Parsed: parsed-INBOX-uid-6593.json
2026-04-20T04:21:22.089Z [LOG] [parse_extracted_emails.js] Parsed: parsed-INBOX-uid-6594.json
2026-04-20T04:21:22.089Z [LOG] [parse_extracted_emails.js] Parsed: parsed-INBOX-uid-6595.json
2026-04-20T04:21:22.089Z [LOG] [parse_extracted_emails.js] Parsed: parsed-INBOX-uid-6596.json
2026-04-20T04:21:22.089Z [LOG] [parse_extracted_emails.js] Parsed: parsed-INBOX-uid-6605.json
2026-04-20T04:21:22.089Z [LOG] [parse_extracted_emails.js] Parsed: parsed-INBOX-uid-6608.json
2026-04-20T04:21:22.089Z [LOG] [parse_extracted_emails.js] Parsed: parsed-INBOX-uid-6609.json
2026-04-20T04:21:22.089Z [LOG] [parse_extracted_emails.js] Parsed: parsed-INBOX-uid-6610.json
2026-04-20T04:21:22.089Z [LOG] [parse_extracted_emails.js] Parsed: parsed-INBOX-uid-6611.json
2026-04-20T04:21:22.089Z [LOG] [parse_extracted_emails.js] Parsed: parsed-INBOX-uid-6612.json
2026-04-20T04:21:22.089Z [LOG] [parse_extracted_emails.js] Parsed: parsed-INBOX-uid-6613.json
2026-04-20T04:21:22.089Z [LOG] [parse_extracted_emails.js] Parsed: parsed-INBOX-uid-6614.json
2026-04-20T04:21:22.089Z [LOG] [parse_extracted_emails.js] Parsed: parsed-INBOX-uid-6615.json
2026-04-20T04:21:22.089Z [LOG] [parse_extracted_emails.js] Parsed: parsed-INBOX-uid-6616.json
2026-04-20T04:21:22.089Z [LOG] [parse_extracted_emails.js] Parsed: parsed-INBOX-uid-6617.json
2026-04-20T04:21:22.089Z [LOG] [parse_extracted_emails.js] Parsed: parsed-INBOX-uid-6618.json
2026-04-20T04:21:22.089Z [LOG] [parse_extracted_emails.js] Parsed: parsed-INBOX-uid-6619.json
2026-04-20T04:21:22.089Z [LOG] [parse_extracted_emails.js] Parsed: parsed-INBOX-uid-6620.json
2026-04-20T04:21:22.089Z [LOG] [parse_extracted_emails.js] Parsed: parsed-INBOX-uid-6621.json
2026-04-20T04:21:22.089Z [LOG] [parse_extracted_emails.js] Parsed: parsed-INBOX-uid-6622.json
2026-04-20T04:21:22.089Z [LOG] [parse_extracted_emails.js] Parsed: parsed-INBOX-uid-6627.json
2026-04-20T04:21:22.089Z [LOG] [parse_extracted_emails.js] Parsed: parsed-INBOX-uid-6633.json
2026-04-20T04:21:22.089Z [LOG] [parse_extracted_emails.js] Parsed: parsed-INBOX-uid-6634.json
2026-04-20T04:21:22.089Z [LOG] [parse_extracted_emails.js] Parsed: parsed-INBOX-uid-6635.json
2026-04-20T04:21:22.089Z [LOG] [parse_extracted_emails.js] Parsed: parsed-INBOX-uid-6636.json
2026-04-20T04:21:22.089Z [LOG] [parse_extracted_emails.js] Parsed: parsed-INBOX-uid-6637.json
2026-04-20T04:21:22.089Z [LOG] [parse_extracted_emails.js] Parsed: parsed-INBOX-uid-6638.json
2026-04-20T04:21:22.089Z [LOG] [parse_extracted_emails.js] Parsed: parsed-INBOX-uid-6639.json
2026-04-20T04:21:22.089Z [LOG] [parse_extracted_emails.js] Parsed: parsed-INBOX-uid-6640.json
2026-04-20T04:21:22.089Z [LOG] [parse_extracted_emails.js] Parsed: parsed-INBOX-uid-6641.json
2026-04-20T04:21:22.089Z [LOG] [parse_extracted_emails.js] Parsed: parsed-INBOX-uid-6647.json
2026-04-20T04:21:22.089Z [LOG] [parse_extracted_emails.js] Parsed: parsed-INBOX-uid-6648.json
2026-04-20T04:21:22.089Z [LOG] [parse_extracted_emails.js] Parsed: parsed-INBOX-uid-6649.json
2026-04-20T04:21:22.089Z [LOG] [parse_extracted_emails.js] Parsed: parsed-INBOX-uid-6650.json
2026-04-20T04:21:22.089Z [LOG] [parse_extracted_emails.js] Parsed: parsed-INBOX-uid-6652.json
2026-04-20T04:21:22.089Z [LOG] [parse_extracted_emails.js] Parsed: parsed-INBOX-uid-6653.json
2026-04-20T04:21:22.089Z [LOG] [parse_extracted_emails.js] Parsed: parsed-INBOX-uid-6654.json
2026-04-20T04:21:22.089Z [LOG] [parse_extracted_emails.js] Parsed: parsed-INBOX-uid-6655.json
2026-04-20T04:21:22.089Z [LOG] [parse_extracted_emails.js] Parsed: parsed-INBOX-uid-6664.json
2026-04-20T04:21:22.089Z [LOG] [parse_extracted_emails.js] Parsed: parsed-INBOX-uid-6666.json
2026-04-20T04:21:22.089Z [LOG] [parse_extracted_emails.js] Parsed: parsed-INBOX-uid-6667.json
2026-04-20T04:21:22.089Z [LOG] [parse_extracted_emails.js] Parsed: parsed-INBOX-uid-6668.json
2026-04-20T04:21:22.089Z [LOG] [parse_extracted_emails.js] Parsed: parsed-INBOX-uid-6669.json
2026-04-20T04:21:22.089Z [LOG] [parse_extracted_emails.js] Parsed: parsed-INBOX-uid-6670.json
2026-04-20T04:21:22.089Z [LOG] [parse_extracted_emails.js] Parsed: parsed-INBOX-uid-6671.json
2026-04-20T04:21:22.089Z [LOG] [parse_extracted_emails.js] Parsed: parsed-INBOX-uid-6672.json
2026-04-20T04:21:22.089Z [LOG] [parse_extracted_emails.js] Parsed: parsed-INBOX-uid-6673.json
2026-04-20T04:21:22.089Z [LOG] [parse_extracted_emails.js] Parsed: parsed-INBOX-uid-6674.json
2026-04-20T04:21:22.089Z [LOG] [parse_extracted_emails.js] Parsed: parsed-INBOX-uid-6675.json
2026-04-20T04:21:22.089Z [LOG] [parse_extracted_emails.js] Parsed: parsed-INBOX-uid-6676.json
2026-04-20T04:21:22.089Z [LOG] [parse_extracted_emails.js] Parsed: parsed-INBOX-uid-6677.json
2026-04-20T04:21:22.089Z [LOG] [parse_extracted_emails.js] Parsed: parsed-INBOX-uid-6678.json
2026-04-20T04:21:22.089Z [LOG] [parse_extracted_emails.js] Parsed: parsed-INBOX-uid-6679.json
2026-04-20T04:21:22.089Z [LOG] [parse_extracted_emails.js] Parsed: parsed-INBOX-uid-6680.json
2026-04-20T04:21:22.089Z [LOG] [parse_extracted_emails.js] Parsed: parsed-INBOX-uid-6681.json
2026-04-20T04:21:22.089Z [LOG] [parse_extracted_emails.js] Parsed: parsed-INBOX-uid-6682.json
2026-04-20T04:21:22.089Z [LOG] [parse_extracted_emails.js] Parsed: parsed-INBOX-uid-6683.json
2026-04-20T04:21:22.089Z [LOG] [parse_extracted_emails.js] Parsed: parsed-INBOX-uid-6684.json
2026-04-20T04:21:22.089Z [LOG] [parse_extracted_emails.js] Parsed: parsed-INBOX-uid-6685.json
2026-04-20T04:21:22.089Z [LOG] [parse_extracted_emails.js] Parsed: parsed-INBOX-uid-6686.json
2026-04-20T04:21:22.089Z [LOG] [parse_extracted_emails.js] Parsed: parsed-INBOX-uid-6687.json
2026-04-20T04:21:22.089Z [LOG] [parse_extracted_emails.js] Parsed: parsed-INBOX-uid-6688.json
2026-04-20T04:21:22.089Z [LOG] [parse_extracted_emails.js] Parsed: parsed-INBOX-uid-6689.json
2026-04-20T04:21:22.089Z [LOG] [parse_extracted_emails.js] Parsed: parsed-INBOX-uid-6690.json
2026-04-20T04:21:22.089Z [LOG] [parse_extracted_emails.js] Parsed: parsed-INBOX-uid-6692.json
2026-04-20T04:21:22.089Z [LOG] [parse_extracted_emails.js] Parsed: parsed-INBOX-uid-6693.json
2026-04-20T04:21:22.089Z [LOG] [parse_extracted_emails.js] Parsed: parsed-INBOX-uid-6694.json
2026-04-20T04:21:22.089Z [LOG] [parse_extracted_emails.js] Parsed: parsed-INBOX-uid-6695.json
2026-04-20T04:21:22.089Z [LOG] [parse_extracted_emails.js] Parsed: parsed-INBOX-uid-6696.json
2026-04-20T04:21:22.089Z [LOG] [parse_extracted_emails.js] Parsed: parsed-INBOX-uid-6697.json
2026-04-20T04:21:22.090Z [LOG] [parse_extracted_emails.js] Parsed: parsed-INBOX-uid-6698.json
2026-04-20T04:21:22.090Z [LOG] [parse_extracted_emails.js] Parsed: parsed-INBOX-uid-6699.json
2026-04-20T04:21:22.090Z [LOG] [parse_extracted_emails.js] Parsed: parsed-INBOX-uid-6700.json
2026-04-20T04:21:22.090Z [LOG] [parse_extracted_emails.js] Parsed: parsed-INBOX-uid-6701.json
2026-04-20T04:21:22.090Z [LOG] [parse_extracted_emails.js] Parsed: parsed-INBOX-uid-6702.json
2026-04-20T04:21:22.090Z [LOG] [parse_extracted_emails.js] Parsed: parsed-INBOX-uid-6703.json
2026-04-20T04:21:22.090Z [LOG] [parse_extracted_emails.js] Parsed: parsed-INBOX-uid-6704.json
2026-04-20T04:21:22.090Z [LOG] [parse_extracted_emails.js] Parsed: parsed-INBOX-uid-6705.json
2026-04-20T04:21:22.090Z [LOG] [parse_extracted_emails.js] Parsed: parsed-INBOX-uid-6706.json
2026-04-20T04:21:22.090Z [LOG] [parse_extracted_emails.js] Parsed: parsed-INBOX-uid-6707.json
2026-04-20T04:21:22.090Z [LOG] [parse_extracted_emails.js] Parsed: parsed-INBOX-uid-6708.json
2026-04-20T04:21:22.090Z [LOG] [parse_extracted_emails.js] Parsed: parsed-INBOX-uid-6709.json
2026-04-20T04:21:22.090Z [LOG] [parse_extracted_emails.js] Parsed: parsed-INBOX-uid-6710.json
2026-04-20T04:21:22.090Z [LOG] [parse_extracted_emails.js] Parsed: parsed-INBOX-uid-6711.json
2026-04-20T04:21:22.090Z [LOG] [parse_extracted_emails.js] Parsed: parsed-INBOX-uid-6718.json
2026-04-20T04:21:22.090Z [LOG] [parse_extracted_emails.js] Parsed: parsed-INBOX-uid-6722.json
2026-04-20T04:21:22.090Z [LOG] [parse_extracted_emails.js] Parsed: parsed-INBOX-uid-6723.json
2026-04-20T04:21:22.090Z [LOG] [parse_extracted_emails.js] Parsed: parsed-INBOX-uid-6725.json
2026-04-20T04:21:22.090Z [LOG] [parse_extracted_emails.js] Parsed: parsed-INBOX-uid-6726.json
2026-04-20T04:21:22.090Z [LOG] [parse_extracted_emails.js] Parsed: parsed-INBOX-uid-6729.json
2026-04-20T04:21:22.090Z [LOG] [parse_extracted_emails.js] Parsed: parsed-INBOX-uid-6730.json
2026-04-20T04:21:22.090Z [LOG] [parse_extracted_emails.js] Parsed: parsed-INBOX-uid-6732.json
2026-04-20T04:21:22.090Z [LOG] [parse_extracted_emails.js] Parsed: parsed-INBOX-uid-6733.json
2026-04-20T04:21:22.090Z [LOG] [parse_extracted_emails.js] Parsed: parsed-INBOX-uid-6734.json
2026-04-20T04:21:22.090Z [LOG] [parse_extracted_emails.js] Parsed: parsed-INBOX-uid-6735.json
2026-04-20T04:21:22.090Z [LOG] [parse_extracted_emails.js] Parsed: parsed-INBOX-uid-6736.json
2026-04-20T04:21:22.090Z [LOG] [parse_extracted_emails.js] Parsed: parsed-INBOX-uid-6737.json
2026-04-20T04:21:22.090Z [LOG] [parse_extracted_emails.js] Parsed: parsed-INBOX-uid-6738.json
2026-04-20T04:21:22.090Z [LOG] [parse_extracted_emails.js] Parsed: parsed-INBOX-uid-6748.json
2026-04-20T04:21:22.090Z [LOG] [parse_extracted_emails.js] Parsed: parsed-INBOX-uid-6749.json
2026-04-20T04:21:22.090Z [LOG] [parse_extracted_emails.js] Parsed: parsed-INBOX-uid-6750.json
2026-04-20T04:21:22.090Z [LOG] [parse_extracted_emails.js] Parsed: parsed-INBOX-uid-6751.json
2026-04-20T04:21:22.090Z [LOG] [parse_extracted_emails.js] Parsed: parsed-INBOX-uid-6752.json
2026-04-20T04:21:22.090Z [LOG] [parse_extracted_emails.js] Parsed: parsed-INBOX-uid-6753.json
2026-04-20T04:21:22.090Z [LOG] [parse_extracted_emails.js] Parsed: parsed-INBOX-uid-6754.json
2026-04-20T04:21:22.090Z [LOG] [parse_extracted_emails.js] Parsed: parsed-INBOX-uid-6755.json
2026-04-20T04:21:22.090Z [LOG] [parse_extracted_emails.js] Parsed: parsed-INBOX-uid-6756.json
2026-04-20T04:21:22.090Z [LOG] [parse_extracted_emails.js] Parsed: parsed-INBOX-uid-6757.json
2026-04-20T04:21:22.090Z [LOG] [parse_extracted_emails.js] Parsed: parsed-INBOX-uid-6758.json
2026-04-20T04:21:22.090Z [LOG] [parse_extracted_emails.js] Parsed: parsed-INBOX-uid-6759.json
2026-04-20T04:21:22.090Z [LOG] [parse_extracted_emails.js] Parsed: parsed-INBOX-uid-6760.json
2026-04-20T04:21:22.090Z [LOG] [parse_extracted_emails.js] Parsed: parsed-INBOX-uid-6761.json
2026-04-20T04:21:22.090Z [LOG] [parse_extracted_emails.js] Parsed: parsed-INBOX-uid-6762.json
2026-04-20T04:21:22.090Z [LOG] [parse_extracted_emails.js] Parsed: parsed-INBOX-uid-6763.json
2026-04-20T04:21:22.090Z [LOG] [parse_extracted_emails.js] Parsed: parsed-INBOX-uid-6764.json
2026-04-20T04:21:22.090Z [LOG] [parse_extracted_emails.js] Parsed: parsed-INBOX-uid-6765.json
2026-04-20T04:21:22.090Z [LOG] [parse_extracted_emails.js] Parsed: parsed-INBOX-uid-6766.json
2026-04-20T04:21:22.090Z [LOG] [parse_extracted_emails.js] Parsed: parsed-INBOX-uid-6767.json
2026-04-20T04:21:22.090Z [LOG] [parse_extracted_emails.js] Parsed: parsed-INBOX-uid-6768.json
2026-04-20T04:21:22.090Z [LOG] [parse_extracted_emails.js] Parsed: parsed-INBOX-uid-6769.json
2026-04-20T04:21:22.090Z [LOG] [parse_extracted_emails.js] Parsed: parsed-INBOX-uid-6770.json
2026-04-20T04:21:22.090Z [LOG] [parse_extracted_emails.js] Parsed: parsed-INBOX-uid-6771.json
2026-04-20T04:21:22.090Z [LOG] [parse_extracted_emails.js] Parsed: parsed-INBOX-uid-6772.json
2026-04-20T04:21:22.090Z [LOG] [parse_extracted_emails.js] Parsed: parsed-INBOX-uid-6773.json
2026-04-20T04:21:22.090Z [LOG] [parse_extracted_emails.js] Parsed: parsed-INBOX-uid-6774.json
2026-04-20T04:21:22.090Z [LOG] [parse_extracted_emails.js] Parsed: parsed-INBOX-uid-6775.json
2026-04-20T04:21:22.090Z [LOG] [parse_extracted_emails.js] Parsed: parsed-INBOX-uid-6776.json
2026-04-20T04:21:22.090Z [LOG] [parse_extracted_emails.js] Parsed: parsed-INBOX-uid-6777.json
2026-04-20T04:21:22.090Z [LOG] [parse_extracted_emails.js] Parsed: parsed-INBOX-uid-6778.json
2026-04-20T04:21:22.090Z [LOG] [parse_extracted_emails.js] Parsed: parsed-INBOX-uid-6779.json
2026-04-20T04:21:22.090Z [LOG] [parse_extracted_emails.js] Parsed: parsed-INBOX-uid-6780.json
2026-04-20T04:21:22.090Z [LOG] [parse_extracted_emails.js] Parsed: parsed-INBOX-uid-6781.json
2026-04-20T04:21:22.090Z [LOG] [parse_extracted_emails.js] Parsed: parsed-INBOX-uid-6782.json
2026-04-20T04:21:22.090Z [LOG] [parse_extracted_emails.js] Parsed: parsed-INBOX-uid-6783.json
2026-04-20T04:21:22.090Z [LOG] [parse_extracted_emails.js] Parsed: parsed-INBOX-uid-6784.json
2026-04-20T04:21:22.090Z [LOG] [parse_extracted_emails.js] Parsed: parsed-INBOX-uid-6785.json
2026-04-20T04:21:22.090Z [LOG] [parse_extracted_emails.js] Parsed: parsed-INBOX-uid-6786.json
2026-04-20T04:21:22.090Z [LOG] [parse_extracted_emails.js] Parsed: parsed-INBOX-uid-6787.json
2026-04-20T04:21:22.090Z [LOG] [parse_extracted_emails.js] Parsed: parsed-INBOX-uid-6788.json
2026-04-20T04:21:22.090Z [LOG] [parse_extracted_emails.js] Parsed: parsed-INBOX-uid-6789.json
2026-04-20T04:21:22.090Z [LOG] [parse_extracted_emails.js] Parsed: parsed-INBOX-uid-6790.json
2026-04-20T04:21:22.090Z [LOG] [parse_extracted_emails.js] Parsed: parsed-INBOX-uid-6791.json
2026-04-20T04:21:22.090Z [LOG] [parse_extracted_emails.js] Parsed: parsed-INBOX-uid-6792.json
2026-04-20T04:21:22.090Z [LOG] [parse_extracted_emails.js] Parsed: parsed-INBOX-uid-6793.json
2026-04-20T04:21:22.091Z [LOG] [parse_extracted_emails.js] Parsed: parsed-INBOX-uid-6794.json
2026-04-20T04:21:22.091Z [LOG] [parse_extracted_emails.js] Parsed: parsed-INBOX-uid-6795.json
2026-04-20T04:21:22.091Z [LOG] [parse_extracted_emails.js] Parsed: parsed-INBOX-uid-6796.json
2026-04-20T04:21:22.091Z [LOG] [parse_extracted_emails.js] Parsed: parsed-INBOX-uid-6797.json
2026-04-20T04:21:22.091Z [LOG] [parse_extracted_emails.js] Parsed: parsed-INBOX-uid-6798.json
2026-04-20T04:21:22.091Z [LOG] [parse_extracted_emails.js] Parsed: parsed-INBOX-uid-6799.json
2026-04-20T04:21:22.091Z [LOG] [parse_extracted_emails.js] Parsed: parsed-INBOX-uid-6800.json
2026-04-20T04:21:22.091Z [LOG] [parse_extracted_emails.js] Parsed: parsed-INBOX-uid-6801.json
2026-04-20T04:21:22.091Z [LOG] [parse_extracted_emails.js] Parsed: parsed-INBOX-uid-6802.json
2026-04-20T04:21:22.091Z [LOG] [parse_extracted_emails.js] Parsed: parsed-INBOX-uid-6803.json
2026-04-20T04:21:22.091Z [LOG] [parse_extracted_emails.js] Parsed: parsed-INBOX-uid-6804.json
2026-04-20T04:21:22.091Z [LOG] [parse_extracted_emails.js] Parsed: parsed-INBOX-uid-6805.json
2026-04-20T04:21:22.091Z [LOG] [parse_extracted_emails.js] Parsed: parsed-INBOX-uid-6806.json
2026-04-20T04:21:22.091Z [LOG] [parse_extracted_emails.js] Parsed: parsed-INBOX-uid-6807.json
2026-04-20T04:21:22.091Z [LOG] [parse_extracted_emails.js] Parsed: parsed-INBOX-uid-6808.json
2026-04-20T04:21:22.091Z [LOG] [parse_extracted_emails.js] Parsed: parsed-INBOX-uid-6809.json
2026-04-20T04:21:22.091Z [LOG] [parse_extracted_emails.js] Parsed: parsed-INBOX-uid-6810.json
2026-04-20T04:21:22.091Z [LOG] [parse_extracted_emails.js] Parsed: parsed-INBOX-uid-6811.json
2026-04-20T04:21:22.091Z [LOG] [parse_extracted_emails.js] Parsed: parsed-INBOX-uid-6812.json
2026-04-20T04:21:22.091Z [LOG] [parse_extracted_emails.js] Parsed: parsed-INBOX-uid-6813.json
2026-04-20T04:21:22.091Z [LOG] [parse_extracted_emails.js] Parsed: parsed-INBOX-uid-6814.json
2026-04-20T04:21:22.091Z [LOG] [parse_extracted_emails.js] Parsed: parsed-INBOX-uid-6815.json
2026-04-20T04:21:22.091Z [LOG] [parse_extracted_emails.js] Parsed: parsed-INBOX-uid-6816.json
2026-04-20T04:21:22.091Z [LOG] [parse_extracted_emails.js] Parsed: parsed-INBOX-uid-6817.json
2026-04-20T04:21:22.091Z [LOG] [parse_extracted_emails.js] Parsed: parsed-INBOX-uid-6818.json
2026-04-20T04:21:22.091Z [LOG] [parse_extracted_emails.js] Parsed: parsed-INBOX-uid-6819.json
2026-04-20T04:21:22.091Z [LOG] [parse_extracted_emails.js] Parsed: parsed-INBOX-uid-6820.json
2026-04-20T04:21:22.091Z [LOG] [parse_extracted_emails.js] Parsed: parsed-INBOX-uid-6821.json
2026-04-20T04:21:22.091Z [LOG] [parse_extracted_emails.js] Parsed: parsed-INBOX-uid-6822.json
2026-04-20T04:21:22.091Z [LOG] [parse_extracted_emails.js] Parsed: parsed-INBOX-uid-6823.json
2026-04-20T04:21:22.091Z [LOG] [parse_extracted_emails.js] Parsed: parsed-INBOX-uid-6824.json
2026-04-20T04:21:22.091Z [LOG] [parse_extracted_emails.js] Parsed: parsed-INBOX-uid-6825.json
2026-04-20T04:21:22.091Z [LOG] [parse_extracted_emails.js] Parsed: parsed-INBOX-uid-6826.json
2026-04-20T04:21:22.091Z [LOG] [parse_extracted_emails.js] Parsed: parsed-INBOX-uid-6827.json
2026-04-20T04:21:22.091Z [LOG] [parse_extracted_emails.js] Parsed: parsed-INBOX-uid-6828.json
2026-04-20T04:21:22.091Z [LOG] [parse_extracted_emails.js] Parsed: parsed-INBOX-uid-6829.json
2026-04-20T04:21:22.091Z [LOG] [parse_extracted_emails.js] Parsed: parsed-INBOX-uid-6830.json
2026-04-20T04:21:22.091Z [LOG] [parse_extracted_emails.js] Parsed: parsed-INBOX-uid-6831.json
2026-04-20T04:21:22.091Z [LOG] [parse_extracted_emails.js] Parsed: parsed-INBOX-uid-6832.json
2026-04-20T04:21:22.091Z [LOG] [parse_extracted_emails.js] Parsed: parsed-INBOX-uid-6833.json
2026-04-20T04:21:22.091Z [LOG] [parse_extracted_emails.js] Parsed: parsed-INBOX-uid-6834.json
2026-04-20T04:21:22.091Z [LOG] [parse_extracted_emails.js] Parsed: parsed-INBOX-uid-6835.json
2026-04-20T04:21:22.091Z [LOG] [parse_extracted_emails.js] Parsed: parsed-INBOX-uid-6836.json
2026-04-20T04:21:22.091Z [LOG] [parse_extracted_emails.js] Parsed: parsed-INBOX-uid-6837.json
2026-04-20T04:21:22.091Z [LOG] [parse_extracted_emails.js] Parsed: parsed-INBOX-uid-6838.json
2026-04-20T04:21:22.091Z [LOG] [parse_extracted_emails.js] Parsed: parsed-INBOX-uid-6839.json
2026-04-20T04:21:22.091Z [LOG] [parse_extracted_emails.js] Parsed: parsed-INBOX-uid-6840.json
2026-04-20T04:21:22.091Z [LOG] [parse_extracted_emails.js] Parsed: parsed-INBOX-uid-6841.json
2026-04-20T04:21:22.091Z [LOG] [parse_extracted_emails.js] Parsed: parsed-INBOX-uid-6842.json
2026-04-20T04:21:22.091Z [LOG] [parse_extracted_emails.js] Parsed: parsed-INBOX-uid-6843.json
2026-04-20T04:21:22.091Z [LOG] [parse_extracted_emails.js] Parsed: parsed-INBOX-uid-6844.json
2026-04-20T04:21:22.091Z [LOG] [parse_extracted_emails.js] Parsed: parsed-INBOX-uid-6845.json
2026-04-20T04:21:22.091Z [LOG] [parse_extracted_emails.js] Parsed: parsed-INBOX-uid-6846.json
2026-04-20T04:21:22.091Z [LOG] [parse_extracted_emails.js] Parsed: parsed-INBOX-uid-6847.json
2026-04-20T04:21:22.091Z [LOG] [parse_extracted_emails.js] Parsed: parsed-INBOX-uid-6848.json
2026-04-20T04:21:22.091Z [LOG] [parse_extracted_emails.js] Parsed: parsed-INBOX-uid-6849.json
2026-04-20T04:21:22.091Z [LOG] [parse_extracted_emails.js] Parsed: parsed-INBOX-uid-6850.json
2026-04-20T04:21:22.091Z [LOG] [parse_extracted_emails.js] Parsed: parsed-INBOX-uid-6851.json
2026-04-20T04:21:22.091Z [LOG] [parse_extracted_emails.js] Parsed: parsed-INBOX-uid-6852.json
2026-04-20T04:21:22.091Z [LOG] [parse_extracted_emails.js] Parsed: parsed-INBOX-uid-6853.json
2026-04-20T04:21:22.091Z [LOG] [parse_extracted_emails.js] Parsed: parsed-INBOX-uid-6854.json
2026-04-20T04:21:22.091Z [LOG] [parse_extracted_emails.js] Parsed: parsed-INBOX-uid-6855.json
2026-04-20T04:21:22.091Z [LOG] [parse_extracted_emails.js] Parsed: parsed-INBOX-uid-6856.json
2026-04-20T04:21:22.091Z [LOG] [parse_extracted_emails.js] Parsed: parsed-INBOX-uid-6857.json
2026-04-20T04:21:22.091Z [LOG] [parse_extracted_emails.js] Parsed: parsed-INBOX-uid-6858.json
2026-04-20T04:21:22.091Z [LOG] [parse_extracted_emails.js] Parsed: parsed-INBOX-uid-6859.json
2026-04-20T04:21:22.091Z [LOG] [parse_extracted_emails.js] Parsed: parsed-INBOX-uid-6860.json
2026-04-20T04:21:22.091Z [LOG] [parse_extracted_emails.js] Parsed: parsed-INBOX-uid-6861.json
2026-04-20T04:21:22.091Z [LOG] [parse_extracted_emails.js] Parsed: parsed-INBOX-uid-6862.json
2026-04-20T04:21:22.091Z [LOG] [parse_extracted_emails.js] Parsed: parsed-INBOX-uid-6863.json
2026-04-20T04:21:22.091Z [LOG] [parse_extracted_emails.js] Parsed: parsed-INBOX-uid-6864.json
2026-04-20T04:21:22.091Z [LOG] [parse_extracted_emails.js] Parsed: parsed-INBOX-uid-6865.json
2026-04-20T04:21:22.091Z [LOG] [parse_extracted_emails.js] Parsed: parsed-INBOX-uid-6866.json
2026-04-20T04:21:22.091Z [LOG] [parse_extracted_emails.js] Parsed: parsed-INBOX-uid-6867.json
2026-04-20T04:21:22.091Z [LOG] [parse_extracted_emails.js] Parsed: parsed-INBOX-uid-6868.json
2026-04-20T04:21:22.091Z [LOG] [parse_extracted_emails.js] Parsed: parsed-INBOX-uid-6869.json
2026-04-20T04:21:22.091Z [LOG] [parse_extracted_emails.js] Parsed: parsed-INBOX-uid-6870.json
2026-04-20T04:21:22.091Z [LOG] [parse_extracted_emails.js] Parsed: parsed-INBOX-uid-6871.json
2026-04-20T04:21:22.091Z [LOG] [parse_extracted_emails.js] Parsed: parsed-INBOX-uid-6872.json
2026-04-20T04:21:22.091Z [LOG] [parse_extracted_emails.js] Parsed: parsed-INBOX-uid-6873.json
2026-04-20T04:21:22.091Z [LOG] [parse_extracted_emails.js] Parsed: parsed-INBOX-uid-6874.json
2026-04-20T04:21:22.091Z [LOG] [parse_extracted_emails.js] Parsed: parsed-INBOX-uid-6875.json
2026-04-20T04:21:22.091Z [LOG] [parse_extracted_emails.js] Parsed: parsed-INBOX-uid-6907.json
2026-04-20T04:21:22.091Z [LOG] [parse_extracted_emails.js] Parsed: parsed-INBOX-uid-6908.json
2026-04-20T04:21:22.091Z [LOG] [parse_extracted_emails.js] Parsed: parsed-INBOX-uid-6909.json
2026-04-20T04:21:22.091Z [LOG] [parse_extracted_emails.js] Parsed: parsed-INBOX-uid-6910.json
2026-04-20T04:21:22.091Z [LOG] [parse_extracted_emails.js] Parsed: parsed-INBOX-uid-6911.json
2026-04-20T04:21:22.091Z [LOG] [parse_extracted_emails.js] Parsed: parsed-INBOX-uid-6912.json
2026-04-20T04:21:22.091Z [LOG] [parse_extracted_emails.js] Parsed: parsed-INBOX-uid-6913.json
2026-04-20T04:21:22.091Z [LOG] [parse_extracted_emails.js] Parsed: parsed-INBOX-uid-6914.json
2026-04-20T04:21:22.091Z [LOG] [parse_extracted_emails.js] Parsed: parsed-INBOX-uid-6915.json
2026-04-20T04:21:22.091Z [LOG] [parse_extracted_emails.js] Parsed: parsed-INBOX-uid-6916.json
2026-04-20T04:21:22.091Z [LOG] [parse_extracted_emails.js] Parsed: parsed-INBOX-uid-6917.json
2026-04-20T04:21:22.091Z [LOG] [parse_extracted_emails.js] Parsed: parsed-INBOX-uid-6918.json
2026-04-20T04:21:22.091Z [LOG] [parse_extracted_emails.js] Parsed: parsed-INBOX-uid-6919.json
2026-04-20T04:21:22.091Z [LOG] [parse_extracted_emails.js] Parsed: parsed-INBOX-uid-6920.json
2026-04-20T04:21:22.091Z [LOG] [parse_extracted_emails.js] Parsed: parsed-INBOX-uid-6921.json
2026-04-20T04:21:22.091Z [LOG] [parse_extracted_emails.js] Parsed: parsed-INBOX-uid-6922.json
2026-04-20T04:21:22.091Z [LOG] [parse_extracted_emails.js] Parsed: parsed-INBOX-uid-6923.json
2026-04-20T04:21:22.091Z [LOG] [parse_extracted_emails.js] Parsed: parsed-INBOX-uid-6924.json
2026-04-20T04:21:22.091Z [LOG] [parse_extracted_emails.js] Parsed: parsed-INBOX-uid-6925.json
2026-04-20T04:21:22.091Z [LOG] [parse_extracted_emails.js] Parsed: parsed-INBOX-uid-6926.json
2026-04-20T04:21:22.091Z [LOG] [parse_extracted_emails.js] Parsed: parsed-INBOX-uid-6927.json
2026-04-20T04:21:22.091Z [LOG] [parse_extracted_emails.js] Parsed: parsed-INBOX-uid-6928.json
2026-04-20T04:21:22.091Z [LOG] [parse_extracted_emails.js] Parsed: parsed-INBOX-uid-6929.json
2026-04-20T04:21:22.091Z [LOG] [parse_extracted_emails.js] Parsed: parsed-INBOX-uid-6930.json
2026-04-20T04:21:22.091Z [LOG] [parse_extracted_emails.js] Parsed: parsed-INBOX-uid-6931.json
2026-04-20T04:21:22.091Z [LOG] [parse_extracted_emails.js] Parsed: parsed-INBOX-uid-6932.json
2026-04-20T04:21:22.091Z [LOG] [parse_extracted_emails.js] Parsed: parsed-INBOX-uid-6933.json
2026-04-20T04:21:22.091Z [LOG] [parse_extracted_emails.js] Parsed: parsed-INBOX-uid-6934.json
2026-04-20T04:21:22.091Z [LOG] [parse_extracted_emails.js] Parsed: parsed-INBOX-uid-6935.json
2026-04-20T04:21:22.091Z [LOG] [parse_extracted_emails.js] Parsed: parsed-INBOX-uid-6936.json
2026-04-20T04:21:22.091Z [LOG] [parse_extracted_emails.js] Parsed: parsed-INBOX-uid-6937.json
2026-04-20T04:21:22.091Z [LOG] [parse_extracted_emails.js] Parsed: parsed-INBOX-uid-6938.json
2026-04-20T04:21:22.091Z [LOG] [parse_extracted_emails.js] Parsed: parsed-INBOX-uid-6939.json
2026-04-20T04:21:22.091Z [LOG] [parse_extracted_emails.js] Parsed: parsed-INBOX-uid-6940.json
2026-04-20T04:21:22.091Z [LOG] [parse_extracted_emails.js] Parsed: parsed-INBOX-uid-6941.json
2026-04-20T04:21:22.091Z [LOG] [parse_extracted_emails.js] Parsed: parsed-INBOX-uid-6942.json
2026-04-20T04:21:22.091Z [LOG] [parse_extracted_emails.js] Parsed: parsed-INBOX-uid-6943.json
2026-04-20T04:21:22.091Z [LOG] [parse_extracted_emails.js] Parsed: parsed-INBOX-uid-6945.json
2026-04-20T04:21:22.091Z [LOG] [parse_extracted_emails.js] Parsed: parsed-INBOX-uid-6946.json
2026-04-20T04:21:22.091Z [LOG] [parse_extracted_emails.js] Parsed: parsed-INBOX-uid-6947.json
2026-04-20T04:21:22.091Z [LOG] [parse_extracted_emails.js] Parsed: parsed-INBOX-uid-6948.json
2026-04-20T04:21:22.091Z [LOG] [parse_extracted_emails.js] Parsed: parsed-INBOX-uid-6949.json
2026-04-20T04:21:22.091Z [LOG] [parse_extracted_emails.js] Parsed: parsed-INBOX-uid-6950.json
2026-04-20T04:21:22.091Z [LOG] [parse_extracted_emails.js] Parsed: parsed-INBOX-uid-6951.json
2026-04-20T04:21:22.091Z [LOG] [parse_extracted_emails.js] Parsed: parsed-INBOX-uid-6952.json
2026-04-20T04:21:22.092Z [LOG] [parse_extracted_emails.js] Parsed: parsed-INBOX-uid-6953.json
2026-04-20T04:21:22.092Z [LOG] [parse_extracted_emails.js] Parsed: parsed-INBOX-uid-6954.json
2026-04-20T04:21:22.092Z [LOG] [parse_extracted_emails.js] Parsed: parsed-INBOX-uid-6955.json
2026-04-20T04:21:22.092Z [LOG] [parse_extracted_emails.js] Parsed: parsed-INBOX-uid-6956.json
2026-04-20T04:21:22.092Z [LOG] [parse_extracted_emails.js] Parsed: parsed-INBOX-uid-6957.json
2026-04-20T04:21:22.092Z [LOG] [parse_extracted_emails.js] Parsed: parsed-INBOX-uid-6958.json
2026-04-20T04:21:22.092Z [LOG] [parse_extracted_emails.js] Parsed: parsed-INBOX-uid-6959.json
2026-04-20T04:21:22.092Z [LOG] [parse_extracted_emails.js] Parsed: parsed-INBOX-uid-6960.json
2026-04-20T04:21:22.092Z [LOG] [parse_extracted_emails.js] Parsed: parsed-INBOX-uid-6961.json
2026-04-20T04:21:22.092Z [LOG] [parse_extracted_emails.js] Parsed: parsed-INBOX-uid-6962.json
2026-04-20T04:21:22.092Z [LOG] [parse_extracted_emails.js] Parsed: parsed-INBOX-uid-6963.json
2026-04-20T04:21:22.092Z [LOG] [parse_extracted_emails.js] Parsed: parsed-INBOX-uid-6964.json
2026-04-20T04:21:22.092Z [LOG] [parse_extracted_emails.js] Parsed: parsed-INBOX-uid-6965.json
2026-04-20T04:21:22.092Z [LOG] [parse_extracted_emails.js] Parsed: parsed-INBOX-uid-6966.json
2026-04-20T04:21:22.092Z [LOG] [parse_extracted_emails.js] Parsed: parsed-INBOX-uid-6967.json
2026-04-20T04:21:22.092Z [LOG] [parse_extracted_emails.js] Parsed: parsed-INBOX-uid-6968.json
2026-04-20T04:21:22.092Z [LOG] [parse_extracted_emails.js] Parsed: parsed-INBOX-uid-6969.json
2026-04-20T04:21:22.092Z [LOG] [parse_extracted_emails.js] Parsed: parsed-INBOX-uid-6970.json
2026-04-20T04:21:22.092Z [LOG] [parse_extracted_emails.js] Parsed: parsed-INBOX-uid-6971.json
2026-04-20T04:21:22.092Z [LOG] [parse_extracted_emails.js] Parsed: parsed-INBOX-uid-6972.json
2026-04-20T04:21:22.092Z [LOG] [parse_extracted_emails.js] Parsed: parsed-INBOX-uid-6973.json
2026-04-20T04:21:22.092Z [LOG] [parse_extracted_emails.js] Parsed: parsed-INBOX-uid-6974.json
2026-04-20T04:21:22.092Z [LOG] [parse_extracted_emails.js] Parsed: parsed-INBOX-uid-6975.json
2026-04-20T04:21:22.092Z [LOG] [parse_extracted_emails.js] Parsed: parsed-INBOX-uid-6976.json
2026-04-20T04:21:22.092Z [LOG] [parse_extracted_emails.js] Parsed: parsed-INBOX-uid-6977.json
2026-04-20T04:21:22.092Z [LOG] [parse_extracted_emails.js] Parsed: parsed-INBOX-uid-6978.json
2026-04-20T04:21:22.092Z [LOG] [parse_extracted_emails.js] Parsed: parsed-INBOX-uid-6979.json
2026-04-20T04:21:22.092Z [LOG] [parse_extracted_emails.js] Parsed: parsed-INBOX-uid-6980.json
2026-04-20T04:21:22.092Z [LOG] [parse_extracted_emails.js] Parsed: parsed-INBOX-uid-6981.json
2026-04-20T04:21:22.092Z [LOG] [parse_extracted_emails.js] Parsed: parsed-INBOX-uid-6982.json
2026-04-20T04:21:22.092Z [LOG] [parse_extracted_emails.js] Parsed: parsed-INBOX-uid-6983.json
2026-04-20T04:21:22.092Z [LOG] [parse_extracted_emails.js] Parsed: parsed-INBOX-uid-6984.json
2026-04-20T04:21:22.092Z [LOG] [parse_extracted_emails.js] Parsed: parsed-INBOX-uid-6985.json
2026-04-20T04:21:22.092Z [LOG] [parse_extracted_emails.js] Parsed: parsed-INBOX-uid-6986.json
2026-04-20T04:21:22.092Z [LOG] [parse_extracted_emails.js] Parsed: parsed-INBOX-uid-6987.json
2026-04-20T04:21:22.092Z [LOG] [parse_extracted_emails.js] Parsed: parsed-INBOX-uid-6988.json
2026-04-20T04:21:22.092Z [LOG] [parse_extracted_emails.js] Parsed: parsed-INBOX-uid-6989.json
2026-04-20T04:21:22.092Z [LOG] [parse_extracted_emails.js] Parsed: parsed-INBOX-uid-6990.json
2026-04-20T04:21:22.092Z [LOG] [parse_extracted_emails.js] Parsed: parsed-INBOX-uid-6991.json
2026-04-20T04:21:22.092Z [LOG] [parse_extracted_emails.js] Parsed: parsed-INBOX-uid-6992.json
2026-04-20T04:21:22.092Z [LOG] [parse_extracted_emails.js] Parsed: parsed-INBOX-uid-6993.json
2026-04-20T04:21:22.080Z [LOG] parse summary: total=879, parsed=700, alreadyParsed=0, missingFields=179, invalidMessageType=0, missingParser=0, parseErrors=0
2026-04-20T04:21:22.092Z [LOG] [parse_extracted_emails.js] done
2026-04-20T04:21:22.092Z [LOG] [pipeline #1] new emails parsed: 700
2026-04-20T04:21:22.092Z [LOG] [build_cfs_csv_mawb.js] starting…
2026-04-20T04:21:22.189Z [LOG] Written 157 rows to CFS_mawb.csv
2026-04-20T04:21:22.191Z [LOG]   Rows with no FFM match (no flight data): 1
2026-04-20T04:21:22.194Z [LOG] [build_cfs_csv_mawb.js] done
2026-04-20T04:21:22.194Z [LOG] [build_cfs_csv_uld.js] starting…
2026-04-20T04:21:22.310Z [LOG] [build_cfs_csv_uld.js] Written 1000 rows to /home/wesleywu9/tolead/NCAParser/server/data/outputs/parsed_tables/CFS_uld.csv
2026-04-20T04:21:22.310Z [LOG] [build_cfs_csv_uld.js]   Rows with no FFM match: 1
2026-04-20T04:21:22.310Z [LOG] [build_cfs_csv_uld.js]   Extra rows from MAWBs split across multiple ULDs: 416
2026-04-20T04:21:22.310Z [LOG] [build_cfs_csv_uld.js] done
2026-04-20T04:21:22.310Z [LOG] [build_cfs_csv_hawb.js] starting…
2026-04-20T04:21:22.399Z [LOG] Written 376 rows to CFS_hawb.csv
2026-04-20T04:21:22.401Z [LOG]   HAWB rows: 337
2026-04-20T04:21:22.401Z [LOG]   MAWB-only rows: 39
2026-04-20T04:21:22.404Z [LOG] [build_cfs_csv_hawb.js] done
2026-04-20T04:21:22.404Z [LOG] [upload_tables_to_sheets.js] starting…
2026-04-20T04:21:22.455Z [LOG] [mawb] Clearing 'CFS_by_MAWB'!A:AH …
2026-04-20T04:21:23.276Z [LOG] [mawb] Writing 158 rows → 'CFS_by_MAWB'!A1 …
2026-04-20T04:21:26.142Z [LOG] [mawb] Applied sheet formatting and sorting
2026-04-20T04:21:26.142Z [LOG] [mawb] Done — 157 data rows uploaded.
2026-04-20T04:21:26.146Z [LOG] [uld] Clearing 'CFS_by_ULD'!A:AH …
2026-04-20T04:21:26.654Z [LOG] [uld] Writing 1001 rows → 'CFS_by_ULD'!A1 …
2026-04-20T04:21:30.854Z [LOG] [uld] Applied sheet formatting and sorting
2026-04-20T04:21:30.854Z [LOG] [uld] Done — 1000 data rows uploaded.
2026-04-20T04:21:30.856Z [LOG] [hawb] Clearing 'CFS_by_HAWB'!A:AH …
2026-04-20T04:21:31.303Z [LOG] [hawb] Writing 377 rows → 'CFS_by_HAWB'!A1 …
2026-04-20T04:21:33.720Z [LOG] [hawb] Applied sheet formatting and sorting
2026-04-20T04:21:34.744Z [LOG] [hawb] Applied MAWB grouping formatting (157 MAWB blocks)
2026-04-20T04:21:34.744Z [LOG] [hawb] Done — 376 data rows uploaded.
2026-04-20T04:21:34.752Z [LOG] [upload_tables_to_sheets.js] done
2026-04-20T04:21:34.752Z [LOG] [pipeline #1] pipeline complete
2026-04-20T04:23:07.040Z [LOG] Pipeline polling every 600s. Press Ctrl+C to stop.
2026-04-20T04:23:07.042Z [LOG] ────────────────────────────────────────────────────────────
2026-04-20T04:23:07.042Z [LOG] [pipeline #1] 2026-04-20T04:23:07.042Z
2026-04-20T04:23:07.042Z [LOG] [extract_emails.js] starting…
2026-04-20T04:28:07.051Z [ERROR] [extract_emails.js] timed out after 300000ms
2026-04-20T04:28:07.051Z [WARN] [pipeline #1] extract_emails failed; continuing to parse existing extracted files
2026-04-20T04:28:07.051Z [LOG] [parse_extracted_emails.js] starting…
2026-04-20T04:28:21.932Z [LOG] [parse_extracted_emails.js] Parsed: parsed-INBOX-uid-1954.json
2026-04-20T04:28:21.933Z [LOG] [parse_extracted_emails.js] Parsed: parsed-INBOX-uid-1955.json
2026-04-20T04:28:21.933Z [LOG] [parse_extracted_emails.js] Parsed: parsed-INBOX-uid-1956.json
2026-04-20T04:28:21.933Z [LOG] [parse_extracted_emails.js] Parsed: parsed-INBOX-uid-1957.json
2026-04-20T04:28:21.933Z [LOG] [parse_extracted_emails.js] Parsed: parsed-INBOX-uid-1958.json
2026-04-20T04:28:21.933Z [LOG] [parse_extracted_emails.js] Parsed: parsed-INBOX-uid-1959.json
2026-04-20T04:28:21.933Z [LOG] [parse_extracted_emails.js] Parsed: parsed-INBOX-uid-1960.json
2026-04-20T04:28:21.933Z [LOG] [parse_extracted_emails.js] Parsed: parsed-INBOX-uid-1961.json
2026-04-20T04:28:21.933Z [LOG] [parse_extracted_emails.js] Parsed: parsed-INBOX-uid-1962.json
2026-04-20T04:28:21.933Z [LOG] [parse_extracted_emails.js] Parsed: parsed-INBOX-uid-1963.json
2026-04-20T04:28:21.933Z [LOG] [parse_extracted_emails.js] Parsed: parsed-INBOX-uid-1964.json
2026-04-20T04:28:21.933Z [LOG] [parse_extracted_emails.js] Parsed: parsed-INBOX-uid-1965.json
2026-04-20T04:28:21.933Z [LOG] [parse_extracted_emails.js] Parsed: parsed-INBOX-uid-1966.json
2026-04-20T04:28:21.933Z [LOG] [parse_extracted_emails.js] Parsed: parsed-INBOX-uid-1967.json
2026-04-20T04:28:21.933Z [LOG] [parse_extracted_emails.js] Parsed: parsed-INBOX-uid-1968.json
2026-04-20T04:28:21.933Z [LOG] [parse_extracted_emails.js] Parsed: parsed-INBOX-uid-1969.json
2026-04-20T04:28:21.933Z [LOG] [parse_extracted_emails.js] Parsed: parsed-INBOX-uid-1970.json
2026-04-20T04:28:21.933Z [LOG] [parse_extracted_emails.js] Parsed: parsed-INBOX-uid-1971.json
2026-04-20T04:28:21.933Z [LOG] [parse_extracted_emails.js] Parsed: parsed-INBOX-uid-1972.json
2026-04-20T04:28:21.933Z [LOG] [parse_extracted_emails.js] Parsed: parsed-INBOX-uid-1973.json
2026-04-20T04:28:21.933Z [LOG] [parse_extracted_emails.js] Parsed: parsed-INBOX-uid-3287.json
2026-04-20T04:28:21.933Z [LOG] [parse_extracted_emails.js] Parsed: parsed-INBOX-uid-3478.json
2026-04-20T04:28:21.933Z [LOG] [parse_extracted_emails.js] Parsed: parsed-INBOX-uid-3479.json
2026-04-20T04:28:21.933Z [LOG] [parse_extracted_emails.js] Parsed: parsed-INBOX-uid-3480.json
2026-04-20T04:28:21.933Z [LOG] [parse_extracted_emails.js] Parsed: parsed-INBOX-uid-3481.json
2026-04-20T04:28:21.933Z [LOG] [parse_extracted_emails.js] Parsed: parsed-INBOX-uid-3482.json
2026-04-20T04:28:21.933Z [LOG] [parse_extracted_emails.js] Parsed: parsed-INBOX-uid-3483.json
2026-04-20T04:28:21.933Z [LOG] [parse_extracted_emails.js] Parsed: parsed-INBOX-uid-3484.json
2026-04-20T04:28:21.933Z [LOG] [parse_extracted_emails.js] Parsed: parsed-INBOX-uid-3485.json
2026-04-20T04:28:21.933Z [LOG] [parse_extracted_emails.js] Parsed: parsed-INBOX-uid-3486.json
2026-04-20T04:28:21.933Z [LOG] [parse_extracted_emails.js] Parsed: parsed-INBOX-uid-3487.json
2026-04-20T04:28:21.933Z [LOG] [parse_extracted_emails.js] Parsed: parsed-INBOX-uid-3488.json
2026-04-20T04:28:21.933Z [LOG] [parse_extracted_emails.js] Parsed: parsed-INBOX-uid-3489.json
2026-04-20T04:28:21.933Z [LOG] [parse_extracted_emails.js] Parsed: parsed-INBOX-uid-3490.json
2026-04-20T04:28:21.933Z [LOG] [parse_extracted_emails.js] Parsed: parsed-INBOX-uid-3491.json
2026-04-20T04:28:21.933Z [LOG] [parse_extracted_emails.js] Parsed: parsed-INBOX-uid-3492.json
2026-04-20T04:28:21.933Z [LOG] [parse_extracted_emails.js] Parsed: parsed-INBOX-uid-3493.json
2026-04-20T04:28:21.933Z [LOG] [parse_extracted_emails.js] Parsed: parsed-INBOX-uid-3494.json
2026-04-20T04:28:21.933Z [LOG] [parse_extracted_emails.js] Parsed: parsed-INBOX-uid-3495.json
2026-04-20T04:28:21.933Z [LOG] [parse_extracted_emails.js] Parsed: parsed-INBOX-uid-3496.json
2026-04-20T04:28:21.933Z [LOG] [parse_extracted_emails.js] Parsed: parsed-INBOX-uid-3497.json
2026-04-20T04:28:21.933Z [LOG] [parse_extracted_emails.js] Parsed: parsed-INBOX-uid-4267.json
2026-04-20T04:28:21.933Z [LOG] [parse_extracted_emails.js] Parsed: parsed-INBOX-uid-4268.json
2026-04-20T04:28:21.933Z [LOG] [parse_extracted_emails.js] Parsed: parsed-INBOX-uid-4269.json
2026-04-20T04:28:21.933Z [LOG] [parse_extracted_emails.js] Parsed: parsed-INBOX-uid-4270.json
2026-04-20T04:28:21.933Z [LOG] [parse_extracted_emails.js] Parsed: parsed-INBOX-uid-4271.json
2026-04-20T04:28:21.933Z [LOG] [parse_extracted_emails.js] Parsed: parsed-INBOX-uid-4272.json
2026-04-20T04:28:21.933Z [LOG] [parse_extracted_emails.js] Parsed: parsed-INBOX-uid-4273.json
2026-04-20T04:28:21.933Z [LOG] [parse_extracted_emails.js] Parsed: parsed-INBOX-uid-4274.json
2026-04-20T04:28:21.933Z [LOG] [parse_extracted_emails.js] Parsed: parsed-INBOX-uid-4275.json
2026-04-20T04:28:21.933Z [LOG] [parse_extracted_emails.js] Parsed: parsed-INBOX-uid-4276.json
2026-04-20T04:28:21.933Z [LOG] [parse_extracted_emails.js] Parsed: parsed-INBOX-uid-4277.json
2026-04-20T04:28:21.933Z [LOG] [parse_extracted_emails.js] Parsed: parsed-INBOX-uid-4278.json
2026-04-20T04:28:21.933Z [LOG] [parse_extracted_emails.js] Parsed: parsed-INBOX-uid-4279.json
2026-04-20T04:28:21.933Z [LOG] [parse_extracted_emails.js] Parsed: parsed-INBOX-uid-4280.json
2026-04-20T04:28:21.933Z [LOG] [parse_extracted_emails.js] Parsed: parsed-INBOX-uid-4281.json
2026-04-20T04:28:21.933Z [LOG] [parse_extracted_emails.js] Parsed: parsed-INBOX-uid-4282.json
2026-04-20T04:28:21.933Z [LOG] [parse_extracted_emails.js] Parsed: parsed-INBOX-uid-4310.json
2026-04-20T04:28:21.933Z [LOG] [parse_extracted_emails.js] Parsed: parsed-INBOX-uid-4311.json
2026-04-20T04:28:21.933Z [LOG] [parse_extracted_emails.js] Parsed: parsed-INBOX-uid-4312.json
2026-04-20T04:28:21.933Z [LOG] [parse_extracted_emails.js] Parsed: parsed-INBOX-uid-4313.json
2026-04-20T04:28:21.933Z [LOG] [parse_extracted_emails.js] Parsed: parsed-INBOX-uid-4314.json
2026-04-20T04:28:21.933Z [LOG] [parse_extracted_emails.js] Parsed: parsed-INBOX-uid-4315.json
2026-04-20T04:28:21.933Z [LOG] [parse_extracted_emails.js] Parsed: parsed-INBOX-uid-4316.json
2026-04-20T04:28:21.933Z [LOG] [parse_extracted_emails.js] Parsed: parsed-INBOX-uid-4317.json
2026-04-20T04:28:21.933Z [LOG] [parse_extracted_emails.js] Parsed: parsed-INBOX-uid-4318.json
2026-04-20T04:28:21.933Z [LOG] [parse_extracted_emails.js] Parsed: parsed-INBOX-uid-4319.json
2026-04-20T04:28:21.933Z [LOG] [parse_extracted_emails.js] Parsed: parsed-INBOX-uid-4320.json
2026-04-20T04:28:21.933Z [LOG] [parse_extracted_emails.js] Parsed: parsed-INBOX-uid-4321.json
2026-04-20T04:28:21.933Z [LOG] [parse_extracted_emails.js] Parsed: parsed-INBOX-uid-4322.json
2026-04-20T04:28:21.933Z [LOG] [parse_extracted_emails.js] Parsed: parsed-INBOX-uid-4323.json
2026-04-20T04:28:21.933Z [LOG] [parse_extracted_emails.js] Parsed: parsed-INBOX-uid-4324.json
2026-04-20T04:28:21.933Z [LOG] [parse_extracted_emails.js] Parsed: parsed-INBOX-uid-4325.json
2026-04-20T04:28:21.933Z [LOG] [parse_extracted_emails.js] Parsed: parsed-INBOX-uid-4326.json
2026-04-20T04:28:21.933Z [LOG] [parse_extracted_emails.js] Parsed: parsed-INBOX-uid-4327.json
2026-04-20T04:28:21.933Z [LOG] [parse_extracted_emails.js] Parsed: parsed-INBOX-uid-4328.json
2026-04-20T04:28:21.933Z [LOG] [parse_extracted_emails.js] Parsed: parsed-INBOX-uid-4329.json
2026-04-20T04:28:21.933Z [LOG] [parse_extracted_emails.js] Parsed: parsed-INBOX-uid-4330.json
2026-04-20T04:28:21.933Z [LOG] [parse_extracted_emails.js] Parsed: parsed-INBOX-uid-4331.json
2026-04-20T04:28:21.933Z [LOG] [parse_extracted_emails.js] Parsed: parsed-INBOX-uid-4332.json
2026-04-20T04:28:21.933Z [LOG] [parse_extracted_emails.js] Parsed: parsed-INBOX-uid-4333.json
2026-04-20T04:28:21.933Z [LOG] [parse_extracted_emails.js] Parsed: parsed-INBOX-uid-4334.json
2026-04-20T04:28:21.933Z [LOG] [parse_extracted_emails.js] Parsed: parsed-INBOX-uid-4335.json
2026-04-20T04:28:21.933Z [LOG] [parse_extracted_emails.js] Parsed: parsed-INBOX-uid-4336.json
2026-04-20T04:28:21.933Z [LOG] [parse_extracted_emails.js] Parsed: parsed-INBOX-uid-4337.json
2026-04-20T04:28:21.933Z [LOG] [parse_extracted_emails.js] Parsed: parsed-INBOX-uid-4338.json
2026-04-20T04:28:21.933Z [LOG] [parse_extracted_emails.js] Parsed: parsed-INBOX-uid-4339.json
2026-04-20T04:28:21.933Z [LOG] [parse_extracted_emails.js] Parsed: parsed-INBOX-uid-4340.json
2026-04-20T04:28:21.933Z [LOG] [parse_extracted_emails.js] Parsed: parsed-INBOX-uid-4341.json
2026-04-20T04:28:21.933Z [LOG] [parse_extracted_emails.js] Parsed: parsed-INBOX-uid-4342.json
2026-04-20T04:28:21.933Z [LOG] [parse_extracted_emails.js] Parsed: parsed-INBOX-uid-4343.json
2026-04-20T04:28:21.933Z [LOG] [parse_extracted_emails.js] Parsed: parsed-INBOX-uid-4344.json
2026-04-20T04:28:21.933Z [LOG] [parse_extracted_emails.js] Parsed: parsed-INBOX-uid-4345.json
2026-04-20T04:28:21.933Z [LOG] [parse_extracted_emails.js] Parsed: parsed-INBOX-uid-4577.json
2026-04-20T04:28:21.933Z [LOG] [parse_extracted_emails.js] Parsed: parsed-INBOX-uid-4578.json
2026-04-20T04:28:21.933Z [LOG] [parse_extracted_emails.js] Parsed: parsed-INBOX-uid-4579.json
2026-04-20T04:28:21.933Z [LOG] [parse_extracted_emails.js] Parsed: parsed-INBOX-uid-4580.json
2026-04-20T04:28:21.933Z [LOG] [parse_extracted_emails.js] Parsed: parsed-INBOX-uid-4581.json
2026-04-20T04:28:21.933Z [LOG] [parse_extracted_emails.js] Parsed: parsed-INBOX-uid-4582.json
2026-04-20T04:28:21.933Z [LOG] [parse_extracted_emails.js] Parsed: parsed-INBOX-uid-4583.json
2026-04-20T04:28:21.934Z [LOG] [parse_extracted_emails.js] Parsed: parsed-INBOX-uid-4584.json
2026-04-20T04:28:21.934Z [LOG] [parse_extracted_emails.js] Parsed: parsed-INBOX-uid-4585.json
2026-04-20T04:28:21.934Z [LOG] [parse_extracted_emails.js] Parsed: parsed-INBOX-uid-4586.json
2026-04-20T04:28:21.934Z [LOG] [parse_extracted_emails.js] Parsed: parsed-INBOX-uid-4587.json
2026-04-20T04:28:21.934Z [LOG] [parse_extracted_emails.js] Parsed: parsed-INBOX-uid-4588.json
2026-04-20T04:28:21.934Z [LOG] [parse_extracted_emails.js] Parsed: parsed-INBOX-uid-4589.json
2026-04-20T04:28:21.934Z [LOG] [parse_extracted_emails.js] Parsed: parsed-INBOX-uid-4590.json
2026-04-20T04:28:21.934Z [LOG] [parse_extracted_emails.js] Parsed: parsed-INBOX-uid-4591.json
2026-04-20T04:28:21.934Z [LOG] [parse_extracted_emails.js] Parsed: parsed-INBOX-uid-4592.json
2026-04-20T04:28:21.934Z [LOG] [parse_extracted_emails.js] Parsed: parsed-INBOX-uid-4593.json
2026-04-20T04:28:21.934Z [LOG] [parse_extracted_emails.js] Parsed: parsed-INBOX-uid-4594.json
2026-04-20T04:28:21.934Z [LOG] [parse_extracted_emails.js] Parsed: parsed-INBOX-uid-4595.json
2026-04-20T04:28:21.934Z [LOG] [parse_extracted_emails.js] Parsed: parsed-INBOX-uid-4596.json
2026-04-20T04:28:21.934Z [LOG] [parse_extracted_emails.js] Parsed: parsed-INBOX-uid-4597.json
2026-04-20T04:28:21.934Z [LOG] [parse_extracted_emails.js] Parsed: parsed-INBOX-uid-4598.json
2026-04-20T04:28:21.934Z [LOG] [parse_extracted_emails.js] Parsed: parsed-INBOX-uid-4650.json
2026-04-20T04:28:21.934Z [LOG] [parse_extracted_emails.js] Parsed: parsed-INBOX-uid-4651.json
2026-04-20T04:28:21.934Z [LOG] [parse_extracted_emails.js] Parsed: parsed-INBOX-uid-4652.json
2026-04-20T04:28:21.934Z [LOG] [parse_extracted_emails.js] Parsed: parsed-INBOX-uid-4653.json
2026-04-20T04:28:21.934Z [LOG] [parse_extracted_emails.js] Parsed: parsed-INBOX-uid-4654.json
2026-04-20T04:28:21.934Z [LOG] [parse_extracted_emails.js] Parsed: parsed-INBOX-uid-4655.json
2026-04-20T04:28:21.934Z [LOG] [parse_extracted_emails.js] Parsed: parsed-INBOX-uid-4656.json
2026-04-20T04:28:21.934Z [LOG] [parse_extracted_emails.js] Parsed: parsed-INBOX-uid-4657.json
2026-04-20T04:28:21.934Z [LOG] [parse_extracted_emails.js] Parsed: parsed-INBOX-uid-4658.json
2026-04-20T04:28:21.934Z [LOG] [parse_extracted_emails.js] Parsed: parsed-INBOX-uid-4659.json
2026-04-20T04:28:21.934Z [LOG] [parse_extracted_emails.js] Parsed: parsed-INBOX-uid-4660.json
2026-04-20T04:28:21.934Z [LOG] [parse_extracted_emails.js] Parsed: parsed-INBOX-uid-4661.json
2026-04-20T04:28:21.934Z [LOG] [parse_extracted_emails.js] Parsed: parsed-INBOX-uid-4662.json
2026-04-20T04:28:21.934Z [LOG] [parse_extracted_emails.js] Parsed: parsed-INBOX-uid-4663.json
2026-04-20T04:28:21.934Z [LOG] [parse_extracted_emails.js] Parsed: parsed-INBOX-uid-4664.json
2026-04-20T04:28:21.934Z [LOG] [parse_extracted_emails.js] Parsed: parsed-INBOX-uid-4665.json
2026-04-20T04:28:21.934Z [LOG] [parse_extracted_emails.js] Parsed: parsed-INBOX-uid-4666.json
2026-04-20T04:28:21.934Z [LOG] [parse_extracted_emails.js] Parsed: parsed-INBOX-uid-4667.json
2026-04-20T04:28:21.934Z [LOG] [parse_extracted_emails.js] Parsed: parsed-INBOX-uid-4668.json
2026-04-20T04:28:21.934Z [LOG] [parse_extracted_emails.js] Parsed: parsed-INBOX-uid-4669.json
2026-04-20T04:28:21.934Z [LOG] [parse_extracted_emails.js] Parsed: parsed-INBOX-uid-4670.json
2026-04-20T04:28:21.934Z [LOG] [parse_extracted_emails.js] Parsed: parsed-INBOX-uid-5417.json
2026-04-20T04:28:21.934Z [LOG] [parse_extracted_emails.js] Parsed: parsed-INBOX-uid-5418.json
2026-04-20T04:28:21.934Z [LOG] [parse_extracted_emails.js] Parsed: parsed-INBOX-uid-5419.json
2026-04-20T04:28:21.934Z [LOG] [parse_extracted_emails.js] Parsed: parsed-INBOX-uid-5420.json
2026-04-20T04:28:21.934Z [LOG] [parse_extracted_emails.js] Parsed: parsed-INBOX-uid-5421.json
2026-04-20T04:28:21.934Z [LOG] [parse_extracted_emails.js] Parsed: parsed-INBOX-uid-5422.json
2026-04-20T04:28:21.934Z [LOG] [parse_extracted_emails.js] Parsed: parsed-INBOX-uid-5423.json
2026-04-20T04:28:21.934Z [LOG] [parse_extracted_emails.js] Parsed: parsed-INBOX-uid-5424.json
2026-04-20T04:28:21.934Z [LOG] [parse_extracted_emails.js] Parsed: parsed-INBOX-uid-5425.json
2026-04-20T04:28:21.934Z [LOG] [parse_extracted_emails.js] Parsed: parsed-INBOX-uid-5426.json
2026-04-20T04:28:21.934Z [LOG] [parse_extracted_emails.js] Parsed: parsed-INBOX-uid-5427.json
2026-04-20T04:28:21.934Z [LOG] [parse_extracted_emails.js] Parsed: parsed-INBOX-uid-5428.json
2026-04-20T04:28:21.934Z [LOG] [parse_extracted_emails.js] Parsed: parsed-INBOX-uid-5429.json
2026-04-20T04:28:21.934Z [LOG] [parse_extracted_emails.js] Parsed: parsed-INBOX-uid-5430.json
2026-04-20T04:28:21.934Z [LOG] [parse_extracted_emails.js] Parsed: parsed-INBOX-uid-5431.json
2026-04-20T04:28:21.934Z [LOG] [parse_extracted_emails.js] Parsed: parsed-INBOX-uid-5432.json
2026-04-20T04:28:21.934Z [LOG] [parse_extracted_emails.js] Parsed: parsed-INBOX-uid-5433.json
2026-04-20T04:28:21.934Z [LOG] [parse_extracted_emails.js] Parsed: parsed-INBOX-uid-5434.json
2026-04-20T04:28:21.934Z [LOG] [parse_extracted_emails.js] Parsed: parsed-INBOX-uid-5435.json
2026-04-20T04:28:21.934Z [LOG] [parse_extracted_emails.js] Parsed: parsed-INBOX-uid-5436.json
2026-04-20T04:28:21.934Z [LOG] [parse_extracted_emails.js] Parsed: parsed-INBOX-uid-5437.json
2026-04-20T04:28:21.934Z [LOG] [parse_extracted_emails.js] Parsed: parsed-INBOX-uid-5438.json
2026-04-20T04:28:21.934Z [LOG] [parse_extracted_emails.js] Parsed: parsed-INBOX-uid-5439.json
2026-04-20T04:28:21.934Z [LOG] [parse_extracted_emails.js] Parsed: parsed-INBOX-uid-5440.json
2026-04-20T04:28:21.934Z [LOG] [parse_extracted_emails.js] Parsed: parsed-INBOX-uid-5441.json
2026-04-20T04:28:21.934Z [LOG] [parse_extracted_emails.js] Parsed: parsed-INBOX-uid-5442.json
2026-04-20T04:28:21.934Z [LOG] [parse_extracted_emails.js] Parsed: parsed-INBOX-uid-5443.json
2026-04-20T04:28:21.934Z [LOG] [parse_extracted_emails.js] Parsed: parsed-INBOX-uid-5444.json
2026-04-20T04:28:21.934Z [LOG] [parse_extracted_emails.js] Parsed: parsed-INBOX-uid-5445.json
2026-04-20T04:28:21.934Z [LOG] [parse_extracted_emails.js] Parsed: parsed-INBOX-uid-5446.json
2026-04-20T04:28:21.934Z [LOG] [parse_extracted_emails.js] Parsed: parsed-INBOX-uid-5447.json
2026-04-20T04:28:21.934Z [LOG] [parse_extracted_emails.js] Parsed: parsed-INBOX-uid-5448.json
2026-04-20T04:28:21.934Z [LOG] [parse_extracted_emails.js] Parsed: parsed-INBOX-uid-5449.json
2026-04-20T04:28:21.934Z [LOG] [parse_extracted_emails.js] Parsed: parsed-INBOX-uid-5450.json
2026-04-20T04:28:21.934Z [LOG] [parse_extracted_emails.js] Parsed: parsed-INBOX-uid-5451.json
2026-04-20T04:28:21.934Z [LOG] [parse_extracted_emails.js] Parsed: parsed-INBOX-uid-5452.json
2026-04-20T04:28:21.934Z [LOG] [parse_extracted_emails.js] Parsed: parsed-INBOX-uid-5453.json
2026-04-20T04:28:21.934Z [LOG] [parse_extracted_emails.js] Parsed: parsed-INBOX-uid-5454.json
2026-04-20T04:28:21.935Z [LOG] [parse_extracted_emails.js] Parsed: parsed-INBOX-uid-5455.json
2026-04-20T04:28:21.935Z [LOG] [parse_extracted_emails.js] Parsed: parsed-INBOX-uid-5456.json
2026-04-20T04:28:21.935Z [LOG] [parse_extracted_emails.js] Parsed: parsed-INBOX-uid-5457.json
2026-04-20T04:28:21.935Z [LOG] [parse_extracted_emails.js] Parsed: parsed-INBOX-uid-5458.json
2026-04-20T04:28:21.935Z [LOG] [parse_extracted_emails.js] Parsed: parsed-INBOX-uid-5459.json
2026-04-20T04:28:21.935Z [LOG] [parse_extracted_emails.js] Parsed: parsed-INBOX-uid-5460.json
2026-04-20T04:28:21.935Z [LOG] [parse_extracted_emails.js] Parsed: parsed-INBOX-uid-5461.json
2026-04-20T04:28:21.935Z [LOG] [parse_extracted_emails.js] Parsed: parsed-INBOX-uid-5462.json
2026-04-20T04:28:21.935Z [LOG] [parse_extracted_emails.js] Parsed: parsed-INBOX-uid-5463.json
2026-04-20T04:28:21.935Z [LOG] [parse_extracted_emails.js] Parsed: parsed-INBOX-uid-5464.json
2026-04-20T04:28:21.935Z [LOG] [parse_extracted_emails.js] Parsed: parsed-INBOX-uid-5465.json
2026-04-20T04:28:21.935Z [LOG] [parse_extracted_emails.js] Parsed: parsed-INBOX-uid-5466.json
2026-04-20T04:28:21.935Z [LOG] [parse_extracted_emails.js] Parsed: parsed-INBOX-uid-5467.json
2026-04-20T04:28:21.935Z [LOG] [parse_extracted_emails.js] Parsed: parsed-INBOX-uid-5468.json
2026-04-20T04:28:21.935Z [LOG] [parse_extracted_emails.js] Parsed: parsed-INBOX-uid-5469.json
2026-04-20T04:28:21.935Z [LOG] [parse_extracted_emails.js] Parsed: parsed-INBOX-uid-5470.json
2026-04-20T04:28:21.935Z [LOG] [parse_extracted_emails.js] Parsed: parsed-INBOX-uid-5471.json
2026-04-20T04:28:21.935Z [LOG] [parse_extracted_emails.js] Parsed: parsed-INBOX-uid-5472.json
2026-04-20T04:28:21.935Z [LOG] [parse_extracted_emails.js] Parsed: parsed-INBOX-uid-5473.json
2026-04-20T04:28:21.935Z [LOG] [parse_extracted_emails.js] Parsed: parsed-INBOX-uid-5474.json
2026-04-20T04:28:21.935Z [LOG] [parse_extracted_emails.js] Parsed: parsed-INBOX-uid-5475.json
2026-04-20T04:28:21.935Z [LOG] [parse_extracted_emails.js] Parsed: parsed-INBOX-uid-5476.json
2026-04-20T04:28:21.935Z [LOG] [parse_extracted_emails.js] Parsed: parsed-INBOX-uid-5477.json
2026-04-20T04:28:21.935Z [LOG] [parse_extracted_emails.js] Parsed: parsed-INBOX-uid-5478.json
2026-04-20T04:28:21.935Z [LOG] [parse_extracted_emails.js] Parsed: parsed-INBOX-uid-5479.json
2026-04-20T04:28:21.935Z [LOG] [parse_extracted_emails.js] Parsed: parsed-INBOX-uid-5480.json
2026-04-20T04:28:21.935Z [LOG] [parse_extracted_emails.js] Parsed: parsed-INBOX-uid-5481.json
2026-04-20T04:28:21.935Z [LOG] [parse_extracted_emails.js] Parsed: parsed-INBOX-uid-5482.json
2026-04-20T04:28:21.935Z [LOG] [parse_extracted_emails.js] Parsed: parsed-INBOX-uid-5483.json
2026-04-20T04:28:21.935Z [LOG] [parse_extracted_emails.js] Parsed: parsed-INBOX-uid-5484.json
2026-04-20T04:28:21.935Z [LOG] [parse_extracted_emails.js] Parsed: parsed-INBOX-uid-5485.json
2026-04-20T04:28:21.935Z [LOG] [parse_extracted_emails.js] Parsed: parsed-INBOX-uid-5486.json
2026-04-20T04:28:21.935Z [LOG] [parse_extracted_emails.js] Parsed: parsed-INBOX-uid-5487.json
2026-04-20T04:28:21.935Z [LOG] [parse_extracted_emails.js] Parsed: parsed-INBOX-uid-5488.json
2026-04-20T04:28:21.935Z [LOG] [parse_extracted_emails.js] Parsed: parsed-INBOX-uid-5489.json
2026-04-20T04:28:21.935Z [LOG] [parse_extracted_emails.js] Parsed: parsed-INBOX-uid-5490.json
2026-04-20T04:28:21.935Z [LOG] [parse_extracted_emails.js] Parsed: parsed-INBOX-uid-5491.json
2026-04-20T04:28:21.935Z [LOG] [parse_extracted_emails.js] Parsed: parsed-INBOX-uid-5492.json
2026-04-20T04:28:21.935Z [LOG] [parse_extracted_emails.js] Parsed: parsed-INBOX-uid-5493.json
2026-04-20T04:28:21.935Z [LOG] [parse_extracted_emails.js] Parsed: parsed-INBOX-uid-5494.json
2026-04-20T04:28:21.935Z [LOG] [parse_extracted_emails.js] Parsed: parsed-INBOX-uid-5495.json
2026-04-20T04:28:21.935Z [LOG] [parse_extracted_emails.js] Parsed: parsed-INBOX-uid-5496.json
2026-04-20T04:28:21.935Z [LOG] [parse_extracted_emails.js] Parsed: parsed-INBOX-uid-5497.json
2026-04-20T04:28:21.935Z [LOG] [parse_extracted_emails.js] Parsed: parsed-INBOX-uid-5498.json
2026-04-20T04:28:21.935Z [LOG] [parse_extracted_emails.js] Parsed: parsed-INBOX-uid-5499.json
2026-04-20T04:28:21.935Z [LOG] [parse_extracted_emails.js] Parsed: parsed-INBOX-uid-5500.json
2026-04-20T04:28:21.935Z [LOG] [parse_extracted_emails.js] Parsed: parsed-INBOX-uid-5501.json
2026-04-20T04:28:21.935Z [LOG] [parse_extracted_emails.js] Parsed: parsed-INBOX-uid-5502.json
2026-04-20T04:28:21.935Z [LOG] [parse_extracted_emails.js] Parsed: parsed-INBOX-uid-5503.json
2026-04-20T04:28:21.935Z [LOG] [parse_extracted_emails.js] Parsed: parsed-INBOX-uid-5504.json
2026-04-20T04:28:21.935Z [LOG] [parse_extracted_emails.js] Parsed: parsed-INBOX-uid-5505.json
2026-04-20T04:28:21.935Z [LOG] [parse_extracted_emails.js] Parsed: parsed-INBOX-uid-5506.json
2026-04-20T04:28:21.935Z [LOG] [parse_extracted_emails.js] Parsed: parsed-INBOX-uid-5507.json
2026-04-20T04:28:21.935Z [LOG] [parse_extracted_emails.js] Parsed: parsed-INBOX-uid-5508.json
2026-04-20T04:28:21.935Z [LOG] [parse_extracted_emails.js] Parsed: parsed-INBOX-uid-5509.json
2026-04-20T04:28:21.935Z [LOG] [parse_extracted_emails.js] Parsed: parsed-INBOX-uid-5510.json
2026-04-20T04:28:21.935Z [LOG] [parse_extracted_emails.js] Parsed: parsed-INBOX-uid-5511.json
2026-04-20T04:28:21.935Z [LOG] [parse_extracted_emails.js] Parsed: parsed-INBOX-uid-5512.json
2026-04-20T04:28:21.935Z [LOG] [parse_extracted_emails.js] Parsed: parsed-INBOX-uid-5513.json
2026-04-20T04:28:21.935Z [LOG] [parse_extracted_emails.js] Parsed: parsed-INBOX-uid-5514.json
2026-04-20T04:28:21.935Z [LOG] [parse_extracted_emails.js] Parsed: parsed-INBOX-uid-5515.json
2026-04-20T04:28:21.935Z [LOG] [parse_extracted_emails.js] Parsed: parsed-INBOX-uid-5516.json
2026-04-20T04:28:21.935Z [LOG] [parse_extracted_emails.js] Parsed: parsed-INBOX-uid-5517.json
2026-04-20T04:28:21.935Z [LOG] [parse_extracted_emails.js] Parsed: parsed-INBOX-uid-5518.json
2026-04-20T04:28:21.935Z [LOG] [parse_extracted_emails.js] Parsed: parsed-INBOX-uid-5519.json
2026-04-20T04:28:21.935Z [LOG] [parse_extracted_emails.js] Parsed: parsed-INBOX-uid-5520.json
2026-04-20T04:28:21.935Z [LOG] [parse_extracted_emails.js] Parsed: parsed-INBOX-uid-5521.json
2026-04-20T04:28:21.935Z [LOG] [parse_extracted_emails.js] Parsed: parsed-INBOX-uid-5522.json
2026-04-20T04:28:21.935Z [LOG] [parse_extracted_emails.js] Parsed: parsed-INBOX-uid-5523.json
2026-04-20T04:28:21.935Z [LOG] [parse_extracted_emails.js] Parsed: parsed-INBOX-uid-5524.json
2026-04-20T04:28:21.935Z [LOG] [parse_extracted_emails.js] Parsed: parsed-INBOX-uid-5525.json
2026-04-20T04:28:21.935Z [LOG] [parse_extracted_emails.js] Parsed: parsed-INBOX-uid-5526.json
2026-04-20T04:28:21.935Z [LOG] [parse_extracted_emails.js] Parsed: parsed-INBOX-uid-5527.json
2026-04-20T04:28:21.935Z [LOG] [parse_extracted_emails.js] Parsed: parsed-INBOX-uid-5528.json
2026-04-20T04:28:21.935Z [LOG] [parse_extracted_emails.js] Parsed: parsed-INBOX-uid-5529.json
2026-04-20T04:28:21.935Z [LOG] [parse_extracted_emails.js] Parsed: parsed-INBOX-uid-5530.json
2026-04-20T04:28:21.936Z [LOG] [parse_extracted_emails.js] Parsed: parsed-INBOX-uid-5531.json
2026-04-20T04:28:21.936Z [LOG] [parse_extracted_emails.js] Parsed: parsed-INBOX-uid-5532.json
2026-04-20T04:28:21.936Z [LOG] [parse_extracted_emails.js] Parsed: parsed-INBOX-uid-5533.json
2026-04-20T04:28:21.936Z [LOG] [parse_extracted_emails.js] Parsed: parsed-INBOX-uid-5534.json
2026-04-20T04:28:21.936Z [LOG] [parse_extracted_emails.js] Parsed: parsed-INBOX-uid-5535.json
2026-04-20T04:28:21.936Z [LOG] [parse_extracted_emails.js] Parsed: parsed-INBOX-uid-5536.json
2026-04-20T04:28:21.936Z [LOG] [parse_extracted_emails.js] Parsed: parsed-INBOX-uid-5537.json
2026-04-20T04:28:21.936Z [LOG] [parse_extracted_emails.js] Parsed: parsed-INBOX-uid-5538.json
2026-04-20T04:28:21.936Z [LOG] [parse_extracted_emails.js] Parsed: parsed-INBOX-uid-5539.json
2026-04-20T04:28:21.936Z [LOG] [parse_extracted_emails.js] Parsed: parsed-INBOX-uid-5540.json
2026-04-20T04:28:21.936Z [LOG] [parse_extracted_emails.js] Parsed: parsed-INBOX-uid-5541.json
2026-04-20T04:28:21.936Z [LOG] [parse_extracted_emails.js] Parsed: parsed-INBOX-uid-5542.json
2026-04-20T04:28:21.936Z [LOG] [parse_extracted_emails.js] Parsed: parsed-INBOX-uid-5543.json
2026-04-20T04:28:21.936Z [LOG] [parse_extracted_emails.js] Parsed: parsed-INBOX-uid-5544.json
2026-04-20T04:28:21.936Z [LOG] [parse_extracted_emails.js] Parsed: parsed-INBOX-uid-5545.json
2026-04-20T04:28:21.936Z [LOG] [parse_extracted_emails.js] Parsed: parsed-INBOX-uid-5546.json
2026-04-20T04:28:21.936Z [LOG] [parse_extracted_emails.js] Parsed: parsed-INBOX-uid-5547.json
2026-04-20T04:28:21.936Z [LOG] [parse_extracted_emails.js] Parsed: parsed-INBOX-uid-5548.json
2026-04-20T04:28:21.936Z [LOG] [parse_extracted_emails.js] Parsed: parsed-INBOX-uid-5549.json
2026-04-20T04:28:21.936Z [LOG] [parse_extracted_emails.js] Parsed: parsed-INBOX-uid-5550.json
2026-04-20T04:28:21.936Z [LOG] [parse_extracted_emails.js] Parsed: parsed-INBOX-uid-5551.json
2026-04-20T04:28:21.936Z [LOG] [parse_extracted_emails.js] Parsed: parsed-INBOX-uid-5552.json
2026-04-20T04:28:21.936Z [LOG] [parse_extracted_emails.js] Parsed: parsed-INBOX-uid-5553.json
2026-04-20T04:28:21.936Z [LOG] [parse_extracted_emails.js] Parsed: parsed-INBOX-uid-5554.json
2026-04-20T04:28:21.936Z [LOG] [parse_extracted_emails.js] Parsed: parsed-INBOX-uid-5555.json
2026-04-20T04:28:21.936Z [LOG] [parse_extracted_emails.js] Parsed: parsed-INBOX-uid-5556.json
2026-04-20T04:28:21.936Z [LOG] [parse_extracted_emails.js] Parsed: parsed-INBOX-uid-5557.json
2026-04-20T04:28:21.936Z [LOG] [parse_extracted_emails.js] Parsed: parsed-INBOX-uid-5558.json
2026-04-20T04:28:21.936Z [LOG] [parse_extracted_emails.js] Parsed: parsed-INBOX-uid-5559.json
2026-04-20T04:28:21.936Z [LOG] [parse_extracted_emails.js] Parsed: parsed-INBOX-uid-5560.json
2026-04-20T04:28:21.936Z [LOG] [parse_extracted_emails.js] Parsed: parsed-INBOX-uid-5561.json
2026-04-20T04:28:21.936Z [LOG] [parse_extracted_emails.js] Parsed: parsed-INBOX-uid-5562.json
2026-04-20T04:28:21.936Z [LOG] [parse_extracted_emails.js] Parsed: parsed-INBOX-uid-5563.json
2026-04-20T04:28:21.936Z [LOG] [parse_extracted_emails.js] Parsed: parsed-INBOX-uid-5564.json
2026-04-20T04:28:21.936Z [LOG] [parse_extracted_emails.js] Parsed: parsed-INBOX-uid-5565.json
2026-04-20T04:28:21.936Z [LOG] [parse_extracted_emails.js] Parsed: parsed-INBOX-uid-5566.json
2026-04-20T04:28:21.936Z [LOG] [parse_extracted_emails.js] Parsed: parsed-INBOX-uid-5567.json
2026-04-20T04:28:21.936Z [LOG] [parse_extracted_emails.js] Parsed: parsed-INBOX-uid-5568.json
2026-04-20T04:28:21.936Z [LOG] [parse_extracted_emails.js] Parsed: parsed-INBOX-uid-5569.json
2026-04-20T04:28:21.936Z [LOG] [parse_extracted_emails.js] Parsed: parsed-INBOX-uid-5570.json
2026-04-20T04:28:21.936Z [LOG] [parse_extracted_emails.js] Parsed: parsed-INBOX-uid-5571.json
2026-04-20T04:28:21.936Z [LOG] [parse_extracted_emails.js] Parsed: parsed-INBOX-uid-5572.json
2026-04-20T04:28:21.936Z [LOG] [parse_extracted_emails.js] Parsed: parsed-INBOX-uid-5573.json
2026-04-20T04:28:21.936Z [LOG] [parse_extracted_emails.js] Parsed: parsed-INBOX-uid-5574.json
2026-04-20T04:28:21.936Z [LOG] [parse_extracted_emails.js] Parsed: parsed-INBOX-uid-5575.json
2026-04-20T04:28:21.936Z [LOG] [parse_extracted_emails.js] Parsed: parsed-INBOX-uid-5576.json
2026-04-20T04:28:21.936Z [LOG] [parse_extracted_emails.js] Parsed: parsed-INBOX-uid-5577.json
2026-04-20T04:28:21.936Z [LOG] [parse_extracted_emails.js] Parsed: parsed-INBOX-uid-5578.json
2026-04-20T04:28:21.936Z [LOG] [parse_extracted_emails.js] Parsed: parsed-INBOX-uid-5579.json
2026-04-20T04:28:21.936Z [LOG] [parse_extracted_emails.js] Parsed: parsed-INBOX-uid-5580.json
2026-04-20T04:28:21.936Z [LOG] [parse_extracted_emails.js] Parsed: parsed-INBOX-uid-5581.json
2026-04-20T04:28:21.936Z [LOG] [parse_extracted_emails.js] Parsed: parsed-INBOX-uid-5582.json
2026-04-20T04:28:21.936Z [LOG] [parse_extracted_emails.js] Parsed: parsed-INBOX-uid-5583.json
2026-04-20T04:28:21.936Z [LOG] [parse_extracted_emails.js] Parsed: parsed-INBOX-uid-5584.json
2026-04-20T04:28:21.936Z [LOG] [parse_extracted_emails.js] Parsed: parsed-INBOX-uid-5585.json
2026-04-20T04:28:21.936Z [LOG] [parse_extracted_emails.js] Parsed: parsed-INBOX-uid-5586.json
2026-04-20T04:28:21.936Z [LOG] [parse_extracted_emails.js] Parsed: parsed-INBOX-uid-5587.json
2026-04-20T04:28:21.936Z [LOG] [parse_extracted_emails.js] Parsed: parsed-INBOX-uid-5588.json
2026-04-20T04:28:21.936Z [LOG] [parse_extracted_emails.js] Parsed: parsed-INBOX-uid-5589.json
2026-04-20T04:28:21.936Z [LOG] [parse_extracted_emails.js] Parsed: parsed-INBOX-uid-5590.json
2026-04-20T04:28:21.936Z [LOG] [parse_extracted_emails.js] Parsed: parsed-INBOX-uid-5591.json
2026-04-20T04:28:21.936Z [LOG] [parse_extracted_emails.js] Parsed: parsed-INBOX-uid-5592.json
2026-04-20T04:28:21.936Z [LOG] [parse_extracted_emails.js] Parsed: parsed-INBOX-uid-5593.json
2026-04-20T04:28:21.936Z [LOG] [parse_extracted_emails.js] Parsed: parsed-INBOX-uid-5594.json
2026-04-20T04:28:21.936Z [LOG] [parse_extracted_emails.js] Parsed: parsed-INBOX-uid-5595.json
2026-04-20T04:28:21.936Z [LOG] [parse_extracted_emails.js] Parsed: parsed-INBOX-uid-5596.json
2026-04-20T04:28:21.936Z [LOG] [parse_extracted_emails.js] Parsed: parsed-INBOX-uid-5597.json
2026-04-20T04:28:21.936Z [LOG] [parse_extracted_emails.js] Parsed: parsed-INBOX-uid-5598.json
2026-04-20T04:28:21.936Z [LOG] [parse_extracted_emails.js] Parsed: parsed-INBOX-uid-5599.json
2026-04-20T04:28:21.936Z [LOG] [parse_extracted_emails.js] Parsed: parsed-INBOX-uid-5600.json
2026-04-20T04:28:21.936Z [LOG] [parse_extracted_emails.js] Parsed: parsed-INBOX-uid-5601.json
2026-04-20T04:28:21.936Z [LOG] [parse_extracted_emails.js] Parsed: parsed-INBOX-uid-5602.json
2026-04-20T04:28:21.936Z [LOG] [parse_extracted_emails.js] Parsed: parsed-INBOX-uid-5603.json
2026-04-20T04:28:21.936Z [LOG] [parse_extracted_emails.js] Parsed: parsed-INBOX-uid-5604.json
2026-04-20T04:28:21.936Z [LOG] [parse_extracted_emails.js] Parsed: parsed-INBOX-uid-5605.json
2026-04-20T04:28:21.936Z [LOG] [parse_extracted_emails.js] Parsed: parsed-INBOX-uid-5606.json
2026-04-20T04:28:21.936Z [LOG] [parse_extracted_emails.js] Parsed: parsed-INBOX-uid-5607.json
2026-04-20T04:28:21.936Z [LOG] [parse_extracted_emails.js] Parsed: parsed-INBOX-uid-5608.json
2026-04-20T04:28:21.936Z [LOG] [parse_extracted_emails.js] Parsed: parsed-INBOX-uid-5609.json
2026-04-20T04:28:21.936Z [LOG] [parse_extracted_emails.js] Parsed: parsed-INBOX-uid-5610.json
2026-04-20T04:28:21.936Z [LOG] [parse_extracted_emails.js] Parsed: parsed-INBOX-uid-5611.json
2026-04-20T04:28:21.936Z [LOG] [parse_extracted_emails.js] Parsed: parsed-INBOX-uid-5612.json
2026-04-20T04:28:21.936Z [LOG] [parse_extracted_emails.js] Parsed: parsed-INBOX-uid-5613.json
2026-04-20T04:28:21.936Z [LOG] [parse_extracted_emails.js] Parsed: parsed-INBOX-uid-5614.json
2026-04-20T04:28:21.936Z [LOG] [parse_extracted_emails.js] Parsed: parsed-INBOX-uid-5615.json
2026-04-20T04:28:21.936Z [LOG] [parse_extracted_emails.js] Parsed: parsed-INBOX-uid-5616.json
2026-04-20T04:28:21.936Z [LOG] [parse_extracted_emails.js] Parsed: parsed-INBOX-uid-5617.json
2026-04-20T04:28:21.936Z [LOG] [parse_extracted_emails.js] Parsed: parsed-INBOX-uid-5618.json
2026-04-20T04:28:21.936Z [LOG] [parse_extracted_emails.js] Parsed: parsed-INBOX-uid-5619.json
2026-04-20T04:28:21.936Z [LOG] [parse_extracted_emails.js] Parsed: parsed-INBOX-uid-5620.json
2026-04-20T04:28:21.936Z [LOG] [parse_extracted_emails.js] Parsed: parsed-INBOX-uid-5621.json
2026-04-20T04:28:21.936Z [LOG] [parse_extracted_emails.js] Parsed: parsed-INBOX-uid-5622.json
2026-04-20T04:28:21.936Z [LOG] [parse_extracted_emails.js] Parsed: parsed-INBOX-uid-5623.json
2026-04-20T04:28:21.936Z [LOG] [parse_extracted_emails.js] Parsed: parsed-INBOX-uid-5624.json
2026-04-20T04:28:21.936Z [LOG] [parse_extracted_emails.js] Parsed: parsed-INBOX-uid-5625.json
2026-04-20T04:28:21.936Z [LOG] [parse_extracted_emails.js] Parsed: parsed-INBOX-uid-5626.json
2026-04-20T04:28:21.937Z [LOG] [parse_extracted_emails.js] Parsed: parsed-INBOX-uid-5627.json
2026-04-20T04:28:21.937Z [LOG] [parse_extracted_emails.js] Parsed: parsed-INBOX-uid-5628.json
2026-04-20T04:28:21.937Z [LOG] [parse_extracted_emails.js] Parsed: parsed-INBOX-uid-5629.json
2026-04-20T04:28:21.937Z [LOG] [parse_extracted_emails.js] Parsed: parsed-INBOX-uid-5630.json
2026-04-20T04:28:21.937Z [LOG] [parse_extracted_emails.js] Parsed: parsed-INBOX-uid-5631.json
2026-04-20T04:28:21.937Z [LOG] [parse_extracted_emails.js] Parsed: parsed-INBOX-uid-5632.json
2026-04-20T04:28:21.937Z [LOG] [parse_extracted_emails.js] Parsed: parsed-INBOX-uid-5633.json
2026-04-20T04:28:21.937Z [LOG] [parse_extracted_emails.js] Parsed: parsed-INBOX-uid-5634.json
2026-04-20T04:28:21.937Z [LOG] [parse_extracted_emails.js] Parsed: parsed-INBOX-uid-5635.json
2026-04-20T04:28:21.937Z [LOG] [parse_extracted_emails.js] Parsed: parsed-INBOX-uid-5636.json
2026-04-20T04:28:21.937Z [LOG] [parse_extracted_emails.js] Parsed: parsed-INBOX-uid-5637.json
2026-04-20T04:28:21.937Z [LOG] [parse_extracted_emails.js] Parsed: parsed-INBOX-uid-5638.json
2026-04-20T04:28:21.937Z [LOG] [parse_extracted_emails.js] Parsed: parsed-INBOX-uid-5639.json
2026-04-20T04:28:21.937Z [LOG] [parse_extracted_emails.js] Parsed: parsed-INBOX-uid-5640.json
2026-04-20T04:28:21.937Z [LOG] [parse_extracted_emails.js] Parsed: parsed-INBOX-uid-5641.json
2026-04-20T04:28:21.937Z [LOG] [parse_extracted_emails.js] Parsed: parsed-INBOX-uid-5642.json
2026-04-20T04:28:21.937Z [LOG] [parse_extracted_emails.js] Parsed: parsed-INBOX-uid-5643.json
2026-04-20T04:28:21.937Z [LOG] [parse_extracted_emails.js] Parsed: parsed-INBOX-uid-5644.json
2026-04-20T04:28:21.937Z [LOG] [parse_extracted_emails.js] Parsed: parsed-INBOX-uid-5645.json
2026-04-20T04:28:21.937Z [LOG] [parse_extracted_emails.js] Parsed: parsed-INBOX-uid-5646.json
2026-04-20T04:28:21.937Z [LOG] [parse_extracted_emails.js] Parsed: parsed-INBOX-uid-5647.json
2026-04-20T04:28:21.937Z [LOG] [parse_extracted_emails.js] Parsed: parsed-INBOX-uid-5648.json
2026-04-20T04:28:21.937Z [LOG] [parse_extracted_emails.js] Parsed: parsed-INBOX-uid-5649.json
2026-04-20T04:28:21.937Z [LOG] [parse_extracted_emails.js] Parsed: parsed-INBOX-uid-5650.json
2026-04-20T04:28:21.937Z [LOG] [parse_extracted_emails.js] Parsed: parsed-INBOX-uid-5651.json
2026-04-20T04:28:21.937Z [LOG] [parse_extracted_emails.js] Parsed: parsed-INBOX-uid-5652.json
2026-04-20T04:28:21.937Z [LOG] [parse_extracted_emails.js] Parsed: parsed-INBOX-uid-5653.json
2026-04-20T04:28:21.937Z [LOG] [parse_extracted_emails.js] Parsed: parsed-INBOX-uid-5654.json
2026-04-20T04:28:21.937Z [LOG] [parse_extracted_emails.js] Parsed: parsed-INBOX-uid-5655.json
2026-04-20T04:28:21.937Z [LOG] [parse_extracted_emails.js] Parsed: parsed-INBOX-uid-5656.json
2026-04-20T04:28:21.937Z [LOG] [parse_extracted_emails.js] Parsed: parsed-INBOX-uid-5657.json
2026-04-20T04:28:21.937Z [LOG] [parse_extracted_emails.js] Parsed: parsed-INBOX-uid-5658.json
2026-04-20T04:28:21.937Z [LOG] [parse_extracted_emails.js] Parsed: parsed-INBOX-uid-5659.json
2026-04-20T04:28:21.937Z [LOG] [parse_extracted_emails.js] Parsed: parsed-INBOX-uid-5660.json
2026-04-20T04:28:21.937Z [LOG] [parse_extracted_emails.js] Parsed: parsed-INBOX-uid-5661.json
2026-04-20T04:28:21.937Z [LOG] [parse_extracted_emails.js] Parsed: parsed-INBOX-uid-5662.json
2026-04-20T04:28:21.937Z [LOG] [parse_extracted_emails.js] Parsed: parsed-INBOX-uid-5663.json
2026-04-20T04:28:21.937Z [LOG] [parse_extracted_emails.js] Parsed: parsed-INBOX-uid-5664.json
2026-04-20T04:28:21.937Z [LOG] [parse_extracted_emails.js] Parsed: parsed-INBOX-uid-5665.json
2026-04-20T04:28:21.937Z [LOG] [parse_extracted_emails.js] Parsed: parsed-INBOX-uid-5666.json
2026-04-20T04:28:21.937Z [LOG] [parse_extracted_emails.js] Parsed: parsed-INBOX-uid-5667.json
2026-04-20T04:28:21.937Z [LOG] [parse_extracted_emails.js] Parsed: parsed-INBOX-uid-5668.json
2026-04-20T04:28:21.937Z [LOG] [parse_extracted_emails.js] Parsed: parsed-INBOX-uid-5669.json
2026-04-20T04:28:21.937Z [LOG] [parse_extracted_emails.js] Parsed: parsed-INBOX-uid-5670.json
2026-04-20T04:28:21.937Z [LOG] [parse_extracted_emails.js] Parsed: parsed-INBOX-uid-5671.json
2026-04-20T04:28:21.937Z [LOG] [parse_extracted_emails.js] Parsed: parsed-INBOX-uid-5672.json
2026-04-20T04:28:21.937Z [LOG] [parse_extracted_emails.js] Parsed: parsed-INBOX-uid-5673.json
2026-04-20T04:28:21.937Z [LOG] [parse_extracted_emails.js] Parsed: parsed-INBOX-uid-5674.json
2026-04-20T04:28:21.937Z [LOG] [parse_extracted_emails.js] Parsed: parsed-INBOX-uid-5675.json
2026-04-20T04:28:21.937Z [LOG] [parse_extracted_emails.js] Parsed: parsed-INBOX-uid-5676.json
2026-04-20T04:28:21.937Z [LOG] [parse_extracted_emails.js] Parsed: parsed-INBOX-uid-5677.json
2026-04-20T04:28:21.937Z [LOG] [parse_extracted_emails.js] Parsed: parsed-INBOX-uid-5678.json
2026-04-20T04:28:21.937Z [LOG] [parse_extracted_emails.js] Parsed: parsed-INBOX-uid-5679.json
2026-04-20T04:28:21.937Z [LOG] [parse_extracted_emails.js] Parsed: parsed-INBOX-uid-5680.json
2026-04-20T04:28:21.937Z [LOG] [parse_extracted_emails.js] Parsed: parsed-INBOX-uid-5681.json
2026-04-20T04:28:21.937Z [LOG] [parse_extracted_emails.js] Parsed: parsed-INBOX-uid-5682.json
2026-04-20T04:28:21.937Z [LOG] [parse_extracted_emails.js] Parsed: parsed-INBOX-uid-5683.json
2026-04-20T04:28:21.937Z [LOG] [parse_extracted_emails.js] Parsed: parsed-INBOX-uid-5684.json
2026-04-20T04:28:21.937Z [LOG] [parse_extracted_emails.js] Parsed: parsed-INBOX-uid-5685.json
2026-04-20T04:28:21.937Z [LOG] [parse_extracted_emails.js] Parsed: parsed-INBOX-uid-5686.json
2026-04-20T04:28:21.937Z [LOG] [parse_extracted_emails.js] Parsed: parsed-INBOX-uid-5687.json
2026-04-20T04:28:21.937Z [LOG] [parse_extracted_emails.js] Parsed: parsed-INBOX-uid-5688.json
2026-04-20T04:28:21.937Z [LOG] [parse_extracted_emails.js] Parsed: parsed-INBOX-uid-5689.json
2026-04-20T04:28:21.937Z [LOG] [parse_extracted_emails.js] Parsed: parsed-INBOX-uid-5690.json
2026-04-20T04:28:21.937Z [LOG] [parse_extracted_emails.js] Parsed: parsed-INBOX-uid-5691.json
2026-04-20T04:28:21.937Z [LOG] [parse_extracted_emails.js] Parsed: parsed-INBOX-uid-5692.json
2026-04-20T04:28:21.937Z [LOG] [parse_extracted_emails.js] Parsed: parsed-INBOX-uid-5693.json
2026-04-20T04:28:21.937Z [LOG] [parse_extracted_emails.js] Parsed: parsed-INBOX-uid-5694.json
2026-04-20T04:28:21.937Z [LOG] [parse_extracted_emails.js] Parsed: parsed-INBOX-uid-5695.json
2026-04-20T04:28:21.937Z [LOG] [parse_extracted_emails.js] Parsed: parsed-INBOX-uid-5696.json
2026-04-20T04:28:21.937Z [LOG] [parse_extracted_emails.js] Parsed: parsed-INBOX-uid-5697.json
2026-04-20T04:28:21.937Z [LOG] [parse_extracted_emails.js] Parsed: parsed-INBOX-uid-5698.json
2026-04-20T04:28:21.937Z [LOG] [parse_extracted_emails.js] Parsed: parsed-INBOX-uid-5699.json
2026-04-20T04:28:21.937Z [LOG] [parse_extracted_emails.js] Parsed: parsed-INBOX-uid-5700.json
2026-04-20T04:28:21.937Z [LOG] [parse_extracted_emails.js] Parsed: parsed-INBOX-uid-5701.json
2026-04-20T04:28:21.937Z [LOG] [parse_extracted_emails.js] Parsed: parsed-INBOX-uid-5702.json
2026-04-20T04:28:21.937Z [LOG] [parse_extracted_emails.js] Parsed: parsed-INBOX-uid-5703.json
2026-04-20T04:28:21.937Z [LOG] [parse_extracted_emails.js] Parsed: parsed-INBOX-uid-5704.json
2026-04-20T04:28:21.937Z [LOG] [parse_extracted_emails.js] Parsed: parsed-INBOX-uid-5705.json
2026-04-20T04:28:21.937Z [LOG] [parse_extracted_emails.js] Parsed: parsed-INBOX-uid-5706.json
2026-04-20T04:28:21.937Z [LOG] [parse_extracted_emails.js] Parsed: parsed-INBOX-uid-5707.json
2026-04-20T04:28:21.937Z [LOG] [parse_extracted_emails.js] Parsed: parsed-INBOX-uid-5708.json
2026-04-20T04:28:21.937Z [LOG] [parse_extracted_emails.js] Parsed: parsed-INBOX-uid-5709.json
2026-04-20T04:28:21.937Z [LOG] [parse_extracted_emails.js] Parsed: parsed-INBOX-uid-5710.json
2026-04-20T04:28:21.937Z [LOG] [parse_extracted_emails.js] Parsed: parsed-INBOX-uid-5711.json
2026-04-20T04:28:21.937Z [LOG] [parse_extracted_emails.js] Parsed: parsed-INBOX-uid-5712.json
2026-04-20T04:28:21.937Z [LOG] [parse_extracted_emails.js] Parsed: parsed-INBOX-uid-5713.json
2026-04-20T04:28:21.937Z [LOG] [parse_extracted_emails.js] Parsed: parsed-INBOX-uid-5714.json
2026-04-20T04:28:21.937Z [LOG] [parse_extracted_emails.js] Parsed: parsed-INBOX-uid-5715.json
2026-04-20T04:28:21.937Z [LOG] [parse_extracted_emails.js] Parsed: parsed-INBOX-uid-5716.json
2026-04-20T04:28:21.937Z [LOG] [parse_extracted_emails.js] Parsed: parsed-INBOX-uid-5717.json
2026-04-20T04:28:21.937Z [LOG] [parse_extracted_emails.js] Parsed: parsed-INBOX-uid-5718.json
2026-04-20T04:28:21.937Z [LOG] [parse_extracted_emails.js] Parsed: parsed-INBOX-uid-5719.json
2026-04-20T04:28:21.937Z [LOG] [parse_extracted_emails.js] Parsed: parsed-INBOX-uid-5720.json
2026-04-20T04:28:21.937Z [LOG] [parse_extracted_emails.js] Parsed: parsed-INBOX-uid-5721.json
2026-04-20T04:28:21.937Z [LOG] [parse_extracted_emails.js] Parsed: parsed-INBOX-uid-5722.json
2026-04-20T04:28:21.937Z [LOG] [parse_extracted_emails.js] Parsed: parsed-INBOX-uid-5723.json
2026-04-20T04:28:21.937Z [LOG] [parse_extracted_emails.js] Parsed: parsed-INBOX-uid-5724.json
2026-04-20T04:28:21.937Z [LOG] [parse_extracted_emails.js] Parsed: parsed-INBOX-uid-5725.json
2026-04-20T04:28:21.937Z [LOG] [parse_extracted_emails.js] Parsed: parsed-INBOX-uid-5726.json
2026-04-20T04:28:21.937Z [LOG] [parse_extracted_emails.js] Parsed: parsed-INBOX-uid-5727.json
2026-04-20T04:28:21.937Z [LOG] [parse_extracted_emails.js] Parsed: parsed-INBOX-uid-5728.json
2026-04-20T04:28:21.937Z [LOG] [parse_extracted_emails.js] Parsed: parsed-INBOX-uid-5729.json
2026-04-20T04:28:21.938Z [LOG] [parse_extracted_emails.js] Parsed: parsed-INBOX-uid-5730.json
2026-04-20T04:28:21.938Z [LOG] [parse_extracted_emails.js] Parsed: parsed-INBOX-uid-5731.json
2026-04-20T04:28:21.938Z [LOG] [parse_extracted_emails.js] Parsed: parsed-INBOX-uid-5732.json
2026-04-20T04:28:21.938Z [LOG] [parse_extracted_emails.js] Parsed: parsed-INBOX-uid-5733.json
2026-04-20T04:28:21.938Z [LOG] [parse_extracted_emails.js] Parsed: parsed-INBOX-uid-5734.json
2026-04-20T04:28:21.938Z [LOG] [parse_extracted_emails.js] Parsed: parsed-INBOX-uid-5735.json
2026-04-20T04:28:21.938Z [LOG] [parse_extracted_emails.js] Parsed: parsed-INBOX-uid-5736.json
2026-04-20T04:28:21.938Z [LOG] [parse_extracted_emails.js] Parsed: parsed-INBOX-uid-5737.json
2026-04-20T04:28:21.938Z [LOG] [parse_extracted_emails.js] Parsed: parsed-INBOX-uid-5738.json
2026-04-20T04:28:21.938Z [LOG] [parse_extracted_emails.js] Parsed: parsed-INBOX-uid-5739.json
2026-04-20T04:28:21.938Z [LOG] [parse_extracted_emails.js] Parsed: parsed-INBOX-uid-5740.json
2026-04-20T04:28:21.938Z [LOG] [parse_extracted_emails.js] Parsed: parsed-INBOX-uid-5741.json
2026-04-20T04:28:21.938Z [LOG] [parse_extracted_emails.js] Parsed: parsed-INBOX-uid-5742.json
2026-04-20T04:28:21.938Z [LOG] [parse_extracted_emails.js] Parsed: parsed-INBOX-uid-5743.json
2026-04-20T04:28:21.938Z [LOG] [parse_extracted_emails.js] Parsed: parsed-INBOX-uid-5744.json
2026-04-20T04:28:21.938Z [LOG] [parse_extracted_emails.js] Parsed: parsed-INBOX-uid-5745.json
2026-04-20T04:28:21.938Z [LOG] [parse_extracted_emails.js] Parsed: parsed-INBOX-uid-5746.json
2026-04-20T04:28:21.938Z [LOG] [parse_extracted_emails.js] Parsed: parsed-INBOX-uid-5747.json
2026-04-20T04:28:21.938Z [LOG] [parse_extracted_emails.js] Parsed: parsed-INBOX-uid-5748.json
2026-04-20T04:28:21.938Z [LOG] [parse_extracted_emails.js] Parsed: parsed-INBOX-uid-5749.json
2026-04-20T04:28:21.938Z [LOG] [parse_extracted_emails.js] Parsed: parsed-INBOX-uid-5750.json
2026-04-20T04:28:21.938Z [LOG] [parse_extracted_emails.js] Parsed: parsed-INBOX-uid-5751.json
2026-04-20T04:28:21.938Z [LOG] [parse_extracted_emails.js] Parsed: parsed-INBOX-uid-5752.json
2026-04-20T04:28:21.938Z [LOG] [parse_extracted_emails.js] Parsed: parsed-INBOX-uid-5753.json
2026-04-20T04:28:21.938Z [LOG] [parse_extracted_emails.js] Parsed: parsed-INBOX-uid-5754.json
2026-04-20T04:28:21.938Z [LOG] [parse_extracted_emails.js] Parsed: parsed-INBOX-uid-5755.json
2026-04-20T04:28:21.938Z [LOG] [parse_extracted_emails.js] Parsed: parsed-INBOX-uid-5756.json
2026-04-20T04:28:21.938Z [LOG] [parse_extracted_emails.js] Parsed: parsed-INBOX-uid-5757.json
2026-04-20T04:28:21.938Z [LOG] [parse_extracted_emails.js] Parsed: parsed-INBOX-uid-5758.json
2026-04-20T04:28:21.938Z [LOG] [parse_extracted_emails.js] Parsed: parsed-INBOX-uid-5759.json
2026-04-20T04:28:21.938Z [LOG] [parse_extracted_emails.js] Parsed: parsed-INBOX-uid-5760.json
2026-04-20T04:28:21.938Z [LOG] [parse_extracted_emails.js] Parsed: parsed-INBOX-uid-5761.json
2026-04-20T04:28:21.938Z [LOG] [parse_extracted_emails.js] Parsed: parsed-INBOX-uid-5762.json
2026-04-20T04:28:21.938Z [LOG] [parse_extracted_emails.js] Parsed: parsed-INBOX-uid-5763.json
2026-04-20T04:28:21.938Z [LOG] [parse_extracted_emails.js] Parsed: parsed-INBOX-uid-5764.json
2026-04-20T04:28:21.938Z [LOG] [parse_extracted_emails.js] Parsed: parsed-INBOX-uid-5765.json
2026-04-20T04:28:21.938Z [LOG] [parse_extracted_emails.js] Parsed: parsed-INBOX-uid-5766.json
2026-04-20T04:28:21.938Z [LOG] [parse_extracted_emails.js] Parsed: parsed-INBOX-uid-5767.json
2026-04-20T04:28:21.938Z [LOG] [parse_extracted_emails.js] Parsed: parsed-INBOX-uid-5768.json
2026-04-20T04:28:21.938Z [LOG] [parse_extracted_emails.js] Parsed: parsed-INBOX-uid-5769.json
2026-04-20T04:28:21.938Z [LOG] [parse_extracted_emails.js] Parsed: parsed-INBOX-uid-5770.json
2026-04-20T04:28:21.938Z [LOG] [parse_extracted_emails.js] Parsed: parsed-INBOX-uid-5771.json
2026-04-20T04:28:21.938Z [LOG] [parse_extracted_emails.js] Parsed: parsed-INBOX-uid-5772.json
2026-04-20T04:28:21.938Z [LOG] [parse_extracted_emails.js] Parsed: parsed-INBOX-uid-5773.json
2026-04-20T04:28:21.938Z [LOG] [parse_extracted_emails.js] Parsed: parsed-INBOX-uid-5774.json
2026-04-20T04:28:21.938Z [LOG] [parse_extracted_emails.js] Parsed: parsed-INBOX-uid-5775.json
2026-04-20T04:28:21.938Z [LOG] [parse_extracted_emails.js] Parsed: parsed-INBOX-uid-5776.json
2026-04-20T04:28:21.938Z [LOG] [parse_extracted_emails.js] Parsed: parsed-INBOX-uid-5777.json
2026-04-20T04:28:21.938Z [LOG] [parse_extracted_emails.js] Parsed: parsed-INBOX-uid-5778.json
2026-04-20T04:28:21.938Z [LOG] [parse_extracted_emails.js] Parsed: parsed-INBOX-uid-5779.json
2026-04-20T04:28:21.938Z [LOG] [parse_extracted_emails.js] Parsed: parsed-INBOX-uid-5780.json
2026-04-20T04:28:21.938Z [LOG] [parse_extracted_emails.js] Parsed: parsed-INBOX-uid-5781.json
2026-04-20T04:28:21.938Z [LOG] [parse_extracted_emails.js] Parsed: parsed-INBOX-uid-5782.json
2026-04-20T04:28:21.938Z [LOG] [parse_extracted_emails.js] Parsed: parsed-INBOX-uid-5783.json
2026-04-20T04:28:21.938Z [LOG] [parse_extracted_emails.js] Parsed: parsed-INBOX-uid-5784.json
2026-04-20T04:28:21.938Z [LOG] [parse_extracted_emails.js] Parsed: parsed-INBOX-uid-5785.json
2026-04-20T04:28:21.938Z [LOG] [parse_extracted_emails.js] Parsed: parsed-INBOX-uid-5786.json
2026-04-20T04:28:21.938Z [LOG] [parse_extracted_emails.js] Parsed: parsed-INBOX-uid-5787.json
2026-04-20T04:28:21.938Z [LOG] [parse_extracted_emails.js] Parsed: parsed-INBOX-uid-5788.json
2026-04-20T04:28:21.938Z [LOG] [parse_extracted_emails.js] Parsed: parsed-INBOX-uid-5789.json
2026-04-20T04:28:21.938Z [LOG] [parse_extracted_emails.js] Parsed: parsed-INBOX-uid-5790.json
2026-04-20T04:28:21.938Z [LOG] [parse_extracted_emails.js] Parsed: parsed-INBOX-uid-5791.json
2026-04-20T04:28:21.938Z [LOG] [parse_extracted_emails.js] Parsed: parsed-INBOX-uid-5792.json
2026-04-20T04:28:21.938Z [LOG] [parse_extracted_emails.js] Parsed: parsed-INBOX-uid-5793.json
2026-04-20T04:28:21.938Z [LOG] [parse_extracted_emails.js] Parsed: parsed-INBOX-uid-5794.json
2026-04-20T04:28:21.938Z [LOG] [parse_extracted_emails.js] Parsed: parsed-INBOX-uid-5795.json
2026-04-20T04:28:21.938Z [LOG] [parse_extracted_emails.js] Parsed: parsed-INBOX-uid-5796.json
2026-04-20T04:28:21.938Z [LOG] [parse_extracted_emails.js] Parsed: parsed-INBOX-uid-5797.json
2026-04-20T04:28:21.938Z [LOG] [parse_extracted_emails.js] Parsed: parsed-INBOX-uid-5798.json
2026-04-20T04:28:21.938Z [LOG] [parse_extracted_emails.js] Parsed: parsed-INBOX-uid-5799.json
2026-04-20T04:28:21.938Z [LOG] [parse_extracted_emails.js] Parsed: parsed-INBOX-uid-5800.json
2026-04-20T04:28:21.938Z [LOG] [parse_extracted_emails.js] Parsed: parsed-INBOX-uid-5801.json
2026-04-20T04:28:21.938Z [LOG] [parse_extracted_emails.js] Parsed: parsed-INBOX-uid-5802.json
2026-04-20T04:28:21.938Z [LOG] [parse_extracted_emails.js] Parsed: parsed-INBOX-uid-5803.json
2026-04-20T04:28:21.938Z [LOG] [parse_extracted_emails.js] Parsed: parsed-INBOX-uid-5804.json
2026-04-20T04:28:21.938Z [LOG] [parse_extracted_emails.js] Parsed: parsed-INBOX-uid-5805.json
2026-04-20T04:28:21.938Z [LOG] [parse_extracted_emails.js] Parsed: parsed-INBOX-uid-5806.json
2026-04-20T04:28:21.938Z [LOG] [parse_extracted_emails.js] Parsed: parsed-INBOX-uid-5807.json
2026-04-20T04:28:21.938Z [LOG] [parse_extracted_emails.js] Parsed: parsed-INBOX-uid-5808.json
2026-04-20T04:28:21.938Z [LOG] [parse_extracted_emails.js] Parsed: parsed-INBOX-uid-5809.json
2026-04-20T04:28:21.938Z [LOG] [parse_extracted_emails.js] Parsed: parsed-INBOX-uid-5810.json
2026-04-20T04:28:21.938Z [LOG] [parse_extracted_emails.js] Parsed: parsed-INBOX-uid-5811.json
2026-04-20T04:28:21.938Z [LOG] [parse_extracted_emails.js] Parsed: parsed-INBOX-uid-5812.json
2026-04-20T04:28:21.938Z [LOG] [parse_extracted_emails.js] Parsed: parsed-INBOX-uid-5813.json
2026-04-20T04:28:21.938Z [LOG] [parse_extracted_emails.js] Parsed: parsed-INBOX-uid-5814.json
2026-04-20T04:28:21.938Z [LOG] [parse_extracted_emails.js] Parsed: parsed-INBOX-uid-5815.json
2026-04-20T04:28:21.938Z [LOG] [parse_extracted_emails.js] Parsed: parsed-INBOX-uid-5816.json
2026-04-20T04:28:21.938Z [LOG] [parse_extracted_emails.js] Parsed: parsed-INBOX-uid-5817.json
2026-04-20T04:28:21.938Z [LOG] [parse_extracted_emails.js] Parsed: parsed-INBOX-uid-5818.json
2026-04-20T04:28:21.938Z [LOG] [parse_extracted_emails.js] Parsed: parsed-INBOX-uid-5819.json
2026-04-20T04:28:21.938Z [LOG] [parse_extracted_emails.js] Parsed: parsed-INBOX-uid-5820.json
2026-04-20T04:28:21.938Z [LOG] [parse_extracted_emails.js] Parsed: parsed-INBOX-uid-5821.json
2026-04-20T04:28:21.938Z [LOG] [parse_extracted_emails.js] Parsed: parsed-INBOX-uid-5822.json
2026-04-20T04:28:21.938Z [LOG] [parse_extracted_emails.js] Parsed: parsed-INBOX-uid-5823.json
2026-04-20T04:28:21.938Z [LOG] [parse_extracted_emails.js] Parsed: parsed-INBOX-uid-5824.json
2026-04-20T04:28:21.938Z [LOG] [parse_extracted_emails.js] Parsed: parsed-INBOX-uid-5825.json
2026-04-20T04:28:21.938Z [LOG] [parse_extracted_emails.js] Parsed: parsed-INBOX-uid-5826.json
2026-04-20T04:28:21.938Z [LOG] [parse_extracted_emails.js] Parsed: parsed-INBOX-uid-5827.json
2026-04-20T04:28:21.938Z [LOG] [parse_extracted_emails.js] Parsed: parsed-INBOX-uid-5828.json
2026-04-20T04:28:21.938Z [LOG] [parse_extracted_emails.js] Parsed: parsed-INBOX-uid-5829.json
2026-04-20T04:28:21.938Z [LOG] [parse_extracted_emails.js] Parsed: parsed-INBOX-uid-5830.json
2026-04-20T04:28:21.938Z [LOG] [parse_extracted_emails.js] Parsed: parsed-INBOX-uid-5831.json
2026-04-20T04:28:21.938Z [LOG] [parse_extracted_emails.js] Parsed: parsed-INBOX-uid-5832.json
2026-04-20T04:28:21.938Z [LOG] [parse_extracted_emails.js] Parsed: parsed-INBOX-uid-5833.json
2026-04-20T04:28:21.938Z [LOG] [parse_extracted_emails.js] Parsed: parsed-INBOX-uid-5834.json
2026-04-20T04:28:21.938Z [LOG] [parse_extracted_emails.js] Parsed: parsed-INBOX-uid-5835.json
2026-04-20T04:28:21.938Z [LOG] [parse_extracted_emails.js] Parsed: parsed-INBOX-uid-5836.json
2026-04-20T04:28:21.938Z [LOG] [parse_extracted_emails.js] Parsed: parsed-INBOX-uid-5837.json
2026-04-20T04:28:21.938Z [LOG] [parse_extracted_emails.js] Parsed: parsed-INBOX-uid-5838.json
2026-04-20T04:28:21.938Z [LOG] [parse_extracted_emails.js] Parsed: parsed-INBOX-uid-5839.json
2026-04-20T04:28:21.938Z [LOG] [parse_extracted_emails.js] Parsed: parsed-INBOX-uid-5840.json
2026-04-20T04:28:21.938Z [LOG] [parse_extracted_emails.js] Parsed: parsed-INBOX-uid-5841.json
2026-04-20T04:28:21.938Z [LOG] [parse_extracted_emails.js] Parsed: parsed-INBOX-uid-5842.json
2026-04-20T04:28:21.938Z [LOG] [parse_extracted_emails.js] Parsed: parsed-INBOX-uid-5843.json
2026-04-20T04:28:21.939Z [LOG] [parse_extracted_emails.js] Parsed: parsed-INBOX-uid-5844.json
2026-04-20T04:28:21.939Z [LOG] [parse_extracted_emails.js] Parsed: parsed-INBOX-uid-5845.json
2026-04-20T04:28:21.939Z [LOG] [parse_extracted_emails.js] Parsed: parsed-INBOX-uid-5846.json
2026-04-20T04:28:21.939Z [LOG] [parse_extracted_emails.js] Parsed: parsed-INBOX-uid-5847.json
2026-04-20T04:28:21.939Z [LOG] [parse_extracted_emails.js] Parsed: parsed-INBOX-uid-5848.json
2026-04-20T04:28:21.939Z [LOG] [parse_extracted_emails.js] Parsed: parsed-INBOX-uid-5849.json
2026-04-20T04:28:21.939Z [LOG] [parse_extracted_emails.js] Parsed: parsed-INBOX-uid-5850.json
2026-04-20T04:28:21.939Z [LOG] [parse_extracted_emails.js] Parsed: parsed-INBOX-uid-5851.json
2026-04-20T04:28:21.939Z [LOG] [parse_extracted_emails.js] Parsed: parsed-INBOX-uid-5852.json
2026-04-20T04:28:21.939Z [LOG] [parse_extracted_emails.js] Parsed: parsed-INBOX-uid-5853.json
2026-04-20T04:28:21.939Z [LOG] [parse_extracted_emails.js] Parsed: parsed-INBOX-uid-5854.json
2026-04-20T04:28:21.939Z [LOG] [parse_extracted_emails.js] Parsed: parsed-INBOX-uid-5855.json
2026-04-20T04:28:21.939Z [LOG] [parse_extracted_emails.js] Parsed: parsed-INBOX-uid-5856.json
2026-04-20T04:28:21.939Z [LOG] [parse_extracted_emails.js] Parsed: parsed-INBOX-uid-5857.json
2026-04-20T04:28:21.939Z [LOG] [parse_extracted_emails.js] Parsed: parsed-INBOX-uid-5858.json
2026-04-20T04:28:21.939Z [LOG] [parse_extracted_emails.js] Parsed: parsed-INBOX-uid-5859.json
2026-04-20T04:28:21.939Z [LOG] [parse_extracted_emails.js] Parsed: parsed-INBOX-uid-5860.json
2026-04-20T04:28:21.939Z [LOG] [parse_extracted_emails.js] Parsed: parsed-INBOX-uid-5861.json
2026-04-20T04:28:21.939Z [LOG] [parse_extracted_emails.js] Parsed: parsed-INBOX-uid-5862.json
2026-04-20T04:28:21.939Z [LOG] [parse_extracted_emails.js] Parsed: parsed-INBOX-uid-5863.json
2026-04-20T04:28:21.939Z [LOG] [parse_extracted_emails.js] Parsed: parsed-INBOX-uid-5864.json
2026-04-20T04:28:21.939Z [LOG] [parse_extracted_emails.js] Parsed: parsed-INBOX-uid-5865.json
2026-04-20T04:28:21.939Z [LOG] [parse_extracted_emails.js] Parsed: parsed-INBOX-uid-5866.json
2026-04-20T04:28:21.939Z [LOG] [parse_extracted_emails.js] Parsed: parsed-INBOX-uid-5867.json
2026-04-20T04:28:21.939Z [LOG] [parse_extracted_emails.js] Parsed: parsed-INBOX-uid-5868.json
2026-04-20T04:28:21.939Z [LOG] [parse_extracted_emails.js] Parsed: parsed-INBOX-uid-5869.json
2026-04-20T04:28:21.939Z [LOG] [parse_extracted_emails.js] Parsed: parsed-INBOX-uid-5870.json
2026-04-20T04:28:21.939Z [LOG] [parse_extracted_emails.js] Parsed: parsed-INBOX-uid-5871.json
2026-04-20T04:28:21.939Z [LOG] [parse_extracted_emails.js] Parsed: parsed-INBOX-uid-5872.json
2026-04-20T04:28:21.939Z [LOG] [parse_extracted_emails.js] Parsed: parsed-INBOX-uid-5873.json
2026-04-20T04:28:21.939Z [LOG] [parse_extracted_emails.js] Parsed: parsed-INBOX-uid-5874.json
2026-04-20T04:28:21.939Z [LOG] [parse_extracted_emails.js] Parsed: parsed-INBOX-uid-5875.json
2026-04-20T04:28:21.939Z [LOG] [parse_extracted_emails.js] Parsed: parsed-INBOX-uid-5876.json
2026-04-20T04:28:21.939Z [LOG] [parse_extracted_emails.js] Parsed: parsed-INBOX-uid-5877.json
2026-04-20T04:28:21.939Z [LOG] [parse_extracted_emails.js] Parsed: parsed-INBOX-uid-5878.json
2026-04-20T04:28:21.939Z [LOG] [parse_extracted_emails.js] Parsed: parsed-INBOX-uid-5879.json
2026-04-20T04:28:21.939Z [LOG] [parse_extracted_emails.js] Parsed: parsed-INBOX-uid-5880.json
2026-04-20T04:28:21.939Z [LOG] [parse_extracted_emails.js] Parsed: parsed-INBOX-uid-5881.json
2026-04-20T04:28:21.939Z [LOG] [parse_extracted_emails.js] Parsed: parsed-INBOX-uid-5882.json
2026-04-20T04:28:21.939Z [LOG] [parse_extracted_emails.js] Parsed: parsed-INBOX-uid-5883.json
2026-04-20T04:28:21.939Z [LOG] [parse_extracted_emails.js] Parsed: parsed-INBOX-uid-5884.json
2026-04-20T04:28:21.939Z [LOG] [parse_extracted_emails.js] Parsed: parsed-INBOX-uid-5885.json
2026-04-20T04:28:21.939Z [LOG] [parse_extracted_emails.js] Parsed: parsed-INBOX-uid-5886.json
2026-04-20T04:28:21.939Z [LOG] [parse_extracted_emails.js] Parsed: parsed-INBOX-uid-5887.json
2026-04-20T04:28:21.939Z [LOG] [parse_extracted_emails.js] Parsed: parsed-INBOX-uid-5888.json
2026-04-20T04:28:21.939Z [LOG] [parse_extracted_emails.js] Parsed: parsed-INBOX-uid-5889.json
2026-04-20T04:28:21.939Z [LOG] [parse_extracted_emails.js] Parsed: parsed-INBOX-uid-5890.json
2026-04-20T04:28:21.939Z [LOG] [parse_extracted_emails.js] Parsed: parsed-INBOX-uid-5891.json
2026-04-20T04:28:21.939Z [LOG] [parse_extracted_emails.js] Parsed: parsed-INBOX-uid-5892.json
2026-04-20T04:28:21.939Z [LOG] [parse_extracted_emails.js] Parsed: parsed-INBOX-uid-5893.json
2026-04-20T04:28:21.939Z [LOG] [parse_extracted_emails.js] Parsed: parsed-INBOX-uid-5894.json
2026-04-20T04:28:21.939Z [LOG] [parse_extracted_emails.js] Parsed: parsed-INBOX-uid-5895.json
2026-04-20T04:28:21.939Z [LOG] [parse_extracted_emails.js] Parsed: parsed-INBOX-uid-5896.json
2026-04-20T04:28:21.939Z [LOG] [parse_extracted_emails.js] Parsed: parsed-INBOX-uid-5897.json
2026-04-20T04:28:21.939Z [LOG] [parse_extracted_emails.js] Parsed: parsed-INBOX-uid-5898.json
2026-04-20T04:28:21.939Z [LOG] [parse_extracted_emails.js] Parsed: parsed-INBOX-uid-5899.json
2026-04-20T04:28:21.939Z [LOG] [parse_extracted_emails.js] Parsed: parsed-INBOX-uid-5900.json
2026-04-20T04:28:21.939Z [LOG] [parse_extracted_emails.js] Parsed: parsed-INBOX-uid-5901.json
2026-04-20T04:28:21.939Z [LOG] [parse_extracted_emails.js] Parsed: parsed-INBOX-uid-5902.json
2026-04-20T04:28:21.939Z [LOG] [parse_extracted_emails.js] Parsed: parsed-INBOX-uid-5903.json
2026-04-20T04:28:21.939Z [LOG] [parse_extracted_emails.js] Parsed: parsed-INBOX-uid-5904.json
2026-04-20T04:28:21.939Z [LOG] [parse_extracted_emails.js] Parsed: parsed-INBOX-uid-5905.json
2026-04-20T04:28:21.939Z [LOG] [parse_extracted_emails.js] Parsed: parsed-INBOX-uid-5906.json
2026-04-20T04:28:21.939Z [LOG] [parse_extracted_emails.js] Parsed: parsed-INBOX-uid-5907.json
2026-04-20T04:28:21.939Z [LOG] [parse_extracted_emails.js] Parsed: parsed-INBOX-uid-5911.json
2026-04-20T04:28:21.939Z [LOG] [parse_extracted_emails.js] Parsed: parsed-INBOX-uid-5912.json
2026-04-20T04:28:21.939Z [LOG] [parse_extracted_emails.js] Parsed: parsed-INBOX-uid-5913.json
2026-04-20T04:28:21.939Z [LOG] [parse_extracted_emails.js] Parsed: parsed-INBOX-uid-5914.json
2026-04-20T04:28:21.939Z [LOG] [parse_extracted_emails.js] Parsed: parsed-INBOX-uid-5915.json
2026-04-20T04:28:21.939Z [LOG] [parse_extracted_emails.js] Parsed: parsed-INBOX-uid-5916.json
2026-04-20T04:28:21.939Z [LOG] [parse_extracted_emails.js] Parsed: parsed-INBOX-uid-5917.json
2026-04-20T04:28:21.939Z [LOG] [parse_extracted_emails.js] Parsed: parsed-INBOX-uid-5918.json
2026-04-20T04:28:21.939Z [LOG] [parse_extracted_emails.js] Parsed: parsed-INBOX-uid-5919.json
2026-04-20T04:28:21.939Z [LOG] [parse_extracted_emails.js] Parsed: parsed-INBOX-uid-5920.json
2026-04-20T04:28:21.939Z [LOG] [parse_extracted_emails.js] Parsed: parsed-INBOX-uid-5921.json
2026-04-20T04:28:21.939Z [LOG] [parse_extracted_emails.js] Parsed: parsed-INBOX-uid-5922.json
2026-04-20T04:28:21.939Z [LOG] [parse_extracted_emails.js] Parsed: parsed-INBOX-uid-5923.json
2026-04-20T04:28:21.939Z [LOG] [parse_extracted_emails.js] Parsed: parsed-INBOX-uid-5924.json
2026-04-20T04:28:21.939Z [LOG] [parse_extracted_emails.js] Parsed: parsed-INBOX-uid-5925.json
2026-04-20T04:28:21.939Z [LOG] [parse_extracted_emails.js] Parsed: parsed-INBOX-uid-5926.json
2026-04-20T04:28:21.939Z [LOG] [parse_extracted_emails.js] Parsed: parsed-INBOX-uid-5927.json
2026-04-20T04:28:21.939Z [LOG] [parse_extracted_emails.js] Parsed: parsed-INBOX-uid-5928.json
2026-04-20T04:28:21.939Z [LOG] [parse_extracted_emails.js] Parsed: parsed-INBOX-uid-5929.json
2026-04-20T04:28:21.939Z [LOG] [parse_extracted_emails.js] Parsed: parsed-INBOX-uid-5930.json
2026-04-20T04:28:21.939Z [LOG] [parse_extracted_emails.js] Parsed: parsed-INBOX-uid-5931.json
2026-04-20T04:28:21.939Z [LOG] [parse_extracted_emails.js] Parsed: parsed-INBOX-uid-5932.json
2026-04-20T04:28:21.939Z [LOG] [parse_extracted_emails.js] Parsed: parsed-INBOX-uid-5934.json
2026-04-20T04:28:21.939Z [LOG] [parse_extracted_emails.js] Parsed: parsed-INBOX-uid-5935.json
2026-04-20T04:28:21.939Z [LOG] [parse_extracted_emails.js] Parsed: parsed-INBOX-uid-5936.json
2026-04-20T04:28:21.939Z [LOG] [parse_extracted_emails.js] Parsed: parsed-INBOX-uid-5937.json
2026-04-20T04:28:21.939Z [LOG] [parse_extracted_emails.js] Parsed: parsed-INBOX-uid-5938.json
2026-04-20T04:28:21.939Z [LOG] [parse_extracted_emails.js] Parsed: parsed-INBOX-uid-5939.json
2026-04-20T04:28:21.939Z [LOG] [parse_extracted_emails.js] Parsed: parsed-INBOX-uid-5940.json
2026-04-20T04:28:21.939Z [LOG] [parse_extracted_emails.js] Parsed: parsed-INBOX-uid-5941.json
2026-04-20T04:28:21.939Z [LOG] [parse_extracted_emails.js] Parsed: parsed-INBOX-uid-5942.json
2026-04-20T04:28:21.939Z [LOG] [parse_extracted_emails.js] Parsed: parsed-INBOX-uid-5943.json
2026-04-20T04:28:21.939Z [LOG] [parse_extracted_emails.js] Parsed: parsed-INBOX-uid-5944.json
2026-04-20T04:28:21.939Z [LOG] [parse_extracted_emails.js] Parsed: parsed-INBOX-uid-5945.json
2026-04-20T04:28:21.939Z [LOG] [parse_extracted_emails.js] Parsed: parsed-INBOX-uid-5946.json
2026-04-20T04:28:21.939Z [LOG] [parse_extracted_emails.js] Parsed: parsed-INBOX-uid-5948.json
2026-04-20T04:28:21.939Z [LOG] [parse_extracted_emails.js] Parsed: parsed-INBOX-uid-5949.json
2026-04-20T04:28:21.939Z [LOG] [parse_extracted_emails.js] Parsed: parsed-INBOX-uid-5950.json
2026-04-20T04:28:21.939Z [LOG] [parse_extracted_emails.js] Parsed: parsed-INBOX-uid-5951.json
2026-04-20T04:28:21.939Z [LOG] [parse_extracted_emails.js] Parsed: parsed-INBOX-uid-5952.json
2026-04-20T04:28:21.939Z [LOG] [parse_extracted_emails.js] Parsed: parsed-INBOX-uid-5953.json
2026-04-20T04:28:21.939Z [LOG] [parse_extracted_emails.js] Parsed: parsed-INBOX-uid-5954.json
2026-04-20T04:28:21.939Z [LOG] [parse_extracted_emails.js] Parsed: parsed-INBOX-uid-5955.json
2026-04-20T04:28:21.939Z [LOG] [parse_extracted_emails.js] Parsed: parsed-INBOX-uid-5956.json
2026-04-20T04:28:21.939Z [LOG] [parse_extracted_emails.js] Parsed: parsed-INBOX-uid-5957.json
2026-04-20T04:28:21.939Z [LOG] [parse_extracted_emails.js] Parsed: parsed-INBOX-uid-5958.json
2026-04-20T04:28:21.939Z [LOG] [parse_extracted_emails.js] Parsed: parsed-INBOX-uid-5959.json
2026-04-20T04:28:21.939Z [LOG] [parse_extracted_emails.js] Parsed: parsed-INBOX-uid-5960.json
2026-04-20T04:28:21.939Z [LOG] [parse_extracted_emails.js] Parsed: parsed-INBOX-uid-5961.json
2026-04-20T04:28:21.939Z [LOG] [parse_extracted_emails.js] Parsed: parsed-INBOX-uid-5962.json
2026-04-20T04:28:21.939Z [LOG] [parse_extracted_emails.js] Parsed: parsed-INBOX-uid-5963.json
2026-04-20T04:28:21.939Z [LOG] [parse_extracted_emails.js] Parsed: parsed-INBOX-uid-5964.json
2026-04-20T04:28:21.939Z [LOG] [parse_extracted_emails.js] Parsed: parsed-INBOX-uid-5965.json
2026-04-20T04:28:21.939Z [LOG] [parse_extracted_emails.js] Parsed: parsed-INBOX-uid-5966.json
2026-04-20T04:28:21.939Z [LOG] [parse_extracted_emails.js] Parsed: parsed-INBOX-uid-5967.json
2026-04-20T04:28:21.939Z [LOG] [parse_extracted_emails.js] Parsed: parsed-INBOX-uid-5968.json
2026-04-20T04:28:21.939Z [LOG] [parse_extracted_emails.js] Parsed: parsed-INBOX-uid-5969.json
2026-04-20T04:28:21.939Z [LOG] [parse_extracted_emails.js] Parsed: parsed-INBOX-uid-5970.json
2026-04-20T04:28:21.939Z [LOG] [parse_extracted_emails.js] Parsed: parsed-INBOX-uid-5971.json
2026-04-20T04:28:21.939Z [LOG] [parse_extracted_emails.js] Parsed: parsed-INBOX-uid-5972.json
2026-04-20T04:28:21.939Z [LOG] [parse_extracted_emails.js] Parsed: parsed-INBOX-uid-5973.json
2026-04-20T04:28:21.939Z [LOG] [parse_extracted_emails.js] Parsed: parsed-INBOX-uid-5974.json
2026-04-20T04:28:21.939Z [LOG] [parse_extracted_emails.js] Parsed: parsed-INBOX-uid-5975.json
2026-04-20T04:28:21.939Z [LOG] [parse_extracted_emails.js] Parsed: parsed-INBOX-uid-5976.json
2026-04-20T04:28:21.939Z [LOG] [parse_extracted_emails.js] Parsed: parsed-INBOX-uid-5977.json
2026-04-20T04:28:21.939Z [LOG] [parse_extracted_emails.js] Parsed: parsed-INBOX-uid-5978.json
2026-04-20T04:28:21.939Z [LOG] [parse_extracted_emails.js] Parsed: parsed-INBOX-uid-5979.json
2026-04-20T04:28:21.939Z [LOG] [parse_extracted_emails.js] Parsed: parsed-INBOX-uid-5980.json
2026-04-20T04:28:21.939Z [LOG] [parse_extracted_emails.js] Parsed: parsed-INBOX-uid-5981.json
2026-04-20T04:28:21.939Z [LOG] [parse_extracted_emails.js] Parsed: parsed-INBOX-uid-5982.json
2026-04-20T04:28:21.939Z [LOG] [parse_extracted_emails.js] Parsed: parsed-INBOX-uid-5983.json
2026-04-20T04:28:21.939Z [LOG] [parse_extracted_emails.js] Parsed: parsed-INBOX-uid-6005.json
2026-04-20T04:28:21.939Z [LOG] [parse_extracted_emails.js] Parsed: parsed-INBOX-uid-6006.json
2026-04-20T04:28:21.939Z [LOG] [parse_extracted_emails.js] Parsed: parsed-INBOX-uid-6007.json
2026-04-20T04:28:21.939Z [LOG] [parse_extracted_emails.js] Parsed: parsed-INBOX-uid-6008.json
2026-04-20T04:28:21.939Z [LOG] [parse_extracted_emails.js] Parsed: parsed-INBOX-uid-6009.json
2026-04-20T04:28:21.939Z [LOG] [parse_extracted_emails.js] Parsed: parsed-INBOX-uid-6010.json
2026-04-20T04:28:21.939Z [LOG] [parse_extracted_emails.js] Parsed: parsed-INBOX-uid-6011.json
2026-04-20T04:28:21.939Z [LOG] [parse_extracted_emails.js] Parsed: parsed-INBOX-uid-6012.json
2026-04-20T04:28:21.939Z [LOG] [parse_extracted_emails.js] Parsed: parsed-INBOX-uid-6013.json
2026-04-20T04:28:21.939Z [LOG] [parse_extracted_emails.js] Parsed: parsed-INBOX-uid-6014.json
2026-04-20T04:28:21.939Z [LOG] [parse_extracted_emails.js] Parsed: parsed-INBOX-uid-6015.json
2026-04-20T04:28:21.939Z [LOG] [parse_extracted_emails.js] Parsed: parsed-INBOX-uid-6016.json
2026-04-20T04:28:21.939Z [LOG] [parse_extracted_emails.js] Parsed: parsed-INBOX-uid-6017.json
2026-04-20T04:28:21.939Z [LOG] [parse_extracted_emails.js] Parsed: parsed-INBOX-uid-6018.json
2026-04-20T04:28:21.939Z [LOG] [parse_extracted_emails.js] Parsed: parsed-INBOX-uid-6019.json
2026-04-20T04:28:21.939Z [LOG] [parse_extracted_emails.js] Parsed: parsed-INBOX-uid-6020.json
2026-04-20T04:28:21.939Z [LOG] [parse_extracted_emails.js] Parsed: parsed-INBOX-uid-6021.json
2026-04-20T04:28:21.939Z [LOG] [parse_extracted_emails.js] Parsed: parsed-INBOX-uid-6022.json
2026-04-20T04:28:21.939Z [LOG] [parse_extracted_emails.js] Parsed: parsed-INBOX-uid-6023.json
2026-04-20T04:28:21.939Z [LOG] [parse_extracted_emails.js] Parsed: parsed-INBOX-uid-6024.json
2026-04-20T04:28:21.939Z [LOG] [parse_extracted_emails.js] Parsed: parsed-INBOX-uid-6025.json
2026-04-20T04:28:21.939Z [LOG] [parse_extracted_emails.js] Parsed: parsed-INBOX-uid-6026.json
2026-04-20T04:28:21.939Z [LOG] [parse_extracted_emails.js] Parsed: parsed-INBOX-uid-6027.json
2026-04-20T04:28:21.939Z [LOG] [parse_extracted_emails.js] Parsed: parsed-INBOX-uid-6028.json
2026-04-20T04:28:21.939Z [LOG] [parse_extracted_emails.js] Parsed: parsed-INBOX-uid-6029.json
2026-04-20T04:28:21.939Z [LOG] [parse_extracted_emails.js] Parsed: parsed-INBOX-uid-6030.json
2026-04-20T04:28:21.939Z [LOG] [parse_extracted_emails.js] Parsed: parsed-INBOX-uid-6031.json
2026-04-20T04:28:21.940Z [LOG] [parse_extracted_emails.js] Parsed: parsed-INBOX-uid-6032.json
2026-04-20T04:28:21.940Z [LOG] [parse_extracted_emails.js] Parsed: parsed-INBOX-uid-6033.json
2026-04-20T04:28:21.940Z [LOG] [parse_extracted_emails.js] Parsed: parsed-INBOX-uid-6034.json
2026-04-20T04:28:21.940Z [LOG] [parse_extracted_emails.js] Parsed: parsed-INBOX-uid-6035.json
2026-04-20T04:28:21.940Z [LOG] [parse_extracted_emails.js] Parsed: parsed-INBOX-uid-6036.json
2026-04-20T04:28:21.940Z [LOG] [parse_extracted_emails.js] Parsed: parsed-INBOX-uid-6037.json
2026-04-20T04:28:21.940Z [LOG] [parse_extracted_emails.js] Parsed: parsed-INBOX-uid-6038.json
2026-04-20T04:28:21.940Z [LOG] [parse_extracted_emails.js] Parsed: parsed-INBOX-uid-6039.json
2026-04-20T04:28:21.940Z [LOG] [parse_extracted_emails.js] Parsed: parsed-INBOX-uid-6040.json
2026-04-20T04:28:21.940Z [LOG] [parse_extracted_emails.js] Parsed: parsed-INBOX-uid-6041.json
2026-04-20T04:28:21.940Z [LOG] [parse_extracted_emails.js] Parsed: parsed-INBOX-uid-6042.json
2026-04-20T04:28:21.940Z [LOG] [parse_extracted_emails.js] Parsed: parsed-INBOX-uid-6043.json
2026-04-20T04:28:21.940Z [LOG] [parse_extracted_emails.js] Parsed: parsed-INBOX-uid-6044.json
2026-04-20T04:28:21.940Z [LOG] [parse_extracted_emails.js] Parsed: parsed-INBOX-uid-6045.json
2026-04-20T04:28:21.940Z [LOG] [parse_extracted_emails.js] Parsed: parsed-INBOX-uid-6046.json
2026-04-20T04:28:21.940Z [LOG] [parse_extracted_emails.js] Parsed: parsed-INBOX-uid-6047.json
2026-04-20T04:28:21.940Z [LOG] [parse_extracted_emails.js] Parsed: parsed-INBOX-uid-6048.json
2026-04-20T04:28:21.940Z [LOG] [parse_extracted_emails.js] Parsed: parsed-INBOX-uid-6049.json
2026-04-20T04:28:21.940Z [LOG] [parse_extracted_emails.js] Parsed: parsed-INBOX-uid-6050.json
2026-04-20T04:28:21.940Z [LOG] [parse_extracted_emails.js] Parsed: parsed-INBOX-uid-6051.json
2026-04-20T04:28:21.940Z [LOG] [parse_extracted_emails.js] Parsed: parsed-INBOX-uid-6052.json
2026-04-20T04:28:21.940Z [LOG] [parse_extracted_emails.js] Parsed: parsed-INBOX-uid-6053.json
2026-04-20T04:28:21.940Z [LOG] [parse_extracted_emails.js] Parsed: parsed-INBOX-uid-6054.json
2026-04-20T04:28:21.940Z [LOG] [parse_extracted_emails.js] Parsed: parsed-INBOX-uid-6055.json
2026-04-20T04:28:21.940Z [LOG] [parse_extracted_emails.js] Parsed: parsed-INBOX-uid-6056.json
2026-04-20T04:28:21.940Z [LOG] [parse_extracted_emails.js] Parsed: parsed-INBOX-uid-6057.json
2026-04-20T04:28:21.940Z [LOG] [parse_extracted_emails.js] Parsed: parsed-INBOX-uid-6058.json
2026-04-20T04:28:21.940Z [LOG] [parse_extracted_emails.js] Parsed: parsed-INBOX-uid-6059.json
2026-04-20T04:28:21.940Z [LOG] [parse_extracted_emails.js] Parsed: parsed-INBOX-uid-6060.json
2026-04-20T04:28:21.940Z [LOG] [parse_extracted_emails.js] Parsed: parsed-INBOX-uid-6061.json
2026-04-20T04:28:21.940Z [LOG] [parse_extracted_emails.js] Parsed: parsed-INBOX-uid-6062.json
2026-04-20T04:28:21.940Z [LOG] [parse_extracted_emails.js] Parsed: parsed-INBOX-uid-6063.json
2026-04-20T04:28:21.940Z [LOG] [parse_extracted_emails.js] Parsed: parsed-INBOX-uid-6064.json
2026-04-20T04:28:21.940Z [LOG] [parse_extracted_emails.js] Parsed: parsed-INBOX-uid-6065.json
2026-04-20T04:28:21.940Z [LOG] [parse_extracted_emails.js] Parsed: parsed-INBOX-uid-6066.json
2026-04-20T04:28:21.940Z [LOG] [parse_extracted_emails.js] Parsed: parsed-INBOX-uid-6067.json
2026-04-20T04:28:21.940Z [LOG] [parse_extracted_emails.js] Parsed: parsed-INBOX-uid-6068.json
2026-04-20T04:28:21.940Z [LOG] [parse_extracted_emails.js] Parsed: parsed-INBOX-uid-6069.json
2026-04-20T04:28:21.940Z [LOG] [parse_extracted_emails.js] Parsed: parsed-INBOX-uid-6070.json
2026-04-20T04:28:21.940Z [LOG] [parse_extracted_emails.js] Parsed: parsed-INBOX-uid-6071.json
2026-04-20T04:28:21.940Z [LOG] [parse_extracted_emails.js] Parsed: parsed-INBOX-uid-6072.json
2026-04-20T04:28:21.940Z [LOG] [parse_extracted_emails.js] Parsed: parsed-INBOX-uid-6073.json
2026-04-20T04:28:21.940Z [LOG] [parse_extracted_emails.js] Parsed: parsed-INBOX-uid-6074.json
2026-04-20T04:28:21.940Z [LOG] [parse_extracted_emails.js] Parsed: parsed-INBOX-uid-6075.json
2026-04-20T04:28:21.940Z [LOG] [parse_extracted_emails.js] Parsed: parsed-INBOX-uid-6076.json
2026-04-20T04:28:21.940Z [LOG] [parse_extracted_emails.js] Parsed: parsed-INBOX-uid-6077.json
2026-04-20T04:28:21.940Z [LOG] [parse_extracted_emails.js] Parsed: parsed-INBOX-uid-6078.json
2026-04-20T04:28:21.940Z [LOG] [parse_extracted_emails.js] Parsed: parsed-INBOX-uid-6079.json
2026-04-20T04:28:21.940Z [LOG] [parse_extracted_emails.js] Parsed: parsed-INBOX-uid-6080.json
2026-04-20T04:28:21.940Z [LOG] [parse_extracted_emails.js] Parsed: parsed-INBOX-uid-6081.json
2026-04-20T04:28:21.940Z [LOG] [parse_extracted_emails.js] Parsed: parsed-INBOX-uid-6082.json
2026-04-20T04:28:21.940Z [LOG] [parse_extracted_emails.js] Parsed: parsed-INBOX-uid-6083.json
2026-04-20T04:28:21.940Z [LOG] [parse_extracted_emails.js] Parsed: parsed-INBOX-uid-6084.json
2026-04-20T04:28:21.940Z [LOG] [parse_extracted_emails.js] Parsed: parsed-INBOX-uid-6085.json
2026-04-20T04:28:21.940Z [LOG] [parse_extracted_emails.js] Parsed: parsed-INBOX-uid-6086.json
2026-04-20T04:28:21.940Z [LOG] [parse_extracted_emails.js] Parsed: parsed-INBOX-uid-6087.json
2026-04-20T04:28:21.940Z [LOG] [parse_extracted_emails.js] Parsed: parsed-INBOX-uid-6088.json
2026-04-20T04:28:21.940Z [LOG] [parse_extracted_emails.js] Parsed: parsed-INBOX-uid-6089.json
2026-04-20T04:28:21.940Z [LOG] [parse_extracted_emails.js] Parsed: parsed-INBOX-uid-6090.json
2026-04-20T04:28:21.940Z [LOG] [parse_extracted_emails.js] Parsed: parsed-INBOX-uid-6091.json
2026-04-20T04:28:21.940Z [LOG] [parse_extracted_emails.js] Parsed: parsed-INBOX-uid-6092.json
2026-04-20T04:28:21.940Z [LOG] [parse_extracted_emails.js] Parsed: parsed-INBOX-uid-6093.json
2026-04-20T04:28:21.940Z [LOG] [parse_extracted_emails.js] Parsed: parsed-INBOX-uid-6094.json
2026-04-20T04:28:21.940Z [LOG] [parse_extracted_emails.js] Parsed: parsed-INBOX-uid-6095.json
2026-04-20T04:28:21.940Z [LOG] [parse_extracted_emails.js] Parsed: parsed-INBOX-uid-6096.json
2026-04-20T04:28:21.940Z [LOG] [parse_extracted_emails.js] Parsed: parsed-INBOX-uid-6097.json
2026-04-20T04:28:21.940Z [LOG] [parse_extracted_emails.js] Parsed: parsed-INBOX-uid-6098.json
2026-04-20T04:28:21.940Z [LOG] [parse_extracted_emails.js] Parsed: parsed-INBOX-uid-6099.json
2026-04-20T04:28:21.940Z [LOG] [parse_extracted_emails.js] Parsed: parsed-INBOX-uid-6100.json
2026-04-20T04:28:21.940Z [LOG] [parse_extracted_emails.js] Parsed: parsed-INBOX-uid-6101.json
2026-04-20T04:28:21.940Z [LOG] [parse_extracted_emails.js] Parsed: parsed-INBOX-uid-6102.json
2026-04-20T04:28:21.940Z [LOG] [parse_extracted_emails.js] Parsed: parsed-INBOX-uid-6103.json
2026-04-20T04:28:21.940Z [LOG] [parse_extracted_emails.js] Parsed: parsed-INBOX-uid-6104.json
2026-04-20T04:28:21.940Z [LOG] [parse_extracted_emails.js] Parsed: parsed-INBOX-uid-6105.json
2026-04-20T04:28:21.940Z [LOG] [parse_extracted_emails.js] Parsed: parsed-INBOX-uid-6106.json
2026-04-20T04:28:21.940Z [LOG] [parse_extracted_emails.js] Parsed: parsed-INBOX-uid-6107.json
2026-04-20T04:28:21.940Z [LOG] [parse_extracted_emails.js] Parsed: parsed-INBOX-uid-6108.json
2026-04-20T04:28:21.940Z [LOG] [parse_extracted_emails.js] Parsed: parsed-INBOX-uid-6109.json
2026-04-20T04:28:21.940Z [LOG] [parse_extracted_emails.js] Parsed: parsed-INBOX-uid-6110.json
2026-04-20T04:28:21.940Z [LOG] [parse_extracted_emails.js] Parsed: parsed-INBOX-uid-6111.json
2026-04-20T04:28:21.940Z [LOG] [parse_extracted_emails.js] Parsed: parsed-INBOX-uid-6112.json
2026-04-20T04:28:21.940Z [LOG] [parse_extracted_emails.js] Parsed: parsed-INBOX-uid-6113.json
2026-04-20T04:28:21.940Z [LOG] [parse_extracted_emails.js] Parsed: parsed-INBOX-uid-6114.json
2026-04-20T04:28:21.940Z [LOG] [parse_extracted_emails.js] Parsed: parsed-INBOX-uid-6115.json
2026-04-20T04:28:21.927Z [LOG] parse summary: total=1726, parsed=809, alreadyParsed=700, missingFields=217, invalidMessageType=0, missingParser=0, parseErrors=5
2026-04-20T04:28:21.940Z [LOG] [parse_extracted_emails.js] done
2026-04-20T04:28:21.940Z [LOG] [pipeline #1] new emails parsed: 809
2026-04-20T04:28:21.940Z [LOG] [build_cfs_csv_mawb.js] starting…
2026-04-20T04:28:22.113Z [LOG] Written 365 rows to CFS_mawb.csv
2026-04-20T04:28:22.116Z [LOG]   Rows with no FFM match (no flight data): 3
2026-04-20T04:28:22.119Z [LOG] [build_cfs_csv_mawb.js] done
2026-04-20T04:28:22.119Z [LOG] [build_cfs_csv_uld.js] starting…
2026-04-20T04:28:22.343Z [LOG] [build_cfs_csv_uld.js] Written 2585 rows to /home/wesleywu9/tolead/NCAParser/server/data/outputs/parsed_tables/CFS_uld.csv
2026-04-20T04:28:22.343Z [LOG] [build_cfs_csv_uld.js]   Rows with no FFM match: 4
2026-04-20T04:28:22.343Z [LOG] [build_cfs_csv_uld.js]   Extra rows from MAWBs split across multiple ULDs: 962
2026-04-20T04:28:22.343Z [LOG] [build_cfs_csv_uld.js] done
2026-04-20T04:28:22.343Z [LOG] [build_cfs_csv_hawb.js] starting…
2026-04-20T04:28:22.504Z [LOG] Written 733 rows to CFS_hawb.csv
2026-04-20T04:28:22.507Z [LOG]   HAWB rows: 646
2026-04-20T04:28:22.507Z [LOG]   MAWB-only rows: 87
2026-04-20T04:28:22.512Z [LOG] [build_cfs_csv_hawb.js] done
2026-04-20T04:28:22.512Z [LOG] [upload_tables_to_sheets.js] starting…
2026-04-20T04:28:22.567Z [LOG] [mawb] Clearing 'CFS_by_MAWB'!A:AH …
2026-04-20T04:28:23.331Z [LOG] [mawb] Writing 366 rows → 'CFS_by_MAWB'!A1 …
2026-04-20T04:28:26.194Z [LOG] [mawb] Applied sheet formatting and sorting
2026-04-20T04:28:26.194Z [LOG] [mawb] Done — 365 data rows uploaded.
2026-04-20T04:28:26.201Z [LOG] [uld] Clearing 'CFS_by_ULD'!A:AH …
2026-04-20T04:28:26.659Z [LOG] [uld] Writing 2586 rows → 'CFS_by_ULD'!A1 …
2026-04-20T04:28:33.793Z [LOG] [uld] Applied sheet formatting and sorting
2026-04-20T04:28:33.793Z [LOG] [uld] Done — 2585 data rows uploaded.
2026-04-20T04:28:33.796Z [LOG] [hawb] Clearing 'CFS_by_HAWB'!A:AH …
2026-04-20T04:28:34.239Z [LOG] [hawb] Writing 734 rows → 'CFS_by_HAWB'!A1 …
2026-04-20T04:28:36.739Z [LOG] [hawb] Applied sheet formatting and sorting
2026-04-20T04:28:37.559Z [LOG] [hawb] Applied MAWB grouping formatting (372 MAWB blocks)
2026-04-20T04:28:37.559Z [LOG] [hawb] Done — 733 data rows uploaded.
2026-04-20T04:28:37.567Z [LOG] [upload_tables_to_sheets.js] done
2026-04-20T04:28:37.567Z [LOG] [pipeline #1] pipeline complete
2026-04-20T04:38:37.568Z [LOG] ────────────────────────────────────────────────────────────
2026-04-20T04:38:37.568Z [LOG] [pipeline #2] 2026-04-20T04:38:37.568Z
2026-04-20T04:38:37.568Z [LOG] [extract_emails.js] starting…
2026-04-20T04:39:03.619Z [LOG] [extract_emails.js] Extracted: INBOX-uid-1953.json
2026-04-20T04:39:03.619Z [LOG] [extract_emails.js] Extracted: INBOX-uid-1952.json
2026-04-20T04:39:03.619Z [LOG] [extract_emails.js] Extracted: INBOX-uid-1951.json
2026-04-20T04:39:03.619Z [LOG] [extract_emails.js] Extracted: INBOX-uid-1950.json
2026-04-20T04:39:03.619Z [LOG] [extract_emails.js] Extracted: INBOX-uid-1949.json
2026-04-20T04:39:03.619Z [LOG] [extract_emails.js] Extracted: INBOX-uid-1948.json
2026-04-20T04:39:03.619Z [LOG] [extract_emails.js] Extracted: INBOX-uid-1947.json
2026-04-20T04:39:03.619Z [LOG] [extract_emails.js] Extracted: INBOX-uid-1946.json
2026-04-20T04:39:03.619Z [LOG] [extract_emails.js] Extracted: INBOX-uid-1945.json
2026-04-20T04:39:03.619Z [LOG] [extract_emails.js] Extracted: INBOX-uid-1943.json
2026-04-20T04:39:03.619Z [LOG] [extract_emails.js] Extracted: INBOX-uid-1942.json
2026-04-20T04:39:03.619Z [LOG] [extract_emails.js] Extracted: INBOX-uid-1941.json
2026-04-20T04:39:03.619Z [LOG] [extract_emails.js] Extracted: INBOX-uid-1940.json
2026-04-20T04:39:03.619Z [LOG] [extract_emails.js] Extracted: INBOX-uid-1939.json
2026-04-20T04:39:03.619Z [LOG] [extract_emails.js] Extracted: INBOX-uid-1927.json
2026-04-20T04:39:03.619Z [LOG] [extract_emails.js] Extracted: INBOX-uid-1926.json
2026-04-20T04:39:03.619Z [LOG] [extract_emails.js] Extracted: INBOX-uid-1925.json
2026-04-20T04:39:03.620Z [LOG] [extract_emails.js] Extracted: INBOX-uid-1924.json
2026-04-20T04:39:03.620Z [LOG] [extract_emails.js] Extracted: INBOX-uid-1923.json
2026-04-20T04:39:03.620Z [LOG] [extract_emails.js] Extracted: INBOX-uid-1417.json
2026-04-20T04:39:03.620Z [LOG] [extract_emails.js] Extracted: INBOX-uid-1416.json
2026-04-20T04:39:03.620Z [LOG] [extract_emails.js] Extracted: INBOX-uid-1415.json
2026-04-20T04:39:03.620Z [LOG] [extract_emails.js] Extracted: INBOX-uid-1414.json
2026-04-20T04:39:03.620Z [LOG] [extract_emails.js] Extracted: INBOX-uid-1413.json
2026-04-20T04:39:03.620Z [LOG] [extract_emails.js] Extracted: INBOX-uid-1412.json
2026-04-20T04:39:03.620Z [LOG] [extract_emails.js] Extracted: INBOX-uid-1411.json
2026-04-20T04:39:03.620Z [LOG] [extract_emails.js] Extracted: INBOX-uid-1410.json
2026-04-20T04:39:03.620Z [LOG] [extract_emails.js] Extracted: INBOX-uid-1409.json
2026-04-20T04:39:03.620Z [LOG] [extract_emails.js] Extracted: INBOX-uid-1408.json
2026-04-20T04:39:03.620Z [LOG] [extract_emails.js] Extracted: INBOX-uid-1407.json
2026-04-20T04:39:03.620Z [LOG] [extract_emails.js] Extracted: INBOX-uid-1354.json
2026-04-20T04:39:03.620Z [LOG] [extract_emails.js] Extracted: INBOX-uid-1353.json
2026-04-20T04:39:03.620Z [LOG] [extract_emails.js] Extracted: INBOX-uid-1352.json
2026-04-20T04:39:03.620Z [LOG] [extract_emails.js] Extracted: INBOX-uid-1351.json
2026-04-20T04:39:03.620Z [LOG] [extract_emails.js] Extracted: INBOX-uid-1350.json
2026-04-20T04:39:03.620Z [LOG] [extract_emails.js] Extracted: INBOX-uid-1349.json
2026-04-20T04:39:03.620Z [LOG] [extract_emails.js] Extracted: INBOX-uid-1348.json
2026-04-20T04:39:03.620Z [LOG] [extract_emails.js] Extracted: INBOX-uid-1347.json
2026-04-20T04:39:03.620Z [LOG] [extract_emails.js] Extracted: INBOX-uid-1346.json
2026-04-20T04:39:03.620Z [LOG] [extract_emails.js] Extracted: INBOX-uid-1345.json
2026-04-20T04:39:03.620Z [LOG] [extract_emails.js] Extracted: INBOX-uid-1344.json
2026-04-20T04:39:03.620Z [LOG] [extract_emails.js] Extracted: INBOX-uid-1343.json
2026-04-20T04:39:03.620Z [LOG] [extract_emails.js] Extracted: INBOX-uid-1342.json
2026-04-20T04:39:03.620Z [LOG] [extract_emails.js] Extracted: INBOX-uid-1341.json
2026-04-20T04:39:03.620Z [LOG] [extract_emails.js] Extracted: INBOX-uid-1340.json
2026-04-20T04:39:03.620Z [LOG] [extract_emails.js] Extracted: INBOX-uid-1339.json
2026-04-20T04:39:03.620Z [LOG] [extract_emails.js] Extracted: INBOX-uid-1266.json
2026-04-20T04:39:03.620Z [LOG] [extract_emails.js] Extracted: INBOX-uid-1265.json
2026-04-20T04:39:03.620Z [LOG] [extract_emails.js] Extracted: INBOX-uid-1264.json
2026-04-20T04:39:03.620Z [LOG] [extract_emails.js] Extracted: INBOX-uid-1023.json
2026-04-20T04:39:03.620Z [LOG] [extract_emails.js] Extracted: INBOX-uid-1022.json
2026-04-20T04:39:03.620Z [LOG] [extract_emails.js] Extracted: INBOX-uid-1021.json
2026-04-20T04:39:03.620Z [LOG] [extract_emails.js] Extracted: INBOX-uid-1020.json
2026-04-20T04:39:03.620Z [LOG] [extract_emails.js] Extracted: INBOX-uid-1014.json
2026-04-20T04:39:03.620Z [LOG] [extract_emails.js] Extracted: INBOX-uid-1010.json
2026-04-20T04:39:03.620Z [LOG] [extract_emails.js] Extracted: INBOX-uid-1009.json
2026-04-20T04:39:03.620Z [LOG] [extract_emails.js] Extracted: INBOX-uid-1008.json
2026-04-20T04:39:03.620Z [LOG] [extract_emails.js] Extracted: INBOX-uid-1007.json
2026-04-20T04:39:03.620Z [LOG] [extract_emails.js] Extracted: INBOX-uid-1006.json
2026-04-20T04:39:03.620Z [LOG] [extract_emails.js] Extracted: INBOX-uid-1005.json
2026-04-20T04:39:03.620Z [LOG] [extract_emails.js] Extracted: INBOX-uid-1004.json
2026-04-20T04:39:03.620Z [LOG] [extract_emails.js] Extracted: INBOX-uid-1002.json
2026-04-20T04:39:03.620Z [LOG] [extract_emails.js] Extracted: INBOX-uid-1001.json
2026-04-20T04:39:03.314Z [LOG] extracted 63 email(s) this run
2026-04-20T04:39:03.612Z [LOG] extraction finished
2026-04-20T04:39:03.620Z [LOG] [extract_emails.js] done
2026-04-20T04:39:03.620Z [LOG] [pipeline #2] new emails extracted: 63
2026-04-20T04:39:03.620Z [LOG] [parse_extracted_emails.js] starting…
2026-04-20T04:39:05.519Z [LOG] [parse_extracted_emails.js] Parsed: parsed-INBOX-uid-1001.json
2026-04-20T04:39:05.519Z [LOG] [parse_extracted_emails.js] Parsed: parsed-INBOX-uid-1002.json
2026-04-20T04:39:05.519Z [LOG] [parse_extracted_emails.js] Parsed: parsed-INBOX-uid-1004.json
2026-04-20T04:39:05.519Z [LOG] [parse_extracted_emails.js] Parsed: parsed-INBOX-uid-1005.json
2026-04-20T04:39:05.519Z [LOG] [parse_extracted_emails.js] Parsed: parsed-INBOX-uid-1006.json
2026-04-20T04:39:05.519Z [LOG] [parse_extracted_emails.js] Parsed: parsed-INBOX-uid-1007.json
2026-04-20T04:39:05.519Z [LOG] [parse_extracted_emails.js] Parsed: parsed-INBOX-uid-1008.json
2026-04-20T04:39:05.519Z [LOG] [parse_extracted_emails.js] Parsed: parsed-INBOX-uid-1009.json
2026-04-20T04:39:05.519Z [LOG] [parse_extracted_emails.js] Parsed: parsed-INBOX-uid-1010.json
2026-04-20T04:39:05.519Z [LOG] [parse_extracted_emails.js] Parsed: parsed-INBOX-uid-1014.json
2026-04-20T04:39:05.519Z [LOG] [parse_extracted_emails.js] Parsed: parsed-INBOX-uid-1020.json
2026-04-20T04:39:05.519Z [LOG] [parse_extracted_emails.js] Parsed: parsed-INBOX-uid-1021.json
2026-04-20T04:39:05.519Z [LOG] [parse_extracted_emails.js] Parsed: parsed-INBOX-uid-1022.json
2026-04-20T04:39:05.519Z [LOG] [parse_extracted_emails.js] Parsed: parsed-INBOX-uid-1023.json
2026-04-20T04:39:05.519Z [LOG] [parse_extracted_emails.js] Parsed: parsed-INBOX-uid-1264.json
2026-04-20T04:39:05.519Z [LOG] [parse_extracted_emails.js] Parsed: parsed-INBOX-uid-1265.json
2026-04-20T04:39:05.519Z [LOG] [parse_extracted_emails.js] Parsed: parsed-INBOX-uid-1266.json
2026-04-20T04:39:05.519Z [LOG] [parse_extracted_emails.js] Parsed: parsed-INBOX-uid-1339.json
2026-04-20T04:39:05.519Z [LOG] [parse_extracted_emails.js] Parsed: parsed-INBOX-uid-1340.json
2026-04-20T04:39:05.519Z [LOG] [parse_extracted_emails.js] Parsed: parsed-INBOX-uid-1341.json
2026-04-20T04:39:05.519Z [LOG] [parse_extracted_emails.js] Parsed: parsed-INBOX-uid-1342.json
2026-04-20T04:39:05.519Z [LOG] [parse_extracted_emails.js] Parsed: parsed-INBOX-uid-1343.json
2026-04-20T04:39:05.519Z [LOG] [parse_extracted_emails.js] Parsed: parsed-INBOX-uid-1344.json
2026-04-20T04:39:05.519Z [LOG] [parse_extracted_emails.js] Parsed: parsed-INBOX-uid-1345.json
2026-04-20T04:39:05.519Z [LOG] [parse_extracted_emails.js] Parsed: parsed-INBOX-uid-1346.json
2026-04-20T04:39:05.519Z [LOG] [parse_extracted_emails.js] Parsed: parsed-INBOX-uid-1347.json
2026-04-20T04:39:05.519Z [LOG] [parse_extracted_emails.js] Parsed: parsed-INBOX-uid-1348.json
2026-04-20T04:39:05.519Z [LOG] [parse_extracted_emails.js] Parsed: parsed-INBOX-uid-1349.json
2026-04-20T04:39:05.519Z [LOG] [parse_extracted_emails.js] Parsed: parsed-INBOX-uid-1350.json
2026-04-20T04:39:05.519Z [LOG] [parse_extracted_emails.js] Parsed: parsed-INBOX-uid-1351.json
2026-04-20T04:39:05.519Z [LOG] [parse_extracted_emails.js] Parsed: parsed-INBOX-uid-1352.json
2026-04-20T04:39:05.519Z [LOG] [parse_extracted_emails.js] Parsed: parsed-INBOX-uid-1353.json
2026-04-20T04:39:05.519Z [LOG] [parse_extracted_emails.js] Parsed: parsed-INBOX-uid-1354.json
2026-04-20T04:39:05.519Z [LOG] [parse_extracted_emails.js] Parsed: parsed-INBOX-uid-1407.json
2026-04-20T04:39:05.519Z [LOG] [parse_extracted_emails.js] Parsed: parsed-INBOX-uid-1408.json
2026-04-20T04:39:05.519Z [LOG] [parse_extracted_emails.js] Parsed: parsed-INBOX-uid-1409.json
2026-04-20T04:39:05.519Z [LOG] [parse_extracted_emails.js] Parsed: parsed-INBOX-uid-1410.json
2026-04-20T04:39:05.519Z [LOG] [parse_extracted_emails.js] Parsed: parsed-INBOX-uid-1411.json
2026-04-20T04:39:05.519Z [LOG] [parse_extracted_emails.js] Parsed: parsed-INBOX-uid-1412.json
2026-04-20T04:39:05.519Z [LOG] [parse_extracted_emails.js] Parsed: parsed-INBOX-uid-1413.json
2026-04-20T04:39:05.519Z [LOG] [parse_extracted_emails.js] Parsed: parsed-INBOX-uid-1414.json
2026-04-20T04:39:05.519Z [LOG] [parse_extracted_emails.js] Parsed: parsed-INBOX-uid-1415.json
2026-04-20T04:39:05.519Z [LOG] [parse_extracted_emails.js] Parsed: parsed-INBOX-uid-1416.json
2026-04-20T04:39:05.519Z [LOG] [parse_extracted_emails.js] Parsed: parsed-INBOX-uid-1417.json
2026-04-20T04:39:05.519Z [LOG] [parse_extracted_emails.js] Parsed: parsed-INBOX-uid-1923.json
2026-04-20T04:39:05.519Z [LOG] [parse_extracted_emails.js] Parsed: parsed-INBOX-uid-1924.json
2026-04-20T04:39:05.519Z [LOG] [parse_extracted_emails.js] Parsed: parsed-INBOX-uid-1925.json
2026-04-20T04:39:05.520Z [LOG] [parse_extracted_emails.js] Parsed: parsed-INBOX-uid-1926.json
2026-04-20T04:39:05.520Z [LOG] [parse_extracted_emails.js] Parsed: parsed-INBOX-uid-1927.json
2026-04-20T04:39:05.520Z [LOG] [parse_extracted_emails.js] Parsed: parsed-INBOX-uid-1939.json
2026-04-20T04:39:05.520Z [LOG] [parse_extracted_emails.js] Parsed: parsed-INBOX-uid-1940.json
2026-04-20T04:39:05.520Z [LOG] [parse_extracted_emails.js] Parsed: parsed-INBOX-uid-1941.json
2026-04-20T04:39:05.520Z [LOG] [parse_extracted_emails.js] Parsed: parsed-INBOX-uid-1942.json
2026-04-20T04:39:05.520Z [LOG] [parse_extracted_emails.js] Parsed: parsed-INBOX-uid-1943.json
2026-04-20T04:39:05.520Z [LOG] [parse_extracted_emails.js] Parsed: parsed-INBOX-uid-1945.json
2026-04-20T04:39:05.520Z [LOG] [parse_extracted_emails.js] Parsed: parsed-INBOX-uid-1946.json
2026-04-20T04:39:05.520Z [LOG] [parse_extracted_emails.js] Parsed: parsed-INBOX-uid-1947.json
2026-04-20T04:39:05.520Z [LOG] [parse_extracted_emails.js] Parsed: parsed-INBOX-uid-1948.json
2026-04-20T04:39:05.520Z [LOG] [parse_extracted_emails.js] Parsed: parsed-INBOX-uid-1949.json
2026-04-20T04:39:05.520Z [LOG] [parse_extracted_emails.js] Parsed: parsed-INBOX-uid-1950.json
2026-04-20T04:39:05.520Z [LOG] [parse_extracted_emails.js] Parsed: parsed-INBOX-uid-1951.json
2026-04-20T04:39:05.520Z [LOG] [parse_extracted_emails.js] Parsed: parsed-INBOX-uid-1952.json
2026-04-20T04:39:05.520Z [LOG] [parse_extracted_emails.js] Parsed: parsed-INBOX-uid-1953.json
2026-04-20T04:39:05.516Z [LOG] parse summary: total=1789, parsed=63, alreadyParsed=1509, missingFields=217, invalidMessageType=0, missingParser=0, parseErrors=0
2026-04-20T04:39:05.520Z [LOG] [parse_extracted_emails.js] done
2026-04-20T04:39:05.520Z [LOG] [pipeline #2] new emails parsed: 63
2026-04-20T04:39:05.520Z [LOG] [build_cfs_csv_mawb.js] starting…
2026-04-20T04:39:05.703Z [LOG] Written 384 rows to CFS_mawb.csv
2026-04-20T04:39:05.705Z [LOG]   Rows with no FFM match (no flight data): 3
2026-04-20T04:39:05.710Z [LOG] [build_cfs_csv_mawb.js] done
2026-04-20T04:39:05.710Z [LOG] [build_cfs_csv_uld.js] starting…
2026-04-20T04:39:05.953Z [LOG] [build_cfs_csv_uld.js] Written 2793 rows to /home/wesleywu9/tolead/NCAParser/server/data/outputs/parsed_tables/CFS_uld.csv
2026-04-20T04:39:05.953Z [LOG] [build_cfs_csv_uld.js]   Rows with no FFM match: 4
2026-04-20T04:39:05.953Z [LOG] [build_cfs_csv_uld.js]   Extra rows from MAWBs split across multiple ULDs: 1010
2026-04-20T04:39:05.953Z [LOG] [build_cfs_csv_uld.js] done
2026-04-20T04:39:05.953Z [LOG] [build_cfs_csv_hawb.js] starting…
2026-04-20T04:39:06.127Z [LOG] Written 746 rows to CFS_hawb.csv
2026-04-20T04:39:06.129Z [LOG]   HAWB rows: 656
2026-04-20T04:39:06.129Z [LOG]   MAWB-only rows: 90
2026-04-20T04:39:06.133Z [LOG] [build_cfs_csv_hawb.js] done
2026-04-20T04:39:06.133Z [LOG] [upload_tables_to_sheets.js] starting…
2026-04-20T04:39:06.197Z [LOG] [mawb] Clearing 'CFS_by_MAWB'!A:AH …
2026-04-20T04:39:09.348Z [LOG] [mawb] Writing 385 rows → 'CFS_by_MAWB'!A1 …
2026-04-20T04:39:12.112Z [LOG] [mawb] Applied sheet formatting and sorting
2026-04-20T04:39:12.112Z [LOG] [mawb] Done — 384 data rows uploaded.
2026-04-20T04:39:12.122Z [LOG] [uld] Clearing 'CFS_by_ULD'!A:AH …
2026-04-20T04:39:12.725Z [LOG] [uld] Writing 2794 rows → 'CFS_by_ULD'!A1 …
2026-04-20T04:39:28.495Z [LOG] [uld] Applied sheet formatting and sorting
2026-04-20T04:39:28.495Z [LOG] [uld] Done — 2793 data rows uploaded.
2026-04-20T04:39:28.498Z [LOG] [hawb] Clearing 'CFS_by_HAWB'!A:AH …
2026-04-20T04:39:29.007Z [LOG] [hawb] Writing 747 rows → 'CFS_by_HAWB'!A1 …
2026-04-20T04:39:34.846Z [LOG] [hawb] Applied sheet formatting and sorting
2026-04-20T04:39:37.609Z [LOG] [hawb] Applied MAWB grouping formatting (385 MAWB blocks)
2026-04-20T04:39:37.609Z [LOG] [hawb] Done — 746 data rows uploaded.
2026-04-20T04:39:37.617Z [LOG] [upload_tables_to_sheets.js] done
2026-04-20T04:39:37.617Z [LOG] [pipeline #2] pipeline complete
2026-04-20T04:48:37.574Z [LOG] ────────────────────────────────────────────────────────────
2026-04-20T04:48:37.574Z [LOG] [pipeline #3] 2026-04-20T04:48:37.574Z
2026-04-20T04:48:37.574Z [LOG] [extract_emails.js] starting…
2026-04-20T04:48:41.360Z [LOG] extracted 0 email(s) this run
2026-04-20T04:48:41.658Z [LOG] extraction finished
2026-04-20T04:48:41.666Z [LOG] [extract_emails.js] done
2026-04-20T04:48:41.666Z [LOG] [pipeline #3] new emails extracted: 0
2026-04-20T04:48:41.666Z [LOG] [parse_extracted_emails.js] starting…
2026-04-20T04:48:41.713Z [LOG] parse summary: total=1789, parsed=0, alreadyParsed=1572, missingFields=217, invalidMessageType=0, missingParser=0, parseErrors=0
2026-04-20T04:48:41.718Z [LOG] [parse_extracted_emails.js] done
2026-04-20T04:48:41.718Z [LOG] [pipeline #3] new emails parsed: 0
2026-04-20T04:48:41.718Z [LOG] [pipeline #3] no new data — skipping CSV rebuild and Sheets upload
2026-04-20T04:58:37.577Z [LOG] ────────────────────────────────────────────────────────────
2026-04-20T04:58:37.578Z [LOG] [pipeline #4] 2026-04-20T04:58:37.578Z
2026-04-20T04:58:37.578Z [LOG] [extract_emails.js] starting…
2026-04-20T04:58:41.633Z [LOG] extracted 0 email(s) this run
2026-04-20T04:58:41.932Z [LOG] extraction finished
2026-04-20T04:58:41.939Z [LOG] [extract_emails.js] done
2026-04-20T04:58:41.939Z [LOG] [pipeline #4] new emails extracted: 0
2026-04-20T04:58:41.939Z [LOG] [parse_extracted_emails.js] starting…
2026-04-20T04:58:41.986Z [LOG] parse summary: total=1789, parsed=0, alreadyParsed=1572, missingFields=217, invalidMessageType=0, missingParser=0, parseErrors=0
2026-04-20T04:58:41.990Z [LOG] [parse_extracted_emails.js] done
2026-04-20T04:58:41.990Z [LOG] [pipeline #4] new emails parsed: 0
2026-04-20T04:58:41.990Z [LOG] [pipeline #4] no new data — skipping CSV rebuild and Sheets upload
2026-04-20T05:08:37.582Z [LOG] ────────────────────────────────────────────────────────────
2026-04-20T05:08:37.582Z [LOG] [pipeline #5] 2026-04-20T05:08:37.582Z
2026-04-20T05:08:37.582Z [LOG] [extract_emails.js] starting…
2026-04-20T05:08:41.367Z [LOG] extracted 0 email(s) this run
2026-04-20T05:08:41.615Z [LOG] extraction finished
2026-04-20T05:08:41.622Z [LOG] [extract_emails.js] done
2026-04-20T05:08:41.623Z [LOG] [pipeline #5] new emails extracted: 0
2026-04-20T05:08:41.623Z [LOG] [parse_extracted_emails.js] starting…
2026-04-20T05:08:41.667Z [LOG] parse summary: total=1789, parsed=0, alreadyParsed=1572, missingFields=217, invalidMessageType=0, missingParser=0, parseErrors=0
2026-04-20T05:08:41.671Z [LOG] [parse_extracted_emails.js] done
2026-04-20T05:08:41.671Z [LOG] [pipeline #5] new emails parsed: 0
2026-04-20T05:08:41.671Z [LOG] [pipeline #5] no new data — skipping CSV rebuild and Sheets upload
2026-04-20T05:18:37.585Z [LOG] ────────────────────────────────────────────────────────────
2026-04-20T05:18:37.586Z [LOG] [pipeline #6] 2026-04-20T05:18:37.586Z
2026-04-20T05:18:37.586Z [LOG] [extract_emails.js] starting…
2026-04-20T05:18:41.632Z [LOG] extracted 0 email(s) this run
2026-04-20T05:18:41.890Z [LOG] extraction finished
2026-04-20T05:18:41.896Z [LOG] [extract_emails.js] done
2026-04-20T05:18:41.897Z [LOG] [pipeline #6] new emails extracted: 0
2026-04-20T05:18:41.897Z [LOG] [parse_extracted_emails.js] starting…
2026-04-20T05:18:41.940Z [LOG] parse summary: total=1789, parsed=0, alreadyParsed=1572, missingFields=217, invalidMessageType=0, missingParser=0, parseErrors=0
2026-04-20T05:18:41.944Z [LOG] [parse_extracted_emails.js] done
2026-04-20T05:18:41.944Z [LOG] [pipeline #6] new emails parsed: 0
2026-04-20T05:18:41.944Z [LOG] [pipeline #6] no new data — skipping CSV rebuild and Sheets upload
2026-04-20T05:28:37.590Z [LOG] ────────────────────────────────────────────────────────────
2026-04-20T05:28:37.590Z [LOG] [pipeline #7] 2026-04-20T05:28:37.590Z
2026-04-20T05:28:37.590Z [LOG] [extract_emails.js] starting…
2026-04-20T05:28:41.545Z [LOG] extracted 0 email(s) this run
2026-04-20T05:28:41.780Z [LOG] extraction finished
2026-04-20T05:28:41.787Z [LOG] [extract_emails.js] done
2026-04-20T05:28:41.787Z [LOG] [pipeline #7] new emails extracted: 0
2026-04-20T05:28:41.787Z [LOG] [parse_extracted_emails.js] starting…
2026-04-20T05:28:41.838Z [LOG] parse summary: total=1789, parsed=0, alreadyParsed=1572, missingFields=217, invalidMessageType=0, missingParser=0, parseErrors=0
2026-04-20T05:28:41.842Z [LOG] [parse_extracted_emails.js] done
2026-04-20T05:28:41.842Z [LOG] [pipeline #7] new emails parsed: 0
2026-04-20T05:28:41.842Z [LOG] [pipeline #7] no new data — skipping CSV rebuild and Sheets upload
2026-04-20T05:38:37.594Z [LOG] ────────────────────────────────────────────────────────────
2026-04-20T05:38:37.594Z [LOG] [pipeline #8] 2026-04-20T05:38:37.594Z
2026-04-20T05:38:37.594Z [LOG] [extract_emails.js] starting…
2026-04-20T05:38:41.811Z [LOG] extracted 0 email(s) this run
2026-04-20T05:38:42.104Z [LOG] extraction finished
2026-04-20T05:38:42.111Z [LOG] [extract_emails.js] done
2026-04-20T05:38:42.111Z [LOG] [pipeline #8] new emails extracted: 0
2026-04-20T05:38:42.111Z [LOG] [parse_extracted_emails.js] starting…
2026-04-20T05:38:42.175Z [LOG] parse summary: total=1789, parsed=0, alreadyParsed=1572, missingFields=217, invalidMessageType=0, missingParser=0, parseErrors=0
2026-04-20T05:38:42.182Z [LOG] [parse_extracted_emails.js] done
2026-04-20T05:38:42.182Z [LOG] [pipeline #8] new emails parsed: 0
2026-04-20T05:38:42.182Z [LOG] [pipeline #8] no new data — skipping CSV rebuild and Sheets upload
2026-04-20T05:48:37.602Z [LOG] ────────────────────────────────────────────────────────────
2026-04-20T05:48:37.603Z [LOG] [pipeline #9] 2026-04-20T05:48:37.603Z
2026-04-20T05:48:37.603Z [LOG] [extract_emails.js] starting…
2026-04-20T05:48:41.576Z [LOG] extracted 0 email(s) this run
2026-04-20T05:48:41.834Z [LOG] extraction finished
2026-04-20T05:48:41.844Z [LOG] [extract_emails.js] done
2026-04-20T05:48:41.844Z [LOG] [pipeline #9] new emails extracted: 0
2026-04-20T05:48:41.844Z [LOG] [parse_extracted_emails.js] starting…
2026-04-20T05:48:41.905Z [LOG] parse summary: total=1789, parsed=0, alreadyParsed=1572, missingFields=217, invalidMessageType=0, missingParser=0, parseErrors=0
2026-04-20T05:48:41.911Z [LOG] [parse_extracted_emails.js] done
2026-04-20T05:48:41.911Z [LOG] [pipeline #9] new emails parsed: 0
2026-04-20T05:48:41.911Z [LOG] [pipeline #9] no new data — skipping CSV rebuild and Sheets upload
2026-04-20T05:58:37.604Z [LOG] ────────────────────────────────────────────────────────────
2026-04-20T05:58:37.604Z [LOG] [pipeline #10] 2026-04-20T05:58:37.604Z
2026-04-20T05:58:37.604Z [LOG] [extract_emails.js] starting…
2026-04-20T05:58:41.468Z [LOG] extracted 0 email(s) this run
2026-04-20T05:58:41.766Z [LOG] extraction finished
2026-04-20T05:58:41.775Z [LOG] [extract_emails.js] done
2026-04-20T05:58:41.775Z [LOG] [pipeline #10] new emails extracted: 0
2026-04-20T05:58:41.775Z [LOG] [parse_extracted_emails.js] starting…
2026-04-20T05:58:41.827Z [LOG] parse summary: total=1789, parsed=0, alreadyParsed=1572, missingFields=217, invalidMessageType=0, missingParser=0, parseErrors=0
2026-04-20T05:58:41.834Z [LOG] [parse_extracted_emails.js] done
2026-04-20T05:58:41.834Z [LOG] [pipeline #10] new emails parsed: 0
2026-04-20T05:58:41.834Z [LOG] [pipeline #10] no new data — skipping CSV rebuild and Sheets upload
2026-04-20T06:08:37.608Z [LOG] ────────────────────────────────────────────────────────────
2026-04-20T06:08:37.608Z [LOG] [pipeline #11] 2026-04-20T06:08:37.608Z
2026-04-20T06:08:37.608Z [LOG] [extract_emails.js] starting…
2026-04-20T06:08:41.686Z [LOG] extracted 0 email(s) this run
2026-04-20T06:08:41.980Z [LOG] extraction finished
2026-04-20T06:08:41.990Z [LOG] [extract_emails.js] done
2026-04-20T06:08:41.990Z [LOG] [pipeline #11] new emails extracted: 0
2026-04-20T06:08:41.990Z [LOG] [parse_extracted_emails.js] starting…
2026-04-20T06:08:42.045Z [LOG] parse summary: total=1789, parsed=0, alreadyParsed=1572, missingFields=217, invalidMessageType=0, missingParser=0, parseErrors=0
2026-04-20T06:08:42.051Z [LOG] [parse_extracted_emails.js] done
2026-04-20T06:08:42.051Z [LOG] [pipeline #11] new emails parsed: 0
2026-04-20T06:08:42.051Z [LOG] [pipeline #11] no new data — skipping CSV rebuild and Sheets upload
2026-04-20T06:18:37.611Z [LOG] ────────────────────────────────────────────────────────────
2026-04-20T06:18:37.611Z [LOG] [pipeline #12] 2026-04-20T06:18:37.611Z
2026-04-20T06:18:37.611Z [LOG] [extract_emails.js] starting…
2026-04-20T06:18:42.257Z [LOG] extracted 0 email(s) this run
2026-04-20T06:18:42.556Z [LOG] extraction finished
2026-04-20T06:18:42.565Z [LOG] [extract_emails.js] done
2026-04-20T06:18:42.565Z [LOG] [pipeline #12] new emails extracted: 0
2026-04-20T06:18:42.565Z [LOG] [parse_extracted_emails.js] starting…
2026-04-20T06:18:42.630Z [LOG] parse summary: total=1789, parsed=0, alreadyParsed=1572, missingFields=217, invalidMessageType=0, missingParser=0, parseErrors=0
2026-04-20T06:18:42.637Z [LOG] [parse_extracted_emails.js] done
2026-04-20T06:18:42.637Z [LOG] [pipeline #12] new emails parsed: 0
2026-04-20T06:18:42.637Z [LOG] [pipeline #12] no new data — skipping CSV rebuild and Sheets upload
2026-04-20T08:21:21.113Z [LOG] ────────────────────────────────────────────────────────────
2026-04-20T08:21:21.114Z [LOG] [pipeline #13] 2026-04-20T08:21:21.114Z
2026-04-20T08:21:21.114Z [LOG] [extract_emails.js] starting…
2026-04-20T08:21:26.166Z [LOG] [extract_emails.js] Extracted: INBOX-uid-6995.json
2026-04-20T08:21:25.884Z [LOG] extracted 1 email(s) this run
2026-04-20T08:21:26.157Z [LOG] extraction finished
2026-04-20T08:21:26.166Z [LOG] [extract_emails.js] done
2026-04-20T08:21:26.166Z [LOG] [pipeline #13] new emails extracted: 1
2026-04-20T08:21:26.166Z [LOG] [parse_extracted_emails.js] starting…
2026-04-20T08:21:26.232Z [LOG] parse summary: total=1790, parsed=0, alreadyParsed=1572, missingFields=218, invalidMessageType=0, missingParser=0, parseErrors=0
2026-04-20T08:21:26.239Z [LOG] [parse_extracted_emails.js] done
2026-04-20T08:21:26.239Z [LOG] [pipeline #13] new emails parsed: 0
2026-04-20T08:21:26.239Z [LOG] [build_cfs_csv_mawb.js] starting…
2026-04-20T08:21:26.567Z [LOG] Written 384 rows to CFS_mawb.csv
2026-04-20T08:21:26.571Z [LOG]   Rows with no FFM match (no flight data): 3
2026-04-20T08:21:26.579Z [LOG] [build_cfs_csv_mawb.js] done
2026-04-20T08:21:26.579Z [LOG] [build_cfs_csv_uld.js] starting…
2026-04-20T08:21:26.850Z [LOG] [build_cfs_csv_uld.js] Written 2793 rows to /home/wesleywu9/tolead/NCAParser/server/data/outputs/parsed_tables/CFS_uld.csv
2026-04-20T08:21:26.850Z [LOG] [build_cfs_csv_uld.js]   Rows with no FFM match: 4
2026-04-20T08:21:26.850Z [LOG] [build_cfs_csv_uld.js]   Extra rows from MAWBs split across multiple ULDs: 1010
2026-04-20T08:21:26.850Z [LOG] [build_cfs_csv_uld.js] done
2026-04-20T08:21:26.850Z [LOG] [build_cfs_csv_hawb.js] starting…
2026-04-20T08:21:27.032Z [LOG] Written 746 rows to CFS_hawb.csv
2026-04-20T08:21:27.035Z [LOG]   HAWB rows: 656
2026-04-20T08:21:27.035Z [LOG]   MAWB-only rows: 90
2026-04-20T08:21:27.039Z [LOG] [build_cfs_csv_hawb.js] done
2026-04-20T08:21:27.039Z [LOG] [upload_tables_to_sheets.js] starting…
2026-04-20T08:21:27.097Z [LOG] [mawb] Clearing 'CFS_by_MAWB'!A:AH …
2026-04-20T08:21:27.898Z [LOG] [mawb] Writing 385 rows → 'CFS_by_MAWB'!A1 …
2026-04-20T08:21:31.428Z [LOG] [mawb] Applied sheet formatting and sorting
2026-04-20T08:21:31.428Z [LOG] [mawb] Done — 384 data rows uploaded.
2026-04-20T08:21:31.437Z [LOG] [uld] Clearing 'CFS_by_ULD'!A:AH …
2026-04-20T08:21:31.891Z [LOG] [uld] Writing 2794 rows → 'CFS_by_ULD'!A1 …
2026-04-20T08:21:40.185Z [LOG] [uld] Applied sheet formatting and sorting
2026-04-20T08:21:44.384Z [LOG] [uld] Applied ULD grouping formatting (2492 ULD blocks)
2026-04-20T08:21:44.384Z [LOG] [uld] Done — 2793 data rows uploaded.
2026-04-20T08:21:44.387Z [LOG] [hawb] Clearing 'CFS_by_HAWB'!A:AH …
2026-04-20T08:21:44.997Z [LOG] [hawb] Writing 747 rows → 'CFS_by_HAWB'!A1 …
2026-04-20T08:21:48.274Z [LOG] [hawb] Applied sheet formatting and sorting
2026-04-20T08:21:50.150Z [LOG] [hawb] Applied MAWB grouping formatting (385 MAWB blocks)
2026-04-20T08:21:50.150Z [LOG] [hawb] Done — 746 data rows uploaded.
2026-04-20T08:21:50.158Z [LOG] [upload_tables_to_sheets.js] done
2026-04-20T08:21:50.158Z [LOG] [pipeline #13] pipeline complete
2026-04-20T08:31:21.117Z [LOG] ────────────────────────────────────────────────────────────
2026-04-20T08:31:21.118Z [LOG] [pipeline #14] 2026-04-20T08:31:21.118Z
2026-04-20T08:31:21.118Z [LOG] [extract_emails.js] starting…
2026-04-20T08:31:25.093Z [LOG] extracted 0 email(s) this run
2026-04-20T08:31:25.390Z [LOG] extraction finished
2026-04-20T08:31:25.398Z [LOG] [extract_emails.js] done
2026-04-20T08:31:25.398Z [LOG] [pipeline #14] new emails extracted: 0
2026-04-20T08:31:25.398Z [LOG] [parse_extracted_emails.js] starting…
2026-04-20T08:31:25.452Z [LOG] parse summary: total=1790, parsed=0, alreadyParsed=1572, missingFields=218, invalidMessageType=0, missingParser=0, parseErrors=0
2026-04-20T08:31:25.456Z [LOG] [parse_extracted_emails.js] done
2026-04-20T08:31:25.456Z [LOG] [pipeline #14] new emails parsed: 0
2026-04-20T08:31:25.456Z [LOG] [pipeline #14] no new data — skipping CSV rebuild and Sheets upload
2026-04-20T08:41:21.121Z [LOG] ────────────────────────────────────────────────────────────
2026-04-20T08:41:21.121Z [LOG] [pipeline #15] 2026-04-20T08:41:21.121Z
2026-04-20T08:41:21.121Z [LOG] [extract_emails.js] starting…
2026-04-20T08:41:25.352Z [LOG] extracted 0 email(s) this run
2026-04-20T08:41:25.651Z [LOG] extraction finished
2026-04-20T08:41:25.659Z [LOG] [extract_emails.js] done
2026-04-20T08:41:25.659Z [LOG] [pipeline #15] new emails extracted: 0
2026-04-20T08:41:25.659Z [LOG] [parse_extracted_emails.js] starting…
2026-04-20T08:41:25.719Z [LOG] parse summary: total=1790, parsed=0, alreadyParsed=1572, missingFields=218, invalidMessageType=0, missingParser=0, parseErrors=0
2026-04-20T08:41:25.723Z [LOG] [parse_extracted_emails.js] done
2026-04-20T08:41:25.723Z [LOG] [pipeline #15] new emails parsed: 0
2026-04-20T08:41:25.723Z [LOG] [pipeline #15] no new data — skipping CSV rebuild and Sheets upload
2026-04-20T08:51:21.735Z [LOG] ────────────────────────────────────────────────────────────
2026-04-20T08:51:21.735Z [LOG] [pipeline #16] 2026-04-20T08:51:21.735Z
2026-04-20T08:51:21.735Z [LOG] [extract_emails.js] starting…
2026-04-20T08:51:25.953Z [LOG] extracted 0 email(s) this run
2026-04-20T08:51:26.251Z [LOG] extraction finished
2026-04-20T08:51:26.259Z [LOG] [extract_emails.js] done
2026-04-20T08:51:26.259Z [LOG] [pipeline #16] new emails extracted: 0
2026-04-20T08:51:26.259Z [LOG] [parse_extracted_emails.js] starting…
2026-04-20T08:51:26.312Z [LOG] parse summary: total=1790, parsed=0, alreadyParsed=1572, missingFields=218, invalidMessageType=0, missingParser=0, parseErrors=0
2026-04-20T08:51:26.316Z [LOG] [parse_extracted_emails.js] done
2026-04-20T08:51:26.317Z [LOG] [pipeline #16] new emails parsed: 0
2026-04-20T08:51:26.317Z [LOG] [pipeline #16] no new data — skipping CSV rebuild and Sheets upload
2026-04-20T09:01:21.739Z [LOG] ────────────────────────────────────────────────────────────
2026-04-20T09:01:21.739Z [LOG] [pipeline #17] 2026-04-20T09:01:21.739Z
2026-04-20T09:01:21.739Z [LOG] [extract_emails.js] starting…
2026-04-20T09:01:25.767Z [LOG] extracted 0 email(s) this run
2026-04-20T09:01:26.101Z [LOG] extraction finished
2026-04-20T09:01:26.109Z [LOG] [extract_emails.js] done
2026-04-20T09:01:26.109Z [LOG] [pipeline #17] new emails extracted: 0
2026-04-20T09:01:26.109Z [LOG] [parse_extracted_emails.js] starting…
2026-04-20T09:01:26.162Z [LOG] parse summary: total=1790, parsed=0, alreadyParsed=1572, missingFields=218, invalidMessageType=0, missingParser=0, parseErrors=0
2026-04-20T09:01:26.167Z [LOG] [parse_extracted_emails.js] done
2026-04-20T09:01:26.167Z [LOG] [pipeline #17] new emails parsed: 0
2026-04-20T09:01:26.167Z [LOG] [pipeline #17] no new data — skipping CSV rebuild and Sheets upload
2026-04-20T09:11:21.744Z [LOG] ────────────────────────────────────────────────────────────
2026-04-20T09:11:21.745Z [LOG] [pipeline #18] 2026-04-20T09:11:21.745Z
2026-04-20T09:11:21.745Z [LOG] [extract_emails.js] starting…
2026-04-20T09:11:26.129Z [LOG] extracted 0 email(s) this run
2026-04-20T09:11:26.427Z [LOG] extraction finished
2026-04-20T09:11:26.434Z [LOG] [extract_emails.js] done
2026-04-20T09:11:26.440Z [LOG] [pipeline #18] new emails extracted: 0
2026-04-20T09:11:26.441Z [LOG] [parse_extracted_emails.js] starting…
2026-04-20T09:11:26.496Z [LOG] parse summary: total=1790, parsed=0, alreadyParsed=1572, missingFields=218, invalidMessageType=0, missingParser=0, parseErrors=0
2026-04-20T09:11:26.501Z [LOG] [parse_extracted_emails.js] done
2026-04-20T09:11:26.501Z [LOG] [pipeline #18] new emails parsed: 0
2026-04-20T09:11:26.501Z [LOG] [pipeline #18] no new data — skipping CSV rebuild and Sheets upload
2026-04-20T09:21:21.749Z [LOG] ────────────────────────────────────────────────────────────
2026-04-20T09:21:21.749Z [LOG] [pipeline #19] 2026-04-20T09:21:21.749Z
2026-04-20T09:21:21.749Z [LOG] [extract_emails.js] starting…
2026-04-20T09:21:25.694Z [LOG] extracted 0 email(s) this run
2026-04-20T09:21:25.993Z [LOG] extraction finished
2026-04-20T09:21:26.000Z [LOG] [extract_emails.js] done
2026-04-20T09:21:26.006Z [LOG] [pipeline #19] new emails extracted: 0
2026-04-20T09:21:26.006Z [LOG] [parse_extracted_emails.js] starting…
2026-04-20T09:21:26.062Z [LOG] parse summary: total=1790, parsed=0, alreadyParsed=1572, missingFields=218, invalidMessageType=0, missingParser=0, parseErrors=0
2026-04-20T09:21:26.066Z [LOG] [parse_extracted_emails.js] done
2026-04-20T09:21:26.066Z [LOG] [pipeline #19] new emails parsed: 0
2026-04-20T09:21:26.066Z [LOG] [pipeline #19] no new data — skipping CSV rebuild and Sheets upload
2026-04-20T09:31:21.754Z [LOG] ────────────────────────────────────────────────────────────
2026-04-20T09:31:21.754Z [LOG] [pipeline #20] 2026-04-20T09:31:21.754Z
2026-04-20T09:31:21.754Z [LOG] [extract_emails.js] starting…
2026-04-20T09:31:26.055Z [LOG] extracted 0 email(s) this run
2026-04-20T09:31:26.352Z [LOG] extraction finished
2026-04-20T09:31:26.359Z [LOG] [extract_emails.js] done
2026-04-20T09:31:26.359Z [LOG] [pipeline #20] new emails extracted: 0
2026-04-20T09:31:26.359Z [LOG] [parse_extracted_emails.js] starting…
2026-04-20T09:31:26.411Z [LOG] parse summary: total=1790, parsed=0, alreadyParsed=1572, missingFields=218, invalidMessageType=0, missingParser=0, parseErrors=0
2026-04-20T09:31:26.417Z [LOG] [parse_extracted_emails.js] done
2026-04-20T09:31:26.417Z [LOG] [pipeline #20] new emails parsed: 0
2026-04-20T09:31:26.417Z [LOG] [pipeline #20] no new data — skipping CSV rebuild and Sheets upload
2026-04-20T09:41:21.758Z [LOG] ────────────────────────────────────────────────────────────
2026-04-20T09:41:21.758Z [LOG] [pipeline #21] 2026-04-20T09:41:21.758Z
2026-04-20T09:41:21.758Z [LOG] [extract_emails.js] starting…
2026-04-20T09:41:25.938Z [LOG] extracted 0 email(s) this run
2026-04-20T09:41:26.236Z [LOG] extraction finished
2026-04-20T09:41:26.243Z [LOG] [extract_emails.js] done
2026-04-20T09:41:26.244Z [LOG] [pipeline #21] new emails extracted: 0
2026-04-20T09:41:26.244Z [LOG] [parse_extracted_emails.js] starting…
2026-04-20T09:41:26.298Z [LOG] parse summary: total=1790, parsed=0, alreadyParsed=1572, missingFields=218, invalidMessageType=0, missingParser=0, parseErrors=0
2026-04-20T09:41:26.304Z [LOG] [parse_extracted_emails.js] done
2026-04-20T09:41:26.304Z [LOG] [pipeline #21] new emails parsed: 0
2026-04-20T09:41:26.304Z [LOG] [pipeline #21] no new data — skipping CSV rebuild and Sheets upload
2026-04-20T09:51:21.761Z [LOG] ────────────────────────────────────────────────────────────
2026-04-20T09:51:21.762Z [LOG] [pipeline #22] 2026-04-20T09:51:21.762Z
2026-04-20T09:51:21.762Z [LOG] [extract_emails.js] starting…
2026-04-20T09:51:25.915Z [LOG] extracted 0 email(s) this run
2026-04-20T09:51:26.213Z [LOG] extraction finished
2026-04-20T09:51:26.220Z [LOG] [extract_emails.js] done
2026-04-20T09:51:26.226Z [LOG] [pipeline #22] new emails extracted: 0
2026-04-20T09:51:26.226Z [LOG] [parse_extracted_emails.js] starting…
2026-04-20T09:51:26.281Z [LOG] parse summary: total=1790, parsed=0, alreadyParsed=1572, missingFields=218, invalidMessageType=0, missingParser=0, parseErrors=0
2026-04-20T09:51:26.286Z [LOG] [parse_extracted_emails.js] done
2026-04-20T09:51:26.286Z [LOG] [pipeline #22] new emails parsed: 0
2026-04-20T09:51:26.286Z [LOG] [pipeline #22] no new data — skipping CSV rebuild and Sheets upload
2026-04-20T10:01:21.764Z [LOG] ────────────────────────────────────────────────────────────
2026-04-20T10:01:21.764Z [LOG] [pipeline #23] 2026-04-20T10:01:21.764Z
2026-04-20T10:01:21.764Z [LOG] [extract_emails.js] starting…
2026-04-20T10:01:25.878Z [LOG] extracted 0 email(s) this run
2026-04-20T10:01:26.175Z [LOG] extraction finished
2026-04-20T10:01:26.183Z [LOG] [extract_emails.js] done
2026-04-20T10:01:26.183Z [LOG] [pipeline #23] new emails extracted: 0
2026-04-20T10:01:26.183Z [LOG] [parse_extracted_emails.js] starting…
2026-04-20T10:01:26.240Z [LOG] parse summary: total=1790, parsed=0, alreadyParsed=1572, missingFields=218, invalidMessageType=0, missingParser=0, parseErrors=0
2026-04-20T10:01:26.245Z [LOG] [parse_extracted_emails.js] done
2026-04-20T10:01:26.245Z [LOG] [pipeline #23] new emails parsed: 0
2026-04-20T10:01:26.245Z [LOG] [pipeline #23] no new data — skipping CSV rebuild and Sheets upload
2026-04-20T10:11:21.768Z [LOG] ────────────────────────────────────────────────────────────
2026-04-20T10:11:21.768Z [LOG] [pipeline #24] 2026-04-20T10:11:21.768Z
2026-04-20T10:11:21.768Z [LOG] [extract_emails.js] starting…
2026-04-20T10:11:25.765Z [LOG] extracted 0 email(s) this run
2026-04-20T10:11:26.034Z [LOG] extraction finished
2026-04-20T10:11:26.042Z [LOG] [extract_emails.js] done
2026-04-20T10:11:26.042Z [LOG] [pipeline #24] new emails extracted: 0
2026-04-20T10:11:26.042Z [LOG] [parse_extracted_emails.js] starting…
2026-04-20T10:11:26.103Z [LOG] parse summary: total=1790, parsed=0, alreadyParsed=1572, missingFields=218, invalidMessageType=0, missingParser=0, parseErrors=0
2026-04-20T10:11:26.108Z [LOG] [parse_extracted_emails.js] done
2026-04-20T10:11:26.108Z [LOG] [pipeline #24] new emails parsed: 0
2026-04-20T10:11:26.108Z [LOG] [pipeline #24] no new data — skipping CSV rebuild and Sheets upload
2026-04-20T10:21:21.773Z [LOG] ────────────────────────────────────────────────────────────
2026-04-20T10:21:21.773Z [LOG] [pipeline #25] 2026-04-20T10:21:21.773Z
2026-04-20T10:21:21.773Z [LOG] [extract_emails.js] starting…
2026-04-20T10:21:25.901Z [LOG] extracted 0 email(s) this run
2026-04-20T10:21:26.197Z [LOG] extraction finished
2026-04-20T10:21:26.205Z [LOG] [extract_emails.js] done
2026-04-20T10:21:26.205Z [LOG] [pipeline #25] new emails extracted: 0
2026-04-20T10:21:26.205Z [LOG] [parse_extracted_emails.js] starting…
2026-04-20T10:21:26.264Z [LOG] parse summary: total=1790, parsed=0, alreadyParsed=1572, missingFields=218, invalidMessageType=0, missingParser=0, parseErrors=0
2026-04-20T10:21:26.269Z [LOG] [parse_extracted_emails.js] done
2026-04-20T10:21:26.269Z [LOG] [pipeline #25] new emails parsed: 0
2026-04-20T10:21:26.269Z [LOG] [pipeline #25] no new data — skipping CSV rebuild and Sheets upload
2026-04-20T10:31:21.777Z [LOG] ────────────────────────────────────────────────────────────
2026-04-20T10:31:21.777Z [LOG] [pipeline #26] 2026-04-20T10:31:21.777Z
2026-04-20T10:31:21.777Z [LOG] [extract_emails.js] starting…
2026-04-20T10:31:25.876Z [LOG] extracted 0 email(s) this run
2026-04-20T10:31:26.174Z [LOG] extraction finished
2026-04-20T10:31:26.182Z [LOG] [extract_emails.js] done
2026-04-20T10:31:26.188Z [LOG] [pipeline #26] new emails extracted: 0
2026-04-20T10:31:26.188Z [LOG] [parse_extracted_emails.js] starting…
2026-04-20T10:31:26.243Z [LOG] parse summary: total=1790, parsed=0, alreadyParsed=1572, missingFields=218, invalidMessageType=0, missingParser=0, parseErrors=0
2026-04-20T10:31:26.247Z [LOG] [parse_extracted_emails.js] done
2026-04-20T10:31:26.247Z [LOG] [pipeline #26] new emails parsed: 0
2026-04-20T10:31:26.247Z [LOG] [pipeline #26] no new data — skipping CSV rebuild and Sheets upload
2026-04-20T10:41:21.781Z [LOG] ────────────────────────────────────────────────────────────
2026-04-20T10:41:21.781Z [LOG] [pipeline #27] 2026-04-20T10:41:21.781Z
2026-04-20T10:41:21.781Z [LOG] [extract_emails.js] starting…
2026-04-20T10:41:26.073Z [LOG] extracted 0 email(s) this run
2026-04-20T10:41:26.369Z [LOG] extraction finished
2026-04-20T10:41:26.377Z [LOG] [extract_emails.js] done
2026-04-20T10:41:26.382Z [LOG] [pipeline #27] new emails extracted: 0
2026-04-20T10:41:26.382Z [LOG] [parse_extracted_emails.js] starting…
2026-04-20T10:41:26.443Z [LOG] parse summary: total=1790, parsed=0, alreadyParsed=1572, missingFields=218, invalidMessageType=0, missingParser=0, parseErrors=0
2026-04-20T10:41:26.447Z [LOG] [parse_extracted_emails.js] done
2026-04-20T10:41:26.447Z [LOG] [pipeline #27] new emails parsed: 0
2026-04-20T10:41:26.447Z [LOG] [pipeline #27] no new data — skipping CSV rebuild and Sheets upload
2026-04-20T10:51:21.785Z [LOG] ────────────────────────────────────────────────────────────
2026-04-20T10:51:21.785Z [LOG] [pipeline #28] 2026-04-20T10:51:21.785Z
2026-04-20T10:51:21.785Z [LOG] [extract_emails.js] starting…
2026-04-20T10:51:26.250Z [LOG] extracted 0 email(s) this run
2026-04-20T10:51:26.548Z [LOG] extraction finished
2026-04-20T10:51:26.556Z [LOG] [extract_emails.js] done
2026-04-20T10:51:26.556Z [LOG] [pipeline #28] new emails extracted: 0
2026-04-20T10:51:26.556Z [LOG] [parse_extracted_emails.js] starting…
2026-04-20T10:51:26.615Z [LOG] parse summary: total=1790, parsed=0, alreadyParsed=1572, missingFields=218, invalidMessageType=0, missingParser=0, parseErrors=0
2026-04-20T10:51:26.619Z [LOG] [parse_extracted_emails.js] done
2026-04-20T10:51:26.619Z [LOG] [pipeline #28] new emails parsed: 0
2026-04-20T10:51:26.619Z [LOG] [pipeline #28] no new data — skipping CSV rebuild and Sheets upload
2026-04-20T11:01:21.788Z [LOG] ────────────────────────────────────────────────────────────
2026-04-20T11:01:21.789Z [LOG] [pipeline #29] 2026-04-20T11:01:21.789Z
2026-04-20T11:01:21.789Z [LOG] [extract_emails.js] starting…
2026-04-20T11:01:26.013Z [LOG] extracted 0 email(s) this run
2026-04-20T11:01:26.311Z [LOG] extraction finished
2026-04-20T11:01:26.318Z [LOG] [extract_emails.js] done
2026-04-20T11:01:26.318Z [LOG] [pipeline #29] new emails extracted: 0
2026-04-20T11:01:26.318Z [LOG] [parse_extracted_emails.js] starting…
2026-04-20T11:01:26.377Z [LOG] parse summary: total=1790, parsed=0, alreadyParsed=1572, missingFields=218, invalidMessageType=0, missingParser=0, parseErrors=0
2026-04-20T11:01:26.381Z [LOG] [parse_extracted_emails.js] done
2026-04-20T11:01:26.381Z [LOG] [pipeline #29] new emails parsed: 0
2026-04-20T11:01:26.381Z [LOG] [pipeline #29] no new data — skipping CSV rebuild and Sheets upload
2026-04-20T11:11:21.790Z [LOG] ────────────────────────────────────────────────────────────
2026-04-20T11:11:21.790Z [LOG] [pipeline #30] 2026-04-20T11:11:21.790Z
2026-04-20T11:11:21.790Z [LOG] [extract_emails.js] starting…
2026-04-20T11:11:25.648Z [LOG] extracted 0 email(s) this run
2026-04-20T11:11:25.945Z [LOG] extraction finished
2026-04-20T11:11:25.953Z [LOG] [extract_emails.js] done
2026-04-20T11:11:25.953Z [LOG] [pipeline #30] new emails extracted: 0
2026-04-20T11:11:25.953Z [LOG] [parse_extracted_emails.js] starting…
2026-04-20T11:11:26.009Z [LOG] parse summary: total=1790, parsed=0, alreadyParsed=1572, missingFields=218, invalidMessageType=0, missingParser=0, parseErrors=0
2026-04-20T11:11:26.015Z [LOG] [parse_extracted_emails.js] done
2026-04-20T11:11:26.015Z [LOG] [pipeline #30] new emails parsed: 0
2026-04-20T11:11:26.015Z [LOG] [pipeline #30] no new data — skipping CSV rebuild and Sheets upload
2026-04-20T11:21:21.795Z [LOG] ────────────────────────────────────────────────────────────
2026-04-20T11:21:21.795Z [LOG] [pipeline #31] 2026-04-20T11:21:21.795Z
2026-04-20T11:21:21.795Z [LOG] [extract_emails.js] starting…
2026-04-20T11:21:25.705Z [LOG] extracted 0 email(s) this run
2026-04-20T11:21:26.001Z [LOG] extraction finished
2026-04-20T11:21:26.009Z [LOG] [extract_emails.js] done
2026-04-20T11:21:26.009Z [LOG] [pipeline #31] new emails extracted: 0
2026-04-20T11:21:26.009Z [LOG] [parse_extracted_emails.js] starting…
2026-04-20T11:21:26.067Z [LOG] parse summary: total=1790, parsed=0, alreadyParsed=1572, missingFields=218, invalidMessageType=0, missingParser=0, parseErrors=0
2026-04-20T11:21:26.072Z [LOG] [parse_extracted_emails.js] done
2026-04-20T11:21:26.072Z [LOG] [pipeline #31] new emails parsed: 0
2026-04-20T11:21:26.072Z [LOG] [pipeline #31] no new data — skipping CSV rebuild and Sheets upload
2026-04-20T11:31:21.800Z [LOG] ────────────────────────────────────────────────────────────
2026-04-20T11:31:21.801Z [LOG] [pipeline #32] 2026-04-20T11:31:21.801Z
2026-04-20T11:31:21.801Z [LOG] [extract_emails.js] starting…
2026-04-20T11:31:25.867Z [LOG] extracted 0 email(s) this run
2026-04-20T11:31:26.163Z [LOG] extraction finished
2026-04-20T11:31:26.171Z [LOG] [extract_emails.js] done
2026-04-20T11:31:26.171Z [LOG] [pipeline #32] new emails extracted: 0
2026-04-20T11:31:26.171Z [LOG] [parse_extracted_emails.js] starting…
2026-04-20T11:31:26.223Z [LOG] parse summary: total=1790, parsed=0, alreadyParsed=1572, missingFields=218, invalidMessageType=0, missingParser=0, parseErrors=0
2026-04-20T11:31:26.229Z [LOG] [parse_extracted_emails.js] done
2026-04-20T11:31:26.229Z [LOG] [pipeline #32] new emails parsed: 0
2026-04-20T11:31:26.229Z [LOG] [pipeline #32] no new data — skipping CSV rebuild and Sheets upload
2026-04-20T11:41:21.804Z [LOG] ────────────────────────────────────────────────────────────
2026-04-20T11:41:21.805Z [LOG] [pipeline #33] 2026-04-20T11:41:21.805Z
2026-04-20T11:41:21.805Z [LOG] [extract_emails.js] starting…
2026-04-20T11:41:25.766Z [LOG] extracted 0 email(s) this run
2026-04-20T11:41:26.024Z [LOG] extraction finished
2026-04-20T11:41:26.031Z [LOG] [extract_emails.js] done
2026-04-20T11:41:26.031Z [LOG] [pipeline #33] new emails extracted: 0
2026-04-20T11:41:26.031Z [LOG] [parse_extracted_emails.js] starting…
2026-04-20T11:41:26.083Z [LOG] parse summary: total=1790, parsed=0, alreadyParsed=1572, missingFields=218, invalidMessageType=0, missingParser=0, parseErrors=0
2026-04-20T11:41:26.089Z [LOG] [parse_extracted_emails.js] done
2026-04-20T11:41:26.090Z [LOG] [pipeline #33] new emails parsed: 0
2026-04-20T11:41:26.090Z [LOG] [pipeline #33] no new data — skipping CSV rebuild and Sheets upload
2026-04-20T11:51:21.807Z [LOG] ────────────────────────────────────────────────────────────
2026-04-20T11:51:21.808Z [LOG] [pipeline #34] 2026-04-20T11:51:21.808Z
2026-04-20T11:51:21.808Z [LOG] [extract_emails.js] starting…
2026-04-20T11:51:27.012Z [LOG] [extract_emails.js] Extracted: INBOX-uid-6996.json
2026-04-20T11:51:26.716Z [LOG] extracted 1 email(s) this run
2026-04-20T11:51:27.004Z [LOG] extraction finished
2026-04-20T11:51:27.012Z [LOG] [extract_emails.js] done
2026-04-20T11:51:27.012Z [LOG] [pipeline #34] new emails extracted: 1
2026-04-20T11:51:27.012Z [LOG] [parse_extracted_emails.js] starting…
2026-04-20T11:51:27.091Z [LOG] [parse_extracted_emails.js] Parsed: parsed-INBOX-uid-6996.json
2026-04-20T11:51:27.088Z [LOG] parse summary: total=1791, parsed=1, alreadyParsed=1572, missingFields=218, invalidMessageType=0, missingParser=0, parseErrors=0
2026-04-20T11:51:27.091Z [LOG] [parse_extracted_emails.js] done
2026-04-20T11:51:27.091Z [LOG] [pipeline #34] new emails parsed: 1
2026-04-20T11:51:27.091Z [LOG] [build_cfs_csv_mawb.js] starting…
2026-04-20T11:51:27.328Z [LOG] Written 385 rows to CFS_mawb.csv
2026-04-20T11:51:27.330Z [LOG]   Rows with no FFM match (no flight data): 4
2026-04-20T11:51:27.335Z [LOG] [build_cfs_csv_mawb.js] done
2026-04-20T11:51:27.335Z [LOG] [build_cfs_csv_uld.js] starting…
2026-04-20T11:51:27.584Z [LOG] [build_cfs_csv_uld.js] Written 2794 rows to /home/wesleywu9/tolead/NCAParser/server/data/outputs/parsed_tables/CFS_uld.csv
2026-04-20T11:51:27.584Z [LOG] [build_cfs_csv_uld.js]   Rows with no FFM match: 5
2026-04-20T11:51:27.584Z [LOG] [build_cfs_csv_uld.js]   Extra rows from MAWBs split across multiple ULDs: 1010
2026-04-20T11:51:27.584Z [LOG] [build_cfs_csv_uld.js] done
2026-04-20T11:51:27.584Z [LOG] [build_cfs_csv_hawb.js] starting…
2026-04-20T11:51:27.754Z [LOG] Written 747 rows to CFS_hawb.csv
2026-04-20T11:51:27.756Z [LOG]   HAWB rows: 656
2026-04-20T11:51:27.756Z [LOG]   MAWB-only rows: 91
2026-04-20T11:51:27.760Z [LOG] [build_cfs_csv_hawb.js] done
2026-04-20T11:51:27.760Z [LOG] [upload_tables_to_sheets.js] starting…
2026-04-20T11:51:27.824Z [LOG] [mawb] Clearing 'CFS_by_MAWB'!A:AH …
2026-04-20T11:51:29.668Z [LOG] [mawb] Writing 386 rows → 'CFS_by_MAWB'!A1 …
2026-04-20T11:51:32.846Z [LOG] [mawb] Applied sheet formatting and sorting
2026-04-20T11:51:32.846Z [LOG] [mawb] Done — 385 data rows uploaded.
2026-04-20T11:51:32.853Z [LOG] [uld] Clearing 'CFS_by_ULD'!A:AH …
2026-04-20T11:51:33.354Z [LOG] [uld] Writing 2795 rows → 'CFS_by_ULD'!A1 …
2026-04-20T11:51:46.359Z [LOG] [uld] Applied sheet formatting and sorting
2026-04-20T11:51:53.937Z [LOG] [uld] Applied ULD grouping formatting (2492 ULD blocks)
2026-04-20T11:51:53.937Z [LOG] [uld] Done — 2794 data rows uploaded.
2026-04-20T11:51:53.940Z [LOG] [hawb] Clearing 'CFS_by_HAWB'!A:AH …
2026-04-20T11:51:54.550Z [LOG] [hawb] Writing 748 rows → 'CFS_by_HAWB'!A1 …
2026-04-20T11:52:00.489Z [LOG] [hawb] Applied sheet formatting and sorting
2026-04-20T11:52:03.459Z [LOG] [hawb] Applied MAWB grouping formatting (386 MAWB blocks)
2026-04-20T11:52:03.459Z [LOG] [hawb] Done — 747 data rows uploaded.
2026-04-20T11:52:03.468Z [LOG] [upload_tables_to_sheets.js] done
2026-04-20T11:52:03.468Z [LOG] [pipeline #34] pipeline complete
2026-04-20T12:01:21.812Z [LOG] ────────────────────────────────────────────────────────────
2026-04-20T12:01:21.813Z [LOG] [pipeline #35] 2026-04-20T12:01:21.813Z
2026-04-20T12:01:21.813Z [LOG] [extract_emails.js] starting…
2026-04-20T12:01:25.951Z [LOG] extracted 0 email(s) this run
2026-04-20T12:01:26.248Z [LOG] extraction finished
2026-04-20T12:01:26.256Z [LOG] [extract_emails.js] done
2026-04-20T12:01:26.256Z [LOG] [pipeline #35] new emails extracted: 0
2026-04-20T12:01:26.256Z [LOG] [parse_extracted_emails.js] starting…
2026-04-20T12:01:26.317Z [LOG] parse summary: total=1791, parsed=0, alreadyParsed=1573, missingFields=218, invalidMessageType=0, missingParser=0, parseErrors=0
2026-04-20T12:01:26.321Z [LOG] [parse_extracted_emails.js] done
2026-04-20T12:01:26.322Z [LOG] [pipeline #35] new emails parsed: 0
2026-04-20T12:01:26.322Z [LOG] [pipeline #35] no new data — skipping CSV rebuild and Sheets upload
2026-04-20T12:11:21.816Z [LOG] ────────────────────────────────────────────────────────────
2026-04-20T12:11:21.816Z [LOG] [pipeline #36] 2026-04-20T12:11:21.816Z
2026-04-20T12:11:21.816Z [LOG] [extract_emails.js] starting…
2026-04-20T12:11:26.018Z [LOG] extracted 0 email(s) this run
2026-04-20T12:11:26.315Z [LOG] extraction finished
2026-04-20T12:11:26.323Z [LOG] [extract_emails.js] done
2026-04-20T12:11:26.323Z [LOG] [pipeline #36] new emails extracted: 0
2026-04-20T12:11:26.323Z [LOG] [parse_extracted_emails.js] starting…
2026-04-20T12:11:26.393Z [LOG] parse summary: total=1791, parsed=0, alreadyParsed=1573, missingFields=218, invalidMessageType=0, missingParser=0, parseErrors=0
2026-04-20T12:11:26.397Z [LOG] [parse_extracted_emails.js] done
2026-04-20T12:11:26.397Z [LOG] [pipeline #36] new emails parsed: 0
2026-04-20T12:11:26.397Z [LOG] [pipeline #36] no new data — skipping CSV rebuild and Sheets upload
2026-04-20T12:21:21.819Z [LOG] ────────────────────────────────────────────────────────────
2026-04-20T12:21:21.819Z [LOG] [pipeline #37] 2026-04-20T12:21:21.819Z
2026-04-20T12:21:21.819Z [LOG] [extract_emails.js] starting…
2026-04-20T12:21:26.112Z [LOG] extracted 0 email(s) this run
2026-04-20T12:21:26.411Z [LOG] extraction finished
2026-04-20T12:21:26.419Z [LOG] [extract_emails.js] done
2026-04-20T12:21:26.419Z [LOG] [pipeline #37] new emails extracted: 0
2026-04-20T12:21:26.419Z [LOG] [parse_extracted_emails.js] starting…
2026-04-20T12:21:26.470Z [LOG] parse summary: total=1791, parsed=0, alreadyParsed=1573, missingFields=218, invalidMessageType=0, missingParser=0, parseErrors=0
2026-04-20T12:21:26.475Z [LOG] [parse_extracted_emails.js] done
2026-04-20T12:21:26.475Z [LOG] [pipeline #37] new emails parsed: 0
2026-04-20T12:21:26.475Z [LOG] [pipeline #37] no new data — skipping CSV rebuild and Sheets upload
2026-04-20T12:31:21.820Z [LOG] ────────────────────────────────────────────────────────────
2026-04-20T12:31:21.821Z [LOG] [pipeline #38] 2026-04-20T12:31:21.821Z
2026-04-20T12:31:21.821Z [LOG] [extract_emails.js] starting…
2026-04-20T12:31:26.190Z [LOG] extracted 0 email(s) this run
2026-04-20T12:31:26.488Z [LOG] extraction finished
2026-04-20T12:31:26.495Z [LOG] [extract_emails.js] done
2026-04-20T12:31:26.495Z [LOG] [pipeline #38] new emails extracted: 0
2026-04-20T12:31:26.495Z [LOG] [parse_extracted_emails.js] starting…
2026-04-20T12:31:26.553Z [LOG] parse summary: total=1791, parsed=0, alreadyParsed=1573, missingFields=218, invalidMessageType=0, missingParser=0, parseErrors=0
2026-04-20T12:31:26.558Z [LOG] [parse_extracted_emails.js] done
2026-04-20T12:31:26.558Z [LOG] [pipeline #38] new emails parsed: 0
2026-04-20T12:31:26.558Z [LOG] [pipeline #38] no new data — skipping CSV rebuild and Sheets upload
2026-04-20T12:41:21.824Z [LOG] ────────────────────────────────────────────────────────────
2026-04-20T12:41:21.824Z [LOG] [pipeline #39] 2026-04-20T12:41:21.824Z
2026-04-20T12:41:21.824Z [LOG] [extract_emails.js] starting…
2026-04-20T12:41:27.897Z [LOG] [extract_emails.js] Extracted: INBOX-uid-6997.json
2026-04-20T12:41:26.381Z [LOG] extracted 1 email(s) this run
2026-04-20T12:41:27.889Z [LOG] extraction finished
2026-04-20T12:41:27.897Z [LOG] [extract_emails.js] done
2026-04-20T12:41:27.897Z [LOG] [pipeline #39] new emails extracted: 1
2026-04-20T12:41:27.897Z [LOG] [parse_extracted_emails.js] starting…
2026-04-20T12:41:27.948Z [LOG] parse summary: total=1792, parsed=0, alreadyParsed=1573, missingFields=219, invalidMessageType=0, missingParser=0, parseErrors=0
2026-04-20T12:41:27.954Z [LOG] [parse_extracted_emails.js] done
2026-04-20T12:41:27.954Z [LOG] [pipeline #39] new emails parsed: 0
2026-04-20T12:41:27.954Z [LOG] [build_cfs_csv_mawb.js] starting…
2026-04-20T12:41:28.191Z [LOG] Written 385 rows to CFS_mawb.csv
2026-04-20T12:41:28.194Z [LOG]   Rows with no FFM match (no flight data): 4
2026-04-20T12:41:28.199Z [LOG] [build_cfs_csv_mawb.js] done
2026-04-20T12:41:28.199Z [LOG] [build_cfs_csv_uld.js] starting…
2026-04-20T12:41:28.460Z [LOG] [build_cfs_csv_uld.js] Written 2794 rows to /home/wesleywu9/tolead/NCAParser/server/data/outputs/parsed_tables/CFS_uld.csv
2026-04-20T12:41:28.461Z [LOG] [build_cfs_csv_uld.js]   Rows with no FFM match: 5
2026-04-20T12:41:28.461Z [LOG] [build_cfs_csv_uld.js]   Extra rows from MAWBs split across multiple ULDs: 1010
2026-04-20T12:41:28.461Z [LOG] [build_cfs_csv_uld.js] done
2026-04-20T12:41:28.461Z [LOG] [build_cfs_csv_hawb.js] starting…
2026-04-20T12:41:28.638Z [LOG] Written 747 rows to CFS_hawb.csv
2026-04-20T12:41:28.641Z [LOG]   HAWB rows: 656
2026-04-20T12:41:28.641Z [LOG]   MAWB-only rows: 91
2026-04-20T12:41:28.644Z [LOG] [build_cfs_csv_hawb.js] done
2026-04-20T12:41:28.644Z [LOG] [upload_tables_to_sheets.js] starting…
2026-04-20T12:41:28.702Z [LOG] [mawb] Clearing 'CFS_by_MAWB'!A:AH …
2026-04-20T12:41:31.174Z [LOG] [mawb] Writing 386 rows → 'CFS_by_MAWB'!A1 …
2026-04-20T12:41:37.931Z [LOG] [mawb] Applied sheet formatting and sorting
2026-04-20T12:41:37.931Z [LOG] [mawb] Done — 385 data rows uploaded.
2026-04-20T12:41:37.939Z [LOG] [uld] Clearing 'CFS_by_ULD'!A:AH …
2026-04-20T12:41:38.746Z [LOG] [uld] Writing 2795 rows → 'CFS_by_ULD'!A1 …
2026-04-20T12:42:04.858Z [LOG] [uld] Applied sheet formatting and sorting
2026-04-20T12:42:15.507Z [LOG] [uld] Applied ULD grouping formatting (2492 ULD blocks)
2026-04-20T12:42:15.507Z [LOG] [uld] Done — 2794 data rows uploaded.
2026-04-20T12:42:15.510Z [LOG] [hawb] Clearing 'CFS_by_HAWB'!A:AH …
2026-04-20T12:42:16.224Z [LOG] [hawb] Writing 748 rows → 'CFS_by_HAWB'!A1 …
2026-04-20T12:42:22.276Z [LOG] [hawb] Applied sheet formatting and sorting
2026-04-20T12:42:24.952Z [LOG] [hawb] Applied MAWB grouping formatting (386 MAWB blocks)
2026-04-20T12:42:24.952Z [LOG] [hawb] Done — 747 data rows uploaded.
2026-04-20T12:42:24.960Z [LOG] [upload_tables_to_sheets.js] done
2026-04-20T12:42:24.960Z [LOG] [pipeline #39] pipeline complete
2026-04-20T12:51:21.826Z [LOG] ────────────────────────────────────────────────────────────
2026-04-20T12:51:21.826Z [LOG] [pipeline #40] 2026-04-20T12:51:21.826Z
2026-04-20T12:51:21.826Z [LOG] [extract_emails.js] starting…
2026-04-20T12:51:25.932Z [LOG] extracted 0 email(s) this run
2026-04-20T12:51:26.230Z [LOG] extraction finished
2026-04-20T12:51:26.238Z [LOG] [extract_emails.js] done
2026-04-20T12:51:26.238Z [LOG] [pipeline #40] new emails extracted: 0
2026-04-20T12:51:26.238Z [LOG] [parse_extracted_emails.js] starting…
2026-04-20T12:51:26.295Z [LOG] parse summary: total=1792, parsed=0, alreadyParsed=1573, missingFields=219, invalidMessageType=0, missingParser=0, parseErrors=0
2026-04-20T12:51:26.300Z [LOG] [parse_extracted_emails.js] done
2026-04-20T12:51:26.300Z [LOG] [pipeline #40] new emails parsed: 0
2026-04-20T12:51:26.300Z [LOG] [pipeline #40] no new data — skipping CSV rebuild and Sheets upload
2026-04-20T13:01:21.828Z [LOG] ────────────────────────────────────────────────────────────
2026-04-20T13:01:21.828Z [LOG] [pipeline #41] 2026-04-20T13:01:21.828Z
2026-04-20T13:01:21.828Z [LOG] [extract_emails.js] starting…
2026-04-20T13:01:25.908Z [LOG] extracted 0 email(s) this run
2026-04-20T13:01:26.206Z [LOG] extraction finished
2026-04-20T13:01:26.214Z [LOG] [extract_emails.js] done
2026-04-20T13:01:26.214Z [LOG] [pipeline #41] new emails extracted: 0
2026-04-20T13:01:26.214Z [LOG] [parse_extracted_emails.js] starting…
2026-04-20T13:01:26.269Z [LOG] parse summary: total=1792, parsed=0, alreadyParsed=1573, missingFields=219, invalidMessageType=0, missingParser=0, parseErrors=0
2026-04-20T13:01:26.274Z [LOG] [parse_extracted_emails.js] done
2026-04-20T13:01:26.274Z [LOG] [pipeline #41] new emails parsed: 0
2026-04-20T13:01:26.274Z [LOG] [pipeline #41] no new data — skipping CSV rebuild and Sheets upload
2026-04-20T13:11:21.831Z [LOG] ────────────────────────────────────────────────────────────
2026-04-20T13:11:21.831Z [LOG] [pipeline #42] 2026-04-20T13:11:21.831Z
2026-04-20T13:11:21.831Z [LOG] [extract_emails.js] starting…
2026-04-20T13:11:28.540Z [LOG] [extract_emails.js] Extracted: INBOX-uid-7003.json
2026-04-20T13:11:28.541Z [LOG] [extract_emails.js] Extracted: INBOX-uid-7002.json
2026-04-20T13:11:28.541Z [LOG] [extract_emails.js] Extracted: INBOX-uid-7001.json
2026-04-20T13:11:28.541Z [LOG] [extract_emails.js] Extracted: INBOX-uid-7000.json
2026-04-20T13:11:28.541Z [LOG] [extract_emails.js] Extracted: INBOX-uid-6999.json
2026-04-20T13:11:28.541Z [LOG] [extract_emails.js] Extracted: INBOX-uid-6998.json
2026-04-20T13:11:28.239Z [LOG] extracted 6 email(s) this run
2026-04-20T13:11:28.532Z [LOG] extraction finished
2026-04-20T13:11:28.541Z [LOG] [extract_emails.js] done
2026-04-20T13:11:28.541Z [LOG] [pipeline #42] new emails extracted: 6
2026-04-20T13:11:28.541Z [LOG] [parse_extracted_emails.js] starting…
2026-04-20T13:11:28.594Z [LOG] parse summary: total=1798, parsed=0, alreadyParsed=1573, missingFields=225, invalidMessageType=0, missingParser=0, parseErrors=0
2026-04-20T13:11:28.599Z [LOG] [parse_extracted_emails.js] done
2026-04-20T13:11:28.599Z [LOG] [pipeline #42] new emails parsed: 0
2026-04-20T13:11:28.599Z [LOG] [build_cfs_csv_mawb.js] starting…
2026-04-20T13:11:28.788Z [LOG] Written 385 rows to CFS_mawb.csv
2026-04-20T13:11:28.791Z [LOG]   Rows with no FFM match (no flight data): 4
2026-04-20T13:11:28.795Z [LOG] [build_cfs_csv_mawb.js] done
2026-04-20T13:11:28.795Z [LOG] [build_cfs_csv_uld.js] starting…
2026-04-20T13:11:29.038Z [LOG] [build_cfs_csv_uld.js] Written 2794 rows to /home/wesleywu9/tolead/NCAParser/server/data/outputs/parsed_tables/CFS_uld.csv
2026-04-20T13:11:29.038Z [LOG] [build_cfs_csv_uld.js]   Rows with no FFM match: 5
2026-04-20T13:11:29.038Z [LOG] [build_cfs_csv_uld.js]   Extra rows from MAWBs split across multiple ULDs: 1010
2026-04-20T13:11:29.038Z [LOG] [build_cfs_csv_uld.js] done
2026-04-20T13:11:29.038Z [LOG] [build_cfs_csv_hawb.js] starting…
2026-04-20T13:11:29.227Z [LOG] Written 747 rows to CFS_hawb.csv
2026-04-20T13:11:29.230Z [LOG]   HAWB rows: 656
2026-04-20T13:11:29.230Z [LOG]   MAWB-only rows: 91
2026-04-20T13:11:29.234Z [LOG] [build_cfs_csv_hawb.js] done
2026-04-20T13:11:29.234Z [LOG] [upload_tables_to_sheets.js] starting…
2026-04-20T13:11:29.297Z [LOG] [mawb] Clearing 'CFS_by_MAWB'!A:AH …
2026-04-20T13:11:31.401Z [LOG] [mawb] Writing 386 rows → 'CFS_by_MAWB'!A1 …
2026-04-20T13:11:38.977Z [LOG] [mawb] Applied sheet formatting and sorting
2026-04-20T13:11:38.978Z [LOG] [mawb] Done — 385 data rows uploaded.
2026-04-20T13:11:38.985Z [LOG] [uld] Clearing 'CFS_by_ULD'!A:AH …
2026-04-20T13:11:39.695Z [LOG] [uld] Writing 2795 rows → 'CFS_by_ULD'!A1 …
2026-04-20T13:12:00.687Z [LOG] [uld] Applied sheet formatting and sorting
2026-04-20T13:12:10.522Z [LOG] [uld] Applied ULD grouping formatting (2492 ULD blocks)
2026-04-20T13:12:10.523Z [LOG] [uld] Done — 2794 data rows uploaded.
2026-04-20T13:12:10.526Z [LOG] [hawb] Clearing 'CFS_by_HAWB'!A:AH …
2026-04-20T13:12:11.235Z [LOG] [hawb] Writing 748 rows → 'CFS_by_HAWB'!A1 …
2026-04-20T13:12:19.023Z [LOG] [hawb] Applied sheet formatting and sorting
2026-04-20T13:12:22.397Z [LOG] [hawb] Applied MAWB grouping formatting (386 MAWB blocks)
2026-04-20T13:12:22.397Z [LOG] [hawb] Done — 747 data rows uploaded.
2026-04-20T13:12:22.405Z [LOG] [upload_tables_to_sheets.js] done
2026-04-20T13:12:22.405Z [LOG] [pipeline #42] pipeline complete
2026-04-20T13:21:21.832Z [LOG] ────────────────────────────────────────────────────────────
2026-04-20T13:21:21.833Z [LOG] [pipeline #43] 2026-04-20T13:21:21.833Z
2026-04-20T13:21:21.833Z [LOG] [extract_emails.js] starting…
2026-04-20T13:21:25.931Z [LOG] extracted 0 email(s) this run
2026-04-20T13:21:26.229Z [LOG] extraction finished
2026-04-20T13:21:26.237Z [LOG] [extract_emails.js] done
2026-04-20T13:21:26.237Z [LOG] [pipeline #43] new emails extracted: 0
2026-04-20T13:21:26.237Z [LOG] [parse_extracted_emails.js] starting…
2026-04-20T13:21:26.296Z [LOG] parse summary: total=1798, parsed=0, alreadyParsed=1573, missingFields=225, invalidMessageType=0, missingParser=0, parseErrors=0
2026-04-20T13:21:26.300Z [LOG] [parse_extracted_emails.js] done
2026-04-20T13:21:26.300Z [LOG] [pipeline #43] new emails parsed: 0
2026-04-20T13:21:26.300Z [LOG] [pipeline #43] no new data — skipping CSV rebuild and Sheets upload
2026-04-20T13:31:21.835Z [LOG] ────────────────────────────────────────────────────────────
2026-04-20T13:31:21.835Z [LOG] [pipeline #44] 2026-04-20T13:31:21.835Z
2026-04-20T13:31:21.835Z [LOG] [extract_emails.js] starting…
2026-04-20T13:31:26.256Z [LOG] extracted 0 email(s) this run
2026-04-20T13:31:26.554Z [LOG] extraction finished
2026-04-20T13:31:26.562Z [LOG] [extract_emails.js] done
2026-04-20T13:31:26.562Z [LOG] [pipeline #44] new emails extracted: 0
2026-04-20T13:31:26.562Z [LOG] [parse_extracted_emails.js] starting…
2026-04-20T13:31:26.618Z [LOG] parse summary: total=1798, parsed=0, alreadyParsed=1573, missingFields=225, invalidMessageType=0, missingParser=0, parseErrors=0
2026-04-20T13:31:26.623Z [LOG] [parse_extracted_emails.js] done
2026-04-20T13:31:26.623Z [LOG] [pipeline #44] new emails parsed: 0
2026-04-20T13:31:26.623Z [LOG] [pipeline #44] no new data — skipping CSV rebuild and Sheets upload
2026-04-20T13:41:21.838Z [LOG] ────────────────────────────────────────────────────────────
2026-04-20T13:41:21.838Z [LOG] [pipeline #45] 2026-04-20T13:41:21.838Z
2026-04-20T13:41:21.839Z [LOG] [extract_emails.js] starting…
2026-04-20T13:41:25.895Z [LOG] extracted 0 email(s) this run
2026-04-20T13:41:26.192Z [LOG] extraction finished
2026-04-20T13:41:26.202Z [LOG] [extract_emails.js] done
2026-04-20T13:41:26.202Z [LOG] [pipeline #45] new emails extracted: 0
2026-04-20T13:41:26.202Z [LOG] [parse_extracted_emails.js] starting…
2026-04-20T13:41:26.254Z [LOG] parse summary: total=1798, parsed=0, alreadyParsed=1573, missingFields=225, invalidMessageType=0, missingParser=0, parseErrors=0
2026-04-20T13:41:26.259Z [LOG] [parse_extracted_emails.js] done
2026-04-20T13:41:26.259Z [LOG] [pipeline #45] new emails parsed: 0
2026-04-20T13:41:26.259Z [LOG] [pipeline #45] no new data — skipping CSV rebuild and Sheets upload
2026-04-20T13:51:21.841Z [LOG] ────────────────────────────────────────────────────────────
2026-04-20T13:51:21.842Z [LOG] [pipeline #46] 2026-04-20T13:51:21.842Z
2026-04-20T13:51:21.842Z [LOG] [extract_emails.js] starting…
2026-04-20T13:51:25.951Z [LOG] extracted 0 email(s) this run
2026-04-20T13:51:26.249Z [LOG] extraction finished
2026-04-20T13:51:26.256Z [LOG] [extract_emails.js] done
2026-04-20T13:51:26.256Z [LOG] [pipeline #46] new emails extracted: 0
2026-04-20T13:51:26.256Z [LOG] [parse_extracted_emails.js] starting…
2026-04-20T13:51:26.317Z [LOG] parse summary: total=1798, parsed=0, alreadyParsed=1573, missingFields=225, invalidMessageType=0, missingParser=0, parseErrors=0
2026-04-20T13:51:26.322Z [LOG] [parse_extracted_emails.js] done
2026-04-20T13:51:26.322Z [LOG] [pipeline #46] new emails parsed: 0
2026-04-20T13:51:26.322Z [LOG] [pipeline #46] no new data — skipping CSV rebuild and Sheets upload
2026-04-20T14:01:21.845Z [LOG] ────────────────────────────────────────────────────────────
2026-04-20T14:01:21.846Z [LOG] [pipeline #47] 2026-04-20T14:01:21.846Z
2026-04-20T14:01:21.846Z [LOG] [extract_emails.js] starting…
2026-04-20T14:01:26.150Z [LOG] extracted 0 email(s) this run
2026-04-20T14:01:26.447Z [LOG] extraction finished
2026-04-20T14:01:26.455Z [LOG] [extract_emails.js] done
2026-04-20T14:01:26.455Z [LOG] [pipeline #47] new emails extracted: 0
2026-04-20T14:01:26.455Z [LOG] [parse_extracted_emails.js] starting…
2026-04-20T14:01:26.518Z [LOG] parse summary: total=1798, parsed=0, alreadyParsed=1573, missingFields=225, invalidMessageType=0, missingParser=0, parseErrors=0
2026-04-20T14:01:26.522Z [LOG] [parse_extracted_emails.js] done
2026-04-20T14:01:26.522Z [LOG] [pipeline #47] new emails parsed: 0
2026-04-20T14:01:26.522Z [LOG] [pipeline #47] no new data — skipping CSV rebuild and Sheets upload
2026-04-20T14:11:21.848Z [LOG] ────────────────────────────────────────────────────────────
2026-04-20T14:11:21.849Z [LOG] [pipeline #48] 2026-04-20T14:11:21.849Z
2026-04-20T14:11:21.849Z [LOG] [extract_emails.js] starting…
2026-04-20T14:11:26.946Z [LOG] [extract_emails.js] Extracted: INBOX-uid-7005.json
2026-04-20T14:11:26.946Z [LOG] [extract_emails.js] Extracted: INBOX-uid-7004.json
2026-04-20T14:11:26.668Z [LOG] extracted 2 email(s) this run
2026-04-20T14:11:26.938Z [LOG] extraction finished
2026-04-20T14:11:26.946Z [LOG] [extract_emails.js] done
2026-04-20T14:11:26.946Z [LOG] [pipeline #48] new emails extracted: 2
2026-04-20T14:11:26.946Z [LOG] [parse_extracted_emails.js] starting…
2026-04-20T14:11:27.001Z [LOG] parse summary: total=1800, parsed=0, alreadyParsed=1573, missingFields=227, invalidMessageType=0, missingParser=0, parseErrors=0
2026-04-20T14:11:27.005Z [LOG] [parse_extracted_emails.js] done
2026-04-20T14:11:27.005Z [LOG] [pipeline #48] new emails parsed: 0
2026-04-20T14:11:27.005Z [LOG] [build_cfs_csv_mawb.js] starting…
2026-04-20T14:11:27.232Z [LOG] Written 385 rows to CFS_mawb.csv
2026-04-20T14:11:27.234Z [LOG]   Rows with no FFM match (no flight data): 4
2026-04-20T14:11:27.239Z [LOG] [build_cfs_csv_mawb.js] done
2026-04-20T14:11:27.239Z [LOG] [build_cfs_csv_uld.js] starting…
2026-04-20T14:11:27.488Z [LOG] [build_cfs_csv_uld.js] Written 2794 rows to /home/wesleywu9/tolead/NCAParser/server/data/outputs/parsed_tables/CFS_uld.csv
2026-04-20T14:11:27.488Z [LOG] [build_cfs_csv_uld.js]   Rows with no FFM match: 5
2026-04-20T14:11:27.488Z [LOG] [build_cfs_csv_uld.js]   Extra rows from MAWBs split across multiple ULDs: 1010
2026-04-20T14:11:27.488Z [LOG] [build_cfs_csv_uld.js] done
2026-04-20T14:11:27.488Z [LOG] [build_cfs_csv_hawb.js] starting…
2026-04-20T14:11:27.675Z [LOG] Written 747 rows to CFS_hawb.csv
2026-04-20T14:11:27.677Z [LOG]   HAWB rows: 656
2026-04-20T14:11:27.677Z [LOG]   MAWB-only rows: 91
2026-04-20T14:11:27.681Z [LOG] [build_cfs_csv_hawb.js] done
2026-04-20T14:11:27.681Z [LOG] [upload_tables_to_sheets.js] starting…
2026-04-20T14:11:27.745Z [LOG] [mawb] Clearing 'CFS_by_MAWB'!A:AH …
2026-04-20T14:11:29.400Z [LOG] [mawb] Writing 386 rows → 'CFS_by_MAWB'!A1 …
2026-04-20T14:11:32.366Z [LOG] [mawb] Applied sheet formatting and sorting
2026-04-20T14:11:32.366Z [LOG] [mawb] Done — 385 data rows uploaded.
2026-04-20T14:11:32.374Z [LOG] [uld] Clearing 'CFS_by_ULD'!A:AH …
2026-04-20T14:11:33.087Z [LOG] [uld] Writing 2795 rows → 'CFS_by_ULD'!A1 …
2026-04-20T14:11:43.733Z [LOG] [uld] Applied sheet formatting and sorting
2026-04-20T14:11:49.775Z [LOG] [uld] Applied ULD grouping formatting (2492 ULD blocks)
2026-04-20T14:11:49.775Z [LOG] [uld] Done — 2794 data rows uploaded.
2026-04-20T14:11:49.778Z [LOG] [hawb] Clearing 'CFS_by_HAWB'!A:AH …
2026-04-20T14:11:50.287Z [LOG] [hawb] Writing 748 rows → 'CFS_by_HAWB'!A1 …
2026-04-20T14:11:54.894Z [LOG] [hawb] Applied sheet formatting and sorting
2026-04-20T14:11:57.147Z [LOG] [hawb] Applied MAWB grouping formatting (386 MAWB blocks)
2026-04-20T14:11:57.147Z [LOG] [hawb] Done — 747 data rows uploaded.
2026-04-20T14:11:57.155Z [LOG] [upload_tables_to_sheets.js] done
2026-04-20T14:11:57.155Z [LOG] [pipeline #48] pipeline complete
2026-04-20T14:21:21.853Z [LOG] ────────────────────────────────────────────────────────────
2026-04-20T14:21:21.854Z [LOG] [pipeline #49] 2026-04-20T14:21:21.854Z
2026-04-20T14:21:21.854Z [LOG] [extract_emails.js] starting…
2026-04-20T14:21:26.000Z [LOG] extracted 0 email(s) this run
2026-04-20T14:21:26.297Z [LOG] extraction finished
2026-04-20T14:21:26.304Z [LOG] [extract_emails.js] done
2026-04-20T14:21:26.304Z [LOG] [pipeline #49] new emails extracted: 0
2026-04-20T14:21:26.304Z [LOG] [parse_extracted_emails.js] starting…
2026-04-20T14:21:26.370Z [LOG] parse summary: total=1800, parsed=0, alreadyParsed=1573, missingFields=227, invalidMessageType=0, missingParser=0, parseErrors=0
2026-04-20T14:21:26.376Z [LOG] [parse_extracted_emails.js] done
2026-04-20T14:21:26.376Z [LOG] [pipeline #49] new emails parsed: 0
2026-04-20T14:21:26.376Z [LOG] [pipeline #49] no new data — skipping CSV rebuild and Sheets upload
2026-04-20T14:31:21.857Z [LOG] ────────────────────────────────────────────────────────────
2026-04-20T14:31:21.857Z [LOG] [pipeline #50] 2026-04-20T14:31:21.857Z
2026-04-20T14:31:21.857Z [LOG] [extract_emails.js] starting…
2026-04-20T14:31:30.563Z [LOG] [extract_emails.js] Extracted: INBOX-uid-7018.json
2026-04-20T14:31:30.563Z [LOG] [extract_emails.js] Extracted: INBOX-uid-7017.json
2026-04-20T14:31:30.563Z [LOG] [extract_emails.js] Extracted: INBOX-uid-7016.json
2026-04-20T14:31:30.563Z [LOG] [extract_emails.js] Extracted: INBOX-uid-7015.json
2026-04-20T14:31:30.563Z [LOG] [extract_emails.js] Extracted: INBOX-uid-7014.json
2026-04-20T14:31:30.563Z [LOG] [extract_emails.js] Extracted: INBOX-uid-7013.json
2026-04-20T14:31:30.563Z [LOG] [extract_emails.js] Extracted: INBOX-uid-7012.json
2026-04-20T14:31:30.563Z [LOG] [extract_emails.js] Extracted: INBOX-uid-7011.json
2026-04-20T14:31:30.563Z [LOG] [extract_emails.js] Extracted: INBOX-uid-7010.json
2026-04-20T14:31:30.563Z [LOG] [extract_emails.js] Extracted: INBOX-uid-7009.json
2026-04-20T14:31:30.563Z [LOG] [extract_emails.js] Extracted: INBOX-uid-7008.json
2026-04-20T14:31:30.563Z [LOG] [extract_emails.js] Extracted: INBOX-uid-7007.json
2026-04-20T14:31:30.563Z [LOG] [extract_emails.js] Extracted: INBOX-uid-7006.json
2026-04-20T14:31:30.255Z [LOG] extracted 13 email(s) this run
2026-04-20T14:31:30.555Z [LOG] extraction finished
2026-04-20T14:31:30.563Z [LOG] [extract_emails.js] done
2026-04-20T14:31:30.563Z [LOG] [pipeline #50] new emails extracted: 13
2026-04-20T14:31:30.563Z [LOG] [parse_extracted_emails.js] starting…
2026-04-20T14:31:30.809Z [LOG] [parse_extracted_emails.js] Parsed: parsed-INBOX-uid-7006.json
2026-04-20T14:31:30.809Z [LOG] [parse_extracted_emails.js] Parsed: parsed-INBOX-uid-7007.json
2026-04-20T14:31:30.809Z [LOG] [parse_extracted_emails.js] Parsed: parsed-INBOX-uid-7008.json
2026-04-20T14:31:30.809Z [LOG] [parse_extracted_emails.js] Parsed: parsed-INBOX-uid-7009.json
2026-04-20T14:31:30.809Z [LOG] [parse_extracted_emails.js] Parsed: parsed-INBOX-uid-7010.json
2026-04-20T14:31:30.809Z [LOG] [parse_extracted_emails.js] Parsed: parsed-INBOX-uid-7011.json
2026-04-20T14:31:30.809Z [LOG] [parse_extracted_emails.js] Parsed: parsed-INBOX-uid-7012.json
2026-04-20T14:31:30.809Z [LOG] [parse_extracted_emails.js] Parsed: parsed-INBOX-uid-7013.json
2026-04-20T14:31:30.809Z [LOG] [parse_extracted_emails.js] Parsed: parsed-INBOX-uid-7014.json
2026-04-20T14:31:30.809Z [LOG] [parse_extracted_emails.js] Parsed: parsed-INBOX-uid-7015.json
2026-04-20T14:31:30.809Z [LOG] [parse_extracted_emails.js] Parsed: parsed-INBOX-uid-7016.json
2026-04-20T14:31:30.809Z [LOG] [parse_extracted_emails.js] Parsed: parsed-INBOX-uid-7017.json
2026-04-20T14:31:30.809Z [LOG] [parse_extracted_emails.js] Parsed: parsed-INBOX-uid-7018.json
2026-04-20T14:31:30.806Z [LOG] parse summary: total=1813, parsed=13, alreadyParsed=1573, missingFields=227, invalidMessageType=0, missingParser=0, parseErrors=0
2026-04-20T14:31:30.809Z [LOG] [parse_extracted_emails.js] done
2026-04-20T14:31:30.809Z [LOG] [pipeline #50] new emails parsed: 13
2026-04-20T14:31:30.809Z [LOG] [build_cfs_csv_mawb.js] starting…
2026-04-20T14:31:30.998Z [LOG] Written 397 rows to CFS_mawb.csv
2026-04-20T14:31:31.001Z [LOG]   Rows with no FFM match (no flight data): 16
2026-04-20T14:31:31.006Z [LOG] [build_cfs_csv_mawb.js] done
2026-04-20T14:31:31.006Z [LOG] [build_cfs_csv_uld.js] starting…
2026-04-20T14:31:31.261Z [LOG] [build_cfs_csv_uld.js] Written 2806 rows to /home/wesleywu9/tolead/NCAParser/server/data/outputs/parsed_tables/CFS_uld.csv
2026-04-20T14:31:31.261Z [LOG] [build_cfs_csv_uld.js]   Rows with no FFM match: 17
2026-04-20T14:31:31.261Z [LOG] [build_cfs_csv_uld.js]   Extra rows from MAWBs split across multiple ULDs: 1010
2026-04-20T14:31:31.261Z [LOG] [build_cfs_csv_uld.js] done
2026-04-20T14:31:31.261Z [LOG] [build_cfs_csv_hawb.js] starting…
2026-04-20T14:31:31.443Z [LOG] Written 759 rows to CFS_hawb.csv
2026-04-20T14:31:31.445Z [LOG]   HAWB rows: 656
2026-04-20T14:31:31.445Z [LOG]   MAWB-only rows: 103
2026-04-20T14:31:31.449Z [LOG] [build_cfs_csv_hawb.js] done
2026-04-20T14:31:31.449Z [LOG] [upload_tables_to_sheets.js] starting…
2026-04-20T14:31:31.526Z [LOG] [mawb] Clearing 'CFS_by_MAWB'!A:AH …
2026-04-20T14:31:33.115Z [LOG] [mawb] Writing 398 rows → 'CFS_by_MAWB'!A1 …
2026-04-20T14:31:36.191Z [LOG] [mawb] Applied sheet formatting and sorting
2026-04-20T14:31:36.191Z [LOG] [mawb] Done — 397 data rows uploaded.
2026-04-20T14:31:36.200Z [LOG] [uld] Clearing 'CFS_by_ULD'!A:AH …
2026-04-20T14:31:36.807Z [LOG] [uld] Writing 2807 rows → 'CFS_by_ULD'!A1 …
2026-04-20T14:31:46.530Z [LOG] [uld] Applied sheet formatting and sorting
2026-04-20T14:31:52.064Z [LOG] [uld] Applied ULD grouping formatting (2492 ULD blocks)
2026-04-20T14:31:52.064Z [LOG] [uld] Done — 2806 data rows uploaded.
2026-04-20T14:31:52.067Z [LOG] [hawb] Clearing 'CFS_by_HAWB'!A:AH …
2026-04-20T14:31:52.572Z [LOG] [hawb] Writing 760 rows → 'CFS_by_HAWB'!A1 …
2026-04-20T14:31:57.384Z [LOG] [hawb] Applied sheet formatting and sorting
2026-04-20T14:31:59.536Z [LOG] [hawb] Applied MAWB grouping formatting (398 MAWB blocks)
2026-04-20T14:31:59.536Z [LOG] [hawb] Done — 759 data rows uploaded.
2026-04-20T14:31:59.545Z [LOG] [upload_tables_to_sheets.js] done
2026-04-20T14:31:59.545Z [LOG] [pipeline #50] pipeline complete
2026-04-20T14:41:21.859Z [LOG] ────────────────────────────────────────────────────────────
2026-04-20T14:41:21.859Z [LOG] [pipeline #51] 2026-04-20T14:41:21.859Z
2026-04-20T14:41:21.859Z [LOG] [extract_emails.js] starting…
2026-04-20T14:41:28.674Z [LOG] [extract_emails.js] Extracted: INBOX-uid-7026.json
2026-04-20T14:41:28.674Z [LOG] [extract_emails.js] Extracted: INBOX-uid-7025.json
2026-04-20T14:41:28.674Z [LOG] [extract_emails.js] Extracted: INBOX-uid-7024.json
2026-04-20T14:41:28.674Z [LOG] [extract_emails.js] Extracted: INBOX-uid-7023.json
2026-04-20T14:41:28.674Z [LOG] [extract_emails.js] Extracted: INBOX-uid-7022.json
2026-04-20T14:41:28.674Z [LOG] [extract_emails.js] Extracted: INBOX-uid-7021.json
2026-04-20T14:41:28.674Z [LOG] [extract_emails.js] Extracted: INBOX-uid-7020.json
2026-04-20T14:41:28.674Z [LOG] [extract_emails.js] Extracted: INBOX-uid-7019.json
2026-04-20T14:41:28.363Z [LOG] extracted 8 email(s) this run
2026-04-20T14:41:28.666Z [LOG] extraction finished
2026-04-20T14:41:28.674Z [LOG] [extract_emails.js] done
2026-04-20T14:41:28.674Z [LOG] [pipeline #51] new emails extracted: 8
2026-04-20T14:41:28.674Z [LOG] [parse_extracted_emails.js] starting…
2026-04-20T14:41:28.895Z [LOG] [parse_extracted_emails.js] Parsed: parsed-INBOX-uid-7019.json
2026-04-20T14:41:28.895Z [LOG] [parse_extracted_emails.js] Parsed: parsed-INBOX-uid-7020.json
2026-04-20T14:41:28.895Z [LOG] [parse_extracted_emails.js] Parsed: parsed-INBOX-uid-7021.json
2026-04-20T14:41:28.895Z [LOG] [parse_extracted_emails.js] Parsed: parsed-INBOX-uid-7022.json
2026-04-20T14:41:28.895Z [LOG] [parse_extracted_emails.js] Parsed: parsed-INBOX-uid-7023.json
2026-04-20T14:41:28.895Z [LOG] [parse_extracted_emails.js] Parsed: parsed-INBOX-uid-7024.json
2026-04-20T14:41:28.895Z [LOG] [parse_extracted_emails.js] Parsed: parsed-INBOX-uid-7025.json
2026-04-20T14:41:28.895Z [LOG] [parse_extracted_emails.js] Parsed: parsed-INBOX-uid-7026.json
2026-04-20T14:41:28.892Z [LOG] parse summary: total=1821, parsed=8, alreadyParsed=1586, missingFields=227, invalidMessageType=0, missingParser=0, parseErrors=0
2026-04-20T14:41:28.895Z [LOG] [parse_extracted_emails.js] done
2026-04-20T14:41:28.895Z [LOG] [pipeline #51] new emails parsed: 8
2026-04-20T14:41:28.895Z [LOG] [build_cfs_csv_mawb.js] starting…
2026-04-20T14:41:29.078Z [LOG] Written 397 rows to CFS_mawb.csv
2026-04-20T14:41:29.080Z [LOG]   Rows with no FFM match (no flight data): 3
2026-04-20T14:41:29.085Z [LOG] [build_cfs_csv_mawb.js] done
2026-04-20T14:41:29.085Z [LOG] [build_cfs_csv_uld.js] starting…
2026-04-20T14:41:29.329Z [LOG] [build_cfs_csv_uld.js] Written 2894 rows to /home/wesleywu9/tolead/NCAParser/server/data/outputs/parsed_tables/CFS_uld.csv
2026-04-20T14:41:29.329Z [LOG] [build_cfs_csv_uld.js]   Rows with no FFM match: 4
2026-04-20T14:41:29.329Z [LOG] [build_cfs_csv_uld.js]   Extra rows from MAWBs split across multiple ULDs: 1061
2026-04-20T14:41:29.329Z [LOG] [build_cfs_csv_uld.js] done
2026-04-20T14:41:29.329Z [LOG] [build_cfs_csv_hawb.js] starting…
2026-04-20T14:41:29.507Z [LOG] Written 759 rows to CFS_hawb.csv
2026-04-20T14:41:29.509Z [LOG]   HAWB rows: 656
2026-04-20T14:41:29.509Z [LOG]   MAWB-only rows: 103
2026-04-20T14:41:29.513Z [LOG] [build_cfs_csv_hawb.js] done
2026-04-20T14:41:29.513Z [LOG] [upload_tables_to_sheets.js] starting…
2026-04-20T14:41:29.589Z [LOG] [mawb] Clearing 'CFS_by_MAWB'!A:AH …
2026-04-20T14:41:31.739Z [LOG] [mawb] Writing 398 rows → 'CFS_by_MAWB'!A1 …
2026-04-20T14:41:34.812Z [LOG] [mawb] Applied sheet formatting and sorting
2026-04-20T14:41:34.812Z [LOG] [mawb] Done — 397 data rows uploaded.
2026-04-20T14:41:34.820Z [LOG] [uld] Clearing 'CFS_by_ULD'!A:AH …
2026-04-20T14:41:35.424Z [LOG] [uld] Writing 2895 rows → 'CFS_by_ULD'!A1 …
2026-04-20T14:41:44.905Z [LOG] [uld] Applied sheet formatting and sorting
2026-04-20T14:41:50.168Z [LOG] [uld] Applied ULD grouping formatting (2588 ULD blocks)
2026-04-20T14:41:50.168Z [LOG] [uld] Done — 2894 data rows uploaded.
2026-04-20T14:41:50.170Z [LOG] [hawb] Clearing 'CFS_by_HAWB'!A:AH …
2026-04-20T14:41:50.886Z [LOG] [hawb] Writing 760 rows → 'CFS_by_HAWB'!A1 …
2026-04-20T14:41:55.085Z [LOG] [hawb] Applied sheet formatting and sorting
2026-04-20T14:41:57.134Z [LOG] [hawb] Applied MAWB grouping formatting (398 MAWB blocks)
2026-04-20T14:41:57.134Z [LOG] [hawb] Done — 759 data rows uploaded.
2026-04-20T14:41:57.142Z [LOG] [upload_tables_to_sheets.js] done
2026-04-20T14:41:57.142Z [LOG] [pipeline #51] pipeline complete
2026-04-20T14:51:21.864Z [LOG] ────────────────────────────────────────────────────────────
2026-04-20T14:51:21.864Z [LOG] [pipeline #52] 2026-04-20T14:51:21.864Z
2026-04-20T14:51:21.864Z [LOG] [extract_emails.js] starting…
2026-04-20T14:51:26.077Z [LOG] extracted 0 email(s) this run
2026-04-20T14:51:26.374Z [LOG] extraction finished
2026-04-20T14:51:26.383Z [LOG] [extract_emails.js] done
2026-04-20T14:51:26.383Z [LOG] [pipeline #52] new emails extracted: 0
2026-04-20T14:51:26.383Z [LOG] [parse_extracted_emails.js] starting…
2026-04-20T14:51:26.441Z [LOG] parse summary: total=1821, parsed=0, alreadyParsed=1594, missingFields=227, invalidMessageType=0, missingParser=0, parseErrors=0
2026-04-20T14:51:26.447Z [LOG] [parse_extracted_emails.js] done
2026-04-20T14:51:26.447Z [LOG] [pipeline #52] new emails parsed: 0
2026-04-20T14:51:26.447Z [LOG] [pipeline #52] no new data — skipping CSV rebuild and Sheets upload
2026-04-20T15:01:21.867Z [LOG] ────────────────────────────────────────────────────────────
2026-04-20T15:01:21.868Z [LOG] [pipeline #53] 2026-04-20T15:01:21.868Z
2026-04-20T15:01:21.868Z [LOG] [extract_emails.js] starting…
2026-04-20T15:01:26.041Z [LOG] extracted 0 email(s) this run
2026-04-20T15:01:26.338Z [LOG] extraction finished
2026-04-20T15:01:26.346Z [LOG] [extract_emails.js] done
2026-04-20T15:01:26.346Z [LOG] [pipeline #53] new emails extracted: 0
2026-04-20T15:01:26.346Z [LOG] [parse_extracted_emails.js] starting…
2026-04-20T15:01:26.407Z [LOG] parse summary: total=1821, parsed=0, alreadyParsed=1594, missingFields=227, invalidMessageType=0, missingParser=0, parseErrors=0
2026-04-20T15:01:26.411Z [LOG] [parse_extracted_emails.js] done
2026-04-20T15:01:26.411Z [LOG] [pipeline #53] new emails parsed: 0
2026-04-20T15:01:26.411Z [LOG] [pipeline #53] no new data — skipping CSV rebuild and Sheets upload
2026-04-20T15:11:21.872Z [LOG] ────────────────────────────────────────────────────────────
2026-04-20T15:11:21.872Z [LOG] [pipeline #54] 2026-04-20T15:11:21.872Z
2026-04-20T15:11:21.872Z [LOG] [extract_emails.js] starting…
2026-04-20T15:11:26.096Z [LOG] extracted 0 email(s) this run
2026-04-20T15:11:26.395Z [LOG] extraction finished
2026-04-20T15:11:26.404Z [LOG] [extract_emails.js] done
2026-04-20T15:11:26.405Z [LOG] [pipeline #54] new emails extracted: 0
2026-04-20T15:11:26.405Z [LOG] [parse_extracted_emails.js] starting…
2026-04-20T15:11:26.472Z [LOG] parse summary: total=1821, parsed=0, alreadyParsed=1594, missingFields=227, invalidMessageType=0, missingParser=0, parseErrors=0
2026-04-20T15:11:26.476Z [LOG] [parse_extracted_emails.js] done
2026-04-20T15:11:26.476Z [LOG] [pipeline #54] new emails parsed: 0
2026-04-20T15:11:26.476Z [LOG] [pipeline #54] no new data — skipping CSV rebuild and Sheets upload
2026-04-20T15:21:21.873Z [LOG] ────────────────────────────────────────────────────────────
2026-04-20T15:21:21.873Z [LOG] [pipeline #55] 2026-04-20T15:21:21.873Z
2026-04-20T15:21:21.874Z [LOG] [extract_emails.js] starting…
2026-04-20T15:21:26.670Z [LOG] [extract_emails.js] Extracted: INBOX-uid-7027.json
2026-04-20T15:21:26.279Z [LOG] extracted 1 email(s) this run
2026-04-20T15:21:26.661Z [LOG] extraction finished
2026-04-20T15:21:26.670Z [LOG] [extract_emails.js] done
2026-04-20T15:21:26.670Z [LOG] [pipeline #55] new emails extracted: 1
2026-04-20T15:21:26.670Z [LOG] [parse_extracted_emails.js] starting…
2026-04-20T15:21:26.723Z [LOG] parse summary: total=1822, parsed=0, alreadyParsed=1594, missingFields=228, invalidMessageType=0, missingParser=0, parseErrors=0
2026-04-20T15:21:26.727Z [LOG] [parse_extracted_emails.js] done
2026-04-20T15:21:26.727Z [LOG] [pipeline #55] new emails parsed: 0
2026-04-20T15:21:26.727Z [LOG] [build_cfs_csv_mawb.js] starting…
2026-04-20T15:21:26.970Z [LOG] Written 397 rows to CFS_mawb.csv
2026-04-20T15:21:26.973Z [LOG]   Rows with no FFM match (no flight data): 3
2026-04-20T15:21:26.978Z [LOG] [build_cfs_csv_mawb.js] done
2026-04-20T15:21:26.978Z [LOG] [build_cfs_csv_uld.js] starting…
2026-04-20T15:21:27.245Z [LOG] [build_cfs_csv_uld.js] Written 2894 rows to /home/wesleywu9/tolead/NCAParser/server/data/outputs/parsed_tables/CFS_uld.csv
2026-04-20T15:21:27.245Z [LOG] [build_cfs_csv_uld.js]   Rows with no FFM match: 4
2026-04-20T15:21:27.245Z [LOG] [build_cfs_csv_uld.js]   Extra rows from MAWBs split across multiple ULDs: 1061
2026-04-20T15:21:27.245Z [LOG] [build_cfs_csv_uld.js] done
2026-04-20T15:21:27.245Z [LOG] [build_cfs_csv_hawb.js] starting…
2026-04-20T15:21:27.446Z [LOG] Written 759 rows to CFS_hawb.csv
2026-04-20T15:21:27.448Z [LOG]   HAWB rows: 656
2026-04-20T15:21:27.448Z [LOG]   MAWB-only rows: 103
2026-04-20T15:21:27.452Z [LOG] [build_cfs_csv_hawb.js] done
2026-04-20T15:21:27.452Z [LOG] [upload_tables_to_sheets.js] starting…
2026-04-20T15:21:27.529Z [LOG] [mawb] Clearing 'CFS_by_MAWB'!A:AH …
2026-04-20T15:21:28.402Z [LOG] [mawb] Writing 398 rows → 'CFS_by_MAWB'!A1 …
2026-04-20T15:21:31.576Z [LOG] [mawb] Applied sheet formatting and sorting
2026-04-20T15:21:31.576Z [LOG] [mawb] Done — 397 data rows uploaded.
2026-04-20T15:21:31.585Z [LOG] [uld] Clearing 'CFS_by_ULD'!A:AH …
2026-04-20T15:21:32.088Z [LOG] [uld] Writing 2895 rows → 'CFS_by_ULD'!A1 …
2026-04-20T15:21:43.147Z [LOG] [uld] Applied sheet formatting and sorting
2026-04-20T15:21:49.703Z [LOG] [uld] Applied ULD grouping formatting (2588 ULD blocks)
2026-04-20T15:21:49.703Z [LOG] [uld] Done — 2894 data rows uploaded.
2026-04-20T15:21:49.706Z [LOG] [hawb] Clearing 'CFS_by_HAWB'!A:AH …
2026-04-20T15:21:50.317Z [LOG] [hawb] Writing 760 rows → 'CFS_by_HAWB'!A1 …
2026-04-20T15:21:55.742Z [LOG] [hawb] Applied sheet formatting and sorting
2026-04-20T15:21:58.204Z [LOG] [hawb] Applied MAWB grouping formatting (398 MAWB blocks)
2026-04-20T15:21:58.204Z [LOG] [hawb] Done — 759 data rows uploaded.
2026-04-20T15:21:58.213Z [LOG] [upload_tables_to_sheets.js] done
2026-04-20T15:21:58.213Z [LOG] [pipeline #55] pipeline complete
2026-04-20T15:31:21.878Z [LOG] ────────────────────────────────────────────────────────────
2026-04-20T15:31:21.879Z [LOG] [pipeline #56] 2026-04-20T15:31:21.879Z
2026-04-20T15:31:21.879Z [LOG] [extract_emails.js] starting…
2026-04-20T15:31:29.803Z [LOG] [extract_emails.js] Extracted: INBOX-uid-7038.json
2026-04-20T15:31:29.804Z [LOG] [extract_emails.js] Extracted: INBOX-uid-7037.json
2026-04-20T15:31:29.804Z [LOG] [extract_emails.js] Extracted: INBOX-uid-7036.json
2026-04-20T15:31:29.804Z [LOG] [extract_emails.js] Extracted: INBOX-uid-7035.json
2026-04-20T15:31:29.804Z [LOG] [extract_emails.js] Extracted: INBOX-uid-7034.json
2026-04-20T15:31:29.804Z [LOG] [extract_emails.js] Extracted: INBOX-uid-7033.json
2026-04-20T15:31:29.804Z [LOG] [extract_emails.js] Extracted: INBOX-uid-7032.json
2026-04-20T15:31:29.804Z [LOG] [extract_emails.js] Extracted: INBOX-uid-7031.json
2026-04-20T15:31:29.804Z [LOG] [extract_emails.js] Extracted: INBOX-uid-7030.json
2026-04-20T15:31:29.804Z [LOG] [extract_emails.js] Extracted: INBOX-uid-7029.json
2026-04-20T15:31:29.804Z [LOG] [extract_emails.js] Extracted: INBOX-uid-7028.json
2026-04-20T15:31:29.496Z [LOG] extracted 11 email(s) this run
2026-04-20T15:31:29.795Z [LOG] extraction finished
2026-04-20T15:31:29.804Z [LOG] [extract_emails.js] done
2026-04-20T15:31:29.804Z [LOG] [pipeline #56] new emails extracted: 11
2026-04-20T15:31:29.804Z [LOG] [parse_extracted_emails.js] starting…
2026-04-20T15:31:30.062Z [LOG] [parse_extracted_emails.js] Parsed: parsed-INBOX-uid-7028.json
2026-04-20T15:31:30.062Z [LOG] [parse_extracted_emails.js] Parsed: parsed-INBOX-uid-7029.json
2026-04-20T15:31:30.062Z [LOG] [parse_extracted_emails.js] Parsed: parsed-INBOX-uid-7030.json
2026-04-20T15:31:30.062Z [LOG] [parse_extracted_emails.js] Parsed: parsed-INBOX-uid-7031.json
2026-04-20T15:31:30.062Z [LOG] [parse_extracted_emails.js] Parsed: parsed-INBOX-uid-7032.json
2026-04-20T15:31:30.062Z [LOG] [parse_extracted_emails.js] Parsed: parsed-INBOX-uid-7033.json
2026-04-20T15:31:30.062Z [LOG] [parse_extracted_emails.js] Parsed: parsed-INBOX-uid-7034.json
2026-04-20T15:31:30.062Z [LOG] [parse_extracted_emails.js] Parsed: parsed-INBOX-uid-7035.json
2026-04-20T15:31:30.062Z [LOG] [parse_extracted_emails.js] Parsed: parsed-INBOX-uid-7036.json
2026-04-20T15:31:30.062Z [LOG] [parse_extracted_emails.js] Parsed: parsed-INBOX-uid-7037.json
2026-04-20T15:31:30.062Z [LOG] [parse_extracted_emails.js] Parsed: parsed-INBOX-uid-7038.json
2026-04-20T15:31:30.058Z [LOG] parse summary: total=1833, parsed=11, alreadyParsed=1594, missingFields=228, invalidMessageType=0, missingParser=0, parseErrors=1
2026-04-20T15:31:30.062Z [LOG] [parse_extracted_emails.js] done
2026-04-20T15:31:30.062Z [LOG] [pipeline #56] new emails parsed: 11
2026-04-20T15:31:30.062Z [LOG] [build_cfs_csv_mawb.js] starting…
2026-04-20T15:31:30.262Z [LOG] Written 397 rows to CFS_mawb.csv
2026-04-20T15:31:30.264Z [LOG]   Rows with no FFM match (no flight data): 3
2026-04-20T15:31:30.270Z [LOG] [build_cfs_csv_mawb.js] done
2026-04-20T15:31:30.270Z [LOG] [build_cfs_csv_uld.js] starting…
2026-04-20T15:31:30.524Z [LOG] [build_cfs_csv_uld.js] Written 2894 rows to /home/wesleywu9/tolead/NCAParser/server/data/outputs/parsed_tables/CFS_uld.csv
2026-04-20T15:31:30.524Z [LOG] [build_cfs_csv_uld.js]   Rows with no FFM match: 4
2026-04-20T15:31:30.524Z [LOG] [build_cfs_csv_uld.js]   Extra rows from MAWBs split across multiple ULDs: 1061
2026-04-20T15:31:30.524Z [LOG] [build_cfs_csv_uld.js] done
2026-04-20T15:31:30.524Z [LOG] [build_cfs_csv_hawb.js] starting…
2026-04-20T15:31:30.704Z [LOG] Written 791 rows to CFS_hawb.csv
2026-04-20T15:31:30.706Z [LOG]   HAWB rows: 698
2026-04-20T15:31:30.706Z [LOG]   MAWB-only rows: 93
2026-04-20T15:31:30.710Z [LOG] [build_cfs_csv_hawb.js] done
2026-04-20T15:31:30.710Z [LOG] [upload_tables_to_sheets.js] starting…
2026-04-20T15:31:30.776Z [LOG] [mawb] Clearing 'CFS_by_MAWB'!A:AH …
2026-04-20T15:31:31.744Z [LOG] [mawb] Writing 398 rows → 'CFS_by_MAWB'!A1 …
2026-04-20T15:31:34.610Z [LOG] [mawb] Applied sheet formatting and sorting
2026-04-20T15:31:34.610Z [LOG] [mawb] Done — 397 data rows uploaded.
2026-04-20T15:31:34.620Z [LOG] [uld] Clearing 'CFS_by_ULD'!A:AH …
2026-04-20T15:31:35.229Z [LOG] [uld] Writing 2895 rows → 'CFS_by_ULD'!A1 …
2026-04-20T15:31:46.590Z [LOG] [uld] Applied sheet formatting and sorting
2026-04-20T15:31:53.042Z [LOG] [uld] Applied ULD grouping formatting (2588 ULD blocks)
2026-04-20T15:31:53.042Z [LOG] [uld] Done — 2894 data rows uploaded.
2026-04-20T15:31:53.045Z [LOG] [hawb] Clearing 'CFS_by_HAWB'!A:AH …
2026-04-20T15:31:53.725Z [LOG] [hawb] Writing 792 rows → 'CFS_by_HAWB'!A1 …
2026-04-20T15:31:58.468Z [LOG] [hawb] Applied sheet formatting and sorting
2026-04-20T15:32:01.233Z [LOG] [hawb] Applied MAWB grouping formatting (398 MAWB blocks)
2026-04-20T15:32:01.233Z [LOG] [hawb] Done — 791 data rows uploaded.
2026-04-20T15:32:01.242Z [LOG] [upload_tables_to_sheets.js] done
2026-04-20T15:32:01.242Z [LOG] [pipeline #56] pipeline complete
2026-04-20T15:41:21.881Z [LOG] ────────────────────────────────────────────────────────────
2026-04-20T15:41:21.882Z [LOG] [pipeline #57] 2026-04-20T15:41:21.882Z
2026-04-20T15:41:21.882Z [LOG] [extract_emails.js] starting…
2026-04-20T15:41:26.284Z [LOG] extracted 0 email(s) this run
2026-04-20T15:41:26.581Z [LOG] extraction finished
2026-04-20T15:41:26.589Z [LOG] [extract_emails.js] done
2026-04-20T15:41:26.589Z [LOG] [pipeline #57] new emails extracted: 0
2026-04-20T15:41:26.589Z [LOG] [parse_extracted_emails.js] starting…
2026-04-20T15:41:26.654Z [LOG] parse summary: total=1833, parsed=0, alreadyParsed=1605, missingFields=228, invalidMessageType=0, missingParser=0, parseErrors=0
2026-04-20T15:41:26.659Z [LOG] [parse_extracted_emails.js] done
2026-04-20T15:41:26.659Z [LOG] [pipeline #57] new emails parsed: 0
2026-04-20T15:41:26.659Z [LOG] [pipeline #57] no new data — skipping CSV rebuild and Sheets upload
2026-04-20T15:51:21.882Z [LOG] ────────────────────────────────────────────────────────────
2026-04-20T15:51:21.882Z [LOG] [pipeline #58] 2026-04-20T15:51:21.882Z
2026-04-20T15:51:21.882Z [LOG] [extract_emails.js] starting…
2026-04-20T15:51:25.935Z [LOG] extracted 0 email(s) this run
2026-04-20T15:51:26.232Z [LOG] extraction finished
2026-04-20T15:51:26.240Z [LOG] [extract_emails.js] done
2026-04-20T15:51:26.240Z [LOG] [pipeline #58] new emails extracted: 0
2026-04-20T15:51:26.240Z [LOG] [parse_extracted_emails.js] starting…
2026-04-20T15:51:26.299Z [LOG] parse summary: total=1833, parsed=0, alreadyParsed=1605, missingFields=228, invalidMessageType=0, missingParser=0, parseErrors=0
2026-04-20T15:51:26.303Z [LOG] [parse_extracted_emails.js] done
2026-04-20T15:51:26.303Z [LOG] [pipeline #58] new emails parsed: 0
2026-04-20T15:51:26.303Z [LOG] [pipeline #58] no new data — skipping CSV rebuild and Sheets upload
2026-04-20T16:01:21.883Z [LOG] ────────────────────────────────────────────────────────────
2026-04-20T16:01:21.883Z [LOG] [pipeline #59] 2026-04-20T16:01:21.883Z
2026-04-20T16:01:21.883Z [LOG] [extract_emails.js] starting…
2026-04-20T16:01:25.895Z [LOG] extracted 0 email(s) this run
2026-04-20T16:01:26.192Z [LOG] extraction finished
2026-04-20T16:01:26.201Z [LOG] [extract_emails.js] done
2026-04-20T16:01:26.201Z [LOG] [pipeline #59] new emails extracted: 0
2026-04-20T16:01:26.201Z [LOG] [parse_extracted_emails.js] starting…
2026-04-20T16:01:26.267Z [LOG] parse summary: total=1833, parsed=0, alreadyParsed=1605, missingFields=228, invalidMessageType=0, missingParser=0, parseErrors=0
2026-04-20T16:01:26.271Z [LOG] [parse_extracted_emails.js] done
2026-04-20T16:01:26.272Z [LOG] [pipeline #59] new emails parsed: 0
2026-04-20T16:01:26.272Z [LOG] [pipeline #59] no new data — skipping CSV rebuild and Sheets upload
2026-04-20T16:11:21.885Z [LOG] ────────────────────────────────────────────────────────────
2026-04-20T16:11:21.885Z [LOG] [pipeline #60] 2026-04-20T16:11:21.885Z
2026-04-20T16:11:21.885Z [LOG] [extract_emails.js] starting…
2026-04-20T16:11:26.169Z [LOG] extracted 0 email(s) this run
2026-04-20T16:11:26.467Z [LOG] extraction finished
2026-04-20T16:11:26.476Z [LOG] [extract_emails.js] done
2026-04-20T16:11:26.476Z [LOG] [pipeline #60] new emails extracted: 0
2026-04-20T16:11:26.476Z [LOG] [parse_extracted_emails.js] starting…
2026-04-20T16:11:26.526Z [LOG] parse summary: total=1833, parsed=0, alreadyParsed=1605, missingFields=228, invalidMessageType=0, missingParser=0, parseErrors=0
2026-04-20T16:11:26.532Z [LOG] [parse_extracted_emails.js] done
2026-04-20T16:11:26.532Z [LOG] [pipeline #60] new emails parsed: 0
2026-04-20T16:11:26.532Z [LOG] [pipeline #60] no new data — skipping CSV rebuild and Sheets upload
2026-04-20T16:21:21.887Z [LOG] ────────────────────────────────────────────────────────────
2026-04-20T16:21:21.888Z [LOG] [pipeline #61] 2026-04-20T16:21:21.888Z
2026-04-20T16:21:21.888Z [LOG] [extract_emails.js] starting…
2026-04-20T16:21:26.870Z [LOG] [extract_emails.js] Extracted: INBOX-uid-7039.json
2026-04-20T16:21:26.488Z [LOG] extracted 1 email(s) this run
2026-04-20T16:21:26.862Z [LOG] extraction finished
2026-04-20T16:21:26.870Z [LOG] [extract_emails.js] done
2026-04-20T16:21:26.870Z [LOG] [pipeline #61] new emails extracted: 1
2026-04-20T16:21:26.870Z [LOG] [parse_extracted_emails.js] starting…
2026-04-20T16:21:26.927Z [LOG] parse summary: total=1834, parsed=0, alreadyParsed=1605, missingFields=229, invalidMessageType=0, missingParser=0, parseErrors=0
2026-04-20T16:21:26.932Z [LOG] [parse_extracted_emails.js] done
2026-04-20T16:21:26.932Z [LOG] [pipeline #61] new emails parsed: 0
2026-04-20T16:21:26.932Z [LOG] [build_cfs_csv_mawb.js] starting…
2026-04-20T16:21:27.169Z [LOG] Written 397 rows to CFS_mawb.csv
2026-04-20T16:21:27.172Z [LOG]   Rows with no FFM match (no flight data): 3
2026-04-20T16:21:27.177Z [LOG] [build_cfs_csv_mawb.js] done
2026-04-20T16:21:27.177Z [LOG] [build_cfs_csv_uld.js] starting…
2026-04-20T16:21:27.436Z [LOG] [build_cfs_csv_uld.js] Written 2894 rows to /home/wesleywu9/tolead/NCAParser/server/data/outputs/parsed_tables/CFS_uld.csv
2026-04-20T16:21:27.436Z [LOG] [build_cfs_csv_uld.js]   Rows with no FFM match: 4
2026-04-20T16:21:27.436Z [LOG] [build_cfs_csv_uld.js]   Extra rows from MAWBs split across multiple ULDs: 1061
2026-04-20T16:21:27.436Z [LOG] [build_cfs_csv_uld.js] done
2026-04-20T16:21:27.436Z [LOG] [build_cfs_csv_hawb.js] starting…
2026-04-20T16:21:27.616Z [LOG] Written 791 rows to CFS_hawb.csv
2026-04-20T16:21:27.619Z [LOG]   HAWB rows: 698
2026-04-20T16:21:27.619Z [LOG]   MAWB-only rows: 93
2026-04-20T16:21:27.622Z [LOG] [build_cfs_csv_hawb.js] done
2026-04-20T16:21:27.622Z [LOG] [upload_tables_to_sheets.js] starting…
2026-04-20T16:21:27.705Z [LOG] [mawb] Clearing 'CFS_by_MAWB'!A:AH …
2026-04-20T16:21:28.707Z [LOG] [mawb] Writing 398 rows → 'CFS_by_MAWB'!A1 …
2026-04-20T16:21:32.903Z [LOG] [mawb] Applied sheet formatting and sorting
2026-04-20T16:21:32.903Z [LOG] [mawb] Done — 397 data rows uploaded.
2026-04-20T16:21:32.912Z [LOG] [uld] Clearing 'CFS_by_ULD'!A:AH …
2026-04-20T16:21:33.416Z [LOG] [uld] Writing 2895 rows → 'CFS_by_ULD'!A1 …
2026-04-20T16:21:48.676Z [LOG] [uld] Applied sheet formatting and sorting
2026-04-20T16:21:55.229Z [LOG] [uld] Applied ULD grouping formatting (2588 ULD blocks)
2026-04-20T16:21:55.229Z [LOG] [uld] Done — 2894 data rows uploaded.
2026-04-20T16:21:55.232Z [LOG] [hawb] Clearing 'CFS_by_HAWB'!A:AH …
2026-04-20T16:21:55.709Z [LOG] [hawb] Writing 792 rows → 'CFS_by_HAWB'!A1 …
2026-04-20T16:22:01.578Z [LOG] [hawb] Applied sheet formatting and sorting
2026-04-20T16:22:04.444Z [LOG] [hawb] Applied MAWB grouping formatting (398 MAWB blocks)
2026-04-20T16:22:04.444Z [LOG] [hawb] Done — 791 data rows uploaded.
2026-04-20T16:22:04.454Z [LOG] [upload_tables_to_sheets.js] done
2026-04-20T16:22:04.454Z [LOG] [pipeline #61] pipeline complete
2026-04-20T16:31:21.895Z [LOG] ────────────────────────────────────────────────────────────
2026-04-20T16:31:21.895Z [LOG] [pipeline #62] 2026-04-20T16:31:21.895Z
2026-04-20T16:31:21.895Z [LOG] [extract_emails.js] starting…
2026-04-20T16:31:26.330Z [LOG] [extract_emails.js] Extracted: INBOX-uid-7040.json
2026-04-20T16:31:26.032Z [LOG] extracted 1 email(s) this run
2026-04-20T16:31:26.322Z [LOG] extraction finished
2026-04-20T16:31:26.330Z [LOG] [extract_emails.js] done
2026-04-20T16:31:26.331Z [LOG] [pipeline #62] new emails extracted: 1
2026-04-20T16:31:26.331Z [LOG] [parse_extracted_emails.js] starting…
2026-04-20T16:31:26.414Z [LOG] [parse_extracted_emails.js] Parsed: parsed-INBOX-uid-7040.json
2026-04-20T16:31:26.411Z [LOG] parse summary: total=1835, parsed=1, alreadyParsed=1605, missingFields=229, invalidMessageType=0, missingParser=0, parseErrors=0
2026-04-20T16:31:26.414Z [LOG] [parse_extracted_emails.js] done
2026-04-20T16:31:26.414Z [LOG] [pipeline #62] new emails parsed: 1
2026-04-20T16:31:26.414Z [LOG] [build_cfs_csv_mawb.js] starting…
2026-04-20T16:31:26.651Z [LOG] Written 397 rows to CFS_mawb.csv
2026-04-20T16:31:26.653Z [LOG]   Rows with no FFM match (no flight data): 3
2026-04-20T16:31:26.657Z [LOG] [build_cfs_csv_mawb.js] done
2026-04-20T16:31:26.657Z [LOG] [build_cfs_csv_uld.js] starting…
2026-04-20T16:31:26.927Z [LOG] [build_cfs_csv_uld.js] Written 2894 rows to /home/wesleywu9/tolead/NCAParser/server/data/outputs/parsed_tables/CFS_uld.csv
2026-04-20T16:31:26.927Z [LOG] [build_cfs_csv_uld.js]   Rows with no FFM match: 4
2026-04-20T16:31:26.927Z [LOG] [build_cfs_csv_uld.js]   Extra rows from MAWBs split across multiple ULDs: 1061
2026-04-20T16:31:26.927Z [LOG] [build_cfs_csv_uld.js] done
2026-04-20T16:31:26.927Z [LOG] [build_cfs_csv_hawb.js] starting…
2026-04-20T16:31:27.107Z [LOG] Written 801 rows to CFS_hawb.csv
2026-04-20T16:31:27.109Z [LOG]   HAWB rows: 708
2026-04-20T16:31:27.109Z [LOG]   MAWB-only rows: 93
2026-04-20T16:31:27.113Z [LOG] [build_cfs_csv_hawb.js] done
2026-04-20T16:31:27.113Z [LOG] [upload_tables_to_sheets.js] starting…
2026-04-20T16:31:27.177Z [LOG] [mawb] Clearing 'CFS_by_MAWB'!A:AH …
2026-04-20T16:31:28.064Z [LOG] [mawb] Writing 398 rows → 'CFS_by_MAWB'!A1 …
2026-04-20T16:31:31.238Z [LOG] [mawb] Applied sheet formatting and sorting
2026-04-20T16:31:31.239Z [LOG] [mawb] Done — 397 data rows uploaded.
2026-04-20T16:31:31.247Z [LOG] [uld] Clearing 'CFS_by_ULD'!A:AH …
2026-04-20T16:31:32.570Z [LOG] [uld] Writing 2895 rows → 'CFS_by_ULD'!A1 …
2026-04-20T16:31:42.707Z [LOG] [uld] Applied sheet formatting and sorting
2026-04-20T16:31:48.339Z [LOG] [uld] Applied ULD grouping formatting (2588 ULD blocks)
2026-04-20T16:31:48.339Z [LOG] [uld] Done — 2894 data rows uploaded.
2026-04-20T16:31:48.342Z [LOG] [hawb] Clearing 'CFS_by_HAWB'!A:AH …
2026-04-20T16:31:48.852Z [LOG] [hawb] Writing 802 rows → 'CFS_by_HAWB'!A1 …
2026-04-20T16:31:53.665Z [LOG] [hawb] Applied sheet formatting and sorting
2026-04-20T16:31:56.126Z [LOG] [hawb] Applied MAWB grouping formatting (398 MAWB blocks)
2026-04-20T16:31:56.127Z [LOG] [hawb] Done — 801 data rows uploaded.
2026-04-20T16:31:56.135Z [LOG] [upload_tables_to_sheets.js] done
2026-04-20T16:31:56.141Z [LOG] [pipeline #62] pipeline complete
2026-04-20T16:41:21.901Z [LOG] ────────────────────────────────────────────────────────────
2026-04-20T16:41:21.901Z [LOG] [pipeline #63] 2026-04-20T16:41:21.901Z
2026-04-20T16:41:21.901Z [LOG] [extract_emails.js] starting…
2026-04-20T16:41:27.221Z [LOG] [extract_emails.js] Extracted: INBOX-uid-7041.json
2026-04-20T16:41:26.885Z [LOG] extracted 1 email(s) this run
2026-04-20T16:41:27.213Z [LOG] extraction finished
2026-04-20T16:41:27.222Z [LOG] [extract_emails.js] done
2026-04-20T16:41:27.222Z [LOG] [pipeline #63] new emails extracted: 1
2026-04-20T16:41:27.222Z [LOG] [parse_extracted_emails.js] starting…
2026-04-20T16:41:27.274Z [LOG] parse summary: total=1836, parsed=0, alreadyParsed=1606, missingFields=230, invalidMessageType=0, missingParser=0, parseErrors=0
2026-04-20T16:41:27.279Z [LOG] [parse_extracted_emails.js] done
2026-04-20T16:41:27.279Z [LOG] [pipeline #63] new emails parsed: 0
2026-04-20T16:41:27.279Z [LOG] [build_cfs_csv_mawb.js] starting…
2026-04-20T16:41:27.517Z [LOG] Written 397 rows to CFS_mawb.csv
2026-04-20T16:41:27.520Z [LOG]   Rows with no FFM match (no flight data): 3
2026-04-20T16:41:27.524Z [LOG] [build_cfs_csv_mawb.js] done
2026-04-20T16:41:27.524Z [LOG] [build_cfs_csv_uld.js] starting…
2026-04-20T16:41:27.786Z [LOG] [build_cfs_csv_uld.js] Written 2894 rows to /home/wesleywu9/tolead/NCAParser/server/data/outputs/parsed_tables/CFS_uld.csv
2026-04-20T16:41:27.786Z [LOG] [build_cfs_csv_uld.js]   Rows with no FFM match: 4
2026-04-20T16:41:27.786Z [LOG] [build_cfs_csv_uld.js]   Extra rows from MAWBs split across multiple ULDs: 1061
2026-04-20T16:41:27.786Z [LOG] [build_cfs_csv_uld.js] done
2026-04-20T16:41:27.786Z [LOG] [build_cfs_csv_hawb.js] starting…
2026-04-20T16:41:27.961Z [LOG] Written 801 rows to CFS_hawb.csv
2026-04-20T16:41:27.963Z [LOG]   HAWB rows: 708
2026-04-20T16:41:27.963Z [LOG]   MAWB-only rows: 93
2026-04-20T16:41:27.967Z [LOG] [build_cfs_csv_hawb.js] done
2026-04-20T16:41:27.967Z [LOG] [upload_tables_to_sheets.js] starting…
2026-04-20T16:41:28.039Z [LOG] [mawb] Clearing 'CFS_by_MAWB'!A:AH …
2026-04-20T16:41:29.163Z [LOG] [mawb] Writing 398 rows → 'CFS_by_MAWB'!A1 …
2026-04-20T16:41:39.427Z [LOG] [mawb] Applied sheet formatting and sorting
2026-04-20T16:41:39.427Z [LOG] [mawb] Done — 397 data rows uploaded.
2026-04-20T16:41:39.435Z [LOG] [uld] Clearing 'CFS_by_ULD'!A:AH …
2026-04-20T16:41:40.042Z [LOG] [uld] Writing 2895 rows → 'CFS_by_ULD'!A1 …
2026-04-20T16:41:48.848Z [LOG] [uld] Applied sheet formatting and sorting
2026-04-20T16:41:53.764Z [LOG] [uld] Applied ULD grouping formatting (2588 ULD blocks)
2026-04-20T16:41:53.764Z [LOG] [uld] Done — 2894 data rows uploaded.
2026-04-20T16:41:53.768Z [LOG] [hawb] Clearing 'CFS_by_HAWB'!A:AH …
2026-04-20T16:41:54.275Z [LOG] [hawb] Writing 802 rows → 'CFS_by_HAWB'!A1 …
2026-04-20T16:41:58.377Z [LOG] [hawb] Applied sheet formatting and sorting
2026-04-20T16:42:00.727Z [LOG] [hawb] Applied MAWB grouping formatting (398 MAWB blocks)
2026-04-20T16:42:00.727Z [LOG] [hawb] Done — 801 data rows uploaded.
2026-04-20T16:42:00.736Z [LOG] [upload_tables_to_sheets.js] done
2026-04-20T16:42:00.736Z [LOG] [pipeline #63] pipeline complete
2026-04-20T16:51:21.904Z [LOG] ────────────────────────────────────────────────────────────
2026-04-20T16:51:21.904Z [LOG] [pipeline #64] 2026-04-20T16:51:21.904Z
2026-04-20T16:51:21.904Z [LOG] [extract_emails.js] starting…
2026-04-20T16:51:25.985Z [LOG] extracted 0 email(s) this run
2026-04-20T16:51:26.283Z [LOG] extraction finished
2026-04-20T16:51:26.290Z [LOG] [extract_emails.js] done
2026-04-20T16:51:26.290Z [LOG] [pipeline #64] new emails extracted: 0
2026-04-20T16:51:26.290Z [LOG] [parse_extracted_emails.js] starting…
2026-04-20T16:51:26.346Z [LOG] parse summary: total=1836, parsed=0, alreadyParsed=1606, missingFields=230, invalidMessageType=0, missingParser=0, parseErrors=0
2026-04-20T16:51:26.350Z [LOG] [parse_extracted_emails.js] done
2026-04-20T16:51:26.350Z [LOG] [pipeline #64] new emails parsed: 0
2026-04-20T16:51:26.350Z [LOG] [pipeline #64] no new data — skipping CSV rebuild and Sheets upload
2026-04-20T17:01:21.907Z [LOG] ────────────────────────────────────────────────────────────
2026-04-20T17:01:21.908Z [LOG] [pipeline #65] 2026-04-20T17:01:21.908Z
2026-04-20T17:01:21.908Z [LOG] [extract_emails.js] starting…
2026-04-20T17:01:26.155Z [LOG] extracted 0 email(s) this run
2026-04-20T17:01:26.452Z [LOG] extraction finished
2026-04-20T17:01:26.459Z [LOG] [extract_emails.js] done
2026-04-20T17:01:26.459Z [LOG] [pipeline #65] new emails extracted: 0
2026-04-20T17:01:26.459Z [LOG] [parse_extracted_emails.js] starting…
2026-04-20T17:01:26.516Z [LOG] parse summary: total=1836, parsed=0, alreadyParsed=1606, missingFields=230, invalidMessageType=0, missingParser=0, parseErrors=0
2026-04-20T17:01:26.520Z [LOG] [parse_extracted_emails.js] done
2026-04-20T17:01:26.520Z [LOG] [pipeline #65] new emails parsed: 0
2026-04-20T17:01:26.520Z [LOG] [pipeline #65] no new data — skipping CSV rebuild and Sheets upload
2026-04-20T17:11:21.909Z [LOG] ────────────────────────────────────────────────────────────
2026-04-20T17:11:21.909Z [LOG] [pipeline #66] 2026-04-20T17:11:21.909Z
2026-04-20T17:11:21.909Z [LOG] [extract_emails.js] starting…
2026-04-20T17:11:26.019Z [LOG] extracted 0 email(s) this run
2026-04-20T17:11:26.316Z [LOG] extraction finished
2026-04-20T17:11:26.324Z [LOG] [extract_emails.js] done
2026-04-20T17:11:26.324Z [LOG] [pipeline #66] new emails extracted: 0
2026-04-20T17:11:26.324Z [LOG] [parse_extracted_emails.js] starting…
2026-04-20T17:11:26.389Z [LOG] parse summary: total=1836, parsed=0, alreadyParsed=1606, missingFields=230, invalidMessageType=0, missingParser=0, parseErrors=0
2026-04-20T17:11:26.393Z [LOG] [parse_extracted_emails.js] done
2026-04-20T17:11:26.393Z [LOG] [pipeline #66] new emails parsed: 0
2026-04-20T17:11:26.393Z [LOG] [pipeline #66] no new data — skipping CSV rebuild and Sheets upload
2026-04-20T17:21:21.911Z [LOG] ────────────────────────────────────────────────────────────
2026-04-20T17:21:21.911Z [LOG] [pipeline #67] 2026-04-20T17:21:21.911Z
2026-04-20T17:21:21.911Z [LOG] [extract_emails.js] starting…
2026-04-20T17:21:26.079Z [LOG] extracted 0 email(s) this run
2026-04-20T17:21:26.378Z [LOG] extraction finished
2026-04-20T17:21:26.385Z [LOG] [extract_emails.js] done
2026-04-20T17:21:26.385Z [LOG] [pipeline #67] new emails extracted: 0
2026-04-20T17:21:26.385Z [LOG] [parse_extracted_emails.js] starting…
2026-04-20T17:21:26.448Z [LOG] parse summary: total=1836, parsed=0, alreadyParsed=1606, missingFields=230, invalidMessageType=0, missingParser=0, parseErrors=0
2026-04-20T17:21:26.453Z [LOG] [parse_extracted_emails.js] done
2026-04-20T17:21:26.453Z [LOG] [pipeline #67] new emails parsed: 0
2026-04-20T17:21:26.453Z [LOG] [pipeline #67] no new data — skipping CSV rebuild and Sheets upload
2026-04-20T17:31:21.914Z [LOG] ────────────────────────────────────────────────────────────
2026-04-20T17:31:21.914Z [LOG] [pipeline #68] 2026-04-20T17:31:21.914Z
2026-04-20T17:31:21.914Z [LOG] [extract_emails.js] starting…
2026-04-20T17:31:26.131Z [LOG] extracted 0 email(s) this run
2026-04-20T17:31:26.429Z [LOG] extraction finished
2026-04-20T17:31:26.436Z [LOG] [extract_emails.js] done
2026-04-20T17:31:26.436Z [LOG] [pipeline #68] new emails extracted: 0
2026-04-20T17:31:26.436Z [LOG] [parse_extracted_emails.js] starting…
2026-04-20T17:31:26.490Z [LOG] parse summary: total=1836, parsed=0, alreadyParsed=1606, missingFields=230, invalidMessageType=0, missingParser=0, parseErrors=0
2026-04-20T17:31:26.495Z [LOG] [parse_extracted_emails.js] done
2026-04-20T17:31:26.495Z [LOG] [pipeline #68] new emails parsed: 0
2026-04-20T17:31:26.495Z [LOG] [pipeline #68] no new data — skipping CSV rebuild and Sheets upload
2026-04-20T17:41:21.916Z [LOG] ────────────────────────────────────────────────────────────
2026-04-20T17:41:21.916Z [LOG] [pipeline #69] 2026-04-20T17:41:21.916Z
2026-04-20T17:41:21.917Z [LOG] [extract_emails.js] starting…
2026-04-20T17:41:25.991Z [LOG] extracted 0 email(s) this run
2026-04-20T17:41:26.292Z [LOG] extraction finished
2026-04-20T17:41:26.299Z [LOG] [extract_emails.js] done
2026-04-20T17:41:26.299Z [LOG] [pipeline #69] new emails extracted: 0
2026-04-20T17:41:26.299Z [LOG] [parse_extracted_emails.js] starting…
2026-04-20T17:41:26.357Z [LOG] parse summary: total=1836, parsed=0, alreadyParsed=1606, missingFields=230, invalidMessageType=0, missingParser=0, parseErrors=0
2026-04-20T17:41:26.361Z [LOG] [parse_extracted_emails.js] done
2026-04-20T17:41:26.361Z [LOG] [pipeline #69] new emails parsed: 0
2026-04-20T17:41:26.361Z [LOG] [pipeline #69] no new data — skipping CSV rebuild and Sheets upload
2026-04-20T17:51:21.919Z [LOG] ────────────────────────────────────────────────────────────
2026-04-20T17:51:21.920Z [LOG] [pipeline #70] 2026-04-20T17:51:21.920Z
2026-04-20T17:51:21.920Z [LOG] [extract_emails.js] starting…
2026-04-20T17:51:25.264Z [LOG] extracted 0 email(s) this run
2026-04-20T17:51:25.495Z [LOG] extraction finished
2026-04-20T17:51:25.502Z [LOG] [extract_emails.js] done
2026-04-20T17:51:25.502Z [LOG] [pipeline #70] new emails extracted: 0
2026-04-20T17:51:25.502Z [LOG] [parse_extracted_emails.js] starting…
2026-04-20T17:51:25.558Z [LOG] parse summary: total=1836, parsed=0, alreadyParsed=1606, missingFields=230, invalidMessageType=0, missingParser=0, parseErrors=0
2026-04-20T17:51:25.564Z [LOG] [parse_extracted_emails.js] done
2026-04-20T17:51:25.564Z [LOG] [pipeline #70] new emails parsed: 0
2026-04-20T17:51:25.564Z [LOG] [pipeline #70] no new data — skipping CSV rebuild and Sheets upload
2026-04-20T18:01:21.923Z [LOG] ────────────────────────────────────────────────────────────
2026-04-20T18:01:21.923Z [LOG] [pipeline #71] 2026-04-20T18:01:21.923Z
2026-04-20T18:01:21.923Z [LOG] [extract_emails.js] starting…
2026-04-20T18:01:25.481Z [LOG] extracted 0 email(s) this run
2026-04-20T18:01:25.723Z [LOG] extraction finished
2026-04-20T18:01:25.731Z [LOG] [extract_emails.js] done
2026-04-20T18:01:25.731Z [LOG] [pipeline #71] new emails extracted: 0
2026-04-20T18:01:25.731Z [LOG] [parse_extracted_emails.js] starting…
2026-04-20T18:01:25.779Z [LOG] parse summary: total=1836, parsed=0, alreadyParsed=1606, missingFields=230, invalidMessageType=0, missingParser=0, parseErrors=0
2026-04-20T18:01:25.782Z [LOG] [parse_extracted_emails.js] done
2026-04-20T18:01:25.782Z [LOG] [pipeline #71] new emails parsed: 0
2026-04-20T18:01:25.782Z [LOG] [pipeline #71] no new data — skipping CSV rebuild and Sheets upload
2026-04-20T18:11:21.924Z [LOG] ────────────────────────────────────────────────────────────
2026-04-20T18:11:21.925Z [LOG] [pipeline #72] 2026-04-20T18:11:21.925Z
2026-04-20T18:11:21.925Z [LOG] [extract_emails.js] starting…
2026-04-20T18:11:25.802Z [LOG] extracted 0 email(s) this run
2026-04-20T18:11:26.054Z [LOG] extraction finished
2026-04-20T18:11:26.059Z [LOG] [extract_emails.js] done
2026-04-20T18:11:26.059Z [LOG] [pipeline #72] new emails extracted: 0
2026-04-20T18:11:26.059Z [LOG] [parse_extracted_emails.js] starting…
2026-04-20T18:11:26.107Z [LOG] parse summary: total=1836, parsed=0, alreadyParsed=1606, missingFields=230, invalidMessageType=0, missingParser=0, parseErrors=0
2026-04-20T18:11:26.119Z [LOG] [parse_extracted_emails.js] done
2026-04-20T18:11:26.119Z [LOG] [pipeline #72] new emails parsed: 0
2026-04-20T18:11:26.119Z [LOG] [pipeline #72] no new data — skipping CSV rebuild and Sheets upload
2026-04-20T18:21:21.928Z [LOG] ────────────────────────────────────────────────────────────
2026-04-20T18:21:21.929Z [LOG] [pipeline #73] 2026-04-20T18:21:21.929Z
2026-04-20T18:21:21.929Z [LOG] [extract_emails.js] starting…
2026-04-20T18:21:25.953Z [LOG] extracted 0 email(s) this run
2026-04-20T18:21:26.250Z [LOG] extraction finished
2026-04-20T18:21:26.259Z [LOG] [extract_emails.js] done
2026-04-20T18:21:26.259Z [LOG] [pipeline #73] new emails extracted: 0
2026-04-20T18:21:26.259Z [LOG] [parse_extracted_emails.js] starting…
2026-04-20T18:21:26.300Z [LOG] parse summary: total=1836, parsed=0, alreadyParsed=1606, missingFields=230, invalidMessageType=0, missingParser=0, parseErrors=0
2026-04-20T18:21:26.304Z [LOG] [parse_extracted_emails.js] done
2026-04-20T18:21:26.304Z [LOG] [pipeline #73] new emails parsed: 0
2026-04-20T18:21:26.304Z [LOG] [pipeline #73] no new data — skipping CSV rebuild and Sheets upload
2026-04-20T18:31:21.932Z [LOG] ────────────────────────────────────────────────────────────
2026-04-20T18:31:21.932Z [LOG] [pipeline #74] 2026-04-20T18:31:21.932Z
2026-04-20T18:31:21.932Z [LOG] [extract_emails.js] starting…
2026-04-20T18:31:25.920Z [LOG] extracted 0 email(s) this run
2026-04-20T18:31:26.215Z [LOG] extraction finished
2026-04-20T18:31:26.223Z [LOG] [extract_emails.js] done
2026-04-20T18:31:26.223Z [LOG] [pipeline #74] new emails extracted: 0
2026-04-20T18:31:26.223Z [LOG] [parse_extracted_emails.js] starting…
2026-04-20T18:31:26.302Z [LOG] parse summary: total=1836, parsed=0, alreadyParsed=1606, missingFields=230, invalidMessageType=0, missingParser=0, parseErrors=0
2026-04-20T18:31:26.309Z [LOG] [parse_extracted_emails.js] done
2026-04-20T18:31:26.309Z [LOG] [pipeline #74] new emails parsed: 0
2026-04-20T18:31:26.309Z [LOG] [pipeline #74] no new data — skipping CSV rebuild and Sheets upload
2026-04-20T18:41:21.935Z [LOG] ────────────────────────────────────────────────────────────
2026-04-20T18:41:21.935Z [LOG] [pipeline #75] 2026-04-20T18:41:21.935Z
2026-04-20T18:41:21.935Z [LOG] [extract_emails.js] starting…
2026-04-20T18:41:25.337Z [LOG] extracted 0 email(s) this run
2026-04-20T18:41:25.570Z [LOG] extraction finished
2026-04-20T18:41:25.577Z [LOG] [extract_emails.js] done
2026-04-20T18:41:25.577Z [LOG] [pipeline #75] new emails extracted: 0
2026-04-20T18:41:25.577Z [LOG] [parse_extracted_emails.js] starting…
2026-04-20T18:41:25.617Z [LOG] parse summary: total=1836, parsed=0, alreadyParsed=1606, missingFields=230, invalidMessageType=0, missingParser=0, parseErrors=0
2026-04-20T18:41:25.621Z [LOG] [parse_extracted_emails.js] done
2026-04-20T18:41:25.621Z [LOG] [pipeline #75] new emails parsed: 0
2026-04-20T18:41:25.621Z [LOG] [pipeline #75] no new data — skipping CSV rebuild and Sheets upload
2026-04-20T18:45:21.780Z [WARN] Received SIGINT; shutting down pipeline...
2026-04-20T18:46:00.641Z [LOG] Pipeline polling every 300s. Press Ctrl+C to stop.
2026-04-20T18:46:00.643Z [LOG] ────────────────────────────────────────────────────────────
2026-04-20T18:46:00.643Z [LOG] [pipeline #1] 2026-04-20T18:46:00.643Z
2026-04-20T18:46:00.644Z [LOG] [extract_emails.js] starting…
2026-04-20T18:46:03.934Z [LOG] extracted 0 email(s) this run
2026-04-20T18:46:04.162Z [LOG] extraction finished
2026-04-20T18:46:04.168Z [LOG] [extract_emails.js] done
2026-04-20T18:46:04.168Z [LOG] [pipeline #1] new emails extracted: 0
2026-04-20T18:46:04.168Z [LOG] [parse_extracted_emails.js] starting…
2026-04-20T18:46:04.221Z [LOG] parse summary: total=1836, parsed=0, alreadyParsed=1606, missingFields=230, invalidMessageType=0, missingParser=0, parseErrors=0
2026-04-20T18:46:04.226Z [LOG] [parse_extracted_emails.js] done
2026-04-20T18:46:04.227Z [LOG] [pipeline #1] new emails parsed: 0
2026-04-20T18:46:04.227Z [LOG] [pipeline #1] no new data — skipping CSV rebuild and Sheets upload
2026-04-20T18:51:04.327Z [LOG] ────────────────────────────────────────────────────────────
2026-04-20T18:51:04.327Z [LOG] [pipeline #2] 2026-04-20T18:51:04.327Z
2026-04-20T18:51:04.327Z [LOG] [extract_emails.js] starting…
2026-04-20T18:51:08.747Z [LOG] extracted 0 email(s) this run
2026-04-20T18:51:09.044Z [LOG] extraction finished
2026-04-20T18:51:09.052Z [LOG] [extract_emails.js] done
2026-04-20T18:51:09.052Z [LOG] [pipeline #2] new emails extracted: 0
2026-04-20T18:51:09.052Z [LOG] [parse_extracted_emails.js] starting…
2026-04-20T18:51:09.097Z [LOG] parse summary: total=1836, parsed=0, alreadyParsed=1606, missingFields=230, invalidMessageType=0, missingParser=0, parseErrors=0
2026-04-20T18:51:09.102Z [LOG] [parse_extracted_emails.js] done
2026-04-20T18:51:09.102Z [LOG] [pipeline #2] new emails parsed: 0
2026-04-20T18:51:09.102Z [LOG] [pipeline #2] no new data — skipping CSV rebuild and Sheets upload
2026-04-20T18:56:04.332Z [LOG] ────────────────────────────────────────────────────────────
2026-04-20T18:56:04.332Z [LOG] [pipeline #3] 2026-04-20T18:56:04.332Z
2026-04-20T18:56:04.332Z [LOG] [extract_emails.js] starting…
2026-04-20T18:56:08.373Z [LOG] extracted 0 email(s) this run
2026-04-20T18:56:08.681Z [LOG] extraction finished
2026-04-20T18:56:08.690Z [LOG] [extract_emails.js] done
2026-04-20T18:56:08.690Z [LOG] [pipeline #3] new emails extracted: 0
2026-04-20T18:56:08.690Z [LOG] [parse_extracted_emails.js] starting…
2026-04-20T18:56:08.737Z [LOG] parse summary: total=1836, parsed=0, alreadyParsed=1606, missingFields=230, invalidMessageType=0, missingParser=0, parseErrors=0
2026-04-20T18:56:08.741Z [LOG] [parse_extracted_emails.js] done
2026-04-20T18:56:08.741Z [LOG] [pipeline #3] new emails parsed: 0
2026-04-20T18:56:08.741Z [LOG] [pipeline #3] no new data — skipping CSV rebuild and Sheets upload
2026-04-20T19:01:04.335Z [LOG] ────────────────────────────────────────────────────────────
2026-04-20T19:01:04.336Z [LOG] [pipeline #4] 2026-04-20T19:01:04.336Z
2026-04-20T19:01:04.336Z [LOG] [extract_emails.js] starting…
2026-04-20T19:01:08.400Z [LOG] extracted 0 email(s) this run
2026-04-20T19:01:08.698Z [LOG] extraction finished
2026-04-20T19:01:08.706Z [LOG] [extract_emails.js] done
2026-04-20T19:01:08.706Z [LOG] [pipeline #4] new emails extracted: 0
2026-04-20T19:01:08.706Z [LOG] [parse_extracted_emails.js] starting…
2026-04-20T19:01:08.752Z [LOG] parse summary: total=1836, parsed=0, alreadyParsed=1606, missingFields=230, invalidMessageType=0, missingParser=0, parseErrors=0
2026-04-20T19:01:08.756Z [LOG] [parse_extracted_emails.js] done
2026-04-20T19:01:08.756Z [LOG] [pipeline #4] new emails parsed: 0
2026-04-20T19:01:08.756Z [LOG] [pipeline #4] no new data — skipping CSV rebuild and Sheets upload
2026-04-20T19:06:04.337Z [LOG] ────────────────────────────────────────────────────────────
2026-04-20T19:06:04.338Z [LOG] [pipeline #5] 2026-04-20T19:06:04.338Z
2026-04-20T19:06:04.338Z [LOG] [extract_emails.js] starting…
2026-04-20T19:06:08.512Z [LOG] extracted 0 email(s) this run
2026-04-20T19:06:08.805Z [LOG] extraction finished
2026-04-20T19:06:08.810Z [LOG] [extract_emails.js] done
2026-04-20T19:06:08.810Z [LOG] [pipeline #5] new emails extracted: 0
2026-04-20T19:06:08.810Z [LOG] [parse_extracted_emails.js] starting…
2026-04-20T19:06:08.860Z [LOG] parse summary: total=1836, parsed=0, alreadyParsed=1606, missingFields=230, invalidMessageType=0, missingParser=0, parseErrors=0
2026-04-20T19:06:08.864Z [LOG] [parse_extracted_emails.js] done
2026-04-20T19:06:08.864Z [LOG] [pipeline #5] new emails parsed: 0
2026-04-20T19:06:08.864Z [LOG] [pipeline #5] no new data — skipping CSV rebuild and Sheets upload
2026-04-20T19:11:04.341Z [LOG] ────────────────────────────────────────────────────────────
2026-04-20T19:11:04.342Z [LOG] [pipeline #6] 2026-04-20T19:11:04.342Z
2026-04-20T19:11:04.342Z [LOG] [extract_emails.js] starting…
2026-04-20T19:11:09.447Z [LOG] [extract_emails.js] Extracted: INBOX-uid-7042.json
2026-04-20T19:11:09.071Z [LOG] extracted 1 email(s) this run
2026-04-20T19:11:09.439Z [LOG] extraction finished
2026-04-20T19:11:09.447Z [LOG] [extract_emails.js] done
2026-04-20T19:11:09.447Z [LOG] [pipeline #6] new emails extracted: 1
2026-04-20T19:11:09.447Z [LOG] [parse_extracted_emails.js] starting…
2026-04-20T19:11:09.501Z [LOG] parse summary: total=1837, parsed=0, alreadyParsed=1606, missingFields=231, invalidMessageType=0, missingParser=0, parseErrors=0
2026-04-20T19:11:09.505Z [LOG] [parse_extracted_emails.js] done
2026-04-20T19:11:09.505Z [LOG] [pipeline #6] new emails parsed: 0
2026-04-20T19:11:09.505Z [LOG] [build_cfs_csv_mawb.js] starting…
2026-04-20T19:11:09.738Z [LOG] Written 397 rows to CFS_mawb.csv
2026-04-20T19:11:09.741Z [LOG]   Rows with no FFM match (no flight data): 3
2026-04-20T19:11:09.745Z [LOG] [build_cfs_csv_mawb.js] done
2026-04-20T19:11:09.745Z [LOG] [build_cfs_csv_uld.js] starting…
2026-04-20T19:11:09.945Z [LOG] [build_cfs_csv_uld.js] Written 715 rows to /home/wesleywu9/tolead/NCAParser/server/data/outputs/parsed_tables/CFS_uld.csv
2026-04-20T19:11:09.945Z [LOG] [build_cfs_csv_uld.js]   Rows with no FFM match: 3
2026-04-20T19:11:09.945Z [LOG] [build_cfs_csv_uld.js]   Extra rows from MAWBs split across multiple ULDs: 318
2026-04-20T19:11:09.945Z [LOG] [build_cfs_csv_uld.js] done
2026-04-20T19:11:09.945Z [LOG] [build_cfs_csv_hawb.js] starting…
2026-04-20T19:11:10.131Z [LOG] Written 801 rows to CFS_hawb.csv
2026-04-20T19:11:10.134Z [LOG]   HAWB rows: 708
2026-04-20T19:11:10.134Z [LOG]   MAWB-only rows: 93
2026-04-20T19:11:10.138Z [LOG] [build_cfs_csv_hawb.js] done
2026-04-20T19:11:10.138Z [LOG] [upload_tables_to_sheets.js] starting…
2026-04-20T19:11:10.196Z [LOG] [mawb] Clearing 'CFS_by_MAWB'!A:AH …
2026-04-20T19:11:11.601Z [LOG] [mawb] Writing 398 rows → 'CFS_by_MAWB'!A1 …
2026-04-20T19:11:14.351Z [LOG] [mawb] Applied sheet formatting and sorting
2026-04-20T19:11:14.351Z [LOG] [mawb] Done — 397 data rows uploaded.
2026-04-20T19:11:14.353Z [LOG] [uld] Clearing 'CFS_by_ULD'!A:AH …
2026-04-20T19:11:14.864Z [LOG] [uld] Writing 716 rows → 'CFS_by_ULD'!A1 …
2026-04-20T19:11:17.937Z [LOG] [uld] Applied sheet formatting and sorting
2026-04-20T19:11:19.062Z [LOG] [uld] Applied ULD grouping formatting (635 ULD blocks)
2026-04-20T19:11:19.062Z [LOG] [uld] Done — 715 data rows uploaded.
2026-04-20T19:11:19.065Z [LOG] [hawb] Clearing 'CFS_by_HAWB'!A:AH …
2026-04-20T19:11:19.572Z [LOG] [hawb] Writing 802 rows → 'CFS_by_HAWB'!A1 …
2026-04-20T19:11:21.624Z [LOG] [hawb] Applied sheet formatting and sorting
2026-04-20T19:11:22.439Z [LOG] [hawb] Applied MAWB grouping formatting (398 MAWB blocks)
2026-04-20T19:11:22.439Z [LOG] [hawb] Done — 801 data rows uploaded.
2026-04-20T19:11:22.447Z [LOG] [upload_tables_to_sheets.js] done
2026-04-20T19:11:22.447Z [LOG] [pipeline #6] pipeline complete
2026-04-20T19:16:04.348Z [LOG] ────────────────────────────────────────────────────────────
2026-04-20T19:16:04.348Z [LOG] [pipeline #7] 2026-04-20T19:16:04.348Z
2026-04-20T19:16:04.348Z [LOG] [extract_emails.js] starting…
2026-04-20T19:16:08.443Z [LOG] extracted 0 email(s) this run
2026-04-20T19:16:08.741Z [LOG] extraction finished
2026-04-20T19:16:08.749Z [LOG] [extract_emails.js] done
2026-04-20T19:16:08.749Z [LOG] [pipeline #7] new emails extracted: 0
2026-04-20T19:16:08.749Z [LOG] [parse_extracted_emails.js] starting…
2026-04-20T19:16:08.794Z [LOG] parse summary: total=1837, parsed=0, alreadyParsed=1606, missingFields=231, invalidMessageType=0, missingParser=0, parseErrors=0
2026-04-20T19:16:08.797Z [LOG] [parse_extracted_emails.js] done
2026-04-20T19:16:08.797Z [LOG] [pipeline #7] new emails parsed: 0
2026-04-20T19:16:08.797Z [LOG] [pipeline #7] no new data — skipping CSV rebuild and Sheets upload
2026-04-20T19:21:04.352Z [LOG] ────────────────────────────────────────────────────────────
2026-04-20T19:21:04.352Z [LOG] [pipeline #8] 2026-04-20T19:21:04.352Z
2026-04-20T19:21:04.352Z [LOG] [extract_emails.js] starting…
2026-04-20T19:21:09.491Z [LOG] [extract_emails.js] Extracted: INBOX-uid-7044.json
2026-04-20T19:21:09.491Z [LOG] [extract_emails.js] Extracted: INBOX-uid-7043.json
2026-04-20T19:21:09.192Z [LOG] extracted 2 email(s) this run
2026-04-20T19:21:09.484Z [LOG] extraction finished
2026-04-20T19:21:09.491Z [LOG] [extract_emails.js] done
2026-04-20T19:21:09.491Z [LOG] [pipeline #8] new emails extracted: 2
2026-04-20T19:21:09.491Z [LOG] [parse_extracted_emails.js] starting…
2026-04-20T19:21:09.538Z [LOG] parse summary: total=1839, parsed=0, alreadyParsed=1606, missingFields=233, invalidMessageType=0, missingParser=0, parseErrors=0
2026-04-20T19:21:09.543Z [LOG] [parse_extracted_emails.js] done
2026-04-20T19:21:09.543Z [LOG] [pipeline #8] new emails parsed: 0
2026-04-20T19:21:09.543Z [LOG] [build_cfs_csv_mawb.js] starting…
2026-04-20T19:21:09.749Z [LOG] Written 397 rows to CFS_mawb.csv
2026-04-20T19:21:09.752Z [LOG]   Rows with no FFM match (no flight data): 3
2026-04-20T19:21:09.756Z [LOG] [build_cfs_csv_mawb.js] done
2026-04-20T19:21:09.756Z [LOG] [build_cfs_csv_uld.js] starting…
2026-04-20T19:21:09.941Z [LOG] [build_cfs_csv_uld.js] Written 715 rows to /home/wesleywu9/tolead/NCAParser/server/data/outputs/parsed_tables/CFS_uld.csv
2026-04-20T19:21:09.941Z [LOG] [build_cfs_csv_uld.js]   Rows with no FFM match: 3
2026-04-20T19:21:09.941Z [LOG] [build_cfs_csv_uld.js]   Extra rows from MAWBs split across multiple ULDs: 318
2026-04-20T19:21:09.941Z [LOG] [build_cfs_csv_uld.js] done
2026-04-20T19:21:09.941Z [LOG] [build_cfs_csv_hawb.js] starting…
2026-04-20T19:21:10.114Z [LOG] Written 801 rows to CFS_hawb.csv
2026-04-20T19:21:10.116Z [LOG]   HAWB rows: 708
2026-04-20T19:21:10.116Z [LOG]   MAWB-only rows: 93
2026-04-20T19:21:10.120Z [LOG] [build_cfs_csv_hawb.js] done
2026-04-20T19:21:10.120Z [LOG] [upload_tables_to_sheets.js] starting…
2026-04-20T19:21:10.188Z [LOG] [mawb] Clearing 'CFS_by_MAWB'!A:AH …
2026-04-20T19:21:11.327Z [LOG] [mawb] Writing 398 rows → 'CFS_by_MAWB'!A1 …
2026-04-20T19:21:14.296Z [LOG] [mawb] Applied sheet formatting and sorting
2026-04-20T19:21:14.296Z [LOG] [mawb] Done — 397 data rows uploaded.
2026-04-20T19:21:14.299Z [LOG] [uld] Clearing 'CFS_by_ULD'!A:AH …
2026-04-20T19:21:14.809Z [LOG] [uld] Writing 716 rows → 'CFS_by_ULD'!A1 …
2026-04-20T19:21:18.294Z [LOG] [uld] Applied sheet formatting and sorting
2026-04-20T19:21:19.728Z [LOG] [uld] Applied ULD grouping formatting (635 ULD blocks)
2026-04-20T19:21:19.728Z [LOG] [uld] Done — 715 data rows uploaded.
2026-04-20T19:21:19.731Z [LOG] [hawb] Clearing 'CFS_by_HAWB'!A:AH …
2026-04-20T19:21:20.338Z [LOG] [hawb] Writing 802 rows → 'CFS_by_HAWB'!A1 …
2026-04-20T19:21:22.697Z [LOG] [hawb] Applied sheet formatting and sorting
2026-04-20T19:21:23.512Z [LOG] [hawb] Applied MAWB grouping formatting (398 MAWB blocks)
2026-04-20T19:21:23.512Z [LOG] [hawb] Done — 801 data rows uploaded.
2026-04-20T19:21:23.518Z [LOG] [upload_tables_to_sheets.js] done
2026-04-20T19:21:23.518Z [LOG] [pipeline #8] pipeline complete
2026-04-20T19:26:04.357Z [LOG] ────────────────────────────────────────────────────────────
2026-04-20T19:26:04.357Z [LOG] [pipeline #9] 2026-04-20T19:26:04.357Z
2026-04-20T19:26:04.357Z [LOG] [extract_emails.js] starting…
2026-04-20T19:26:09.110Z [LOG] [extract_emails.js] Extracted: INBOX-uid-7045.json
2026-04-20T19:26:08.732Z [LOG] extracted 1 email(s) this run
2026-04-20T19:26:09.101Z [LOG] extraction finished
2026-04-20T19:26:09.110Z [LOG] [extract_emails.js] done
2026-04-20T19:26:09.110Z [LOG] [pipeline #9] new emails extracted: 1
2026-04-20T19:26:09.110Z [LOG] [parse_extracted_emails.js] starting…
2026-04-20T19:26:09.158Z [LOG] parse summary: total=1840, parsed=0, alreadyParsed=1606, missingFields=234, invalidMessageType=0, missingParser=0, parseErrors=0
2026-04-20T19:26:09.162Z [LOG] [parse_extracted_emails.js] done
2026-04-20T19:26:09.162Z [LOG] [pipeline #9] new emails parsed: 0
2026-04-20T19:26:09.162Z [LOG] [build_cfs_csv_mawb.js] starting…
2026-04-20T19:26:09.399Z [LOG] Written 397 rows to CFS_mawb.csv
2026-04-20T19:26:09.402Z [LOG]   Rows with no FFM match (no flight data): 3
2026-04-20T19:26:09.407Z [LOG] [build_cfs_csv_mawb.js] done
2026-04-20T19:26:09.407Z [LOG] [build_cfs_csv_uld.js] starting…
2026-04-20T19:26:09.615Z [LOG] [build_cfs_csv_uld.js] Written 715 rows to /home/wesleywu9/tolead/NCAParser/server/data/outputs/parsed_tables/CFS_uld.csv
2026-04-20T19:26:09.616Z [LOG] [build_cfs_csv_uld.js]   Rows with no FFM match: 3
2026-04-20T19:26:09.616Z [LOG] [build_cfs_csv_uld.js]   Extra rows from MAWBs split across multiple ULDs: 318
2026-04-20T19:26:09.616Z [LOG] [build_cfs_csv_uld.js] done
2026-04-20T19:26:09.616Z [LOG] [build_cfs_csv_hawb.js] starting…
2026-04-20T19:26:09.791Z [LOG] Written 801 rows to CFS_hawb.csv
2026-04-20T19:26:09.793Z [LOG]   HAWB rows: 708
2026-04-20T19:26:09.793Z [LOG]   MAWB-only rows: 93
2026-04-20T19:26:09.797Z [LOG] [build_cfs_csv_hawb.js] done
2026-04-20T19:26:09.797Z [LOG] [upload_tables_to_sheets.js] starting…
2026-04-20T19:26:09.860Z [LOG] [mawb] Clearing 'CFS_by_MAWB'!A:AH …
2026-04-20T19:26:10.947Z [LOG] [mawb] Writing 398 rows → 'CFS_by_MAWB'!A1 …
2026-04-20T19:26:12.994Z [LOG] [mawb] Applied sheet formatting and sorting
2026-04-20T19:26:12.994Z [LOG] [mawb] Done — 397 data rows uploaded.
2026-04-20T19:26:12.997Z [LOG] [uld] Clearing 'CFS_by_ULD'!A:AH …
2026-04-20T19:26:13.505Z [LOG] [uld] Writing 716 rows → 'CFS_by_ULD'!A1 …
2026-04-20T19:26:17.703Z [LOG] [uld] Applied sheet formatting and sorting
2026-04-20T19:26:19.170Z [LOG] [uld] Applied ULD grouping formatting (635 ULD blocks)
2026-04-20T19:26:19.170Z [LOG] [uld] Done — 715 data rows uploaded.
2026-04-20T19:26:19.173Z [LOG] [hawb] Clearing 'CFS_by_HAWB'!A:AH …
2026-04-20T19:26:20.905Z [LOG] [hawb] Writing 802 rows → 'CFS_by_HAWB'!A1 …
2026-04-20T19:26:23.325Z [LOG] [hawb] Applied sheet formatting and sorting
2026-04-20T19:26:24.121Z [LOG] [hawb] Applied MAWB grouping formatting (398 MAWB blocks)
2026-04-20T19:26:24.121Z [LOG] [hawb] Done — 801 data rows uploaded.
2026-04-20T19:26:24.128Z [LOG] [upload_tables_to_sheets.js] done
2026-04-20T19:26:24.128Z [LOG] [pipeline #9] pipeline complete
2026-04-20T19:31:04.358Z [LOG] ────────────────────────────────────────────────────────────
2026-04-20T19:31:04.358Z [LOG] [pipeline #10] 2026-04-20T19:31:04.358Z
2026-04-20T19:31:04.358Z [LOG] [extract_emails.js] starting…
2026-04-20T19:31:08.526Z [LOG] extracted 0 email(s) this run
2026-04-20T19:31:08.822Z [LOG] extraction finished
2026-04-20T19:31:08.830Z [LOG] [extract_emails.js] done
2026-04-20T19:31:08.830Z [LOG] [pipeline #10] new emails extracted: 0
2026-04-20T19:31:08.830Z [LOG] [parse_extracted_emails.js] starting…
2026-04-20T19:31:08.882Z [LOG] parse summary: total=1840, parsed=0, alreadyParsed=1606, missingFields=234, invalidMessageType=0, missingParser=0, parseErrors=0
2026-04-20T19:31:08.886Z [LOG] [parse_extracted_emails.js] done
2026-04-20T19:31:08.886Z [LOG] [pipeline #10] new emails parsed: 0
2026-04-20T19:31:08.887Z [LOG] [pipeline #10] no new data — skipping CSV rebuild and Sheets upload
2026-04-20T19:36:04.361Z [LOG] ────────────────────────────────────────────────────────────
2026-04-20T19:36:04.362Z [LOG] [pipeline #11] 2026-04-20T19:36:04.362Z
2026-04-20T19:36:04.362Z [LOG] [extract_emails.js] starting…
2026-04-20T19:36:08.260Z [LOG] extracted 0 email(s) this run
2026-04-20T19:36:08.557Z [LOG] extraction finished
2026-04-20T19:36:08.562Z [LOG] [extract_emails.js] done
2026-04-20T19:36:08.562Z [LOG] [pipeline #11] new emails extracted: 0
2026-04-20T19:36:08.562Z [LOG] [parse_extracted_emails.js] starting…
2026-04-20T19:36:08.609Z [LOG] parse summary: total=1840, parsed=0, alreadyParsed=1606, missingFields=234, invalidMessageType=0, missingParser=0, parseErrors=0
2026-04-20T19:36:08.613Z [LOG] [parse_extracted_emails.js] done
2026-04-20T19:36:08.613Z [LOG] [pipeline #11] new emails parsed: 0
2026-04-20T19:36:08.613Z [LOG] [pipeline #11] no new data — skipping CSV rebuild and Sheets upload
2026-04-20T19:41:04.363Z [LOG] ────────────────────────────────────────────────────────────
2026-04-20T19:41:04.364Z [LOG] [pipeline #12] 2026-04-20T19:41:04.364Z
2026-04-20T19:41:04.364Z [LOG] [extract_emails.js] starting…
2026-04-20T19:41:08.935Z [LOG] [extract_emails.js] Extracted: INBOX-uid-7046.json
2026-04-20T19:41:08.665Z [LOG] extracted 1 email(s) this run
2026-04-20T19:41:08.927Z [LOG] extraction finished
2026-04-20T19:41:08.935Z [LOG] [extract_emails.js] done
2026-04-20T19:41:08.935Z [LOG] [pipeline #12] new emails extracted: 1
2026-04-20T19:41:08.935Z [LOG] [parse_extracted_emails.js] starting…
2026-04-20T19:41:08.980Z [LOG] parse summary: total=1841, parsed=0, alreadyParsed=1606, missingFields=235, invalidMessageType=0, missingParser=0, parseErrors=0
2026-04-20T19:41:08.984Z [LOG] [parse_extracted_emails.js] done
2026-04-20T19:41:08.984Z [LOG] [pipeline #12] new emails parsed: 0
2026-04-20T19:41:08.984Z [LOG] [build_cfs_csv_mawb.js] starting…
2026-04-20T19:41:09.204Z [LOG] Written 397 rows to CFS_mawb.csv
2026-04-20T19:41:09.207Z [LOG]   Rows with no FFM match (no flight data): 3
2026-04-20T19:41:09.212Z [LOG] [build_cfs_csv_mawb.js] done
2026-04-20T19:41:09.212Z [LOG] [build_cfs_csv_uld.js] starting…
2026-04-20T19:41:09.401Z [LOG] [build_cfs_csv_uld.js] Written 715 rows to /home/wesleywu9/tolead/NCAParser/server/data/outputs/parsed_tables/CFS_uld.csv
2026-04-20T19:41:09.401Z [LOG] [build_cfs_csv_uld.js]   Rows with no FFM match: 3
2026-04-20T19:41:09.401Z [LOG] [build_cfs_csv_uld.js]   Extra rows from MAWBs split across multiple ULDs: 318
2026-04-20T19:41:09.401Z [LOG] [build_cfs_csv_uld.js] done
2026-04-20T19:41:09.401Z [LOG] [build_cfs_csv_hawb.js] starting…
2026-04-20T19:41:09.603Z [LOG] Written 801 rows to CFS_hawb.csv
2026-04-20T19:41:09.605Z [LOG]   HAWB rows: 708
2026-04-20T19:41:09.605Z [LOG]   MAWB-only rows: 93
2026-04-20T19:41:09.610Z [LOG] [build_cfs_csv_hawb.js] done
2026-04-20T19:41:09.610Z [LOG] [upload_tables_to_sheets.js] starting…
2026-04-20T19:41:09.671Z [LOG] [mawb] Clearing 'CFS_by_MAWB'!A:AH …
2026-04-20T19:41:10.874Z [LOG] [mawb] Writing 398 rows → 'CFS_by_MAWB'!A1 …
2026-04-20T19:41:13.848Z [LOG] [mawb] Applied sheet formatting and sorting
2026-04-20T19:41:13.848Z [LOG] [mawb] Done — 397 data rows uploaded.
2026-04-20T19:41:13.850Z [LOG] [uld] Clearing 'CFS_by_ULD'!A:AH …
2026-04-20T19:41:14.458Z [LOG] [uld] Writing 716 rows → 'CFS_by_ULD'!A1 …
2026-04-20T19:41:17.324Z [LOG] [uld] Applied sheet formatting and sorting
2026-04-20T19:41:18.451Z [LOG] [uld] Applied ULD grouping formatting (635 ULD blocks)
2026-04-20T19:41:18.451Z [LOG] [uld] Done — 715 data rows uploaded.
2026-04-20T19:41:18.454Z [LOG] [hawb] Clearing 'CFS_by_HAWB'!A:AH …
2026-04-20T19:41:19.066Z [LOG] [hawb] Writing 802 rows → 'CFS_by_HAWB'!A1 …
2026-04-20T19:41:20.914Z [LOG] [hawb] Applied sheet formatting and sorting
2026-04-20T19:41:21.933Z [LOG] [hawb] Applied MAWB grouping formatting (398 MAWB blocks)
2026-04-20T19:41:21.933Z [LOG] [hawb] Done — 801 data rows uploaded.
2026-04-20T19:41:21.942Z [LOG] [upload_tables_to_sheets.js] done
2026-04-20T19:41:21.942Z [LOG] [pipeline #12] pipeline complete
2026-04-20T19:46:04.370Z [LOG] ────────────────────────────────────────────────────────────
2026-04-20T19:46:04.370Z [LOG] [pipeline #13] 2026-04-20T19:46:04.370Z
2026-04-20T19:46:04.370Z [LOG] [extract_emails.js] starting…
2026-04-20T19:46:08.271Z [LOG] extracted 0 email(s) this run
2026-04-20T19:46:08.571Z [LOG] extraction finished
2026-04-20T19:46:08.578Z [LOG] [extract_emails.js] done
2026-04-20T19:46:08.578Z [LOG] [pipeline #13] new emails extracted: 0
2026-04-20T19:46:08.578Z [LOG] [parse_extracted_emails.js] starting…
2026-04-20T19:46:08.629Z [LOG] parse summary: total=1841, parsed=0, alreadyParsed=1606, missingFields=235, invalidMessageType=0, missingParser=0, parseErrors=0
2026-04-20T19:46:08.633Z [LOG] [parse_extracted_emails.js] done
2026-04-20T19:46:08.633Z [LOG] [pipeline #13] new emails parsed: 0
2026-04-20T19:46:08.633Z [LOG] [pipeline #13] no new data — skipping CSV rebuild and Sheets upload
2026-04-20T19:51:04.374Z [LOG] ────────────────────────────────────────────────────────────
2026-04-20T19:51:04.374Z [LOG] [pipeline #14] 2026-04-20T19:51:04.374Z
2026-04-20T19:51:04.374Z [LOG] [extract_emails.js] starting…
2026-04-20T19:51:08.419Z [LOG] extracted 0 email(s) this run
2026-04-20T19:51:08.716Z [LOG] extraction finished
2026-04-20T19:51:08.724Z [LOG] [extract_emails.js] done
2026-04-20T19:51:08.724Z [LOG] [pipeline #14] new emails extracted: 0
2026-04-20T19:51:08.724Z [LOG] [parse_extracted_emails.js] starting…
2026-04-20T19:51:08.768Z [LOG] parse summary: total=1841, parsed=0, alreadyParsed=1606, missingFields=235, invalidMessageType=0, missingParser=0, parseErrors=0
2026-04-20T19:51:08.772Z [LOG] [parse_extracted_emails.js] done
2026-04-20T19:51:08.772Z [LOG] [pipeline #14] new emails parsed: 0
2026-04-20T19:51:08.772Z [LOG] [pipeline #14] no new data — skipping CSV rebuild and Sheets upload
2026-04-20T19:56:04.378Z [LOG] ────────────────────────────────────────────────────────────
2026-04-20T19:56:04.378Z [LOG] [pipeline #15] 2026-04-20T19:56:04.378Z
2026-04-20T19:56:04.379Z [LOG] [extract_emails.js] starting…
2026-04-20T19:56:09.070Z [LOG] [extract_emails.js] Extracted: INBOX-uid-7047.json
2026-04-20T19:56:08.692Z [LOG] extracted 1 email(s) this run
2026-04-20T19:56:09.064Z [LOG] extraction finished
2026-04-20T19:56:09.070Z [LOG] [extract_emails.js] done
2026-04-20T19:56:09.070Z [LOG] [pipeline #15] new emails extracted: 1
2026-04-20T19:56:09.070Z [LOG] [parse_extracted_emails.js] starting…
2026-04-20T19:56:09.114Z [LOG] parse summary: total=1842, parsed=0, alreadyParsed=1606, missingFields=236, invalidMessageType=0, missingParser=0, parseErrors=0
2026-04-20T19:56:09.118Z [LOG] [parse_extracted_emails.js] done
2026-04-20T19:56:09.118Z [LOG] [pipeline #15] new emails parsed: 0
2026-04-20T19:56:09.118Z [LOG] [build_cfs_csv_mawb.js] starting…
2026-04-20T19:56:09.349Z [LOG] Written 397 rows to CFS_mawb.csv
2026-04-20T19:56:09.352Z [LOG]   Rows with no FFM match (no flight data): 3
2026-04-20T19:56:09.357Z [LOG] [build_cfs_csv_mawb.js] done
2026-04-20T19:56:09.357Z [LOG] [build_cfs_csv_uld.js] starting…
2026-04-20T19:56:09.548Z [LOG] [build_cfs_csv_uld.js] Written 715 rows to /home/wesleywu9/tolead/NCAParser/server/data/outputs/parsed_tables/CFS_uld.csv
2026-04-20T19:56:09.548Z [LOG] [build_cfs_csv_uld.js]   Rows with no FFM match: 3
2026-04-20T19:56:09.548Z [LOG] [build_cfs_csv_uld.js]   Extra rows from MAWBs split across multiple ULDs: 318
2026-04-20T19:56:09.548Z [LOG] [build_cfs_csv_uld.js] done
2026-04-20T19:56:09.548Z [LOG] [build_cfs_csv_hawb.js] starting…
2026-04-20T19:56:09.714Z [LOG] Written 801 rows to CFS_hawb.csv
2026-04-20T19:56:09.717Z [LOG]   HAWB rows: 708
2026-04-20T19:56:09.717Z [LOG]   MAWB-only rows: 93
2026-04-20T19:56:09.720Z [LOG] [build_cfs_csv_hawb.js] done
2026-04-20T19:56:09.720Z [LOG] [upload_tables_to_sheets.js] starting…
2026-04-20T19:56:09.777Z [LOG] [mawb] Clearing 'CFS_by_MAWB'!A:AH …
2026-04-20T19:56:10.705Z [LOG] [mawb] Writing 398 rows → 'CFS_by_MAWB'!A1 …
2026-04-20T19:56:13.675Z [LOG] [mawb] Applied sheet formatting and sorting
2026-04-20T19:56:13.675Z [LOG] [mawb] Done — 397 data rows uploaded.
2026-04-20T19:56:13.677Z [LOG] [uld] Clearing 'CFS_by_ULD'!A:AH …
2026-04-20T19:56:14.187Z [LOG] [uld] Writing 716 rows → 'CFS_by_ULD'!A1 …
2026-04-20T19:56:17.257Z [LOG] [uld] Applied sheet formatting and sorting
2026-04-20T19:56:18.282Z [LOG] [uld] Applied ULD grouping formatting (635 ULD blocks)
2026-04-20T19:56:18.282Z [LOG] [uld] Done — 715 data rows uploaded.
2026-04-20T19:56:18.285Z [LOG] [hawb] Clearing 'CFS_by_HAWB'!A:AH …
2026-04-20T19:56:18.794Z [LOG] [hawb] Writing 802 rows → 'CFS_by_HAWB'!A1 …
2026-04-20T19:56:20.842Z [LOG] [hawb] Applied sheet formatting and sorting
2026-04-20T19:56:21.756Z [LOG] [hawb] Applied MAWB grouping formatting (398 MAWB blocks)
2026-04-20T19:56:21.756Z [LOG] [hawb] Done — 801 data rows uploaded.
2026-04-20T19:56:21.764Z [LOG] [upload_tables_to_sheets.js] done
2026-04-20T19:56:21.764Z [LOG] [pipeline #15] pipeline complete
2026-04-20T20:01:04.385Z [LOG] ────────────────────────────────────────────────────────────
2026-04-20T20:01:04.385Z [LOG] [pipeline #16] 2026-04-20T20:01:04.385Z
2026-04-20T20:01:04.385Z [LOG] [extract_emails.js] starting…
2026-04-20T20:01:08.603Z [LOG] extracted 0 email(s) this run
2026-04-20T20:01:08.901Z [LOG] extraction finished
2026-04-20T20:01:08.909Z [LOG] [extract_emails.js] done
2026-04-20T20:01:08.909Z [LOG] [pipeline #16] new emails extracted: 0
2026-04-20T20:01:08.909Z [LOG] [parse_extracted_emails.js] starting…
2026-04-20T20:01:08.956Z [LOG] parse summary: total=1842, parsed=0, alreadyParsed=1606, missingFields=236, invalidMessageType=0, missingParser=0, parseErrors=0
2026-04-20T20:01:08.960Z [LOG] [parse_extracted_emails.js] done
2026-04-20T20:01:08.960Z [LOG] [pipeline #16] new emails parsed: 0
2026-04-20T20:01:08.960Z [LOG] [pipeline #16] no new data — skipping CSV rebuild and Sheets upload
2026-04-20T20:06:04.388Z [LOG] ────────────────────────────────────────────────────────────
2026-04-20T20:06:04.389Z [LOG] [pipeline #17] 2026-04-20T20:06:04.389Z
2026-04-20T20:06:04.389Z [LOG] [extract_emails.js] starting…
2026-04-20T20:06:09.251Z [LOG] [extract_emails.js] Extracted: INBOX-uid-7048.json
2026-04-20T20:06:08.878Z [LOG] extracted 1 email(s) this run
2026-04-20T20:06:09.245Z [LOG] extraction finished
2026-04-20T20:06:09.251Z [LOG] [extract_emails.js] done
2026-04-20T20:06:09.251Z [LOG] [pipeline #17] new emails extracted: 1
2026-04-20T20:06:09.251Z [LOG] [parse_extracted_emails.js] starting…
2026-04-20T20:06:09.296Z [LOG] parse summary: total=1843, parsed=0, alreadyParsed=1606, missingFields=237, invalidMessageType=0, missingParser=0, parseErrors=0
2026-04-20T20:06:09.300Z [LOG] [parse_extracted_emails.js] done
2026-04-20T20:06:09.300Z [LOG] [pipeline #17] new emails parsed: 0
2026-04-20T20:06:09.300Z [LOG] [build_cfs_csv_mawb.js] starting…
2026-04-20T20:06:09.527Z [LOG] Written 397 rows to CFS_mawb.csv
2026-04-20T20:06:09.530Z [LOG]   Rows with no FFM match (no flight data): 3
2026-04-20T20:06:09.535Z [LOG] [build_cfs_csv_mawb.js] done
2026-04-20T20:06:09.535Z [LOG] [build_cfs_csv_uld.js] starting…
2026-04-20T20:06:09.724Z [LOG] [build_cfs_csv_uld.js] Written 715 rows to /home/wesleywu9/tolead/NCAParser/server/data/outputs/parsed_tables/CFS_uld.csv
2026-04-20T20:06:09.724Z [LOG] [build_cfs_csv_uld.js]   Rows with no FFM match: 3
2026-04-20T20:06:09.724Z [LOG] [build_cfs_csv_uld.js]   Extra rows from MAWBs split across multiple ULDs: 318
2026-04-20T20:06:09.724Z [LOG] [build_cfs_csv_uld.js] done
2026-04-20T20:06:09.724Z [LOG] [build_cfs_csv_hawb.js] starting…
2026-04-20T20:06:09.895Z [LOG] Written 801 rows to CFS_hawb.csv
2026-04-20T20:06:09.897Z [LOG]   HAWB rows: 708
2026-04-20T20:06:09.897Z [LOG]   MAWB-only rows: 93
2026-04-20T20:06:09.901Z [LOG] [build_cfs_csv_hawb.js] done
2026-04-20T20:06:09.901Z [LOG] [upload_tables_to_sheets.js] starting…
2026-04-20T20:06:09.962Z [LOG] [mawb] Clearing 'CFS_by_MAWB'!A:AH …
2026-04-20T20:06:10.909Z [LOG] [mawb] Writing 398 rows → 'CFS_by_MAWB'!A1 …
2026-04-20T20:06:13.884Z [LOG] [mawb] Applied sheet formatting and sorting
2026-04-20T20:06:13.884Z [LOG] [mawb] Done — 397 data rows uploaded.
2026-04-20T20:06:13.887Z [LOG] [uld] Clearing 'CFS_by_ULD'!A:AH …
2026-04-20T20:06:14.543Z [LOG] [uld] Writing 716 rows → 'CFS_by_ULD'!A1 …
2026-04-20T20:06:17.546Z [LOG] [uld] Applied sheet formatting and sorting
2026-04-20T20:06:18.871Z [LOG] [uld] Applied ULD grouping formatting (635 ULD blocks)
2026-04-20T20:06:18.871Z [LOG] [uld] Done — 715 data rows uploaded.
2026-04-20T20:06:18.874Z [LOG] [hawb] Clearing 'CFS_by_HAWB'!A:AH …
2026-04-20T20:06:19.486Z [LOG] [hawb] Writing 802 rows → 'CFS_by_HAWB'!A1 …
2026-04-20T20:06:21.636Z [LOG] [hawb] Applied sheet formatting and sorting
2026-04-20T20:06:22.455Z [LOG] [hawb] Applied MAWB grouping formatting (398 MAWB blocks)
2026-04-20T20:06:22.455Z [LOG] [hawb] Done — 801 data rows uploaded.
2026-04-20T20:06:22.463Z [LOG] [upload_tables_to_sheets.js] done
2026-04-20T20:06:22.463Z [LOG] [pipeline #17] pipeline complete
2026-04-20T20:11:04.392Z [LOG] ────────────────────────────────────────────────────────────
2026-04-20T20:11:04.392Z [LOG] [pipeline #18] 2026-04-20T20:11:04.392Z
2026-04-20T20:11:04.392Z [LOG] [extract_emails.js] starting…
2026-04-20T20:11:08.568Z [LOG] extracted 0 email(s) this run
2026-04-20T20:11:08.866Z [LOG] extraction finished
2026-04-20T20:11:08.873Z [LOG] [extract_emails.js] done
2026-04-20T20:11:08.873Z [LOG] [pipeline #18] new emails extracted: 0
2026-04-20T20:11:08.873Z [LOG] [parse_extracted_emails.js] starting…
2026-04-20T20:11:08.928Z [LOG] parse summary: total=1843, parsed=0, alreadyParsed=1606, missingFields=237, invalidMessageType=0, missingParser=0, parseErrors=0
2026-04-20T20:11:08.932Z [LOG] [parse_extracted_emails.js] done
2026-04-20T20:11:08.932Z [LOG] [pipeline #18] new emails parsed: 0
2026-04-20T20:11:08.932Z [LOG] [pipeline #18] no new data — skipping CSV rebuild and Sheets upload
2026-04-20T20:16:04.395Z [LOG] ────────────────────────────────────────────────────────────
2026-04-20T20:16:04.395Z [LOG] [pipeline #19] 2026-04-20T20:16:04.395Z
2026-04-20T20:16:04.396Z [LOG] [extract_emails.js] starting…
2026-04-20T20:16:10.744Z [LOG] [extract_emails.js] Extracted: INBOX-uid-7054.json
2026-04-20T20:16:10.744Z [LOG] [extract_emails.js] Extracted: INBOX-uid-7053.json
2026-04-20T20:16:10.744Z [LOG] [extract_emails.js] Extracted: INBOX-uid-7052.json
2026-04-20T20:16:10.744Z [LOG] [extract_emails.js] Extracted: INBOX-uid-7051.json
2026-04-20T20:16:10.744Z [LOG] [extract_emails.js] Extracted: INBOX-uid-7050.json
2026-04-20T20:16:10.744Z [LOG] [extract_emails.js] Extracted: INBOX-uid-7049.json
2026-04-20T20:16:10.433Z [LOG] extracted 6 email(s) this run
2026-04-20T20:16:10.736Z [LOG] extraction finished
2026-04-20T20:16:10.744Z [LOG] [extract_emails.js] done
2026-04-20T20:16:10.744Z [LOG] [pipeline #19] new emails extracted: 6
2026-04-20T20:16:10.744Z [LOG] [parse_extracted_emails.js] starting…
2026-04-20T20:16:10.874Z [LOG] [parse_extracted_emails.js] Parsed: parsed-INBOX-uid-7049.json
2026-04-20T20:16:10.874Z [LOG] [parse_extracted_emails.js] Parsed: parsed-INBOX-uid-7050.json
2026-04-20T20:16:10.874Z [LOG] [parse_extracted_emails.js] Parsed: parsed-INBOX-uid-7051.json
2026-04-20T20:16:10.874Z [LOG] [parse_extracted_emails.js] Parsed: parsed-INBOX-uid-7052.json
2026-04-20T20:16:10.874Z [LOG] [parse_extracted_emails.js] Parsed: parsed-INBOX-uid-7053.json
2026-04-20T20:16:10.874Z [LOG] [parse_extracted_emails.js] Parsed: parsed-INBOX-uid-7054.json
2026-04-20T20:16:10.871Z [LOG] parse summary: total=1849, parsed=6, alreadyParsed=1606, missingFields=237, invalidMessageType=0, missingParser=0, parseErrors=0
2026-04-20T20:16:10.874Z [LOG] [parse_extracted_emails.js] done
2026-04-20T20:16:10.874Z [LOG] [pipeline #19] new emails parsed: 6
2026-04-20T20:16:10.874Z [LOG] [build_cfs_csv_mawb.js] starting…
2026-04-20T20:16:11.055Z [LOG] Written 401 rows to CFS_mawb.csv
2026-04-20T20:16:11.058Z [LOG]   Rows with no FFM match (no flight data): 7
2026-04-20T20:16:11.063Z [LOG] [build_cfs_csv_mawb.js] done
2026-04-20T20:16:11.063Z [LOG] [build_cfs_csv_uld.js] starting…
2026-04-20T20:16:11.268Z [LOG] [build_cfs_csv_uld.js] Written 719 rows to /home/wesleywu9/tolead/NCAParser/server/data/outputs/parsed_tables/CFS_uld.csv
2026-04-20T20:16:11.268Z [LOG] [build_cfs_csv_uld.js]   Rows with no FFM match: 7
2026-04-20T20:16:11.269Z [LOG] [build_cfs_csv_uld.js]   Extra rows from MAWBs split across multiple ULDs: 318
2026-04-20T20:16:11.269Z [LOG] [build_cfs_csv_uld.js] done
2026-04-20T20:16:11.269Z [LOG] [build_cfs_csv_hawb.js] starting…
2026-04-20T20:16:11.451Z [LOG] Written 810 rows to CFS_hawb.csv
2026-04-20T20:16:11.454Z [LOG]   HAWB rows: 715
2026-04-20T20:16:11.454Z [LOG]   MAWB-only rows: 95
2026-04-20T20:16:11.458Z [LOG] [build_cfs_csv_hawb.js] done
2026-04-20T20:16:11.458Z [LOG] [upload_tables_to_sheets.js] starting…
2026-04-20T20:16:11.512Z [LOG] [mawb] Clearing 'CFS_by_MAWB'!A:AH …
2026-04-20T20:16:12.999Z [LOG] [mawb] Writing 402 rows → 'CFS_by_MAWB'!A1 …
2026-04-20T20:16:15.740Z [LOG] [mawb] Applied sheet formatting and sorting
2026-04-20T20:16:15.740Z [LOG] [mawb] Done — 401 data rows uploaded.
2026-04-20T20:16:15.742Z [LOG] [uld] Clearing 'CFS_by_ULD'!A:AH …
2026-04-20T20:16:16.200Z [LOG] [uld] Writing 720 rows → 'CFS_by_ULD'!A1 …
2026-04-20T20:16:18.825Z [LOG] [uld] Applied sheet formatting and sorting
2026-04-20T20:16:19.951Z [LOG] [uld] Applied ULD grouping formatting (635 ULD blocks)
2026-04-20T20:16:19.951Z [LOG] [uld] Done — 719 data rows uploaded.
2026-04-20T20:16:19.954Z [LOG] [hawb] Clearing 'CFS_by_HAWB'!A:AH …
2026-04-20T20:16:20.463Z [LOG] [hawb] Writing 811 rows → 'CFS_by_HAWB'!A1 …
2026-04-20T20:16:22.305Z [LOG] [hawb] Applied sheet formatting and sorting
2026-04-20T20:16:23.227Z [LOG] [hawb] Applied MAWB grouping formatting (402 MAWB blocks)
2026-04-20T20:16:23.227Z [LOG] [hawb] Done — 810 data rows uploaded.
2026-04-20T20:16:23.235Z [LOG] [upload_tables_to_sheets.js] done
2026-04-20T20:16:23.235Z [LOG] [pipeline #19] pipeline complete
2026-04-20T20:21:04.400Z [LOG] ────────────────────────────────────────────────────────────
2026-04-20T20:21:04.400Z [LOG] [pipeline #20] 2026-04-20T20:21:04.400Z
2026-04-20T20:21:04.400Z [LOG] [extract_emails.js] starting…
2026-04-20T20:21:09.336Z [LOG] [extract_emails.js] Extracted: INBOX-uid-7056.json
2026-04-20T20:21:09.336Z [LOG] [extract_emails.js] Extracted: INBOX-uid-7055.json
2026-04-20T20:21:09.032Z [LOG] extracted 2 email(s) this run
2026-04-20T20:21:09.331Z [LOG] extraction finished
2026-04-20T20:21:09.336Z [LOG] [extract_emails.js] done
2026-04-20T20:21:09.336Z [LOG] [pipeline #20] new emails extracted: 2
2026-04-20T20:21:09.336Z [LOG] [parse_extracted_emails.js] starting…
2026-04-20T20:21:09.404Z [LOG] [parse_extracted_emails.js] Parsed: parsed-INBOX-uid-7055.json
2026-04-20T20:21:09.404Z [LOG] [parse_extracted_emails.js] Parsed: parsed-INBOX-uid-7056.json
2026-04-20T20:21:09.401Z [LOG] parse summary: total=1851, parsed=2, alreadyParsed=1612, missingFields=237, invalidMessageType=0, missingParser=0, parseErrors=0
2026-04-20T20:21:09.404Z [LOG] [parse_extracted_emails.js] done
2026-04-20T20:21:09.404Z [LOG] [pipeline #20] new emails parsed: 2
2026-04-20T20:21:09.404Z [LOG] [build_cfs_csv_mawb.js] starting…
2026-04-20T20:21:09.641Z [LOG] Written 401 rows to CFS_mawb.csv
2026-04-20T20:21:09.644Z [LOG]   Rows with no FFM match (no flight data): 7
2026-04-20T20:21:09.648Z [LOG] [build_cfs_csv_mawb.js] done
2026-04-20T20:21:09.648Z [LOG] [build_cfs_csv_uld.js] starting…
2026-04-20T20:21:09.849Z [LOG] [build_cfs_csv_uld.js] Written 719 rows to /home/wesleywu9/tolead/NCAParser/server/data/outputs/parsed_tables/CFS_uld.csv
2026-04-20T20:21:09.849Z [LOG] [build_cfs_csv_uld.js]   Rows with no FFM match: 7
2026-04-20T20:21:09.849Z [LOG] [build_cfs_csv_uld.js]   Extra rows from MAWBs split across multiple ULDs: 318
2026-04-20T20:21:09.849Z [LOG] [build_cfs_csv_uld.js] done
2026-04-20T20:21:09.849Z [LOG] [build_cfs_csv_hawb.js] starting…
2026-04-20T20:21:10.021Z [LOG] Written 812 rows to CFS_hawb.csv
2026-04-20T20:21:10.023Z [LOG]   HAWB rows: 719
2026-04-20T20:21:10.023Z [LOG]   MAWB-only rows: 93
2026-04-20T20:21:10.027Z [LOG] [build_cfs_csv_hawb.js] done
2026-04-20T20:21:10.027Z [LOG] [upload_tables_to_sheets.js] starting…
2026-04-20T20:21:10.082Z [LOG] [mawb] Clearing 'CFS_by_MAWB'!A:AH …
2026-04-20T20:21:11.175Z [LOG] [mawb] Writing 402 rows → 'CFS_by_MAWB'!A1 …
2026-04-20T20:21:13.632Z [LOG] [mawb] Applied sheet formatting and sorting
2026-04-20T20:21:13.632Z [LOG] [mawb] Done — 401 data rows uploaded.
2026-04-20T20:21:13.635Z [LOG] [uld] Clearing 'CFS_by_ULD'!A:AH …
2026-04-20T20:21:14.248Z [LOG] [uld] Writing 720 rows → 'CFS_by_ULD'!A1 …
2026-04-20T20:21:17.113Z [LOG] [uld] Applied sheet formatting and sorting
2026-04-20T20:21:18.342Z [LOG] [uld] Applied ULD grouping formatting (635 ULD blocks)
2026-04-20T20:21:18.342Z [LOG] [uld] Done — 719 data rows uploaded.
2026-04-20T20:21:18.346Z [LOG] [hawb] Clearing 'CFS_by_HAWB'!A:AH …
2026-04-20T20:21:18.956Z [LOG] [hawb] Writing 813 rows → 'CFS_by_HAWB'!A1 …
2026-04-20T20:21:20.909Z [LOG] [hawb] Applied sheet formatting and sorting
2026-04-20T20:21:21.823Z [LOG] [hawb] Applied MAWB grouping formatting (402 MAWB blocks)
2026-04-20T20:21:21.823Z [LOG] [hawb] Done — 812 data rows uploaded.
2026-04-20T20:21:21.831Z [LOG] [upload_tables_to_sheets.js] done
2026-04-20T20:21:21.831Z [LOG] [pipeline #20] pipeline complete
2026-04-20T20:26:04.407Z [LOG] ────────────────────────────────────────────────────────────
2026-04-20T20:26:04.407Z [LOG] [pipeline #21] 2026-04-20T20:26:04.407Z
2026-04-20T20:26:04.407Z [LOG] [extract_emails.js] starting…
2026-04-20T20:26:08.553Z [LOG] extracted 0 email(s) this run
2026-04-20T20:26:08.852Z [LOG] extraction finished
2026-04-20T20:26:08.859Z [LOG] [extract_emails.js] done
2026-04-20T20:26:08.859Z [LOG] [pipeline #21] new emails extracted: 0
2026-04-20T20:26:08.859Z [LOG] [parse_extracted_emails.js] starting…
2026-04-20T20:26:08.907Z [LOG] parse summary: total=1851, parsed=0, alreadyParsed=1614, missingFields=237, invalidMessageType=0, missingParser=0, parseErrors=0
2026-04-20T20:26:08.911Z [LOG] [parse_extracted_emails.js] done
2026-04-20T20:26:08.911Z [LOG] [pipeline #21] new emails parsed: 0
2026-04-20T20:26:08.911Z [LOG] [pipeline #21] no new data — skipping CSV rebuild and Sheets upload
2026-04-20T20:31:04.409Z [LOG] ────────────────────────────────────────────────────────────
2026-04-20T20:31:04.410Z [LOG] [pipeline #22] 2026-04-20T20:31:04.410Z
2026-04-20T20:31:04.410Z [LOG] [extract_emails.js] starting…
2026-04-20T20:31:08.485Z [LOG] extracted 0 email(s) this run
2026-04-20T20:31:08.782Z [LOG] extraction finished
2026-04-20T20:31:08.791Z [LOG] [extract_emails.js] done
2026-04-20T20:31:08.791Z [LOG] [pipeline #22] new emails extracted: 0
2026-04-20T20:31:08.791Z [LOG] [parse_extracted_emails.js] starting…
2026-04-20T20:31:08.836Z [LOG] parse summary: total=1851, parsed=0, alreadyParsed=1614, missingFields=237, invalidMessageType=0, missingParser=0, parseErrors=0
2026-04-20T20:31:08.840Z [LOG] [parse_extracted_emails.js] done
2026-04-20T20:31:08.840Z [LOG] [pipeline #22] new emails parsed: 0
2026-04-20T20:31:08.840Z [LOG] [pipeline #22] no new data — skipping CSV rebuild and Sheets upload
2026-04-20T20:36:04.412Z [LOG] ────────────────────────────────────────────────────────────
2026-04-20T20:36:04.412Z [LOG] [pipeline #23] 2026-04-20T20:36:04.412Z
2026-04-20T20:36:04.412Z [LOG] [extract_emails.js] starting…
2026-04-20T20:36:08.623Z [LOG] extracted 0 email(s) this run
2026-04-20T20:36:08.919Z [LOG] extraction finished
2026-04-20T20:36:08.926Z [LOG] [extract_emails.js] done
2026-04-20T20:36:08.926Z [LOG] [pipeline #23] new emails extracted: 0
2026-04-20T20:36:08.926Z [LOG] [parse_extracted_emails.js] starting…
2026-04-20T20:36:08.983Z [LOG] parse summary: total=1851, parsed=0, alreadyParsed=1614, missingFields=237, invalidMessageType=0, missingParser=0, parseErrors=0
2026-04-20T20:36:08.987Z [LOG] [parse_extracted_emails.js] done
2026-04-20T20:36:08.987Z [LOG] [pipeline #23] new emails parsed: 0
2026-04-20T20:36:08.987Z [LOG] [pipeline #23] no new data — skipping CSV rebuild and Sheets upload
2026-04-20T20:41:04.415Z [LOG] ────────────────────────────────────────────────────────────
2026-04-20T20:41:04.416Z [LOG] [pipeline #24] 2026-04-20T20:41:04.416Z
2026-04-20T20:41:04.416Z [LOG] [extract_emails.js] starting…
2026-04-20T20:41:08.454Z [LOG] extracted 0 email(s) this run
2026-04-20T20:41:08.749Z [LOG] extraction finished
2026-04-20T20:41:08.757Z [LOG] [extract_emails.js] done
2026-04-20T20:41:08.757Z [LOG] [pipeline #24] new emails extracted: 0
2026-04-20T20:41:08.757Z [LOG] [parse_extracted_emails.js] starting…
2026-04-20T20:41:08.808Z [LOG] parse summary: total=1851, parsed=0, alreadyParsed=1614, missingFields=237, invalidMessageType=0, missingParser=0, parseErrors=0
2026-04-20T20:41:08.812Z [LOG] [parse_extracted_emails.js] done
2026-04-20T20:41:08.812Z [LOG] [pipeline #24] new emails parsed: 0
2026-04-20T20:41:08.812Z [LOG] [pipeline #24] no new data — skipping CSV rebuild and Sheets upload
2026-04-20T20:46:04.416Z [LOG] ────────────────────────────────────────────────────────────
2026-04-20T20:46:04.416Z [LOG] [pipeline #25] 2026-04-20T20:46:04.416Z
2026-04-20T20:46:04.416Z [LOG] [extract_emails.js] starting…
2026-04-20T20:46:08.689Z [LOG] extracted 0 email(s) this run
2026-04-20T20:46:08.987Z [LOG] extraction finished
2026-04-20T20:46:08.995Z [LOG] [extract_emails.js] done
2026-04-20T20:46:08.995Z [LOG] [pipeline #25] new emails extracted: 0
2026-04-20T20:46:08.995Z [LOG] [parse_extracted_emails.js] starting…
2026-04-20T20:46:09.040Z [LOG] parse summary: total=1851, parsed=0, alreadyParsed=1614, missingFields=237, invalidMessageType=0, missingParser=0, parseErrors=0
2026-04-20T20:46:09.044Z [LOG] [parse_extracted_emails.js] done
2026-04-20T20:46:09.044Z [LOG] [pipeline #25] new emails parsed: 0
2026-04-20T20:46:09.044Z [LOG] [pipeline #25] no new data — skipping CSV rebuild and Sheets upload
2026-04-20T20:51:04.417Z [LOG] ────────────────────────────────────────────────────────────
2026-04-20T20:51:04.417Z [LOG] [pipeline #26] 2026-04-20T20:51:04.417Z
2026-04-20T20:51:04.417Z [LOG] [extract_emails.js] starting…
2026-04-20T20:51:08.518Z [LOG] extracted 0 email(s) this run
2026-04-20T20:51:08.815Z [LOG] extraction finished
2026-04-20T20:51:08.823Z [LOG] [extract_emails.js] done
2026-04-20T20:51:08.823Z [LOG] [pipeline #26] new emails extracted: 0
2026-04-20T20:51:08.823Z [LOG] [parse_extracted_emails.js] starting…
2026-04-20T20:51:08.870Z [LOG] parse summary: total=1851, parsed=0, alreadyParsed=1614, missingFields=237, invalidMessageType=0, missingParser=0, parseErrors=0
2026-04-20T20:51:08.874Z [LOG] [parse_extracted_emails.js] done
2026-04-20T20:51:08.874Z [LOG] [pipeline #26] new emails parsed: 0
2026-04-20T20:51:08.874Z [LOG] [pipeline #26] no new data — skipping CSV rebuild and Sheets upload
2026-04-20T20:56:04.420Z [LOG] ────────────────────────────────────────────────────────────
2026-04-20T20:56:04.420Z [LOG] [pipeline #27] 2026-04-20T20:56:04.420Z
2026-04-20T20:56:04.420Z [LOG] [extract_emails.js] starting…
2026-04-20T20:56:08.554Z [LOG] extracted 0 email(s) this run
2026-04-20T20:56:08.849Z [LOG] extraction finished
2026-04-20T20:56:08.857Z [LOG] [extract_emails.js] done
2026-04-20T20:56:08.857Z [LOG] [pipeline #27] new emails extracted: 0
2026-04-20T20:56:08.857Z [LOG] [parse_extracted_emails.js] starting…
2026-04-20T20:56:08.901Z [LOG] parse summary: total=1851, parsed=0, alreadyParsed=1614, missingFields=237, invalidMessageType=0, missingParser=0, parseErrors=0
2026-04-20T20:56:08.905Z [LOG] [parse_extracted_emails.js] done
2026-04-20T20:56:08.905Z [LOG] [pipeline #27] new emails parsed: 0
2026-04-20T20:56:08.905Z [LOG] [pipeline #27] no new data — skipping CSV rebuild and Sheets upload
2026-04-20T21:01:04.424Z [LOG] ────────────────────────────────────────────────────────────
2026-04-20T21:01:04.424Z [LOG] [pipeline #28] 2026-04-20T21:01:04.424Z
2026-04-20T21:01:04.424Z [LOG] [extract_emails.js] starting…
2026-04-20T21:01:10.940Z [LOG] [extract_emails.js] Extracted: INBOX-uid-7063.json
2026-04-20T21:01:10.941Z [LOG] [extract_emails.js] Extracted: INBOX-uid-7062.json
2026-04-20T21:01:10.941Z [LOG] [extract_emails.js] Extracted: INBOX-uid-7061.json
2026-04-20T21:01:10.941Z [LOG] [extract_emails.js] Extracted: INBOX-uid-7060.json
2026-04-20T21:01:10.941Z [LOG] [extract_emails.js] Extracted: INBOX-uid-7059.json
2026-04-20T21:01:10.941Z [LOG] [extract_emails.js] Extracted: INBOX-uid-7058.json
2026-04-20T21:01:10.941Z [LOG] [extract_emails.js] Extracted: INBOX-uid-7057.json
2026-04-20T21:01:10.632Z [LOG] extracted 7 email(s) this run
2026-04-20T21:01:10.932Z [LOG] extraction finished
2026-04-20T21:01:10.941Z [LOG] [extract_emails.js] done
2026-04-20T21:01:10.941Z [LOG] [pipeline #28] new emails extracted: 7
2026-04-20T21:01:10.941Z [LOG] [parse_extracted_emails.js] starting…
2026-04-20T21:01:11.378Z [LOG] [parse_extracted_emails.js] Parsed: parsed-INBOX-uid-7057.json
2026-04-20T21:01:11.378Z [LOG] [parse_extracted_emails.js] Parsed: parsed-INBOX-uid-7058.json
2026-04-20T21:01:11.378Z [LOG] [parse_extracted_emails.js] Parsed: parsed-INBOX-uid-7059.json
2026-04-20T21:01:11.378Z [LOG] [parse_extracted_emails.js] Parsed: parsed-INBOX-uid-7060.json
2026-04-20T21:01:11.378Z [LOG] [parse_extracted_emails.js] Parsed: parsed-INBOX-uid-7061.json
2026-04-20T21:01:11.378Z [LOG] [parse_extracted_emails.js] Parsed: parsed-INBOX-uid-7062.json
2026-04-20T21:01:11.378Z [LOG] [parse_extracted_emails.js] Parsed: parsed-INBOX-uid-7063.json
2026-04-20T21:01:11.375Z [LOG] parse summary: total=1858, parsed=7, alreadyParsed=1614, missingFields=237, invalidMessageType=0, missingParser=0, parseErrors=0
2026-04-20T21:01:11.378Z [LOG] [parse_extracted_emails.js] done
2026-04-20T21:01:11.378Z [LOG] [pipeline #28] new emails parsed: 7
2026-04-20T21:01:11.378Z [LOG] [build_cfs_csv_mawb.js] starting…
2026-04-20T21:01:11.552Z [LOG] Written 401 rows to CFS_mawb.csv
2026-04-20T21:01:11.555Z [LOG]   Rows with no FFM match (no flight data): 3
2026-04-20T21:01:11.559Z [LOG] [build_cfs_csv_mawb.js] done
2026-04-20T21:01:11.559Z [LOG] [build_cfs_csv_uld.js] starting…
2026-04-20T21:01:11.761Z [LOG] [build_cfs_csv_uld.js] Written 721 rows to /home/wesleywu9/tolead/NCAParser/server/data/outputs/parsed_tables/CFS_uld.csv
2026-04-20T21:01:11.761Z [LOG] [build_cfs_csv_uld.js]   Rows with no FFM match: 3
2026-04-20T21:01:11.761Z [LOG] [build_cfs_csv_uld.js]   Extra rows from MAWBs split across multiple ULDs: 320
2026-04-20T21:01:11.761Z [LOG] [build_cfs_csv_uld.js] done
2026-04-20T21:01:11.761Z [LOG] [build_cfs_csv_hawb.js] starting…
2026-04-20T21:01:11.946Z [LOG] Written 812 rows to CFS_hawb.csv
2026-04-20T21:01:11.948Z [LOG]   HAWB rows: 719
2026-04-20T21:01:11.948Z [LOG]   MAWB-only rows: 93
2026-04-20T21:01:11.953Z [LOG] [build_cfs_csv_hawb.js] done
2026-04-20T21:01:11.953Z [LOG] [upload_tables_to_sheets.js] starting…
2026-04-20T21:01:12.008Z [LOG] [mawb] Clearing 'CFS_by_MAWB'!A:AH …
2026-04-20T21:01:13.294Z [LOG] [mawb] Writing 402 rows → 'CFS_by_MAWB'!A1 …
2026-04-20T21:01:16.871Z [LOG] [mawb] Applied sheet formatting and sorting
2026-04-20T21:01:16.871Z [LOG] [mawb] Done — 401 data rows uploaded.
2026-04-20T21:01:16.874Z [LOG] [uld] Clearing 'CFS_by_ULD'!A:AH …
2026-04-20T21:01:17.486Z [LOG] [uld] Writing 722 rows → 'CFS_by_ULD'!A1 …
2026-04-20T21:01:21.888Z [LOG] [uld] Applied sheet formatting and sorting
2026-04-20T21:01:23.425Z [LOG] [uld] Applied ULD grouping formatting (641 ULD blocks)
2026-04-20T21:01:23.425Z [LOG] [uld] Done — 721 data rows uploaded.
2026-04-20T21:01:23.428Z [LOG] [hawb] Clearing 'CFS_by_HAWB'!A:AH …
2026-04-20T21:01:23.936Z [LOG] [hawb] Writing 813 rows → 'CFS_by_HAWB'!A1 …
2026-04-20T21:01:26.189Z [LOG] [hawb] Applied sheet formatting and sorting
2026-04-20T21:01:27.213Z [LOG] [hawb] Applied MAWB grouping formatting (402 MAWB blocks)
2026-04-20T21:01:27.213Z [LOG] [hawb] Done — 812 data rows uploaded.
2026-04-20T21:01:27.220Z [LOG] [upload_tables_to_sheets.js] done
2026-04-20T21:01:27.220Z [LOG] [pipeline #28] pipeline complete
2026-04-20T21:06:04.424Z [LOG] ────────────────────────────────────────────────────────────
2026-04-20T21:06:04.425Z [LOG] [pipeline #29] 2026-04-20T21:06:04.425Z
2026-04-20T21:06:04.425Z [LOG] [extract_emails.js] starting…
2026-04-20T21:06:08.826Z [LOG] extracted 0 email(s) this run
2026-04-20T21:06:09.126Z [LOG] extraction finished
2026-04-20T21:06:09.133Z [LOG] [extract_emails.js] done
2026-04-20T21:06:09.133Z [LOG] [pipeline #29] new emails extracted: 0
2026-04-20T21:06:09.134Z [LOG] [parse_extracted_emails.js] starting…
2026-04-20T21:06:09.181Z [LOG] parse summary: total=1858, parsed=0, alreadyParsed=1621, missingFields=237, invalidMessageType=0, missingParser=0, parseErrors=0
2026-04-20T21:06:09.186Z [LOG] [parse_extracted_emails.js] done
2026-04-20T21:06:09.186Z [LOG] [pipeline #29] new emails parsed: 0
2026-04-20T21:06:09.186Z [LOG] [pipeline #29] no new data — skipping CSV rebuild and Sheets upload
2026-04-20T21:11:04.426Z [LOG] ────────────────────────────────────────────────────────────
2026-04-20T21:11:04.427Z [LOG] [pipeline #30] 2026-04-20T21:11:04.427Z
2026-04-20T21:11:04.427Z [LOG] [extract_emails.js] starting…
2026-04-20T21:11:08.348Z [LOG] extracted 0 email(s) this run
2026-04-20T21:11:08.645Z [LOG] extraction finished
2026-04-20T21:11:08.652Z [LOG] [extract_emails.js] done
2026-04-20T21:11:08.652Z [LOG] [pipeline #30] new emails extracted: 0
2026-04-20T21:11:08.652Z [LOG] [parse_extracted_emails.js] starting…
2026-04-20T21:11:08.702Z [LOG] parse summary: total=1858, parsed=0, alreadyParsed=1621, missingFields=237, invalidMessageType=0, missingParser=0, parseErrors=0
2026-04-20T21:11:08.706Z [LOG] [parse_extracted_emails.js] done
2026-04-20T21:11:08.706Z [LOG] [pipeline #30] new emails parsed: 0
2026-04-20T21:11:08.706Z [LOG] [pipeline #30] no new data — skipping CSV rebuild and Sheets upload
2026-04-20T21:16:04.427Z [LOG] ────────────────────────────────────────────────────────────
2026-04-20T21:16:04.427Z [LOG] [pipeline #31] 2026-04-20T21:16:04.427Z
2026-04-20T21:16:04.427Z [LOG] [extract_emails.js] starting…
2026-04-20T21:16:08.588Z [LOG] extracted 0 email(s) this run
2026-04-20T21:16:08.884Z [LOG] extraction finished
2026-04-20T21:16:08.892Z [LOG] [extract_emails.js] done
2026-04-20T21:16:08.892Z [LOG] [pipeline #31] new emails extracted: 0
2026-04-20T21:16:08.892Z [LOG] [parse_extracted_emails.js] starting…
2026-04-20T21:16:08.938Z [LOG] parse summary: total=1858, parsed=0, alreadyParsed=1621, missingFields=237, invalidMessageType=0, missingParser=0, parseErrors=0
2026-04-20T21:16:08.942Z [LOG] [parse_extracted_emails.js] done
2026-04-20T21:16:08.942Z [LOG] [pipeline #31] new emails parsed: 0
2026-04-20T21:16:08.942Z [LOG] [pipeline #31] no new data — skipping CSV rebuild and Sheets upload
2026-04-20T21:21:04.429Z [LOG] ────────────────────────────────────────────────────────────
2026-04-20T21:21:04.430Z [LOG] [pipeline #32] 2026-04-20T21:21:04.430Z
2026-04-20T21:21:04.430Z [LOG] [extract_emails.js] starting…
2026-04-20T21:21:08.597Z [LOG] extracted 0 email(s) this run
2026-04-20T21:21:08.896Z [LOG] extraction finished
2026-04-20T21:21:08.904Z [LOG] [extract_emails.js] done
2026-04-20T21:21:08.904Z [LOG] [pipeline #32] new emails extracted: 0
2026-04-20T21:21:08.904Z [LOG] [parse_extracted_emails.js] starting…
2026-04-20T21:21:08.951Z [LOG] parse summary: total=1858, parsed=0, alreadyParsed=1621, missingFields=237, invalidMessageType=0, missingParser=0, parseErrors=0
2026-04-20T21:21:08.955Z [LOG] [parse_extracted_emails.js] done
2026-04-20T21:21:08.955Z [LOG] [pipeline #32] new emails parsed: 0
2026-04-20T21:21:08.955Z [LOG] [pipeline #32] no new data — skipping CSV rebuild and Sheets upload
2026-04-20T21:26:04.431Z [LOG] ────────────────────────────────────────────────────────────
2026-04-20T21:26:04.431Z [LOG] [pipeline #33] 2026-04-20T21:26:04.431Z
2026-04-20T21:26:04.431Z [LOG] [extract_emails.js] starting…
2026-04-20T21:26:08.511Z [LOG] extracted 0 email(s) this run
2026-04-20T21:26:08.809Z [LOG] extraction finished
2026-04-20T21:26:08.817Z [LOG] [extract_emails.js] done
2026-04-20T21:26:08.817Z [LOG] [pipeline #33] new emails extracted: 0
2026-04-20T21:26:08.817Z [LOG] [parse_extracted_emails.js] starting…
2026-04-20T21:26:08.865Z [LOG] parse summary: total=1858, parsed=0, alreadyParsed=1621, missingFields=237, invalidMessageType=0, missingParser=0, parseErrors=0
2026-04-20T21:26:08.869Z [LOG] [parse_extracted_emails.js] done
2026-04-20T21:26:08.869Z [LOG] [pipeline #33] new emails parsed: 0
2026-04-20T21:26:08.869Z [LOG] [pipeline #33] no new data — skipping CSV rebuild and Sheets upload
2026-04-20T21:31:04.433Z [LOG] ────────────────────────────────────────────────────────────
2026-04-20T21:31:04.433Z [LOG] [pipeline #34] 2026-04-20T21:31:04.433Z
2026-04-20T21:31:04.433Z [LOG] [extract_emails.js] starting…
2026-04-20T21:31:08.536Z [LOG] extracted 0 email(s) this run
2026-04-20T21:31:08.832Z [LOG] extraction finished
2026-04-20T21:31:08.839Z [LOG] [extract_emails.js] done
2026-04-20T21:31:08.839Z [LOG] [pipeline #34] new emails extracted: 0
2026-04-20T21:31:08.839Z [LOG] [parse_extracted_emails.js] starting…
2026-04-20T21:31:08.888Z [LOG] parse summary: total=1858, parsed=0, alreadyParsed=1621, missingFields=237, invalidMessageType=0, missingParser=0, parseErrors=0
2026-04-20T21:31:08.892Z [LOG] [parse_extracted_emails.js] done
2026-04-20T21:31:08.892Z [LOG] [pipeline #34] new emails parsed: 0
2026-04-20T21:31:08.892Z [LOG] [pipeline #34] no new data — skipping CSV rebuild and Sheets upload
2026-04-20T21:36:04.435Z [LOG] ────────────────────────────────────────────────────────────
2026-04-20T21:36:04.435Z [LOG] [pipeline #35] 2026-04-20T21:36:04.435Z
2026-04-20T21:36:04.435Z [LOG] [extract_emails.js] starting…
2026-04-20T21:36:08.560Z [LOG] extracted 0 email(s) this run
2026-04-20T21:36:08.859Z [LOG] extraction finished
2026-04-20T21:36:08.867Z [LOG] [extract_emails.js] done
2026-04-20T21:36:08.867Z [LOG] [pipeline #35] new emails extracted: 0
2026-04-20T21:36:08.867Z [LOG] [parse_extracted_emails.js] starting…
2026-04-20T21:36:08.916Z [LOG] parse summary: total=1858, parsed=0, alreadyParsed=1621, missingFields=237, invalidMessageType=0, missingParser=0, parseErrors=0
2026-04-20T21:36:08.920Z [LOG] [parse_extracted_emails.js] done
2026-04-20T21:36:08.920Z [LOG] [pipeline #35] new emails parsed: 0
2026-04-20T21:36:08.920Z [LOG] [pipeline #35] no new data — skipping CSV rebuild and Sheets upload
2026-04-20T21:41:04.437Z [LOG] ────────────────────────────────────────────────────────────
2026-04-20T21:41:04.437Z [LOG] [pipeline #36] 2026-04-20T21:41:04.437Z
2026-04-20T21:41:04.437Z [LOG] [extract_emails.js] starting…
2026-04-20T21:41:09.302Z [LOG] [extract_emails.js] Extracted: INBOX-uid-7064.json
2026-04-20T21:41:09.014Z [LOG] extracted 1 email(s) this run
2026-04-20T21:41:09.295Z [LOG] extraction finished
2026-04-20T21:41:09.303Z [LOG] [extract_emails.js] done
2026-04-20T21:41:09.303Z [LOG] [pipeline #36] new emails extracted: 1
2026-04-20T21:41:09.303Z [LOG] [parse_extracted_emails.js] starting…
2026-04-20T21:41:09.354Z [LOG] parse summary: total=1859, parsed=0, alreadyParsed=1621, missingFields=238, invalidMessageType=0, missingParser=0, parseErrors=0
2026-04-20T21:41:09.359Z [LOG] [parse_extracted_emails.js] done
2026-04-20T21:41:09.359Z [LOG] [pipeline #36] new emails parsed: 0
2026-04-20T21:41:09.359Z [LOG] [build_cfs_csv_mawb.js] starting…
2026-04-20T21:41:09.583Z [LOG] Written 401 rows to CFS_mawb.csv
2026-04-20T21:41:09.586Z [LOG]   Rows with no FFM match (no flight data): 3
2026-04-20T21:41:09.591Z [LOG] [build_cfs_csv_mawb.js] done
2026-04-20T21:41:09.591Z [LOG] [build_cfs_csv_uld.js] starting…
2026-04-20T21:41:09.813Z [LOG] [build_cfs_csv_uld.js] Written 721 rows to /home/wesleywu9/tolead/NCAParser/server/data/outputs/parsed_tables/CFS_uld.csv
2026-04-20T21:41:09.813Z [LOG] [build_cfs_csv_uld.js]   Rows with no FFM match: 3
2026-04-20T21:41:09.813Z [LOG] [build_cfs_csv_uld.js]   Extra rows from MAWBs split across multiple ULDs: 320
2026-04-20T21:41:09.813Z [LOG] [build_cfs_csv_uld.js] done
2026-04-20T21:41:09.813Z [LOG] [build_cfs_csv_hawb.js] starting…
2026-04-20T21:41:09.982Z [LOG] Written 812 rows to CFS_hawb.csv
2026-04-20T21:41:09.984Z [LOG]   HAWB rows: 719
2026-04-20T21:41:09.984Z [LOG]   MAWB-only rows: 93
2026-04-20T21:41:09.988Z [LOG] [build_cfs_csv_hawb.js] done
2026-04-20T21:41:09.988Z [LOG] [upload_tables_to_sheets.js] starting…
2026-04-20T21:41:10.054Z [LOG] [mawb] Clearing 'CFS_by_MAWB'!A:AH …
2026-04-20T21:41:11.344Z [LOG] [mawb] Writing 402 rows → 'CFS_by_MAWB'!A1 …
2026-04-20T21:41:14.211Z [LOG] [mawb] Applied sheet formatting and sorting
2026-04-20T21:41:14.211Z [LOG] [mawb] Done — 401 data rows uploaded.
2026-04-20T21:41:14.213Z [LOG] [uld] Clearing 'CFS_by_ULD'!A:AH …
2026-04-20T21:41:14.723Z [LOG] [uld] Writing 722 rows → 'CFS_by_ULD'!A1 …
2026-04-20T21:41:18.819Z [LOG] [uld] Applied sheet formatting and sorting
2026-04-20T21:41:20.360Z [LOG] [uld] Applied ULD grouping formatting (641 ULD blocks)
2026-04-20T21:41:20.360Z [LOG] [uld] Done — 721 data rows uploaded.
2026-04-20T21:41:20.363Z [LOG] [hawb] Clearing 'CFS_by_HAWB'!A:AH …
2026-04-20T21:41:20.764Z [LOG] [hawb] Writing 813 rows → 'CFS_by_HAWB'!A1 …
2026-04-20T21:41:23.328Z [LOG] [hawb] Applied sheet formatting and sorting
2026-04-20T21:41:24.142Z [LOG] [hawb] Applied MAWB grouping formatting (402 MAWB blocks)
2026-04-20T21:41:24.142Z [LOG] [hawb] Done — 812 data rows uploaded.
2026-04-20T21:41:24.148Z [LOG] [upload_tables_to_sheets.js] done
2026-04-20T21:41:24.148Z [LOG] [pipeline #36] pipeline complete
2026-04-20T21:46:04.441Z [LOG] ────────────────────────────────────────────────────────────
2026-04-20T21:46:04.442Z [LOG] [pipeline #37] 2026-04-20T21:46:04.442Z
2026-04-20T21:46:04.442Z [LOG] [extract_emails.js] starting…
2026-04-20T21:46:08.617Z [LOG] extracted 0 email(s) this run
2026-04-20T21:46:08.914Z [LOG] extraction finished
2026-04-20T21:46:08.921Z [LOG] [extract_emails.js] done
2026-04-20T21:46:08.921Z [LOG] [pipeline #37] new emails extracted: 0
2026-04-20T21:46:08.921Z [LOG] [parse_extracted_emails.js] starting…
2026-04-20T21:46:08.970Z [LOG] parse summary: total=1859, parsed=0, alreadyParsed=1621, missingFields=238, invalidMessageType=0, missingParser=0, parseErrors=0
2026-04-20T21:46:08.974Z [LOG] [parse_extracted_emails.js] done
2026-04-20T21:46:08.974Z [LOG] [pipeline #37] new emails parsed: 0
2026-04-20T21:46:08.974Z [LOG] [pipeline #37] no new data — skipping CSV rebuild and Sheets upload
2026-04-20T21:51:04.446Z [LOG] ────────────────────────────────────────────────────────────
2026-04-20T21:51:04.446Z [LOG] [pipeline #38] 2026-04-20T21:51:04.446Z
2026-04-20T21:51:04.446Z [LOG] [extract_emails.js] starting…
2026-04-20T21:51:08.647Z [LOG] extracted 0 email(s) this run
2026-04-20T21:51:08.944Z [LOG] extraction finished
2026-04-20T21:51:08.949Z [LOG] [extract_emails.js] done
2026-04-20T21:51:08.949Z [LOG] [pipeline #38] new emails extracted: 0
2026-04-20T21:51:08.949Z [LOG] [parse_extracted_emails.js] starting…
2026-04-20T21:51:08.997Z [LOG] parse summary: total=1859, parsed=0, alreadyParsed=1621, missingFields=238, invalidMessageType=0, missingParser=0, parseErrors=0
2026-04-20T21:51:09.001Z [LOG] [parse_extracted_emails.js] done
2026-04-20T21:51:09.002Z [LOG] [pipeline #38] new emails parsed: 0
2026-04-20T21:51:09.002Z [LOG] [pipeline #38] no new data — skipping CSV rebuild and Sheets upload
2026-04-20T21:56:04.447Z [LOG] ────────────────────────────────────────────────────────────
2026-04-20T21:56:04.447Z [LOG] [pipeline #39] 2026-04-20T21:56:04.447Z
2026-04-20T21:56:04.447Z [LOG] [extract_emails.js] starting…
2026-04-20T21:56:08.400Z [LOG] extracted 0 email(s) this run
2026-04-20T21:56:08.697Z [LOG] extraction finished
2026-04-20T21:56:08.704Z [LOG] [extract_emails.js] done
2026-04-20T21:56:08.704Z [LOG] [pipeline #39] new emails extracted: 0
2026-04-20T21:56:08.704Z [LOG] [parse_extracted_emails.js] starting…
2026-04-20T21:56:08.754Z [LOG] parse summary: total=1859, parsed=0, alreadyParsed=1621, missingFields=238, invalidMessageType=0, missingParser=0, parseErrors=0
2026-04-20T21:56:08.758Z [LOG] [parse_extracted_emails.js] done
2026-04-20T21:56:08.758Z [LOG] [pipeline #39] new emails parsed: 0
2026-04-20T21:56:08.758Z [LOG] [pipeline #39] no new data — skipping CSV rebuild and Sheets upload
2026-04-20T22:01:04.450Z [LOG] ────────────────────────────────────────────────────────────
2026-04-20T22:01:04.450Z [LOG] [pipeline #40] 2026-04-20T22:01:04.450Z
2026-04-20T22:01:04.450Z [LOG] [extract_emails.js] starting…
2026-04-20T22:01:08.449Z [LOG] extracted 0 email(s) this run
2026-04-20T22:01:08.746Z [LOG] extraction finished
2026-04-20T22:01:08.753Z [LOG] [extract_emails.js] done
2026-04-20T22:01:08.753Z [LOG] [pipeline #40] new emails extracted: 0
2026-04-20T22:01:08.753Z [LOG] [parse_extracted_emails.js] starting…
2026-04-20T22:01:08.804Z [LOG] parse summary: total=1859, parsed=0, alreadyParsed=1621, missingFields=238, invalidMessageType=0, missingParser=0, parseErrors=0
2026-04-20T22:01:08.808Z [LOG] [parse_extracted_emails.js] done
2026-04-20T22:01:08.808Z [LOG] [pipeline #40] new emails parsed: 0
2026-04-20T22:01:08.808Z [LOG] [pipeline #40] no new data — skipping CSV rebuild and Sheets upload
2026-04-20T22:06:04.452Z [LOG] ────────────────────────────────────────────────────────────
2026-04-20T22:06:04.452Z [LOG] [pipeline #41] 2026-04-20T22:06:04.452Z
2026-04-20T22:06:04.452Z [LOG] [extract_emails.js] starting…
2026-04-20T22:06:08.284Z [LOG] extracted 0 email(s) this run
2026-04-20T22:06:08.583Z [LOG] extraction finished
2026-04-20T22:06:08.591Z [LOG] [extract_emails.js] done
2026-04-20T22:06:08.591Z [LOG] [pipeline #41] new emails extracted: 0
2026-04-20T22:06:08.591Z [LOG] [parse_extracted_emails.js] starting…
2026-04-20T22:06:08.646Z [LOG] parse summary: total=1859, parsed=0, alreadyParsed=1621, missingFields=238, invalidMessageType=0, missingParser=0, parseErrors=0
2026-04-20T22:06:08.650Z [LOG] [parse_extracted_emails.js] done
2026-04-20T22:06:08.650Z [LOG] [pipeline #41] new emails parsed: 0
2026-04-20T22:06:08.650Z [LOG] [pipeline #41] no new data — skipping CSV rebuild and Sheets upload
2026-04-20T22:11:04.456Z [LOG] ────────────────────────────────────────────────────────────
2026-04-20T22:11:04.457Z [LOG] [pipeline #42] 2026-04-20T22:11:04.457Z
2026-04-20T22:11:04.457Z [LOG] [extract_emails.js] starting…
2026-04-20T22:11:08.734Z [LOG] extracted 0 email(s) this run
2026-04-20T22:11:09.032Z [LOG] extraction finished
2026-04-20T22:11:09.040Z [LOG] [extract_emails.js] done
2026-04-20T22:11:09.040Z [LOG] [pipeline #42] new emails extracted: 0
2026-04-20T22:11:09.040Z [LOG] [parse_extracted_emails.js] starting…
2026-04-20T22:11:09.092Z [LOG] parse summary: total=1859, parsed=0, alreadyParsed=1621, missingFields=238, invalidMessageType=0, missingParser=0, parseErrors=0
2026-04-20T22:11:09.096Z [LOG] [parse_extracted_emails.js] done
2026-04-20T22:11:09.096Z [LOG] [pipeline #42] new emails parsed: 0
2026-04-20T22:11:09.096Z [LOG] [pipeline #42] no new data — skipping CSV rebuild and Sheets upload
2026-04-20T22:16:04.459Z [LOG] ────────────────────────────────────────────────────────────
2026-04-20T22:16:04.459Z [LOG] [pipeline #43] 2026-04-20T22:16:04.459Z
2026-04-20T22:16:04.459Z [LOG] [extract_emails.js] starting…
2026-04-20T22:16:08.463Z [LOG] extracted 0 email(s) this run
2026-04-20T22:16:08.762Z [LOG] extraction finished
2026-04-20T22:16:08.769Z [LOG] [extract_emails.js] done
2026-04-20T22:16:08.769Z [LOG] [pipeline #43] new emails extracted: 0
2026-04-20T22:16:08.769Z [LOG] [parse_extracted_emails.js] starting…
2026-04-20T22:16:08.817Z [LOG] parse summary: total=1859, parsed=0, alreadyParsed=1621, missingFields=238, invalidMessageType=0, missingParser=0, parseErrors=0
2026-04-20T22:16:08.822Z [LOG] [parse_extracted_emails.js] done
2026-04-20T22:16:08.822Z [LOG] [pipeline #43] new emails parsed: 0
2026-04-20T22:16:08.822Z [LOG] [pipeline #43] no new data — skipping CSV rebuild and Sheets upload
2026-04-20T22:21:04.462Z [LOG] ────────────────────────────────────────────────────────────
2026-04-20T22:21:04.462Z [LOG] [pipeline #44] 2026-04-20T22:21:04.462Z
2026-04-20T22:21:04.462Z [LOG] [extract_emails.js] starting…
2026-04-20T22:21:08.500Z [LOG] extracted 0 email(s) this run
2026-04-20T22:21:08.798Z [LOG] extraction finished
2026-04-20T22:21:08.805Z [LOG] [extract_emails.js] done
2026-04-20T22:21:08.805Z [LOG] [pipeline #44] new emails extracted: 0
2026-04-20T22:21:08.805Z [LOG] [parse_extracted_emails.js] starting…
2026-04-20T22:21:08.854Z [LOG] parse summary: total=1859, parsed=0, alreadyParsed=1621, missingFields=238, invalidMessageType=0, missingParser=0, parseErrors=0
2026-04-20T22:21:08.858Z [LOG] [parse_extracted_emails.js] done
2026-04-20T22:21:08.858Z [LOG] [pipeline #44] new emails parsed: 0
2026-04-20T22:21:08.858Z [LOG] [pipeline #44] no new data — skipping CSV rebuild and Sheets upload
2026-04-20T22:26:04.465Z [LOG] ────────────────────────────────────────────────────────────
2026-04-20T22:26:04.466Z [LOG] [pipeline #45] 2026-04-20T22:26:04.466Z
2026-04-20T22:26:04.466Z [LOG] [extract_emails.js] starting…
2026-04-20T22:26:08.535Z [LOG] extracted 0 email(s) this run
2026-04-20T22:26:08.830Z [LOG] extraction finished
2026-04-20T22:26:08.837Z [LOG] [extract_emails.js] done
2026-04-20T22:26:08.837Z [LOG] [pipeline #45] new emails extracted: 0
2026-04-20T22:26:08.837Z [LOG] [parse_extracted_emails.js] starting…
2026-04-20T22:26:08.882Z [LOG] parse summary: total=1859, parsed=0, alreadyParsed=1621, missingFields=238, invalidMessageType=0, missingParser=0, parseErrors=0
2026-04-20T22:26:08.886Z [LOG] [parse_extracted_emails.js] done
2026-04-20T22:26:08.886Z [LOG] [pipeline #45] new emails parsed: 0
2026-04-20T22:26:08.886Z [LOG] [pipeline #45] no new data — skipping CSV rebuild and Sheets upload
2026-04-20T22:31:04.467Z [LOG] ────────────────────────────────────────────────────────────
2026-04-20T22:31:04.468Z [LOG] [pipeline #46] 2026-04-20T22:31:04.468Z
2026-04-20T22:31:04.468Z [LOG] [extract_emails.js] starting…
2026-04-20T22:31:08.550Z [LOG] extracted 0 email(s) this run
2026-04-20T22:31:08.847Z [LOG] extraction finished
2026-04-20T22:31:08.855Z [LOG] [extract_emails.js] done
2026-04-20T22:31:08.855Z [LOG] [pipeline #46] new emails extracted: 0
2026-04-20T22:31:08.855Z [LOG] [parse_extracted_emails.js] starting…
2026-04-20T22:31:08.902Z [LOG] parse summary: total=1859, parsed=0, alreadyParsed=1621, missingFields=238, invalidMessageType=0, missingParser=0, parseErrors=0
2026-04-20T22:31:08.906Z [LOG] [parse_extracted_emails.js] done
2026-04-20T22:31:08.906Z [LOG] [pipeline #46] new emails parsed: 0
2026-04-20T22:31:08.906Z [LOG] [pipeline #46] no new data — skipping CSV rebuild and Sheets upload
2026-04-20T22:36:04.471Z [LOG] ────────────────────────────────────────────────────────────
2026-04-20T22:36:04.471Z [LOG] [pipeline #47] 2026-04-20T22:36:04.471Z
2026-04-20T22:36:04.472Z [LOG] [extract_emails.js] starting…
2026-04-20T22:36:08.574Z [LOG] extracted 0 email(s) this run
2026-04-20T22:36:08.871Z [LOG] extraction finished
2026-04-20T22:36:08.879Z [LOG] [extract_emails.js] done
2026-04-20T22:36:08.879Z [LOG] [pipeline #47] new emails extracted: 0
2026-04-20T22:36:08.879Z [LOG] [parse_extracted_emails.js] starting…
2026-04-20T22:36:08.926Z [LOG] parse summary: total=1859, parsed=0, alreadyParsed=1621, missingFields=238, invalidMessageType=0, missingParser=0, parseErrors=0
2026-04-20T22:36:08.929Z [LOG] [parse_extracted_emails.js] done
2026-04-20T22:36:08.929Z [LOG] [pipeline #47] new emails parsed: 0
2026-04-20T22:36:08.929Z [LOG] [pipeline #47] no new data — skipping CSV rebuild and Sheets upload
2026-04-20T22:41:04.474Z [LOG] ────────────────────────────────────────────────────────────
2026-04-20T22:41:04.475Z [LOG] [pipeline #48] 2026-04-20T22:41:04.475Z
2026-04-20T22:41:04.475Z [LOG] [extract_emails.js] starting…
2026-04-20T22:41:11.161Z [LOG] [extract_emails.js] Extracted: INBOX-uid-7065.json
2026-04-20T22:41:10.816Z [LOG] extracted 1 email(s) this run
2026-04-20T22:41:11.152Z [LOG] extraction finished
2026-04-20T22:41:11.161Z [LOG] [extract_emails.js] done
2026-04-20T22:41:11.161Z [LOG] [pipeline #48] new emails extracted: 1
2026-04-20T22:41:11.161Z [LOG] [parse_extracted_emails.js] starting…
2026-04-20T22:41:11.208Z [LOG] parse summary: total=1860, parsed=0, alreadyParsed=1621, missingFields=239, invalidMessageType=0, missingParser=0, parseErrors=0
2026-04-20T22:41:11.212Z [LOG] [parse_extracted_emails.js] done
2026-04-20T22:41:11.212Z [LOG] [pipeline #48] new emails parsed: 0
2026-04-20T22:41:11.212Z [LOG] [build_cfs_csv_mawb.js] starting…
2026-04-20T22:41:11.451Z [LOG] Written 401 rows to CFS_mawb.csv
2026-04-20T22:41:11.454Z [LOG]   Rows with no FFM match (no flight data): 3
2026-04-20T22:41:11.459Z [LOG] [build_cfs_csv_mawb.js] done
2026-04-20T22:41:11.459Z [LOG] [build_cfs_csv_uld.js] starting…
2026-04-20T22:41:11.654Z [LOG] [build_cfs_csv_uld.js] Written 721 rows to /home/wesleywu9/tolead/NCAParser/server/data/outputs/parsed_tables/CFS_uld.csv
2026-04-20T22:41:11.654Z [LOG] [build_cfs_csv_uld.js]   Rows with no FFM match: 3
2026-04-20T22:41:11.654Z [LOG] [build_cfs_csv_uld.js]   Extra rows from MAWBs split across multiple ULDs: 320
2026-04-20T22:41:11.654Z [LOG] [build_cfs_csv_uld.js] done
2026-04-20T22:41:11.654Z [LOG] [build_cfs_csv_hawb.js] starting…
2026-04-20T22:41:11.819Z [LOG] Written 812 rows to CFS_hawb.csv
2026-04-20T22:41:11.822Z [LOG]   HAWB rows: 719
2026-04-20T22:41:11.822Z [LOG]   MAWB-only rows: 93
2026-04-20T22:41:11.825Z [LOG] [build_cfs_csv_hawb.js] done
2026-04-20T22:41:11.825Z [LOG] [upload_tables_to_sheets.js] starting…
2026-04-20T22:41:11.886Z [LOG] [mawb] Clearing 'CFS_by_MAWB'!A:AH …
2026-04-20T22:41:13.713Z [LOG] [mawb] Writing 402 rows → 'CFS_by_MAWB'!A1 …
2026-04-20T22:41:17.198Z [LOG] [mawb] Applied sheet formatting and sorting
2026-04-20T22:41:17.198Z [LOG] [mawb] Done — 401 data rows uploaded.
2026-04-20T22:41:17.200Z [LOG] [uld] Clearing 'CFS_by_ULD'!A:AH …
2026-04-20T22:41:17.709Z [LOG] [uld] Writing 722 rows → 'CFS_by_ULD'!A1 …
2026-04-20T22:41:22.518Z [LOG] [uld] Applied sheet formatting and sorting
2026-04-20T22:41:24.567Z [LOG] [uld] Applied ULD grouping formatting (641 ULD blocks)
2026-04-20T22:41:24.567Z [LOG] [uld] Done — 721 data rows uploaded.
2026-04-20T22:41:24.570Z [LOG] [hawb] Clearing 'CFS_by_HAWB'!A:AH …
2026-04-20T22:41:25.078Z [LOG] [hawb] Writing 813 rows → 'CFS_by_HAWB'!A1 …
2026-04-20T22:41:27.843Z [LOG] [hawb] Applied sheet formatting and sorting
2026-04-20T22:41:28.764Z [LOG] [hawb] Applied MAWB grouping formatting (402 MAWB blocks)
2026-04-20T22:41:28.764Z [LOG] [hawb] Done — 812 data rows uploaded.
2026-04-20T22:41:28.772Z [LOG] [upload_tables_to_sheets.js] done
2026-04-20T22:41:28.772Z [LOG] [pipeline #48] pipeline complete
2026-04-20T22:46:04.475Z [LOG] ────────────────────────────────────────────────────────────
2026-04-20T22:46:04.475Z [LOG] [pipeline #49] 2026-04-20T22:46:04.475Z
2026-04-20T22:46:04.475Z [LOG] [extract_emails.js] starting…
2026-04-20T22:46:08.426Z [LOG] extracted 0 email(s) this run
2026-04-20T22:46:08.723Z [LOG] extraction finished
2026-04-20T22:46:08.731Z [LOG] [extract_emails.js] done
2026-04-20T22:46:08.731Z [LOG] [pipeline #49] new emails extracted: 0
2026-04-20T22:46:08.731Z [LOG] [parse_extracted_emails.js] starting…
2026-04-20T22:46:08.789Z [LOG] parse summary: total=1860, parsed=0, alreadyParsed=1621, missingFields=239, invalidMessageType=0, missingParser=0, parseErrors=0
2026-04-20T22:46:08.793Z [LOG] [parse_extracted_emails.js] done
2026-04-20T22:46:08.793Z [LOG] [pipeline #49] new emails parsed: 0
2026-04-20T22:46:08.793Z [LOG] [pipeline #49] no new data — skipping CSV rebuild and Sheets upload
2026-04-20T22:51:04.475Z [LOG] ────────────────────────────────────────────────────────────
2026-04-20T22:51:04.475Z [LOG] [pipeline #50] 2026-04-20T22:51:04.475Z
2026-04-20T22:51:04.475Z [LOG] [extract_emails.js] starting…
2026-04-20T22:51:08.662Z [LOG] extracted 0 email(s) this run
2026-04-20T22:51:08.958Z [LOG] extraction finished
2026-04-20T22:51:08.966Z [LOG] [extract_emails.js] done
2026-04-20T22:51:08.966Z [LOG] [pipeline #50] new emails extracted: 0
2026-04-20T22:51:08.966Z [LOG] [parse_extracted_emails.js] starting…
2026-04-20T22:51:09.016Z [LOG] parse summary: total=1860, parsed=0, alreadyParsed=1621, missingFields=239, invalidMessageType=0, missingParser=0, parseErrors=0
2026-04-20T22:51:09.020Z [LOG] [parse_extracted_emails.js] done
2026-04-20T22:51:09.020Z [LOG] [pipeline #50] new emails parsed: 0
2026-04-20T22:51:09.020Z [LOG] [pipeline #50] no new data — skipping CSV rebuild and Sheets upload
2026-04-20T22:56:04.475Z [LOG] ────────────────────────────────────────────────────────────
2026-04-20T22:56:04.475Z [LOG] [pipeline #51] 2026-04-20T22:56:04.475Z
2026-04-20T22:56:04.475Z [LOG] [extract_emails.js] starting…
2026-04-20T22:56:08.488Z [LOG] extracted 0 email(s) this run
2026-04-20T22:56:08.784Z [LOG] extraction finished
2026-04-20T22:56:08.791Z [LOG] [extract_emails.js] done
2026-04-20T22:56:08.791Z [LOG] [pipeline #51] new emails extracted: 0
2026-04-20T22:56:08.791Z [LOG] [parse_extracted_emails.js] starting…
2026-04-20T22:56:08.842Z [LOG] parse summary: total=1860, parsed=0, alreadyParsed=1621, missingFields=239, invalidMessageType=0, missingParser=0, parseErrors=0
2026-04-20T22:56:08.846Z [LOG] [parse_extracted_emails.js] done
2026-04-20T22:56:08.846Z [LOG] [pipeline #51] new emails parsed: 0
2026-04-20T22:56:08.846Z [LOG] [pipeline #51] no new data — skipping CSV rebuild and Sheets upload
2026-04-20T23:01:04.475Z [LOG] ────────────────────────────────────────────────────────────
2026-04-20T23:01:04.475Z [LOG] [pipeline #52] 2026-04-20T23:01:04.475Z
2026-04-20T23:01:04.475Z [LOG] [extract_emails.js] starting…
2026-04-20T23:01:08.313Z [LOG] extracted 0 email(s) this run
2026-04-20T23:01:08.610Z [LOG] extraction finished
2026-04-20T23:01:08.618Z [LOG] [extract_emails.js] done
2026-04-20T23:01:08.618Z [LOG] [pipeline #52] new emails extracted: 0
2026-04-20T23:01:08.618Z [LOG] [parse_extracted_emails.js] starting…
2026-04-20T23:01:08.663Z [LOG] parse summary: total=1860, parsed=0, alreadyParsed=1621, missingFields=239, invalidMessageType=0, missingParser=0, parseErrors=0
2026-04-20T23:01:08.667Z [LOG] [parse_extracted_emails.js] done
2026-04-20T23:01:08.667Z [LOG] [pipeline #52] new emails parsed: 0
2026-04-20T23:01:08.667Z [LOG] [pipeline #52] no new data — skipping CSV rebuild and Sheets upload
2026-04-20T23:06:04.475Z [LOG] ────────────────────────────────────────────────────────────
2026-04-20T23:06:04.475Z [LOG] [pipeline #53] 2026-04-20T23:06:04.475Z
2026-04-20T23:06:04.475Z [LOG] [extract_emails.js] starting…
2026-04-20T23:06:07.879Z [LOG] extracted 0 email(s) this run
2026-04-20T23:06:08.131Z [LOG] extraction finished
2026-04-20T23:06:08.140Z [LOG] [extract_emails.js] done
2026-04-20T23:06:08.140Z [LOG] [pipeline #53] new emails extracted: 0
2026-04-20T23:06:08.140Z [LOG] [parse_extracted_emails.js] starting…
2026-04-20T23:06:08.203Z [LOG] parse summary: total=1860, parsed=0, alreadyParsed=1621, missingFields=239, invalidMessageType=0, missingParser=0, parseErrors=0
2026-04-20T23:06:08.209Z [LOG] [parse_extracted_emails.js] done
2026-04-20T23:06:08.209Z [LOG] [pipeline #53] new emails parsed: 0
2026-04-20T23:06:08.210Z [LOG] [pipeline #53] no new data — skipping CSV rebuild and Sheets upload
2026-04-20T23:11:04.475Z [LOG] ────────────────────────────────────────────────────────────
2026-04-20T23:11:04.476Z [LOG] [pipeline #54] 2026-04-20T23:11:04.476Z
2026-04-20T23:11:04.476Z [LOG] [extract_emails.js] starting…
2026-04-20T23:11:08.382Z [LOG] extracted 0 email(s) this run
2026-04-20T23:11:08.676Z [LOG] extraction finished
2026-04-20T23:11:08.685Z [LOG] [extract_emails.js] done
2026-04-20T23:11:08.685Z [LOG] [pipeline #54] new emails extracted: 0
2026-04-20T23:11:08.685Z [LOG] [parse_extracted_emails.js] starting…
2026-04-20T23:11:08.748Z [LOG] parse summary: total=1860, parsed=0, alreadyParsed=1621, missingFields=239, invalidMessageType=0, missingParser=0, parseErrors=0
2026-04-20T23:11:08.754Z [LOG] [parse_extracted_emails.js] done
2026-04-20T23:11:08.754Z [LOG] [pipeline #54] new emails parsed: 0
2026-04-20T23:11:08.754Z [LOG] [pipeline #54] no new data — skipping CSV rebuild and Sheets upload
2026-04-20T23:16:04.475Z [LOG] ────────────────────────────────────────────────────────────
2026-04-20T23:16:04.475Z [LOG] [pipeline #55] 2026-04-20T23:16:04.475Z
2026-04-20T23:16:04.475Z [LOG] [extract_emails.js] starting…
2026-04-20T23:16:08.716Z [LOG] extracted 0 email(s) this run
2026-04-20T23:16:09.014Z [LOG] extraction finished
2026-04-20T23:16:09.022Z [LOG] [extract_emails.js] done
2026-04-20T23:16:09.022Z [LOG] [pipeline #55] new emails extracted: 0
2026-04-20T23:16:09.022Z [LOG] [parse_extracted_emails.js] starting…
2026-04-20T23:16:09.075Z [LOG] parse summary: total=1860, parsed=0, alreadyParsed=1621, missingFields=239, invalidMessageType=0, missingParser=0, parseErrors=0
2026-04-20T23:16:09.079Z [LOG] [parse_extracted_emails.js] done
2026-04-20T23:16:09.079Z [LOG] [pipeline #55] new emails parsed: 0
2026-04-20T23:16:09.079Z [LOG] [pipeline #55] no new data — skipping CSV rebuild and Sheets upload
2026-04-20T23:21:04.475Z [LOG] ────────────────────────────────────────────────────────────
2026-04-20T23:21:04.476Z [LOG] [pipeline #56] 2026-04-20T23:21:04.476Z
2026-04-20T23:21:04.476Z [LOG] [extract_emails.js] starting…
2026-04-20T23:21:09.761Z [LOG] [extract_emails.js] Extracted: INBOX-uid-7067.json
2026-04-20T23:21:09.761Z [LOG] [extract_emails.js] Extracted: INBOX-uid-7066.json
2026-04-20T23:21:09.477Z [LOG] extracted 2 email(s) this run
2026-04-20T23:21:09.755Z [LOG] extraction finished
2026-04-20T23:21:09.761Z [LOG] [extract_emails.js] done
2026-04-20T23:21:09.761Z [LOG] [pipeline #56] new emails extracted: 2
2026-04-20T23:21:09.761Z [LOG] [parse_extracted_emails.js] starting…
2026-04-20T23:21:09.802Z [LOG] parse summary: total=1862, parsed=0, alreadyParsed=1621, missingFields=241, invalidMessageType=0, missingParser=0, parseErrors=0
2026-04-20T23:21:09.807Z [LOG] [parse_extracted_emails.js] done
2026-04-20T23:21:09.807Z [LOG] [pipeline #56] new emails parsed: 0
2026-04-20T23:21:09.807Z [LOG] [build_cfs_csv_mawb.js] starting…
2026-04-20T23:21:10.021Z [LOG] Written 401 rows to CFS_mawb.csv
2026-04-20T23:21:10.024Z [LOG]   Rows with no FFM match (no flight data): 3
2026-04-20T23:21:10.028Z [LOG] [build_cfs_csv_mawb.js] done
2026-04-20T23:21:10.028Z [LOG] [build_cfs_csv_uld.js] starting…
2026-04-20T23:21:10.214Z [LOG] [build_cfs_csv_uld.js] Written 721 rows to /home/wesleywu9/tolead/NCAParser/server/data/outputs/parsed_tables/CFS_uld.csv
2026-04-20T23:21:10.214Z [LOG] [build_cfs_csv_uld.js]   Rows with no FFM match: 3
2026-04-20T23:21:10.214Z [LOG] [build_cfs_csv_uld.js]   Extra rows from MAWBs split across multiple ULDs: 320
2026-04-20T23:21:10.214Z [LOG] [build_cfs_csv_uld.js] done
2026-04-20T23:21:10.214Z [LOG] [build_cfs_csv_hawb.js] starting…
2026-04-20T23:21:10.389Z [LOG] Written 812 rows to CFS_hawb.csv
2026-04-20T23:21:10.391Z [LOG]   HAWB rows: 719
2026-04-20T23:21:10.391Z [LOG]   MAWB-only rows: 93
2026-04-20T23:21:10.395Z [LOG] [build_cfs_csv_hawb.js] done
2026-04-20T23:21:10.395Z [LOG] [upload_tables_to_sheets.js] starting…
2026-04-20T23:21:10.442Z [LOG] [mawb] Clearing 'CFS_by_MAWB'!A:AH …
2026-04-20T23:21:11.196Z [LOG] [mawb] Writing 402 rows → 'CFS_by_MAWB'!A1 …
2026-04-20T23:21:13.965Z [LOG] [mawb] Applied sheet formatting and sorting
2026-04-20T23:21:13.965Z [LOG] [mawb] Done — 401 data rows uploaded.
2026-04-20T23:21:13.967Z [LOG] [uld] Clearing 'CFS_by_ULD'!A:AH …
2026-04-20T23:21:14.473Z [LOG] [uld] Writing 722 rows → 'CFS_by_ULD'!A1 …
2026-04-20T23:21:18.159Z [LOG] [uld] Applied sheet formatting and sorting
2026-04-20T23:21:19.699Z [LOG] [uld] Applied ULD grouping formatting (641 ULD blocks)
2026-04-20T23:21:19.699Z [LOG] [uld] Done — 721 data rows uploaded.
2026-04-20T23:21:19.702Z [LOG] [hawb] Clearing 'CFS_by_HAWB'!A:AH …
2026-04-20T23:21:20.207Z [LOG] [hawb] Writing 813 rows → 'CFS_by_HAWB'!A1 …
2026-04-20T23:21:22.255Z [LOG] [hawb] Applied sheet formatting and sorting
2026-04-20T23:21:23.179Z [LOG] [hawb] Applied MAWB grouping formatting (402 MAWB blocks)
2026-04-20T23:21:23.179Z [LOG] [hawb] Done — 812 data rows uploaded.
2026-04-20T23:21:23.186Z [LOG] [upload_tables_to_sheets.js] done
2026-04-20T23:21:23.186Z [LOG] [pipeline #56] pipeline complete
2026-04-20T23:26:04.481Z [LOG] ────────────────────────────────────────────────────────────
2026-04-20T23:26:04.482Z [LOG] [pipeline #57] 2026-04-20T23:26:04.482Z
2026-04-20T23:26:04.482Z [LOG] [extract_emails.js] starting…
2026-04-20T23:26:08.680Z [LOG] extracted 0 email(s) this run
2026-04-20T23:26:08.976Z [LOG] extraction finished
2026-04-20T23:26:08.984Z [LOG] [extract_emails.js] done
2026-04-20T23:26:08.984Z [LOG] [pipeline #57] new emails extracted: 0
2026-04-20T23:26:08.984Z [LOG] [parse_extracted_emails.js] starting…
2026-04-20T23:26:09.025Z [LOG] parse summary: total=1862, parsed=0, alreadyParsed=1621, missingFields=241, invalidMessageType=0, missingParser=0, parseErrors=0
2026-04-20T23:26:09.029Z [LOG] [parse_extracted_emails.js] done
2026-04-20T23:26:09.029Z [LOG] [pipeline #57] new emails parsed: 0
2026-04-20T23:26:09.029Z [LOG] [pipeline #57] no new data — skipping CSV rebuild and Sheets upload
2026-04-20T23:31:04.484Z [LOG] ────────────────────────────────────────────────────────────
2026-04-20T23:31:04.485Z [LOG] [pipeline #58] 2026-04-20T23:31:04.485Z
2026-04-20T23:31:04.485Z [LOG] [extract_emails.js] starting…
2026-04-20T23:31:08.504Z [LOG] extracted 0 email(s) this run
2026-04-20T23:31:08.801Z [LOG] extraction finished
2026-04-20T23:31:08.808Z [LOG] [extract_emails.js] done
2026-04-20T23:31:08.808Z [LOG] [pipeline #58] new emails extracted: 0
2026-04-20T23:31:08.808Z [LOG] [parse_extracted_emails.js] starting…
2026-04-20T23:31:08.849Z [LOG] parse summary: total=1862, parsed=0, alreadyParsed=1621, missingFields=241, invalidMessageType=0, missingParser=0, parseErrors=0
2026-04-20T23:31:08.853Z [LOG] [parse_extracted_emails.js] done
2026-04-20T23:31:08.853Z [LOG] [pipeline #58] new emails parsed: 0
2026-04-20T23:31:08.854Z [LOG] [pipeline #58] no new data — skipping CSV rebuild and Sheets upload
2026-04-20T23:36:04.489Z [LOG] ────────────────────────────────────────────────────────────
2026-04-20T23:36:04.489Z [LOG] [pipeline #59] 2026-04-20T23:36:04.489Z
2026-04-20T23:36:04.489Z [LOG] [extract_emails.js] starting…
2026-04-20T23:36:09.894Z [LOG] [extract_emails.js] Extracted: INBOX-uid-7068.json
2026-04-20T23:36:09.660Z [LOG] extracted 1 email(s) this run
2026-04-20T23:36:09.886Z [LOG] extraction finished
2026-04-20T23:36:09.894Z [LOG] [extract_emails.js] done
2026-04-20T23:36:09.894Z [LOG] [pipeline #59] new emails extracted: 1
2026-04-20T23:36:09.894Z [LOG] [parse_extracted_emails.js] starting…
2026-04-20T23:36:09.933Z [LOG] parse summary: total=1863, parsed=0, alreadyParsed=1621, missingFields=242, invalidMessageType=0, missingParser=0, parseErrors=0
2026-04-20T23:36:09.937Z [LOG] [parse_extracted_emails.js] done
2026-04-20T23:36:09.937Z [LOG] [pipeline #59] new emails parsed: 0
2026-04-20T23:36:09.937Z [LOG] [build_cfs_csv_mawb.js] starting…
2026-04-20T23:36:10.161Z [LOG] Written 401 rows to CFS_mawb.csv
2026-04-20T23:36:10.164Z [LOG]   Rows with no FFM match (no flight data): 3
2026-04-20T23:36:10.170Z [LOG] [build_cfs_csv_mawb.js] done
2026-04-20T23:36:10.170Z [LOG] [build_cfs_csv_uld.js] starting…
2026-04-20T23:36:10.390Z [LOG] [build_cfs_csv_uld.js] Written 721 rows to /home/wesleywu9/tolead/NCAParser/server/data/outputs/parsed_tables/CFS_uld.csv
2026-04-20T23:36:10.390Z [LOG] [build_cfs_csv_uld.js]   Rows with no FFM match: 3
2026-04-20T23:36:10.390Z [LOG] [build_cfs_csv_uld.js]   Extra rows from MAWBs split across multiple ULDs: 320
2026-04-20T23:36:10.390Z [LOG] [build_cfs_csv_uld.js] done
2026-04-20T23:36:10.390Z [LOG] [build_cfs_csv_hawb.js] starting…
2026-04-20T23:36:10.558Z [LOG] Written 812 rows to CFS_hawb.csv
2026-04-20T23:36:10.560Z [LOG]   HAWB rows: 719
2026-04-20T23:36:10.560Z [LOG]   MAWB-only rows: 93
2026-04-20T23:36:10.564Z [LOG] [build_cfs_csv_hawb.js] done
2026-04-20T23:36:10.564Z [LOG] [upload_tables_to_sheets.js] starting…
2026-04-20T23:36:10.611Z [LOG] [mawb] Clearing 'CFS_by_MAWB'!A:AH …
2026-04-20T23:36:11.717Z [LOG] [mawb] Writing 402 rows → 'CFS_by_MAWB'!A1 …
2026-04-20T23:36:14.467Z [LOG] [mawb] Applied sheet formatting and sorting
2026-04-20T23:36:14.467Z [LOG] [mawb] Done — 401 data rows uploaded.
2026-04-20T23:36:14.469Z [LOG] [uld] Clearing 'CFS_by_ULD'!A:AH …
2026-04-20T23:36:14.980Z [LOG] [uld] Writing 722 rows → 'CFS_by_ULD'!A1 …
2026-04-20T23:36:18.667Z [LOG] [uld] Applied sheet formatting and sorting
2026-04-20T23:36:20.100Z [LOG] [uld] Applied ULD grouping formatting (641 ULD blocks)
2026-04-20T23:36:20.100Z [LOG] [uld] Done — 721 data rows uploaded.
2026-04-20T23:36:20.104Z [LOG] [hawb] Clearing 'CFS_by_HAWB'!A:AH …
2026-04-20T23:36:20.611Z [LOG] [hawb] Writing 813 rows → 'CFS_by_HAWB'!A1 …
2026-04-20T23:36:22.558Z [LOG] [hawb] Applied sheet formatting and sorting
2026-04-20T23:36:23.273Z [LOG] [hawb] Applied MAWB grouping formatting (402 MAWB blocks)
2026-04-20T23:36:23.273Z [LOG] [hawb] Done — 812 data rows uploaded.
2026-04-20T23:36:23.281Z [LOG] [upload_tables_to_sheets.js] done
2026-04-20T23:36:23.281Z [LOG] [pipeline #59] pipeline complete
2026-04-20T23:41:04.490Z [LOG] ────────────────────────────────────────────────────────────
2026-04-20T23:41:04.490Z [LOG] [pipeline #60] 2026-04-20T23:41:04.490Z
2026-04-20T23:41:04.490Z [LOG] [extract_emails.js] starting…
2026-04-20T23:41:08.368Z [LOG] extracted 0 email(s) this run
2026-04-20T23:41:08.638Z [LOG] extraction finished
2026-04-20T23:41:08.645Z [LOG] [extract_emails.js] done
2026-04-20T23:41:08.645Z [LOG] [pipeline #60] new emails extracted: 0
2026-04-20T23:41:08.645Z [LOG] [parse_extracted_emails.js] starting…
2026-04-20T23:41:08.689Z [LOG] parse summary: total=1863, parsed=0, alreadyParsed=1621, missingFields=242, invalidMessageType=0, missingParser=0, parseErrors=0
2026-04-20T23:41:08.694Z [LOG] [parse_extracted_emails.js] done
2026-04-20T23:41:08.694Z [LOG] [pipeline #60] new emails parsed: 0
2026-04-20T23:41:08.694Z [LOG] [pipeline #60] no new data — skipping CSV rebuild and Sheets upload
2026-04-20T23:46:04.491Z [LOG] ────────────────────────────────────────────────────────────
2026-04-20T23:46:04.491Z [LOG] [pipeline #61] 2026-04-20T23:46:04.491Z
2026-04-20T23:46:04.491Z [LOG] [extract_emails.js] starting…
2026-04-20T23:46:08.709Z [LOG] [extract_emails.js] Extracted: INBOX-uid-7069.json
2026-04-20T23:46:08.435Z [LOG] extracted 1 email(s) this run
2026-04-20T23:46:08.700Z [LOG] extraction finished
2026-04-20T23:46:08.709Z [LOG] [extract_emails.js] done
2026-04-20T23:46:08.709Z [LOG] [pipeline #61] new emails extracted: 1
2026-04-20T23:46:08.709Z [LOG] [parse_extracted_emails.js] starting…
2026-04-20T23:46:08.750Z [LOG] parse summary: total=1864, parsed=0, alreadyParsed=1621, missingFields=243, invalidMessageType=0, missingParser=0, parseErrors=0
2026-04-20T23:46:08.754Z [LOG] [parse_extracted_emails.js] done
2026-04-20T23:46:08.754Z [LOG] [pipeline #61] new emails parsed: 0
2026-04-20T23:46:08.754Z [LOG] [build_cfs_csv_mawb.js] starting…
2026-04-20T23:46:08.978Z [LOG] Written 401 rows to CFS_mawb.csv
2026-04-20T23:46:08.981Z [LOG]   Rows with no FFM match (no flight data): 3
2026-04-20T23:46:08.987Z [LOG] [build_cfs_csv_mawb.js] done
2026-04-20T23:46:08.987Z [LOG] [build_cfs_csv_uld.js] starting…
2026-04-20T23:46:09.189Z [LOG] [build_cfs_csv_uld.js] Written 721 rows to /home/wesleywu9/tolead/NCAParser/server/data/outputs/parsed_tables/CFS_uld.csv
2026-04-20T23:46:09.189Z [LOG] [build_cfs_csv_uld.js]   Rows with no FFM match: 3
2026-04-20T23:46:09.189Z [LOG] [build_cfs_csv_uld.js]   Extra rows from MAWBs split across multiple ULDs: 320
2026-04-20T23:46:09.189Z [LOG] [build_cfs_csv_uld.js] done
2026-04-20T23:46:09.189Z [LOG] [build_cfs_csv_hawb.js] starting…
2026-04-20T23:46:09.351Z [LOG] Written 812 rows to CFS_hawb.csv
2026-04-20T23:46:09.354Z [LOG]   HAWB rows: 719
2026-04-20T23:46:09.354Z [LOG]   MAWB-only rows: 93
2026-04-20T23:46:09.358Z [LOG] [build_cfs_csv_hawb.js] done
2026-04-20T23:46:09.358Z [LOG] [upload_tables_to_sheets.js] starting…
2026-04-20T23:46:09.404Z [LOG] [mawb] Clearing 'CFS_by_MAWB'!A:AH …
2026-04-20T23:46:10.237Z [LOG] [mawb] Writing 402 rows → 'CFS_by_MAWB'!A1 …
2026-04-20T23:46:13.002Z [LOG] [mawb] Applied sheet formatting and sorting
2026-04-20T23:46:13.002Z [LOG] [mawb] Done — 401 data rows uploaded.
2026-04-20T23:46:13.005Z [LOG] [uld] Clearing 'CFS_by_ULD'!A:AH …
2026-04-20T23:46:13.430Z [LOG] [uld] Writing 722 rows → 'CFS_by_ULD'!A1 …
2026-04-20T23:46:17.715Z [LOG] [uld] Applied sheet formatting and sorting
2026-04-20T23:46:19.452Z [LOG] [uld] Applied ULD grouping formatting (641 ULD blocks)
2026-04-20T23:46:19.452Z [LOG] [uld] Done — 721 data rows uploaded.
2026-04-20T23:46:19.455Z [LOG] [hawb] Clearing 'CFS_by_HAWB'!A:AH …
2026-04-20T23:46:19.964Z [LOG] [hawb] Writing 813 rows → 'CFS_by_HAWB'!A1 …
2026-04-20T23:46:22.217Z [LOG] [hawb] Applied sheet formatting and sorting
2026-04-20T23:46:22.936Z [LOG] [hawb] Applied MAWB grouping formatting (402 MAWB blocks)
2026-04-20T23:46:22.936Z [LOG] [hawb] Done — 812 data rows uploaded.
2026-04-20T23:46:22.944Z [LOG] [upload_tables_to_sheets.js] done
2026-04-20T23:46:22.944Z [LOG] [pipeline #61] pipeline complete
2026-04-20T23:51:04.496Z [LOG] ────────────────────────────────────────────────────────────
2026-04-20T23:51:04.496Z [LOG] [pipeline #62] 2026-04-20T23:51:04.496Z
2026-04-20T23:51:04.496Z [LOG] [extract_emails.js] starting…
2026-04-20T23:51:08.131Z [LOG] extracted 0 email(s) this run
2026-04-20T23:51:08.425Z [LOG] extraction finished
2026-04-20T23:51:08.432Z [LOG] [extract_emails.js] done
2026-04-20T23:51:08.432Z [LOG] [pipeline #62] new emails extracted: 0
2026-04-20T23:51:08.432Z [LOG] [parse_extracted_emails.js] starting…
2026-04-20T23:51:08.473Z [LOG] parse summary: total=1864, parsed=0, alreadyParsed=1621, missingFields=243, invalidMessageType=0, missingParser=0, parseErrors=0
2026-04-20T23:51:08.477Z [LOG] [parse_extracted_emails.js] done
2026-04-20T23:51:08.477Z [LOG] [pipeline #62] new emails parsed: 0
2026-04-20T23:51:08.477Z [LOG] [pipeline #62] no new data — skipping CSV rebuild and Sheets upload
2026-04-20T23:56:04.499Z [LOG] ────────────────────────────────────────────────────────────
2026-04-20T23:56:04.500Z [LOG] [pipeline #63] 2026-04-20T23:56:04.500Z
2026-04-20T23:56:04.500Z [LOG] [extract_emails.js] starting…
2026-04-20T23:56:08.079Z [LOG] extracted 0 email(s) this run
2026-04-20T23:56:08.356Z [LOG] extraction finished
2026-04-20T23:56:08.363Z [LOG] [extract_emails.js] done
2026-04-20T23:56:08.363Z [LOG] [pipeline #63] new emails extracted: 0
2026-04-20T23:56:08.363Z [LOG] [parse_extracted_emails.js] starting…
2026-04-20T23:56:08.403Z [LOG] parse summary: total=1864, parsed=0, alreadyParsed=1621, missingFields=243, invalidMessageType=0, missingParser=0, parseErrors=0
2026-04-20T23:56:08.407Z [LOG] [parse_extracted_emails.js] done
2026-04-20T23:56:08.407Z [LOG] [pipeline #63] new emails parsed: 0
2026-04-20T23:56:08.407Z [LOG] [pipeline #63] no new data — skipping CSV rebuild and Sheets upload
