2026-04-19T00:00:08.524Z [LOG] ────────────────────────────────────────────────────────────
2026-04-19T00:00:08.524Z [LOG] [pipeline #2] 2026-04-19T00:00:08.524Z
2026-04-19T00:00:08.524Z [LOG] [extract_emails.js] starting…
2026-04-19T00:00:11.754Z [LOG] extracted 0 email(s) this run
2026-04-19T00:00:11.991Z [LOG] extraction finished
2026-04-19T00:00:11.996Z [LOG] [extract_emails.js] done
2026-04-19T00:00:11.996Z [LOG] [pipeline #2] new emails extracted: 0
2026-04-19T00:00:11.996Z [LOG] [parse_extracted_emails.js] starting…
2026-04-19T00:00:12.038Z [LOG] parse summary: total=1676, parsed=0, alreadyParsed=1486, missingFields=190, invalidMessageType=0, missingParser=0, parseErrors=0
2026-04-19T00:00:12.044Z [LOG] [parse_extracted_emails.js] done
2026-04-19T00:00:12.044Z [LOG] [pipeline #2] new emails parsed: 0
2026-04-19T00:00:12.044Z [LOG] [pipeline #2] no new data — skipping CSV rebuild and Sheets upload
2026-04-19T00:10:08.527Z [LOG] ────────────────────────────────────────────────────────────
2026-04-19T00:10:08.527Z [LOG] [pipeline #3] 2026-04-19T00:10:08.527Z
2026-04-19T00:10:08.527Z [LOG] [extract_emails.js] starting…
2026-04-19T00:10:12.260Z [LOG] extracted 0 email(s) this run
2026-04-19T00:10:12.594Z [LOG] extraction finished
2026-04-19T00:10:12.602Z [LOG] [extract_emails.js] done
2026-04-19T00:10:12.602Z [LOG] [pipeline #3] new emails extracted: 0
2026-04-19T00:10:12.602Z [LOG] [parse_extracted_emails.js] starting…
2026-04-19T00:10:12.644Z [LOG] parse summary: total=1676, parsed=0, alreadyParsed=1486, missingFields=190, invalidMessageType=0, missingParser=0, parseErrors=0
2026-04-19T00:10:12.649Z [LOG] [parse_extracted_emails.js] done
2026-04-19T00:10:12.649Z [LOG] [pipeline #3] new emails parsed: 0
2026-04-19T00:10:12.649Z [LOG] [pipeline #3] no new data — skipping CSV rebuild and Sheets upload
2026-04-19T00:20:08.530Z [LOG] ────────────────────────────────────────────────────────────
2026-04-19T00:20:08.530Z [LOG] [pipeline #4] 2026-04-19T00:20:08.530Z
2026-04-19T00:20:08.530Z [LOG] [extract_emails.js] starting…
2026-04-19T00:20:11.793Z [LOG] extracted 0 email(s) this run
2026-04-19T00:20:12.015Z [LOG] extraction finished
2026-04-19T00:20:12.024Z [LOG] [extract_emails.js] done
2026-04-19T00:20:12.024Z [LOG] [pipeline #4] new emails extracted: 0
2026-04-19T00:20:12.024Z [LOG] [parse_extracted_emails.js] starting…
2026-04-19T00:20:12.063Z [LOG] parse summary: total=1676, parsed=0, alreadyParsed=1486, missingFields=190, invalidMessageType=0, missingParser=0, parseErrors=0
2026-04-19T00:20:12.068Z [LOG] [parse_extracted_emails.js] done
2026-04-19T00:20:12.069Z [LOG] [pipeline #4] new emails parsed: 0
2026-04-19T00:20:12.069Z [LOG] [pipeline #4] no new data — skipping CSV rebuild and Sheets upload
2026-04-19T00:30:08.533Z [LOG] ────────────────────────────────────────────────────────────
2026-04-19T00:30:08.534Z [LOG] [pipeline #5] 2026-04-19T00:30:08.534Z
2026-04-19T00:30:08.534Z [LOG] [extract_emails.js] starting…
2026-04-19T00:30:11.953Z [LOG] extracted 0 email(s) this run
2026-04-19T00:30:12.180Z [LOG] extraction finished
2026-04-19T00:30:12.189Z [LOG] [extract_emails.js] done
2026-04-19T00:30:12.189Z [LOG] [pipeline #5] new emails extracted: 0
2026-04-19T00:30:12.189Z [LOG] [parse_extracted_emails.js] starting…
2026-04-19T00:30:12.228Z [LOG] parse summary: total=1676, parsed=0, alreadyParsed=1486, missingFields=190, invalidMessageType=0, missingParser=0, parseErrors=0
2026-04-19T00:30:12.233Z [LOG] [parse_extracted_emails.js] done
2026-04-19T00:30:12.233Z [LOG] [pipeline #5] new emails parsed: 0
2026-04-19T00:30:12.233Z [LOG] [pipeline #5] no new data — skipping CSV rebuild and Sheets upload
2026-04-19T00:40:08.537Z [LOG] ────────────────────────────────────────────────────────────
2026-04-19T00:40:08.537Z [LOG] [pipeline #6] 2026-04-19T00:40:08.537Z
2026-04-19T00:40:08.537Z [LOG] [extract_emails.js] starting…
2026-04-19T00:40:12.125Z [LOG] extracted 0 email(s) this run
2026-04-19T00:40:12.354Z [LOG] extraction finished
2026-04-19T00:40:12.361Z [LOG] [extract_emails.js] done
2026-04-19T00:40:12.361Z [LOG] [pipeline #6] new emails extracted: 0
2026-04-19T00:40:12.361Z [LOG] [parse_extracted_emails.js] starting…
2026-04-19T00:40:12.399Z [LOG] parse summary: total=1676, parsed=0, alreadyParsed=1486, missingFields=190, invalidMessageType=0, missingParser=0, parseErrors=0
2026-04-19T00:40:12.403Z [LOG] [parse_extracted_emails.js] done
2026-04-19T00:40:12.403Z [LOG] [pipeline #6] new emails parsed: 0
2026-04-19T00:40:12.403Z [LOG] [pipeline #6] no new data — skipping CSV rebuild and Sheets upload
2026-04-19T00:46:45.211Z [WARN] Received SIGINT; shutting down pipeline...
2026-04-19T00:52:54.540Z [LOG] ────────────────────────────────────────────────────────────
2026-04-19T00:52:54.542Z [LOG] [pipeline #1] 2026-04-19T00:52:54.542Z
2026-04-19T00:52:54.542Z [LOG] [extract_emails.js] starting…
2026-04-19T00:52:58.103Z [LOG] extracted 0 email(s) this run
2026-04-19T00:52:58.337Z [LOG] extraction finished
2026-04-19T00:52:58.343Z [LOG] [extract_emails.js] done
2026-04-19T00:52:58.344Z [LOG] [pipeline #1] new emails extracted: 0
2026-04-19T00:52:58.344Z [LOG] [parse_extracted_emails.js] starting…
2026-04-19T00:52:58.387Z [LOG] parse summary: total=1676, parsed=0, alreadyParsed=1486, missingFields=190, invalidMessageType=0, missingParser=0, parseErrors=0
2026-04-19T00:52:58.392Z [LOG] [parse_extracted_emails.js] done
2026-04-19T00:52:58.392Z [LOG] [pipeline #1] new emails parsed: 0
2026-04-19T00:52:58.392Z [LOG] [pipeline #1] --force flag set; forcing CSV rebuild and Sheets upload
2026-04-19T00:52:58.392Z [LOG] [build_cfs_csv_mawb.js] starting…
2026-04-19T00:52:58.588Z [LOG] Written 361 rows to CFS_mawb.csv
2026-04-19T00:52:58.591Z [LOG]   Rows with no FFM match (no flight data): 2
2026-04-19T00:52:58.598Z [LOG] [build_cfs_csv_mawb.js] done
2026-04-19T00:52:58.598Z [LOG] [build_cfs_csv_uld.js] starting…
2026-04-19T00:52:58.778Z [LOG] [build_cfs_csv_uld.js] Written 619 rows to /home/wesleywu9/tolead/NCAParser/server/data/outputs/parsed_tables/CFS_uld.csv
2026-04-19T00:52:58.778Z [LOG] [build_cfs_csv_uld.js]   Rows with no FFM match: 3
2026-04-19T00:52:58.778Z [LOG] [build_cfs_csv_uld.js]   Extra rows from MAWBs split across multiple ULDs: 257
2026-04-19T00:52:58.778Z [LOG] [build_cfs_csv_uld.js] done
2026-04-19T00:52:58.778Z [LOG] [build_cfs_csv_hawb.js] starting…
2026-04-19T00:52:58.928Z [LOG] Written 438 rows to CFS_hawb.csv
2026-04-19T00:52:58.935Z [LOG]   HAWB rows: 350
2026-04-19T00:52:58.935Z [LOG]   MAWB-only rows: 88
2026-04-19T00:52:58.935Z [LOG]   Rows with no FFM match (no flight data): 3
2026-04-19T00:52:58.939Z [LOG] [build_cfs_csv_hawb.js] done
2026-04-19T00:52:58.939Z [LOG] [upload_tables_to_sheets.js] starting…
2026-04-19T00:52:58.991Z [LOG] [mawb] Clearing 'CFS_by_MAWB'!A:AH …
2026-04-19T00:52:59.894Z [LOG] [mawb] Writing 362 rows → 'CFS_by_MAWB'!A1 …
2026-04-19T00:53:02.542Z [LOG] [mawb] Applied sheet formatting and sorting
2026-04-19T00:53:02.542Z [LOG] [mawb] Done — 361 data rows uploaded.
2026-04-19T00:53:02.544Z [LOG] [uld] Clearing 'CFS_by_ULD'!A:AH …
2026-04-19T00:53:03.054Z [LOG] [uld] Writing 620 rows → 'CFS_by_ULD'!A1 …
2026-04-19T00:53:05.371Z [LOG] [uld] Applied sheet formatting and sorting
2026-04-19T00:53:05.371Z [LOG] [uld] Done — 619 data rows uploaded.
2026-04-19T00:53:05.373Z [LOG] [hawb] Clearing 'CFS_by_HAWB'!A:AH …
2026-04-19T00:53:05.801Z [LOG] [hawb] Writing 439 rows → 'CFS_by_HAWB'!A1 …
2026-04-19T00:53:07.496Z [LOG] [hawb] Applied sheet formatting and sorting
2026-04-19T00:53:07.497Z [LOG] [hawb] Done — 438 data rows uploaded.
2026-04-19T00:53:07.503Z [LOG] [upload_tables_to_sheets.js] done
2026-04-19T00:53:07.503Z [LOG] [pipeline #1] pipeline complete
2026-04-19T01:07:53.578Z [LOG] ────────────────────────────────────────────────────────────
2026-04-19T01:07:53.579Z [LOG] [pipeline #1] 2026-04-19T01:07:53.579Z
2026-04-19T01:07:53.579Z [LOG] [extract_emails.js] starting…
2026-04-19T01:07:56.959Z [LOG] extracted 0 email(s) this run
2026-04-19T01:07:57.194Z [LOG] extraction finished
2026-04-19T01:07:57.198Z [LOG] [extract_emails.js] done
2026-04-19T01:07:57.199Z [LOG] [pipeline #1] new emails extracted: 0
2026-04-19T01:07:57.199Z [LOG] [parse_extracted_emails.js] starting…
2026-04-19T01:08:22.800Z [LOG] [parse_extracted_emails.js] Parsed: parsed-INBOX-uid-1001.json
2026-04-19T01:08:22.800Z [LOG] [parse_extracted_emails.js] Parsed: parsed-INBOX-uid-1002.json
2026-04-19T01:08:22.800Z [LOG] [parse_extracted_emails.js] Parsed: parsed-INBOX-uid-1004.json
2026-04-19T01:08:22.800Z [LOG] [parse_extracted_emails.js] Parsed: parsed-INBOX-uid-1005.json
2026-04-19T01:08:22.800Z [LOG] [parse_extracted_emails.js] Parsed: parsed-INBOX-uid-1006.json
2026-04-19T01:08:22.800Z [LOG] [parse_extracted_emails.js] Parsed: parsed-INBOX-uid-1007.json
2026-04-19T01:08:22.800Z [LOG] [parse_extracted_emails.js] Parsed: parsed-INBOX-uid-1008.json
2026-04-19T01:08:22.800Z [LOG] [parse_extracted_emails.js] Parsed: parsed-INBOX-uid-1009.json
2026-04-19T01:08:22.800Z [LOG] [parse_extracted_emails.js] Parsed: parsed-INBOX-uid-1010.json
2026-04-19T01:08:22.800Z [LOG] [parse_extracted_emails.js] Parsed: parsed-INBOX-uid-1014.json
2026-04-19T01:08:22.800Z [LOG] [parse_extracted_emails.js] Parsed: parsed-INBOX-uid-1020.json
2026-04-19T01:08:22.800Z [LOG] [parse_extracted_emails.js] Parsed: parsed-INBOX-uid-1021.json
2026-04-19T01:08:22.800Z [LOG] [parse_extracted_emails.js] Parsed: parsed-INBOX-uid-1022.json
2026-04-19T01:08:22.800Z [LOG] [parse_extracted_emails.js] Parsed: parsed-INBOX-uid-1023.json
2026-04-19T01:08:22.800Z [LOG] [parse_extracted_emails.js] Parsed: parsed-INBOX-uid-1264.json
2026-04-19T01:08:22.800Z [LOG] [parse_extracted_emails.js] Parsed: parsed-INBOX-uid-1265.json
2026-04-19T01:08:22.800Z [LOG] [parse_extracted_emails.js] Parsed: parsed-INBOX-uid-1266.json
2026-04-19T01:08:22.800Z [LOG] [parse_extracted_emails.js] Parsed: parsed-INBOX-uid-1339.json
2026-04-19T01:08:22.800Z [LOG] [parse_extracted_emails.js] Parsed: parsed-INBOX-uid-1340.json
2026-04-19T01:08:22.800Z [LOG] [parse_extracted_emails.js] Parsed: parsed-INBOX-uid-1341.json
2026-04-19T01:08:22.800Z [LOG] [parse_extracted_emails.js] Parsed: parsed-INBOX-uid-1342.json
2026-04-19T01:08:22.800Z [LOG] [parse_extracted_emails.js] Parsed: parsed-INBOX-uid-1343.json
2026-04-19T01:08:22.800Z [LOG] [parse_extracted_emails.js] Parsed: parsed-INBOX-uid-1344.json
2026-04-19T01:08:22.800Z [LOG] [parse_extracted_emails.js] Parsed: parsed-INBOX-uid-1345.json
2026-04-19T01:08:22.800Z [LOG] [parse_extracted_emails.js] Parsed: parsed-INBOX-uid-1346.json
2026-04-19T01:08:22.800Z [LOG] [parse_extracted_emails.js] Parsed: parsed-INBOX-uid-1347.json
2026-04-19T01:08:22.800Z [LOG] [parse_extracted_emails.js] Parsed: parsed-INBOX-uid-1348.json
2026-04-19T01:08:22.800Z [LOG] [parse_extracted_emails.js] Parsed: parsed-INBOX-uid-1349.json
2026-04-19T01:08:22.800Z [LOG] [parse_extracted_emails.js] Parsed: parsed-INBOX-uid-1350.json
2026-04-19T01:08:22.800Z [LOG] [parse_extracted_emails.js] Parsed: parsed-INBOX-uid-1351.json
2026-04-19T01:08:22.800Z [LOG] [parse_extracted_emails.js] Parsed: parsed-INBOX-uid-1352.json
2026-04-19T01:08:22.800Z [LOG] [parse_extracted_emails.js] Parsed: parsed-INBOX-uid-1353.json
2026-04-19T01:08:22.800Z [LOG] [parse_extracted_emails.js] Parsed: parsed-INBOX-uid-1354.json
2026-04-19T01:08:22.800Z [LOG] [parse_extracted_emails.js] Parsed: parsed-INBOX-uid-1407.json
2026-04-19T01:08:22.800Z [LOG] [parse_extracted_emails.js] Parsed: parsed-INBOX-uid-1408.json
2026-04-19T01:08:22.800Z [LOG] [parse_extracted_emails.js] Parsed: parsed-INBOX-uid-1409.json
2026-04-19T01:08:22.800Z [LOG] [parse_extracted_emails.js] Parsed: parsed-INBOX-uid-1410.json
2026-04-19T01:08:22.800Z [LOG] [parse_extracted_emails.js] Parsed: parsed-INBOX-uid-1411.json
2026-04-19T01:08:22.800Z [LOG] [parse_extracted_emails.js] Parsed: parsed-INBOX-uid-1412.json
2026-04-19T01:08:22.800Z [LOG] [parse_extracted_emails.js] Parsed: parsed-INBOX-uid-1413.json
2026-04-19T01:08:22.800Z [LOG] [parse_extracted_emails.js] Parsed: parsed-INBOX-uid-1414.json
2026-04-19T01:08:22.800Z [LOG] [parse_extracted_emails.js] Parsed: parsed-INBOX-uid-1415.json
2026-04-19T01:08:22.800Z [LOG] [parse_extracted_emails.js] Parsed: parsed-INBOX-uid-1416.json
2026-04-19T01:08:22.800Z [LOG] [parse_extracted_emails.js] Parsed: parsed-INBOX-uid-1417.json
2026-04-19T01:08:22.800Z [LOG] [parse_extracted_emails.js] Parsed: parsed-INBOX-uid-1923.json
2026-04-19T01:08:22.800Z [LOG] [parse_extracted_emails.js] Parsed: parsed-INBOX-uid-1924.json
2026-04-19T01:08:22.800Z [LOG] [parse_extracted_emails.js] Parsed: parsed-INBOX-uid-1925.json
2026-04-19T01:08:22.800Z [LOG] [parse_extracted_emails.js] Parsed: parsed-INBOX-uid-1926.json
2026-04-19T01:08:22.800Z [LOG] [parse_extracted_emails.js] Parsed: parsed-INBOX-uid-1927.json
2026-04-19T01:08:22.801Z [LOG] [parse_extracted_emails.js] Parsed: parsed-INBOX-uid-1939.json
2026-04-19T01:08:22.801Z [LOG] [parse_extracted_emails.js] Parsed: parsed-INBOX-uid-1940.json
2026-04-19T01:08:22.801Z [LOG] [parse_extracted_emails.js] Parsed: parsed-INBOX-uid-1941.json
2026-04-19T01:08:22.801Z [LOG] [parse_extracted_emails.js] Parsed: parsed-INBOX-uid-1942.json
2026-04-19T01:08:22.801Z [LOG] [parse_extracted_emails.js] Parsed: parsed-INBOX-uid-1943.json
2026-04-19T01:08:22.801Z [LOG] [parse_extracted_emails.js] Parsed: parsed-INBOX-uid-1945.json
2026-04-19T01:08:22.801Z [LOG] [parse_extracted_emails.js] Parsed: parsed-INBOX-uid-1946.json
2026-04-19T01:08:22.801Z [LOG] [parse_extracted_emails.js] Parsed: parsed-INBOX-uid-1947.json
2026-04-19T01:08:22.801Z [LOG] [parse_extracted_emails.js] Parsed: parsed-INBOX-uid-1948.json
2026-04-19T01:08:22.801Z [LOG] [parse_extracted_emails.js] Parsed: parsed-INBOX-uid-1949.json
2026-04-19T01:08:22.801Z [LOG] [parse_extracted_emails.js] Parsed: parsed-INBOX-uid-1950.json
2026-04-19T01:08:22.801Z [LOG] [parse_extracted_emails.js] Parsed: parsed-INBOX-uid-1951.json
2026-04-19T01:08:22.801Z [LOG] [parse_extracted_emails.js] Parsed: parsed-INBOX-uid-1952.json
2026-04-19T01:08:22.801Z [LOG] [parse_extracted_emails.js] Parsed: parsed-INBOX-uid-1953.json
2026-04-19T01:08:22.801Z [LOG] [parse_extracted_emails.js] Parsed: parsed-INBOX-uid-1954.json
2026-04-19T01:08:22.801Z [LOG] [parse_extracted_emails.js] Parsed: parsed-INBOX-uid-1955.json
2026-04-19T01:08:22.801Z [LOG] [parse_extracted_emails.js] Parsed: parsed-INBOX-uid-1956.json
2026-04-19T01:08:22.801Z [LOG] [parse_extracted_emails.js] Parsed: parsed-INBOX-uid-1957.json
2026-04-19T01:08:22.801Z [LOG] [parse_extracted_emails.js] Parsed: parsed-INBOX-uid-1958.json
2026-04-19T01:08:22.801Z [LOG] [parse_extracted_emails.js] Parsed: parsed-INBOX-uid-1959.json
2026-04-19T01:08:22.801Z [LOG] [parse_extracted_emails.js] Parsed: parsed-INBOX-uid-1960.json
2026-04-19T01:08:22.801Z [LOG] [parse_extracted_emails.js] Parsed: parsed-INBOX-uid-1961.json
2026-04-19T01:08:22.801Z [LOG] [parse_extracted_emails.js] Parsed: parsed-INBOX-uid-1962.json
2026-04-19T01:08:22.801Z [LOG] [parse_extracted_emails.js] Parsed: parsed-INBOX-uid-1963.json
2026-04-19T01:08:22.801Z [LOG] [parse_extracted_emails.js] Parsed: parsed-INBOX-uid-1964.json
2026-04-19T01:08:22.801Z [LOG] [parse_extracted_emails.js] Parsed: parsed-INBOX-uid-1965.json
2026-04-19T01:08:22.801Z [LOG] [parse_extracted_emails.js] Parsed: parsed-INBOX-uid-1966.json
2026-04-19T01:08:22.801Z [LOG] [parse_extracted_emails.js] Parsed: parsed-INBOX-uid-1967.json
2026-04-19T01:08:22.801Z [LOG] [parse_extracted_emails.js] Parsed: parsed-INBOX-uid-1968.json
2026-04-19T01:08:22.801Z [LOG] [parse_extracted_emails.js] Parsed: parsed-INBOX-uid-1969.json
2026-04-19T01:08:22.801Z [LOG] [parse_extracted_emails.js] Parsed: parsed-INBOX-uid-1970.json
2026-04-19T01:08:22.801Z [LOG] [parse_extracted_emails.js] Parsed: parsed-INBOX-uid-1971.json
2026-04-19T01:08:22.801Z [LOG] [parse_extracted_emails.js] Parsed: parsed-INBOX-uid-1972.json
2026-04-19T01:08:22.801Z [LOG] [parse_extracted_emails.js] Parsed: parsed-INBOX-uid-1973.json
2026-04-19T01:08:22.801Z [LOG] [parse_extracted_emails.js] Parsed: parsed-INBOX-uid-3287.json
2026-04-19T01:08:22.801Z [LOG] [parse_extracted_emails.js] Parsed: parsed-INBOX-uid-3478.json
2026-04-19T01:08:22.801Z [LOG] [parse_extracted_emails.js] Parsed: parsed-INBOX-uid-3479.json
2026-04-19T01:08:22.801Z [LOG] [parse_extracted_emails.js] Parsed: parsed-INBOX-uid-3480.json
2026-04-19T01:08:22.801Z [LOG] [parse_extracted_emails.js] Parsed: parsed-INBOX-uid-3481.json
2026-04-19T01:08:22.801Z [LOG] [parse_extracted_emails.js] Parsed: parsed-INBOX-uid-3482.json
2026-04-19T01:08:22.801Z [LOG] [parse_extracted_emails.js] Parsed: parsed-INBOX-uid-3483.json
2026-04-19T01:08:22.801Z [LOG] [parse_extracted_emails.js] Parsed: parsed-INBOX-uid-3484.json
2026-04-19T01:08:22.801Z [LOG] [parse_extracted_emails.js] Parsed: parsed-INBOX-uid-3485.json
2026-04-19T01:08:22.801Z [LOG] [parse_extracted_emails.js] Parsed: parsed-INBOX-uid-3486.json
2026-04-19T01:08:22.801Z [LOG] [parse_extracted_emails.js] Parsed: parsed-INBOX-uid-3487.json
2026-04-19T01:08:22.801Z [LOG] [parse_extracted_emails.js] Parsed: parsed-INBOX-uid-3488.json
2026-04-19T01:08:22.801Z [LOG] [parse_extracted_emails.js] Parsed: parsed-INBOX-uid-3489.json
2026-04-19T01:08:22.801Z [LOG] [parse_extracted_emails.js] Parsed: parsed-INBOX-uid-3490.json
2026-04-19T01:08:22.801Z [LOG] [parse_extracted_emails.js] Parsed: parsed-INBOX-uid-3491.json
2026-04-19T01:08:22.801Z [LOG] [parse_extracted_emails.js] Parsed: parsed-INBOX-uid-3492.json
2026-04-19T01:08:22.801Z [LOG] [parse_extracted_emails.js] Parsed: parsed-INBOX-uid-3493.json
2026-04-19T01:08:22.801Z [LOG] [parse_extracted_emails.js] Parsed: parsed-INBOX-uid-3494.json
2026-04-19T01:08:22.801Z [LOG] [parse_extracted_emails.js] Parsed: parsed-INBOX-uid-3495.json
2026-04-19T01:08:22.801Z [LOG] [parse_extracted_emails.js] Parsed: parsed-INBOX-uid-3496.json
2026-04-19T01:08:22.801Z [LOG] [parse_extracted_emails.js] Parsed: parsed-INBOX-uid-3497.json
2026-04-19T01:08:22.801Z [LOG] [parse_extracted_emails.js] Parsed: parsed-INBOX-uid-4267.json
2026-04-19T01:08:22.801Z [LOG] [parse_extracted_emails.js] Parsed: parsed-INBOX-uid-4268.json
2026-04-19T01:08:22.801Z [LOG] [parse_extracted_emails.js] Parsed: parsed-INBOX-uid-4269.json
2026-04-19T01:08:22.801Z [LOG] [parse_extracted_emails.js] Parsed: parsed-INBOX-uid-4270.json
2026-04-19T01:08:22.801Z [LOG] [parse_extracted_emails.js] Parsed: parsed-INBOX-uid-4271.json
2026-04-19T01:08:22.801Z [LOG] [parse_extracted_emails.js] Parsed: parsed-INBOX-uid-4272.json
2026-04-19T01:08:22.801Z [LOG] [parse_extracted_emails.js] Parsed: parsed-INBOX-uid-4273.json
2026-04-19T01:08:22.801Z [LOG] [parse_extracted_emails.js] Parsed: parsed-INBOX-uid-4274.json
2026-04-19T01:08:22.801Z [LOG] [parse_extracted_emails.js] Parsed: parsed-INBOX-uid-4275.json
2026-04-19T01:08:22.801Z [LOG] [parse_extracted_emails.js] Parsed: parsed-INBOX-uid-4276.json
2026-04-19T01:08:22.801Z [LOG] [parse_extracted_emails.js] Parsed: parsed-INBOX-uid-4277.json
2026-04-19T01:08:22.801Z [LOG] [parse_extracted_emails.js] Parsed: parsed-INBOX-uid-4278.json
2026-04-19T01:08:22.801Z [LOG] [parse_extracted_emails.js] Parsed: parsed-INBOX-uid-4279.json
2026-04-19T01:08:22.801Z [LOG] [parse_extracted_emails.js] Parsed: parsed-INBOX-uid-4280.json
2026-04-19T01:08:22.801Z [LOG] [parse_extracted_emails.js] Parsed: parsed-INBOX-uid-4281.json
2026-04-19T01:08:22.801Z [LOG] [parse_extracted_emails.js] Parsed: parsed-INBOX-uid-4282.json
2026-04-19T01:08:22.801Z [LOG] [parse_extracted_emails.js] Parsed: parsed-INBOX-uid-4310.json
2026-04-19T01:08:22.801Z [LOG] [parse_extracted_emails.js] Parsed: parsed-INBOX-uid-4311.json
2026-04-19T01:08:22.801Z [LOG] [parse_extracted_emails.js] Parsed: parsed-INBOX-uid-4312.json
2026-04-19T01:08:22.801Z [LOG] [parse_extracted_emails.js] Parsed: parsed-INBOX-uid-4313.json
2026-04-19T01:08:22.801Z [LOG] [parse_extracted_emails.js] Parsed: parsed-INBOX-uid-4314.json
2026-04-19T01:08:22.801Z [LOG] [parse_extracted_emails.js] Parsed: parsed-INBOX-uid-4315.json
2026-04-19T01:08:22.801Z [LOG] [parse_extracted_emails.js] Parsed: parsed-INBOX-uid-4316.json
2026-04-19T01:08:22.801Z [LOG] [parse_extracted_emails.js] Parsed: parsed-INBOX-uid-4317.json
2026-04-19T01:08:22.801Z [LOG] [parse_extracted_emails.js] Parsed: parsed-INBOX-uid-4318.json
2026-04-19T01:08:22.801Z [LOG] [parse_extracted_emails.js] Parsed: parsed-INBOX-uid-4319.json
2026-04-19T01:08:22.801Z [LOG] [parse_extracted_emails.js] Parsed: parsed-INBOX-uid-4320.json
2026-04-19T01:08:22.801Z [LOG] [parse_extracted_emails.js] Parsed: parsed-INBOX-uid-4321.json
2026-04-19T01:08:22.801Z [LOG] [parse_extracted_emails.js] Parsed: parsed-INBOX-uid-4322.json
2026-04-19T01:08:22.801Z [LOG] [parse_extracted_emails.js] Parsed: parsed-INBOX-uid-4323.json
2026-04-19T01:08:22.801Z [LOG] [parse_extracted_emails.js] Parsed: parsed-INBOX-uid-4324.json
2026-04-19T01:08:22.801Z [LOG] [parse_extracted_emails.js] Parsed: parsed-INBOX-uid-4325.json
2026-04-19T01:08:22.801Z [LOG] [parse_extracted_emails.js] Parsed: parsed-INBOX-uid-4326.json
2026-04-19T01:08:22.802Z [LOG] [parse_extracted_emails.js] Parsed: parsed-INBOX-uid-4327.json
2026-04-19T01:08:22.802Z [LOG] [parse_extracted_emails.js] Parsed: parsed-INBOX-uid-4328.json
2026-04-19T01:08:22.802Z [LOG] [parse_extracted_emails.js] Parsed: parsed-INBOX-uid-4329.json
2026-04-19T01:08:22.802Z [LOG] [parse_extracted_emails.js] Parsed: parsed-INBOX-uid-4330.json
2026-04-19T01:08:22.802Z [LOG] [parse_extracted_emails.js] Parsed: parsed-INBOX-uid-4331.json
2026-04-19T01:08:22.802Z [LOG] [parse_extracted_emails.js] Parsed: parsed-INBOX-uid-4332.json
2026-04-19T01:08:22.802Z [LOG] [parse_extracted_emails.js] Parsed: parsed-INBOX-uid-4333.json
2026-04-19T01:08:22.802Z [LOG] [parse_extracted_emails.js] Parsed: parsed-INBOX-uid-4334.json
2026-04-19T01:08:22.802Z [LOG] [parse_extracted_emails.js] Parsed: parsed-INBOX-uid-4335.json
2026-04-19T01:08:22.802Z [LOG] [parse_extracted_emails.js] Parsed: parsed-INBOX-uid-4336.json
2026-04-19T01:08:22.802Z [LOG] [parse_extracted_emails.js] Parsed: parsed-INBOX-uid-4337.json
2026-04-19T01:08:22.802Z [LOG] [parse_extracted_emails.js] Parsed: parsed-INBOX-uid-4338.json
2026-04-19T01:08:22.802Z [LOG] [parse_extracted_emails.js] Parsed: parsed-INBOX-uid-4339.json
2026-04-19T01:08:22.802Z [LOG] [parse_extracted_emails.js] Parsed: parsed-INBOX-uid-4340.json
2026-04-19T01:08:22.802Z [LOG] [parse_extracted_emails.js] Parsed: parsed-INBOX-uid-4341.json
2026-04-19T01:08:22.802Z [LOG] [parse_extracted_emails.js] Parsed: parsed-INBOX-uid-4342.json
2026-04-19T01:08:22.802Z [LOG] [parse_extracted_emails.js] Parsed: parsed-INBOX-uid-4343.json
2026-04-19T01:08:22.802Z [LOG] [parse_extracted_emails.js] Parsed: parsed-INBOX-uid-4344.json
2026-04-19T01:08:22.802Z [LOG] [parse_extracted_emails.js] Parsed: parsed-INBOX-uid-4345.json
2026-04-19T01:08:22.802Z [LOG] [parse_extracted_emails.js] Parsed: parsed-INBOX-uid-4577.json
2026-04-19T01:08:22.802Z [LOG] [parse_extracted_emails.js] Parsed: parsed-INBOX-uid-4578.json
2026-04-19T01:08:22.802Z [LOG] [parse_extracted_emails.js] Parsed: parsed-INBOX-uid-4579.json
2026-04-19T01:08:22.802Z [LOG] [parse_extracted_emails.js] Parsed: parsed-INBOX-uid-4580.json
2026-04-19T01:08:22.802Z [LOG] [parse_extracted_emails.js] Parsed: parsed-INBOX-uid-4581.json
2026-04-19T01:08:22.802Z [LOG] [parse_extracted_emails.js] Parsed: parsed-INBOX-uid-4582.json
2026-04-19T01:08:22.802Z [LOG] [parse_extracted_emails.js] Parsed: parsed-INBOX-uid-4583.json
2026-04-19T01:08:22.802Z [LOG] [parse_extracted_emails.js] Parsed: parsed-INBOX-uid-4584.json
2026-04-19T01:08:22.802Z [LOG] [parse_extracted_emails.js] Parsed: parsed-INBOX-uid-4585.json
2026-04-19T01:08:22.802Z [LOG] [parse_extracted_emails.js] Parsed: parsed-INBOX-uid-4586.json
2026-04-19T01:08:22.802Z [LOG] [parse_extracted_emails.js] Parsed: parsed-INBOX-uid-4587.json
2026-04-19T01:08:22.802Z [LOG] [parse_extracted_emails.js] Parsed: parsed-INBOX-uid-4588.json
2026-04-19T01:08:22.802Z [LOG] [parse_extracted_emails.js] Parsed: parsed-INBOX-uid-4589.json
2026-04-19T01:08:22.802Z [LOG] [parse_extracted_emails.js] Parsed: parsed-INBOX-uid-4590.json
2026-04-19T01:08:22.802Z [LOG] [parse_extracted_emails.js] Parsed: parsed-INBOX-uid-4591.json
2026-04-19T01:08:22.802Z [LOG] [parse_extracted_emails.js] Parsed: parsed-INBOX-uid-4592.json
2026-04-19T01:08:22.802Z [LOG] [parse_extracted_emails.js] Parsed: parsed-INBOX-uid-4593.json
2026-04-19T01:08:22.802Z [LOG] [parse_extracted_emails.js] Parsed: parsed-INBOX-uid-4594.json
2026-04-19T01:08:22.802Z [LOG] [parse_extracted_emails.js] Parsed: parsed-INBOX-uid-4595.json
2026-04-19T01:08:22.802Z [LOG] [parse_extracted_emails.js] Parsed: parsed-INBOX-uid-4596.json
2026-04-19T01:08:22.802Z [LOG] [parse_extracted_emails.js] Parsed: parsed-INBOX-uid-4597.json
2026-04-19T01:08:22.802Z [LOG] [parse_extracted_emails.js] Parsed: parsed-INBOX-uid-4598.json
2026-04-19T01:08:22.802Z [LOG] [parse_extracted_emails.js] Parsed: parsed-INBOX-uid-4650.json
2026-04-19T01:08:22.802Z [LOG] [parse_extracted_emails.js] Parsed: parsed-INBOX-uid-4651.json
2026-04-19T01:08:22.802Z [LOG] [parse_extracted_emails.js] Parsed: parsed-INBOX-uid-4652.json
2026-04-19T01:08:22.802Z [LOG] [parse_extracted_emails.js] Parsed: parsed-INBOX-uid-4653.json
2026-04-19T01:08:22.803Z [LOG] [parse_extracted_emails.js] Parsed: parsed-INBOX-uid-4654.json
2026-04-19T01:08:22.803Z [LOG] [parse_extracted_emails.js] Parsed: parsed-INBOX-uid-4655.json
2026-04-19T01:08:22.803Z [LOG] [parse_extracted_emails.js] Parsed: parsed-INBOX-uid-4656.json
2026-04-19T01:08:22.803Z [LOG] [parse_extracted_emails.js] Parsed: parsed-INBOX-uid-4657.json
2026-04-19T01:08:22.803Z [LOG] [parse_extracted_emails.js] Parsed: parsed-INBOX-uid-4658.json
2026-04-19T01:08:22.803Z [LOG] [parse_extracted_emails.js] Parsed: parsed-INBOX-uid-4659.json
2026-04-19T01:08:22.803Z [LOG] [parse_extracted_emails.js] Parsed: parsed-INBOX-uid-4660.json
2026-04-19T01:08:22.803Z [LOG] [parse_extracted_emails.js] Parsed: parsed-INBOX-uid-4661.json
2026-04-19T01:08:22.803Z [LOG] [parse_extracted_emails.js] Parsed: parsed-INBOX-uid-4662.json
2026-04-19T01:08:22.803Z [LOG] [parse_extracted_emails.js] Parsed: parsed-INBOX-uid-4663.json
2026-04-19T01:08:22.803Z [LOG] [parse_extracted_emails.js] Parsed: parsed-INBOX-uid-4664.json
2026-04-19T01:08:22.803Z [LOG] [parse_extracted_emails.js] Parsed: parsed-INBOX-uid-4665.json
2026-04-19T01:08:22.803Z [LOG] [parse_extracted_emails.js] Parsed: parsed-INBOX-uid-4666.json
2026-04-19T01:08:22.803Z [LOG] [parse_extracted_emails.js] Parsed: parsed-INBOX-uid-4667.json
2026-04-19T01:08:22.803Z [LOG] [parse_extracted_emails.js] Parsed: parsed-INBOX-uid-4668.json
2026-04-19T01:08:22.803Z [LOG] [parse_extracted_emails.js] Parsed: parsed-INBOX-uid-4669.json
2026-04-19T01:08:22.803Z [LOG] [parse_extracted_emails.js] Parsed: parsed-INBOX-uid-4670.json
2026-04-19T01:08:22.803Z [LOG] [parse_extracted_emails.js] Parsed: parsed-INBOX-uid-5417.json
2026-04-19T01:08:22.803Z [LOG] [parse_extracted_emails.js] Parsed: parsed-INBOX-uid-5418.json
2026-04-19T01:08:22.803Z [LOG] [parse_extracted_emails.js] Parsed: parsed-INBOX-uid-5419.json
2026-04-19T01:08:22.803Z [LOG] [parse_extracted_emails.js] Parsed: parsed-INBOX-uid-5420.json
2026-04-19T01:08:22.803Z [LOG] [parse_extracted_emails.js] Parsed: parsed-INBOX-uid-5421.json
2026-04-19T01:08:22.803Z [LOG] [parse_extracted_emails.js] Parsed: parsed-INBOX-uid-5422.json
2026-04-19T01:08:22.803Z [LOG] [parse_extracted_emails.js] Parsed: parsed-INBOX-uid-5423.json
2026-04-19T01:08:22.803Z [LOG] [parse_extracted_emails.js] Parsed: parsed-INBOX-uid-5424.json
2026-04-19T01:08:22.803Z [LOG] [parse_extracted_emails.js] Parsed: parsed-INBOX-uid-5425.json
2026-04-19T01:08:22.803Z [LOG] [parse_extracted_emails.js] Parsed: parsed-INBOX-uid-5426.json
2026-04-19T01:08:22.803Z [LOG] [parse_extracted_emails.js] Parsed: parsed-INBOX-uid-5427.json
2026-04-19T01:08:22.803Z [LOG] [parse_extracted_emails.js] Parsed: parsed-INBOX-uid-5428.json
2026-04-19T01:08:22.803Z [LOG] [parse_extracted_emails.js] Parsed: parsed-INBOX-uid-5429.json
2026-04-19T01:08:22.803Z [LOG] [parse_extracted_emails.js] Parsed: parsed-INBOX-uid-5430.json
2026-04-19T01:08:22.803Z [LOG] [parse_extracted_emails.js] Parsed: parsed-INBOX-uid-5431.json
2026-04-19T01:08:22.803Z [LOG] [parse_extracted_emails.js] Parsed: parsed-INBOX-uid-5432.json
2026-04-19T01:08:22.803Z [LOG] [parse_extracted_emails.js] Parsed: parsed-INBOX-uid-5433.json
2026-04-19T01:08:22.803Z [LOG] [parse_extracted_emails.js] Parsed: parsed-INBOX-uid-5434.json
2026-04-19T01:08:22.803Z [LOG] [parse_extracted_emails.js] Parsed: parsed-INBOX-uid-5435.json
2026-04-19T01:08:22.803Z [LOG] [parse_extracted_emails.js] Parsed: parsed-INBOX-uid-5436.json
2026-04-19T01:08:22.803Z [LOG] [parse_extracted_emails.js] Parsed: parsed-INBOX-uid-5437.json
2026-04-19T01:08:22.803Z [LOG] [parse_extracted_emails.js] Parsed: parsed-INBOX-uid-5438.json
2026-04-19T01:08:22.803Z [LOG] [parse_extracted_emails.js] Parsed: parsed-INBOX-uid-5439.json
2026-04-19T01:08:22.803Z [LOG] [parse_extracted_emails.js] Parsed: parsed-INBOX-uid-5440.json
2026-04-19T01:08:22.803Z [LOG] [parse_extracted_emails.js] Parsed: parsed-INBOX-uid-5441.json
2026-04-19T01:08:22.803Z [LOG] [parse_extracted_emails.js] Parsed: parsed-INBOX-uid-5442.json
2026-04-19T01:08:22.803Z [LOG] [parse_extracted_emails.js] Parsed: parsed-INBOX-uid-5443.json
2026-04-19T01:08:22.803Z [LOG] [parse_extracted_emails.js] Parsed: parsed-INBOX-uid-5444.json
2026-04-19T01:08:22.803Z [LOG] [parse_extracted_emails.js] Parsed: parsed-INBOX-uid-5445.json
2026-04-19T01:08:22.803Z [LOG] [parse_extracted_emails.js] Parsed: parsed-INBOX-uid-5446.json
2026-04-19T01:08:22.803Z [LOG] [parse_extracted_emails.js] Parsed: parsed-INBOX-uid-5447.json
2026-04-19T01:08:22.803Z [LOG] [parse_extracted_emails.js] Parsed: parsed-INBOX-uid-5448.json
2026-04-19T01:08:22.803Z [LOG] [parse_extracted_emails.js] Parsed: parsed-INBOX-uid-5449.json
2026-04-19T01:08:22.803Z [LOG] [parse_extracted_emails.js] Parsed: parsed-INBOX-uid-5450.json
2026-04-19T01:08:22.803Z [LOG] [parse_extracted_emails.js] Parsed: parsed-INBOX-uid-5451.json
2026-04-19T01:08:22.803Z [LOG] [parse_extracted_emails.js] Parsed: parsed-INBOX-uid-5452.json
2026-04-19T01:08:22.803Z [LOG] [parse_extracted_emails.js] Parsed: parsed-INBOX-uid-5453.json
2026-04-19T01:08:22.803Z [LOG] [parse_extracted_emails.js] Parsed: parsed-INBOX-uid-5454.json
2026-04-19T01:08:22.803Z [LOG] [parse_extracted_emails.js] Parsed: parsed-INBOX-uid-5455.json
2026-04-19T01:08:22.803Z [LOG] [parse_extracted_emails.js] Parsed: parsed-INBOX-uid-5456.json
2026-04-19T01:08:22.803Z [LOG] [parse_extracted_emails.js] Parsed: parsed-INBOX-uid-5457.json
2026-04-19T01:08:22.803Z [LOG] [parse_extracted_emails.js] Parsed: parsed-INBOX-uid-5458.json
2026-04-19T01:08:22.803Z [LOG] [parse_extracted_emails.js] Parsed: parsed-INBOX-uid-5459.json
2026-04-19T01:08:22.803Z [LOG] [parse_extracted_emails.js] Parsed: parsed-INBOX-uid-5460.json
2026-04-19T01:08:22.803Z [LOG] [parse_extracted_emails.js] Parsed: parsed-INBOX-uid-5461.json
2026-04-19T01:08:22.803Z [LOG] [parse_extracted_emails.js] Parsed: parsed-INBOX-uid-5462.json
2026-04-19T01:08:22.803Z [LOG] [parse_extracted_emails.js] Parsed: parsed-INBOX-uid-5463.json
2026-04-19T01:08:22.803Z [LOG] [parse_extracted_emails.js] Parsed: parsed-INBOX-uid-5464.json
2026-04-19T01:08:22.803Z [LOG] [parse_extracted_emails.js] Parsed: parsed-INBOX-uid-5465.json
2026-04-19T01:08:22.803Z [LOG] [parse_extracted_emails.js] Parsed: parsed-INBOX-uid-5466.json
2026-04-19T01:08:22.803Z [LOG] [parse_extracted_emails.js] Parsed: parsed-INBOX-uid-5467.json
2026-04-19T01:08:22.803Z [LOG] [parse_extracted_emails.js] Parsed: parsed-INBOX-uid-5468.json
2026-04-19T01:08:22.803Z [LOG] [parse_extracted_emails.js] Parsed: parsed-INBOX-uid-5469.json
2026-04-19T01:08:22.803Z [LOG] [parse_extracted_emails.js] Parsed: parsed-INBOX-uid-5470.json
2026-04-19T01:08:22.803Z [LOG] [parse_extracted_emails.js] Parsed: parsed-INBOX-uid-5471.json
2026-04-19T01:08:22.803Z [LOG] [parse_extracted_emails.js] Parsed: parsed-INBOX-uid-5472.json
2026-04-19T01:08:22.803Z [LOG] [parse_extracted_emails.js] Parsed: parsed-INBOX-uid-5473.json
2026-04-19T01:08:22.803Z [LOG] [parse_extracted_emails.js] Parsed: parsed-INBOX-uid-5474.json
2026-04-19T01:08:22.803Z [LOG] [parse_extracted_emails.js] Parsed: parsed-INBOX-uid-5475.json
2026-04-19T01:08:22.803Z [LOG] [parse_extracted_emails.js] Parsed: parsed-INBOX-uid-5476.json
2026-04-19T01:08:22.803Z [LOG] [parse_extracted_emails.js] Parsed: parsed-INBOX-uid-5477.json
2026-04-19T01:08:22.803Z [LOG] [parse_extracted_emails.js] Parsed: parsed-INBOX-uid-5478.json
2026-04-19T01:08:22.803Z [LOG] [parse_extracted_emails.js] Parsed: parsed-INBOX-uid-5479.json
2026-04-19T01:08:22.803Z [LOG] [parse_extracted_emails.js] Parsed: parsed-INBOX-uid-5480.json
2026-04-19T01:08:22.803Z [LOG] [parse_extracted_emails.js] Parsed: parsed-INBOX-uid-5481.json
2026-04-19T01:08:22.803Z [LOG] [parse_extracted_emails.js] Parsed: parsed-INBOX-uid-5482.json
2026-04-19T01:08:22.803Z [LOG] [parse_extracted_emails.js] Parsed: parsed-INBOX-uid-5483.json
2026-04-19T01:08:22.803Z [LOG] [parse_extracted_emails.js] Parsed: parsed-INBOX-uid-5484.json
2026-04-19T01:08:22.803Z [LOG] [parse_extracted_emails.js] Parsed: parsed-INBOX-uid-5485.json
2026-04-19T01:08:22.803Z [LOG] [parse_extracted_emails.js] Parsed: parsed-INBOX-uid-5486.json
2026-04-19T01:08:22.803Z [LOG] [parse_extracted_emails.js] Parsed: parsed-INBOX-uid-5487.json
2026-04-19T01:08:22.803Z [LOG] [parse_extracted_emails.js] Parsed: parsed-INBOX-uid-5488.json
2026-04-19T01:08:22.803Z [LOG] [parse_extracted_emails.js] Parsed: parsed-INBOX-uid-5489.json
2026-04-19T01:08:22.803Z [LOG] [parse_extracted_emails.js] Parsed: parsed-INBOX-uid-5490.json
2026-04-19T01:08:22.803Z [LOG] [parse_extracted_emails.js] Parsed: parsed-INBOX-uid-5491.json
2026-04-19T01:08:22.803Z [LOG] [parse_extracted_emails.js] Parsed: parsed-INBOX-uid-5492.json
2026-04-19T01:08:22.803Z [LOG] [parse_extracted_emails.js] Parsed: parsed-INBOX-uid-5493.json
2026-04-19T01:08:22.803Z [LOG] [parse_extracted_emails.js] Parsed: parsed-INBOX-uid-5494.json
2026-04-19T01:08:22.803Z [LOG] [parse_extracted_emails.js] Parsed: parsed-INBOX-uid-5495.json
2026-04-19T01:08:22.803Z [LOG] [parse_extracted_emails.js] Parsed: parsed-INBOX-uid-5496.json
2026-04-19T01:08:22.803Z [LOG] [parse_extracted_emails.js] Parsed: parsed-INBOX-uid-5497.json
2026-04-19T01:08:22.803Z [LOG] [parse_extracted_emails.js] Parsed: parsed-INBOX-uid-5498.json
2026-04-19T01:08:22.803Z [LOG] [parse_extracted_emails.js] Parsed: parsed-INBOX-uid-5499.json
2026-04-19T01:08:22.803Z [LOG] [parse_extracted_emails.js] Parsed: parsed-INBOX-uid-5500.json
2026-04-19T01:08:22.803Z [LOG] [parse_extracted_emails.js] Parsed: parsed-INBOX-uid-5501.json
2026-04-19T01:08:22.803Z [LOG] [parse_extracted_emails.js] Parsed: parsed-INBOX-uid-5502.json
2026-04-19T01:08:22.803Z [LOG] [parse_extracted_emails.js] Parsed: parsed-INBOX-uid-5503.json
2026-04-19T01:08:22.803Z [LOG] [parse_extracted_emails.js] Parsed: parsed-INBOX-uid-5504.json
2026-04-19T01:08:22.803Z [LOG] [parse_extracted_emails.js] Parsed: parsed-INBOX-uid-5505.json
2026-04-19T01:08:22.803Z [LOG] [parse_extracted_emails.js] Parsed: parsed-INBOX-uid-5506.json
2026-04-19T01:08:22.803Z [LOG] [parse_extracted_emails.js] Parsed: parsed-INBOX-uid-5507.json
2026-04-19T01:08:22.803Z [LOG] [parse_extracted_emails.js] Parsed: parsed-INBOX-uid-5508.json
2026-04-19T01:08:22.803Z [LOG] [parse_extracted_emails.js] Parsed: parsed-INBOX-uid-5509.json
2026-04-19T01:08:22.803Z [LOG] [parse_extracted_emails.js] Parsed: parsed-INBOX-uid-5510.json
2026-04-19T01:08:22.803Z [LOG] [parse_extracted_emails.js] Parsed: parsed-INBOX-uid-5511.json
2026-04-19T01:08:22.803Z [LOG] [parse_extracted_emails.js] Parsed: parsed-INBOX-uid-5512.json
2026-04-19T01:08:22.803Z [LOG] [parse_extracted_emails.js] Parsed: parsed-INBOX-uid-5513.json
2026-04-19T01:08:22.804Z [LOG] [parse_extracted_emails.js] Parsed: parsed-INBOX-uid-5514.json
2026-04-19T01:08:22.804Z [LOG] [parse_extracted_emails.js] Parsed: parsed-INBOX-uid-5515.json
2026-04-19T01:08:22.804Z [LOG] [parse_extracted_emails.js] Parsed: parsed-INBOX-uid-5516.json
2026-04-19T01:08:22.804Z [LOG] [parse_extracted_emails.js] Parsed: parsed-INBOX-uid-5517.json
2026-04-19T01:08:22.804Z [LOG] [parse_extracted_emails.js] Parsed: parsed-INBOX-uid-5518.json
2026-04-19T01:08:22.804Z [LOG] [parse_extracted_emails.js] Parsed: parsed-INBOX-uid-5519.json
2026-04-19T01:08:22.804Z [LOG] [parse_extracted_emails.js] Parsed: parsed-INBOX-uid-5520.json
2026-04-19T01:08:22.804Z [LOG] [parse_extracted_emails.js] Parsed: parsed-INBOX-uid-5521.json
2026-04-19T01:08:22.804Z [LOG] [parse_extracted_emails.js] Parsed: parsed-INBOX-uid-5522.json
2026-04-19T01:08:22.804Z [LOG] [parse_extracted_emails.js] Parsed: parsed-INBOX-uid-5523.json
2026-04-19T01:08:22.804Z [LOG] [parse_extracted_emails.js] Parsed: parsed-INBOX-uid-5524.json
2026-04-19T01:08:22.804Z [LOG] [parse_extracted_emails.js] Parsed: parsed-INBOX-uid-5525.json
2026-04-19T01:08:22.804Z [LOG] [parse_extracted_emails.js] Parsed: parsed-INBOX-uid-5526.json
2026-04-19T01:08:22.804Z [LOG] [parse_extracted_emails.js] Parsed: parsed-INBOX-uid-5527.json
2026-04-19T01:08:22.804Z [LOG] [parse_extracted_emails.js] Parsed: parsed-INBOX-uid-5528.json
2026-04-19T01:08:22.804Z [LOG] [parse_extracted_emails.js] Parsed: parsed-INBOX-uid-5529.json
2026-04-19T01:08:22.804Z [LOG] [parse_extracted_emails.js] Parsed: parsed-INBOX-uid-5530.json
2026-04-19T01:08:22.804Z [LOG] [parse_extracted_emails.js] Parsed: parsed-INBOX-uid-5531.json
2026-04-19T01:08:22.804Z [LOG] [parse_extracted_emails.js] Parsed: parsed-INBOX-uid-5532.json
2026-04-19T01:08:22.804Z [LOG] [parse_extracted_emails.js] Parsed: parsed-INBOX-uid-5533.json
2026-04-19T01:08:22.804Z [LOG] [parse_extracted_emails.js] Parsed: parsed-INBOX-uid-5534.json
2026-04-19T01:08:22.804Z [LOG] [parse_extracted_emails.js] Parsed: parsed-INBOX-uid-5535.json
2026-04-19T01:08:22.804Z [LOG] [parse_extracted_emails.js] Parsed: parsed-INBOX-uid-5536.json
2026-04-19T01:08:22.804Z [LOG] [parse_extracted_emails.js] Parsed: parsed-INBOX-uid-5537.json
2026-04-19T01:08:22.804Z [LOG] [parse_extracted_emails.js] Parsed: parsed-INBOX-uid-5538.json
2026-04-19T01:08:22.804Z [LOG] [parse_extracted_emails.js] Parsed: parsed-INBOX-uid-5539.json
2026-04-19T01:08:22.804Z [LOG] [parse_extracted_emails.js] Parsed: parsed-INBOX-uid-5540.json
2026-04-19T01:08:22.804Z [LOG] [parse_extracted_emails.js] Parsed: parsed-INBOX-uid-5541.json
2026-04-19T01:08:22.804Z [LOG] [parse_extracted_emails.js] Parsed: parsed-INBOX-uid-5542.json
2026-04-19T01:08:22.804Z [LOG] [parse_extracted_emails.js] Parsed: parsed-INBOX-uid-5543.json
2026-04-19T01:08:22.804Z [LOG] [parse_extracted_emails.js] Parsed: parsed-INBOX-uid-5544.json
2026-04-19T01:08:22.804Z [LOG] [parse_extracted_emails.js] Parsed: parsed-INBOX-uid-5545.json
2026-04-19T01:08:22.804Z [LOG] [parse_extracted_emails.js] Parsed: parsed-INBOX-uid-5546.json
2026-04-19T01:08:22.804Z [LOG] [parse_extracted_emails.js] Parsed: parsed-INBOX-uid-5547.json
2026-04-19T01:08:22.804Z [LOG] [parse_extracted_emails.js] Parsed: parsed-INBOX-uid-5548.json
2026-04-19T01:08:22.804Z [LOG] [parse_extracted_emails.js] Parsed: parsed-INBOX-uid-5549.json
2026-04-19T01:08:22.804Z [LOG] [parse_extracted_emails.js] Parsed: parsed-INBOX-uid-5550.json
2026-04-19T01:08:22.804Z [LOG] [parse_extracted_emails.js] Parsed: parsed-INBOX-uid-5551.json
2026-04-19T01:08:22.804Z [LOG] [parse_extracted_emails.js] Parsed: parsed-INBOX-uid-5552.json
2026-04-19T01:08:22.804Z [LOG] [parse_extracted_emails.js] Parsed: parsed-INBOX-uid-5553.json
2026-04-19T01:08:22.804Z [LOG] [parse_extracted_emails.js] Parsed: parsed-INBOX-uid-5554.json
2026-04-19T01:08:22.804Z [LOG] [parse_extracted_emails.js] Parsed: parsed-INBOX-uid-5555.json
2026-04-19T01:08:22.804Z [LOG] [parse_extracted_emails.js] Parsed: parsed-INBOX-uid-5556.json
2026-04-19T01:08:22.804Z [LOG] [parse_extracted_emails.js] Parsed: parsed-INBOX-uid-5557.json
2026-04-19T01:08:22.804Z [LOG] [parse_extracted_emails.js] Parsed: parsed-INBOX-uid-5558.json
2026-04-19T01:08:22.804Z [LOG] [parse_extracted_emails.js] Parsed: parsed-INBOX-uid-5559.json
2026-04-19T01:08:22.804Z [LOG] [parse_extracted_emails.js] Parsed: parsed-INBOX-uid-5560.json
2026-04-19T01:08:22.804Z [LOG] [parse_extracted_emails.js] Parsed: parsed-INBOX-uid-5561.json
2026-04-19T01:08:22.804Z [LOG] [parse_extracted_emails.js] Parsed: parsed-INBOX-uid-5562.json
2026-04-19T01:08:22.804Z [LOG] [parse_extracted_emails.js] Parsed: parsed-INBOX-uid-5563.json
2026-04-19T01:08:22.804Z [LOG] [parse_extracted_emails.js] Parsed: parsed-INBOX-uid-5564.json
2026-04-19T01:08:22.804Z [LOG] [parse_extracted_emails.js] Parsed: parsed-INBOX-uid-5565.json
2026-04-19T01:08:22.804Z [LOG] [parse_extracted_emails.js] Parsed: parsed-INBOX-uid-5566.json
2026-04-19T01:08:22.804Z [LOG] [parse_extracted_emails.js] Parsed: parsed-INBOX-uid-5567.json
2026-04-19T01:08:22.804Z [LOG] [parse_extracted_emails.js] Parsed: parsed-INBOX-uid-5568.json
2026-04-19T01:08:22.804Z [LOG] [parse_extracted_emails.js] Parsed: parsed-INBOX-uid-5569.json
2026-04-19T01:08:22.804Z [LOG] [parse_extracted_emails.js] Parsed: parsed-INBOX-uid-5570.json
2026-04-19T01:08:22.804Z [LOG] [parse_extracted_emails.js] Parsed: parsed-INBOX-uid-5571.json
2026-04-19T01:08:22.804Z [LOG] [parse_extracted_emails.js] Parsed: parsed-INBOX-uid-5572.json
2026-04-19T01:08:22.804Z [LOG] [parse_extracted_emails.js] Parsed: parsed-INBOX-uid-5573.json
2026-04-19T01:08:22.804Z [LOG] [parse_extracted_emails.js] Parsed: parsed-INBOX-uid-5574.json
2026-04-19T01:08:22.804Z [LOG] [parse_extracted_emails.js] Parsed: parsed-INBOX-uid-5575.json
2026-04-19T01:08:22.804Z [LOG] [parse_extracted_emails.js] Parsed: parsed-INBOX-uid-5576.json
2026-04-19T01:08:22.804Z [LOG] [parse_extracted_emails.js] Parsed: parsed-INBOX-uid-5577.json
2026-04-19T01:08:22.804Z [LOG] [parse_extracted_emails.js] Parsed: parsed-INBOX-uid-5578.json
2026-04-19T01:08:22.804Z [LOG] [parse_extracted_emails.js] Parsed: parsed-INBOX-uid-5579.json
2026-04-19T01:08:22.804Z [LOG] [parse_extracted_emails.js] Parsed: parsed-INBOX-uid-5580.json
2026-04-19T01:08:22.804Z [LOG] [parse_extracted_emails.js] Parsed: parsed-INBOX-uid-5581.json
2026-04-19T01:08:22.804Z [LOG] [parse_extracted_emails.js] Parsed: parsed-INBOX-uid-5582.json
2026-04-19T01:08:22.804Z [LOG] [parse_extracted_emails.js] Parsed: parsed-INBOX-uid-5583.json
2026-04-19T01:08:22.804Z [LOG] [parse_extracted_emails.js] Parsed: parsed-INBOX-uid-5584.json
2026-04-19T01:08:22.804Z [LOG] [parse_extracted_emails.js] Parsed: parsed-INBOX-uid-5585.json
2026-04-19T01:08:22.804Z [LOG] [parse_extracted_emails.js] Parsed: parsed-INBOX-uid-5586.json
2026-04-19T01:08:22.804Z [LOG] [parse_extracted_emails.js] Parsed: parsed-INBOX-uid-5587.json
2026-04-19T01:08:22.804Z [LOG] [parse_extracted_emails.js] Parsed: parsed-INBOX-uid-5588.json
2026-04-19T01:08:22.804Z [LOG] [parse_extracted_emails.js] Parsed: parsed-INBOX-uid-5589.json
2026-04-19T01:08:22.804Z [LOG] [parse_extracted_emails.js] Parsed: parsed-INBOX-uid-5590.json
2026-04-19T01:08:22.804Z [LOG] [parse_extracted_emails.js] Parsed: parsed-INBOX-uid-5591.json
2026-04-19T01:08:22.804Z [LOG] [parse_extracted_emails.js] Parsed: parsed-INBOX-uid-5592.json
2026-04-19T01:08:22.804Z [LOG] [parse_extracted_emails.js] Parsed: parsed-INBOX-uid-5593.json
2026-04-19T01:08:22.804Z [LOG] [parse_extracted_emails.js] Parsed: parsed-INBOX-uid-5594.json
2026-04-19T01:08:22.804Z [LOG] [parse_extracted_emails.js] Parsed: parsed-INBOX-uid-5595.json
2026-04-19T01:08:22.804Z [LOG] [parse_extracted_emails.js] Parsed: parsed-INBOX-uid-5596.json
2026-04-19T01:08:22.804Z [LOG] [parse_extracted_emails.js] Parsed: parsed-INBOX-uid-5597.json
2026-04-19T01:08:22.804Z [LOG] [parse_extracted_emails.js] Parsed: parsed-INBOX-uid-5598.json
2026-04-19T01:08:22.804Z [LOG] [parse_extracted_emails.js] Parsed: parsed-INBOX-uid-5599.json
2026-04-19T01:08:22.804Z [LOG] [parse_extracted_emails.js] Parsed: parsed-INBOX-uid-5600.json
2026-04-19T01:08:22.804Z [LOG] [parse_extracted_emails.js] Parsed: parsed-INBOX-uid-5601.json
2026-04-19T01:08:22.804Z [LOG] [parse_extracted_emails.js] Parsed: parsed-INBOX-uid-5602.json
2026-04-19T01:08:22.804Z [LOG] [parse_extracted_emails.js] Parsed: parsed-INBOX-uid-5603.json
2026-04-19T01:08:22.804Z [LOG] [parse_extracted_emails.js] Parsed: parsed-INBOX-uid-5604.json
2026-04-19T01:08:22.804Z [LOG] [parse_extracted_emails.js] Parsed: parsed-INBOX-uid-5605.json
2026-04-19T01:08:22.804Z [LOG] [parse_extracted_emails.js] Parsed: parsed-INBOX-uid-5606.json
2026-04-19T01:08:22.804Z [LOG] [parse_extracted_emails.js] Parsed: parsed-INBOX-uid-5607.json
2026-04-19T01:08:22.804Z [LOG] [parse_extracted_emails.js] Parsed: parsed-INBOX-uid-5608.json
2026-04-19T01:08:22.804Z [LOG] [parse_extracted_emails.js] Parsed: parsed-INBOX-uid-5609.json
2026-04-19T01:08:22.804Z [LOG] [parse_extracted_emails.js] Parsed: parsed-INBOX-uid-5610.json
2026-04-19T01:08:22.804Z [LOG] [parse_extracted_emails.js] Parsed: parsed-INBOX-uid-5611.json
2026-04-19T01:08:22.804Z [LOG] [parse_extracted_emails.js] Parsed: parsed-INBOX-uid-5612.json
2026-04-19T01:08:22.804Z [LOG] [parse_extracted_emails.js] Parsed: parsed-INBOX-uid-5613.json
2026-04-19T01:08:22.804Z [LOG] [parse_extracted_emails.js] Parsed: parsed-INBOX-uid-5614.json
2026-04-19T01:08:22.804Z [LOG] [parse_extracted_emails.js] Parsed: parsed-INBOX-uid-5615.json
2026-04-19T01:08:22.804Z [LOG] [parse_extracted_emails.js] Parsed: parsed-INBOX-uid-5616.json
2026-04-19T01:08:22.804Z [LOG] [parse_extracted_emails.js] Parsed: parsed-INBOX-uid-5617.json
2026-04-19T01:08:22.804Z [LOG] [parse_extracted_emails.js] Parsed: parsed-INBOX-uid-5618.json
2026-04-19T01:08:22.804Z [LOG] [parse_extracted_emails.js] Parsed: parsed-INBOX-uid-5619.json
2026-04-19T01:08:22.804Z [LOG] [parse_extracted_emails.js] Parsed: parsed-INBOX-uid-5620.json
2026-04-19T01:08:22.804Z [LOG] [parse_extracted_emails.js] Parsed: parsed-INBOX-uid-5621.json
2026-04-19T01:08:22.804Z [LOG] [parse_extracted_emails.js] Parsed: parsed-INBOX-uid-5622.json
2026-04-19T01:08:22.804Z [LOG] [parse_extracted_emails.js] Parsed: parsed-INBOX-uid-5623.json
2026-04-19T01:08:22.804Z [LOG] [parse_extracted_emails.js] Parsed: parsed-INBOX-uid-5624.json
2026-04-19T01:08:22.804Z [LOG] [parse_extracted_emails.js] Parsed: parsed-INBOX-uid-5625.json
2026-04-19T01:08:22.804Z [LOG] [parse_extracted_emails.js] Parsed: parsed-INBOX-uid-5626.json
2026-04-19T01:08:22.804Z [LOG] [parse_extracted_emails.js] Parsed: parsed-INBOX-uid-5627.json
2026-04-19T01:08:22.804Z [LOG] [parse_extracted_emails.js] Parsed: parsed-INBOX-uid-5628.json
2026-04-19T01:08:22.804Z [LOG] [parse_extracted_emails.js] Parsed: parsed-INBOX-uid-5629.json
2026-04-19T01:08:22.804Z [LOG] [parse_extracted_emails.js] Parsed: parsed-INBOX-uid-5630.json
2026-04-19T01:08:22.804Z [LOG] [parse_extracted_emails.js] Parsed: parsed-INBOX-uid-5631.json
2026-04-19T01:08:22.804Z [LOG] [parse_extracted_emails.js] Parsed: parsed-INBOX-uid-5632.json
2026-04-19T01:08:22.804Z [LOG] [parse_extracted_emails.js] Parsed: parsed-INBOX-uid-5633.json
2026-04-19T01:08:22.804Z [LOG] [parse_extracted_emails.js] Parsed: parsed-INBOX-uid-5634.json
2026-04-19T01:08:22.804Z [LOG] [parse_extracted_emails.js] Parsed: parsed-INBOX-uid-5635.json
2026-04-19T01:08:22.804Z [LOG] [parse_extracted_emails.js] Parsed: parsed-INBOX-uid-5636.json
2026-04-19T01:08:22.804Z [LOG] [parse_extracted_emails.js] Parsed: parsed-INBOX-uid-5637.json
2026-04-19T01:08:22.804Z [LOG] [parse_extracted_emails.js] Parsed: parsed-INBOX-uid-5638.json
2026-04-19T01:08:22.804Z [LOG] [parse_extracted_emails.js] Parsed: parsed-INBOX-uid-5639.json
2026-04-19T01:08:22.804Z [LOG] [parse_extracted_emails.js] Parsed: parsed-INBOX-uid-5640.json
2026-04-19T01:08:22.804Z [LOG] [parse_extracted_emails.js] Parsed: parsed-INBOX-uid-5641.json
2026-04-19T01:08:22.804Z [LOG] [parse_extracted_emails.js] Parsed: parsed-INBOX-uid-5642.json
2026-04-19T01:08:22.804Z [LOG] [parse_extracted_emails.js] Parsed: parsed-INBOX-uid-5643.json
2026-04-19T01:08:22.804Z [LOG] [parse_extracted_emails.js] Parsed: parsed-INBOX-uid-5644.json
2026-04-19T01:08:22.804Z [LOG] [parse_extracted_emails.js] Parsed: parsed-INBOX-uid-5645.json
2026-04-19T01:08:22.804Z [LOG] [parse_extracted_emails.js] Parsed: parsed-INBOX-uid-5646.json
2026-04-19T01:08:22.804Z [LOG] [parse_extracted_emails.js] Parsed: parsed-INBOX-uid-5647.json
2026-04-19T01:08:22.804Z [LOG] [parse_extracted_emails.js] Parsed: parsed-INBOX-uid-5648.json
2026-04-19T01:08:22.804Z [LOG] [parse_extracted_emails.js] Parsed: parsed-INBOX-uid-5649.json
2026-04-19T01:08:22.804Z [LOG] [parse_extracted_emails.js] Parsed: parsed-INBOX-uid-5650.json
2026-04-19T01:08:22.804Z [LOG] [parse_extracted_emails.js] Parsed: parsed-INBOX-uid-5651.json
2026-04-19T01:08:22.804Z [LOG] [parse_extracted_emails.js] Parsed: parsed-INBOX-uid-5652.json
2026-04-19T01:08:22.804Z [LOG] [parse_extracted_emails.js] Parsed: parsed-INBOX-uid-5653.json
2026-04-19T01:08:22.804Z [LOG] [parse_extracted_emails.js] Parsed: parsed-INBOX-uid-5654.json
2026-04-19T01:08:22.804Z [LOG] [parse_extracted_emails.js] Parsed: parsed-INBOX-uid-5655.json
2026-04-19T01:08:22.804Z [LOG] [parse_extracted_emails.js] Parsed: parsed-INBOX-uid-5656.json
2026-04-19T01:08:22.804Z [LOG] [parse_extracted_emails.js] Parsed: parsed-INBOX-uid-5657.json
2026-04-19T01:08:22.804Z [LOG] [parse_extracted_emails.js] Parsed: parsed-INBOX-uid-5658.json
2026-04-19T01:08:22.804Z [LOG] [parse_extracted_emails.js] Parsed: parsed-INBOX-uid-5659.json
2026-04-19T01:08:22.804Z [LOG] [parse_extracted_emails.js] Parsed: parsed-INBOX-uid-5660.json
2026-04-19T01:08:22.805Z [LOG] [parse_extracted_emails.js] Parsed: parsed-INBOX-uid-5661.json
2026-04-19T01:08:22.805Z [LOG] [parse_extracted_emails.js] Parsed: parsed-INBOX-uid-5662.json
2026-04-19T01:08:22.805Z [LOG] [parse_extracted_emails.js] Parsed: parsed-INBOX-uid-5663.json
2026-04-19T01:08:22.805Z [LOG] [parse_extracted_emails.js] Parsed: parsed-INBOX-uid-5664.json
2026-04-19T01:08:22.805Z [LOG] [parse_extracted_emails.js] Parsed: parsed-INBOX-uid-5665.json
2026-04-19T01:08:22.805Z [LOG] [parse_extracted_emails.js] Parsed: parsed-INBOX-uid-5666.json
2026-04-19T01:08:22.805Z [LOG] [parse_extracted_emails.js] Parsed: parsed-INBOX-uid-5667.json
2026-04-19T01:08:22.805Z [LOG] [parse_extracted_emails.js] Parsed: parsed-INBOX-uid-5668.json
2026-04-19T01:08:22.805Z [LOG] [parse_extracted_emails.js] Parsed: parsed-INBOX-uid-5669.json
2026-04-19T01:08:22.805Z [LOG] [parse_extracted_emails.js] Parsed: parsed-INBOX-uid-5670.json
2026-04-19T01:08:22.805Z [LOG] [parse_extracted_emails.js] Parsed: parsed-INBOX-uid-5671.json
2026-04-19T01:08:22.805Z [LOG] [parse_extracted_emails.js] Parsed: parsed-INBOX-uid-5672.json
2026-04-19T01:08:22.805Z [LOG] [parse_extracted_emails.js] Parsed: parsed-INBOX-uid-5673.json
2026-04-19T01:08:22.805Z [LOG] [parse_extracted_emails.js] Parsed: parsed-INBOX-uid-5674.json
2026-04-19T01:08:22.805Z [LOG] [parse_extracted_emails.js] Parsed: parsed-INBOX-uid-5675.json
2026-04-19T01:08:22.805Z [LOG] [parse_extracted_emails.js] Parsed: parsed-INBOX-uid-5676.json
2026-04-19T01:08:22.805Z [LOG] [parse_extracted_emails.js] Parsed: parsed-INBOX-uid-5677.json
2026-04-19T01:08:22.805Z [LOG] [parse_extracted_emails.js] Parsed: parsed-INBOX-uid-5678.json
2026-04-19T01:08:22.805Z [LOG] [parse_extracted_emails.js] Parsed: parsed-INBOX-uid-5679.json
2026-04-19T01:08:22.805Z [LOG] [parse_extracted_emails.js] Parsed: parsed-INBOX-uid-5680.json
2026-04-19T01:08:22.805Z [LOG] [parse_extracted_emails.js] Parsed: parsed-INBOX-uid-5681.json
2026-04-19T01:08:22.805Z [LOG] [parse_extracted_emails.js] Parsed: parsed-INBOX-uid-5682.json
2026-04-19T01:08:22.805Z [LOG] [parse_extracted_emails.js] Parsed: parsed-INBOX-uid-5683.json
2026-04-19T01:08:22.805Z [LOG] [parse_extracted_emails.js] Parsed: parsed-INBOX-uid-5684.json
2026-04-19T01:08:22.805Z [LOG] [parse_extracted_emails.js] Parsed: parsed-INBOX-uid-5685.json
2026-04-19T01:08:22.805Z [LOG] [parse_extracted_emails.js] Parsed: parsed-INBOX-uid-5686.json
2026-04-19T01:08:22.805Z [LOG] [parse_extracted_emails.js] Parsed: parsed-INBOX-uid-5687.json
2026-04-19T01:08:22.805Z [LOG] [parse_extracted_emails.js] Parsed: parsed-INBOX-uid-5688.json
2026-04-19T01:08:22.805Z [LOG] [parse_extracted_emails.js] Parsed: parsed-INBOX-uid-5689.json
2026-04-19T01:08:22.805Z [LOG] [parse_extracted_emails.js] Parsed: parsed-INBOX-uid-5690.json
2026-04-19T01:08:22.805Z [LOG] [parse_extracted_emails.js] Parsed: parsed-INBOX-uid-5691.json
2026-04-19T01:08:22.805Z [LOG] [parse_extracted_emails.js] Parsed: parsed-INBOX-uid-5692.json
2026-04-19T01:08:22.805Z [LOG] [parse_extracted_emails.js] Parsed: parsed-INBOX-uid-5693.json
2026-04-19T01:08:22.805Z [LOG] [parse_extracted_emails.js] Parsed: parsed-INBOX-uid-5694.json
2026-04-19T01:08:22.805Z [LOG] [parse_extracted_emails.js] Parsed: parsed-INBOX-uid-5695.json
2026-04-19T01:08:22.805Z [LOG] [parse_extracted_emails.js] Parsed: parsed-INBOX-uid-5696.json
2026-04-19T01:08:22.805Z [LOG] [parse_extracted_emails.js] Parsed: parsed-INBOX-uid-5697.json
2026-04-19T01:08:22.805Z [LOG] [parse_extracted_emails.js] Parsed: parsed-INBOX-uid-5698.json
2026-04-19T01:08:22.805Z [LOG] [parse_extracted_emails.js] Parsed: parsed-INBOX-uid-5699.json
2026-04-19T01:08:22.805Z [LOG] [parse_extracted_emails.js] Parsed: parsed-INBOX-uid-5700.json
2026-04-19T01:08:22.805Z [LOG] [parse_extracted_emails.js] Parsed: parsed-INBOX-uid-5701.json
2026-04-19T01:08:22.805Z [LOG] [parse_extracted_emails.js] Parsed: parsed-INBOX-uid-5702.json
2026-04-19T01:08:22.805Z [LOG] [parse_extracted_emails.js] Parsed: parsed-INBOX-uid-5703.json
2026-04-19T01:08:22.805Z [LOG] [parse_extracted_emails.js] Parsed: parsed-INBOX-uid-5704.json
2026-04-19T01:08:22.805Z [LOG] [parse_extracted_emails.js] Parsed: parsed-INBOX-uid-5705.json
2026-04-19T01:08:22.805Z [LOG] [parse_extracted_emails.js] Parsed: parsed-INBOX-uid-5706.json
2026-04-19T01:08:22.805Z [LOG] [parse_extracted_emails.js] Parsed: parsed-INBOX-uid-5707.json
2026-04-19T01:08:22.805Z [LOG] [parse_extracted_emails.js] Parsed: parsed-INBOX-uid-5708.json
2026-04-19T01:08:22.805Z [LOG] [parse_extracted_emails.js] Parsed: parsed-INBOX-uid-5709.json
2026-04-19T01:08:22.805Z [LOG] [parse_extracted_emails.js] Parsed: parsed-INBOX-uid-5710.json
2026-04-19T01:08:22.805Z [LOG] [parse_extracted_emails.js] Parsed: parsed-INBOX-uid-5711.json
2026-04-19T01:08:22.805Z [LOG] [parse_extracted_emails.js] Parsed: parsed-INBOX-uid-5712.json
2026-04-19T01:08:22.805Z [LOG] [parse_extracted_emails.js] Parsed: parsed-INBOX-uid-5713.json
2026-04-19T01:08:22.805Z [LOG] [parse_extracted_emails.js] Parsed: parsed-INBOX-uid-5714.json
2026-04-19T01:08:22.805Z [LOG] [parse_extracted_emails.js] Parsed: parsed-INBOX-uid-5715.json
2026-04-19T01:08:22.805Z [LOG] [parse_extracted_emails.js] Parsed: parsed-INBOX-uid-5716.json
2026-04-19T01:08:22.805Z [LOG] [parse_extracted_emails.js] Parsed: parsed-INBOX-uid-5717.json
2026-04-19T01:08:22.805Z [LOG] [parse_extracted_emails.js] Parsed: parsed-INBOX-uid-5718.json
2026-04-19T01:08:22.805Z [LOG] [parse_extracted_emails.js] Parsed: parsed-INBOX-uid-5719.json
2026-04-19T01:08:22.805Z [LOG] [parse_extracted_emails.js] Parsed: parsed-INBOX-uid-5720.json
2026-04-19T01:08:22.805Z [LOG] [parse_extracted_emails.js] Parsed: parsed-INBOX-uid-5721.json
2026-04-19T01:08:22.805Z [LOG] [parse_extracted_emails.js] Parsed: parsed-INBOX-uid-5722.json
2026-04-19T01:08:22.805Z [LOG] [parse_extracted_emails.js] Parsed: parsed-INBOX-uid-5723.json
2026-04-19T01:08:22.805Z [LOG] [parse_extracted_emails.js] Parsed: parsed-INBOX-uid-5724.json
2026-04-19T01:08:22.805Z [LOG] [parse_extracted_emails.js] Parsed: parsed-INBOX-uid-5725.json
2026-04-19T01:08:22.805Z [LOG] [parse_extracted_emails.js] Parsed: parsed-INBOX-uid-5726.json
2026-04-19T01:08:22.805Z [LOG] [parse_extracted_emails.js] Parsed: parsed-INBOX-uid-5727.json
2026-04-19T01:08:22.805Z [LOG] [parse_extracted_emails.js] Parsed: parsed-INBOX-uid-5728.json
2026-04-19T01:08:22.805Z [LOG] [parse_extracted_emails.js] Parsed: parsed-INBOX-uid-5729.json
2026-04-19T01:08:22.805Z [LOG] [parse_extracted_emails.js] Parsed: parsed-INBOX-uid-5730.json
2026-04-19T01:08:22.805Z [LOG] [parse_extracted_emails.js] Parsed: parsed-INBOX-uid-5731.json
2026-04-19T01:08:22.805Z [LOG] [parse_extracted_emails.js] Parsed: parsed-INBOX-uid-5732.json
2026-04-19T01:08:22.805Z [LOG] [parse_extracted_emails.js] Parsed: parsed-INBOX-uid-5733.json
2026-04-19T01:08:22.805Z [LOG] [parse_extracted_emails.js] Parsed: parsed-INBOX-uid-5734.json
2026-04-19T01:08:22.805Z [LOG] [parse_extracted_emails.js] Parsed: parsed-INBOX-uid-5735.json
2026-04-19T01:08:22.805Z [LOG] [parse_extracted_emails.js] Parsed: parsed-INBOX-uid-5736.json
2026-04-19T01:08:22.805Z [LOG] [parse_extracted_emails.js] Parsed: parsed-INBOX-uid-5737.json
2026-04-19T01:08:22.805Z [LOG] [parse_extracted_emails.js] Parsed: parsed-INBOX-uid-5738.json
2026-04-19T01:08:22.805Z [LOG] [parse_extracted_emails.js] Parsed: parsed-INBOX-uid-5739.json
2026-04-19T01:08:22.805Z [LOG] [parse_extracted_emails.js] Parsed: parsed-INBOX-uid-5740.json
2026-04-19T01:08:22.805Z [LOG] [parse_extracted_emails.js] Parsed: parsed-INBOX-uid-5741.json
2026-04-19T01:08:22.805Z [LOG] [parse_extracted_emails.js] Parsed: parsed-INBOX-uid-5742.json
2026-04-19T01:08:22.805Z [LOG] [parse_extracted_emails.js] Parsed: parsed-INBOX-uid-5743.json
2026-04-19T01:08:22.805Z [LOG] [parse_extracted_emails.js] Parsed: parsed-INBOX-uid-5744.json
2026-04-19T01:08:22.805Z [LOG] [parse_extracted_emails.js] Parsed: parsed-INBOX-uid-5745.json
2026-04-19T01:08:22.805Z [LOG] [parse_extracted_emails.js] Parsed: parsed-INBOX-uid-5746.json
2026-04-19T01:08:22.805Z [LOG] [parse_extracted_emails.js] Parsed: parsed-INBOX-uid-5747.json
2026-04-19T01:08:22.805Z [LOG] [parse_extracted_emails.js] Parsed: parsed-INBOX-uid-5748.json
2026-04-19T01:08:22.805Z [LOG] [parse_extracted_emails.js] Parsed: parsed-INBOX-uid-5749.json
2026-04-19T01:08:22.805Z [LOG] [parse_extracted_emails.js] Parsed: parsed-INBOX-uid-5750.json
2026-04-19T01:08:22.805Z [LOG] [parse_extracted_emails.js] Parsed: parsed-INBOX-uid-5751.json
2026-04-19T01:08:22.805Z [LOG] [parse_extracted_emails.js] Parsed: parsed-INBOX-uid-5752.json
2026-04-19T01:08:22.805Z [LOG] [parse_extracted_emails.js] Parsed: parsed-INBOX-uid-5753.json
2026-04-19T01:08:22.805Z [LOG] [parse_extracted_emails.js] Parsed: parsed-INBOX-uid-5754.json
2026-04-19T01:08:22.805Z [LOG] [parse_extracted_emails.js] Parsed: parsed-INBOX-uid-5755.json
2026-04-19T01:08:22.805Z [LOG] [parse_extracted_emails.js] Parsed: parsed-INBOX-uid-5756.json
2026-04-19T01:08:22.805Z [LOG] [parse_extracted_emails.js] Parsed: parsed-INBOX-uid-5757.json
2026-04-19T01:08:22.805Z [LOG] [parse_extracted_emails.js] Parsed: parsed-INBOX-uid-5758.json
2026-04-19T01:08:22.805Z [LOG] [parse_extracted_emails.js] Parsed: parsed-INBOX-uid-5759.json
2026-04-19T01:08:22.805Z [LOG] [parse_extracted_emails.js] Parsed: parsed-INBOX-uid-5760.json
2026-04-19T01:08:22.806Z [LOG] [parse_extracted_emails.js] Parsed: parsed-INBOX-uid-5761.json
2026-04-19T01:08:22.806Z [LOG] [parse_extracted_emails.js] Parsed: parsed-INBOX-uid-5762.json
2026-04-19T01:08:22.806Z [LOG] [parse_extracted_emails.js] Parsed: parsed-INBOX-uid-5763.json
2026-04-19T01:08:22.806Z [LOG] [parse_extracted_emails.js] Parsed: parsed-INBOX-uid-5764.json
2026-04-19T01:08:22.806Z [LOG] [parse_extracted_emails.js] Parsed: parsed-INBOX-uid-5765.json
2026-04-19T01:08:22.806Z [LOG] [parse_extracted_emails.js] Parsed: parsed-INBOX-uid-5766.json
2026-04-19T01:08:22.806Z [LOG] [parse_extracted_emails.js] Parsed: parsed-INBOX-uid-5767.json
2026-04-19T01:08:22.806Z [LOG] [parse_extracted_emails.js] Parsed: parsed-INBOX-uid-5768.json
2026-04-19T01:08:22.806Z [LOG] [parse_extracted_emails.js] Parsed: parsed-INBOX-uid-5769.json
2026-04-19T01:08:22.806Z [LOG] [parse_extracted_emails.js] Parsed: parsed-INBOX-uid-5770.json
2026-04-19T01:08:22.806Z [LOG] [parse_extracted_emails.js] Parsed: parsed-INBOX-uid-5771.json
2026-04-19T01:08:22.806Z [LOG] [parse_extracted_emails.js] Parsed: parsed-INBOX-uid-5772.json
2026-04-19T01:08:22.806Z [LOG] [parse_extracted_emails.js] Parsed: parsed-INBOX-uid-5773.json
2026-04-19T01:08:22.806Z [LOG] [parse_extracted_emails.js] Parsed: parsed-INBOX-uid-5774.json
2026-04-19T01:08:22.806Z [LOG] [parse_extracted_emails.js] Parsed: parsed-INBOX-uid-5775.json
2026-04-19T01:08:22.806Z [LOG] [parse_extracted_emails.js] Parsed: parsed-INBOX-uid-5776.json
2026-04-19T01:08:22.806Z [LOG] [parse_extracted_emails.js] Parsed: parsed-INBOX-uid-5777.json
2026-04-19T01:08:22.806Z [LOG] [parse_extracted_emails.js] Parsed: parsed-INBOX-uid-5778.json
2026-04-19T01:08:22.806Z [LOG] [parse_extracted_emails.js] Parsed: parsed-INBOX-uid-5779.json
2026-04-19T01:08:22.806Z [LOG] [parse_extracted_emails.js] Parsed: parsed-INBOX-uid-5780.json
2026-04-19T01:08:22.806Z [LOG] [parse_extracted_emails.js] Parsed: parsed-INBOX-uid-5781.json
2026-04-19T01:08:22.806Z [LOG] [parse_extracted_emails.js] Parsed: parsed-INBOX-uid-5782.json
2026-04-19T01:08:22.806Z [LOG] [parse_extracted_emails.js] Parsed: parsed-INBOX-uid-5783.json
2026-04-19T01:08:22.806Z [LOG] [parse_extracted_emails.js] Parsed: parsed-INBOX-uid-5784.json
2026-04-19T01:08:22.806Z [LOG] [parse_extracted_emails.js] Parsed: parsed-INBOX-uid-5785.json
2026-04-19T01:08:22.806Z [LOG] [parse_extracted_emails.js] Parsed: parsed-INBOX-uid-5786.json
2026-04-19T01:08:22.806Z [LOG] [parse_extracted_emails.js] Parsed: parsed-INBOX-uid-5787.json
2026-04-19T01:08:22.806Z [LOG] [parse_extracted_emails.js] Parsed: parsed-INBOX-uid-5788.json
2026-04-19T01:08:22.806Z [LOG] [parse_extracted_emails.js] Parsed: parsed-INBOX-uid-5789.json
2026-04-19T01:08:22.806Z [LOG] [parse_extracted_emails.js] Parsed: parsed-INBOX-uid-5790.json
2026-04-19T01:08:22.806Z [LOG] [parse_extracted_emails.js] Parsed: parsed-INBOX-uid-5791.json
2026-04-19T01:08:22.806Z [LOG] [parse_extracted_emails.js] Parsed: parsed-INBOX-uid-5792.json
2026-04-19T01:08:22.806Z [LOG] [parse_extracted_emails.js] Parsed: parsed-INBOX-uid-5793.json
2026-04-19T01:08:22.806Z [LOG] [parse_extracted_emails.js] Parsed: parsed-INBOX-uid-5794.json
2026-04-19T01:08:22.806Z [LOG] [parse_extracted_emails.js] Parsed: parsed-INBOX-uid-5795.json
2026-04-19T01:08:22.806Z [LOG] [parse_extracted_emails.js] Parsed: parsed-INBOX-uid-5796.json
2026-04-19T01:08:22.806Z [LOG] [parse_extracted_emails.js] Parsed: parsed-INBOX-uid-5797.json
2026-04-19T01:08:22.806Z [LOG] [parse_extracted_emails.js] Parsed: parsed-INBOX-uid-5798.json
2026-04-19T01:08:22.806Z [LOG] [parse_extracted_emails.js] Parsed: parsed-INBOX-uid-5799.json
2026-04-19T01:08:22.806Z [LOG] [parse_extracted_emails.js] Parsed: parsed-INBOX-uid-5800.json
2026-04-19T01:08:22.806Z [LOG] [parse_extracted_emails.js] Parsed: parsed-INBOX-uid-5801.json
2026-04-19T01:08:22.806Z [LOG] [parse_extracted_emails.js] Parsed: parsed-INBOX-uid-5802.json
2026-04-19T01:08:22.806Z [LOG] [parse_extracted_emails.js] Parsed: parsed-INBOX-uid-5803.json
2026-04-19T01:08:22.806Z [LOG] [parse_extracted_emails.js] Parsed: parsed-INBOX-uid-5804.json
2026-04-19T01:08:22.806Z [LOG] [parse_extracted_emails.js] Parsed: parsed-INBOX-uid-5805.json
2026-04-19T01:08:22.806Z [LOG] [parse_extracted_emails.js] Parsed: parsed-INBOX-uid-5806.json
2026-04-19T01:08:22.806Z [LOG] [parse_extracted_emails.js] Parsed: parsed-INBOX-uid-5807.json
2026-04-19T01:08:22.806Z [LOG] [parse_extracted_emails.js] Parsed: parsed-INBOX-uid-5808.json
2026-04-19T01:08:22.806Z [LOG] [parse_extracted_emails.js] Parsed: parsed-INBOX-uid-5809.json
2026-04-19T01:08:22.806Z [LOG] [parse_extracted_emails.js] Parsed: parsed-INBOX-uid-5810.json
2026-04-19T01:08:22.806Z [LOG] [parse_extracted_emails.js] Parsed: parsed-INBOX-uid-5811.json
2026-04-19T01:08:22.806Z [LOG] [parse_extracted_emails.js] Parsed: parsed-INBOX-uid-5812.json
2026-04-19T01:08:22.806Z [LOG] [parse_extracted_emails.js] Parsed: parsed-INBOX-uid-5813.json
2026-04-19T01:08:22.806Z [LOG] [parse_extracted_emails.js] Parsed: parsed-INBOX-uid-5814.json
2026-04-19T01:08:22.806Z [LOG] [parse_extracted_emails.js] Parsed: parsed-INBOX-uid-5815.json
2026-04-19T01:08:22.806Z [LOG] [parse_extracted_emails.js] Parsed: parsed-INBOX-uid-5816.json
2026-04-19T01:08:22.806Z [LOG] [parse_extracted_emails.js] Parsed: parsed-INBOX-uid-5817.json
2026-04-19T01:08:22.806Z [LOG] [parse_extracted_emails.js] Parsed: parsed-INBOX-uid-5818.json
2026-04-19T01:08:22.806Z [LOG] [parse_extracted_emails.js] Parsed: parsed-INBOX-uid-5819.json
2026-04-19T01:08:22.806Z [LOG] [parse_extracted_emails.js] Parsed: parsed-INBOX-uid-5820.json
2026-04-19T01:08:22.806Z [LOG] [parse_extracted_emails.js] Parsed: parsed-INBOX-uid-5821.json
2026-04-19T01:08:22.806Z [LOG] [parse_extracted_emails.js] Parsed: parsed-INBOX-uid-5822.json
2026-04-19T01:08:22.806Z [LOG] [parse_extracted_emails.js] Parsed: parsed-INBOX-uid-5823.json
2026-04-19T01:08:22.806Z [LOG] [parse_extracted_emails.js] Parsed: parsed-INBOX-uid-5824.json
2026-04-19T01:08:22.806Z [LOG] [parse_extracted_emails.js] Parsed: parsed-INBOX-uid-5825.json
2026-04-19T01:08:22.806Z [LOG] [parse_extracted_emails.js] Parsed: parsed-INBOX-uid-5826.json
2026-04-19T01:08:22.806Z [LOG] [parse_extracted_emails.js] Parsed: parsed-INBOX-uid-5827.json
2026-04-19T01:08:22.806Z [LOG] [parse_extracted_emails.js] Parsed: parsed-INBOX-uid-5828.json
2026-04-19T01:08:22.806Z [LOG] [parse_extracted_emails.js] Parsed: parsed-INBOX-uid-5829.json
2026-04-19T01:08:22.806Z [LOG] [parse_extracted_emails.js] Parsed: parsed-INBOX-uid-5830.json
2026-04-19T01:08:22.806Z [LOG] [parse_extracted_emails.js] Parsed: parsed-INBOX-uid-5831.json
2026-04-19T01:08:22.806Z [LOG] [parse_extracted_emails.js] Parsed: parsed-INBOX-uid-5832.json
2026-04-19T01:08:22.806Z [LOG] [parse_extracted_emails.js] Parsed: parsed-INBOX-uid-5833.json
2026-04-19T01:08:22.806Z [LOG] [parse_extracted_emails.js] Parsed: parsed-INBOX-uid-5834.json
2026-04-19T01:08:22.806Z [LOG] [parse_extracted_emails.js] Parsed: parsed-INBOX-uid-5835.json
2026-04-19T01:08:22.806Z [LOG] [parse_extracted_emails.js] Parsed: parsed-INBOX-uid-5836.json
2026-04-19T01:08:22.806Z [LOG] [parse_extracted_emails.js] Parsed: parsed-INBOX-uid-5837.json
2026-04-19T01:08:22.806Z [LOG] [parse_extracted_emails.js] Parsed: parsed-INBOX-uid-5838.json
2026-04-19T01:08:22.806Z [LOG] [parse_extracted_emails.js] Parsed: parsed-INBOX-uid-5839.json
2026-04-19T01:08:22.806Z [LOG] [parse_extracted_emails.js] Parsed: parsed-INBOX-uid-5840.json
2026-04-19T01:08:22.806Z [LOG] [parse_extracted_emails.js] Parsed: parsed-INBOX-uid-5841.json
2026-04-19T01:08:22.806Z [LOG] [parse_extracted_emails.js] Parsed: parsed-INBOX-uid-5842.json
2026-04-19T01:08:22.806Z [LOG] [parse_extracted_emails.js] Parsed: parsed-INBOX-uid-5843.json
2026-04-19T01:08:22.806Z [LOG] [parse_extracted_emails.js] Parsed: parsed-INBOX-uid-5844.json
2026-04-19T01:08:22.806Z [LOG] [parse_extracted_emails.js] Parsed: parsed-INBOX-uid-5845.json
2026-04-19T01:08:22.806Z [LOG] [parse_extracted_emails.js] Parsed: parsed-INBOX-uid-5846.json
2026-04-19T01:08:22.806Z [LOG] [parse_extracted_emails.js] Parsed: parsed-INBOX-uid-5847.json
2026-04-19T01:08:22.806Z [LOG] [parse_extracted_emails.js] Parsed: parsed-INBOX-uid-5848.json
2026-04-19T01:08:22.806Z [LOG] [parse_extracted_emails.js] Parsed: parsed-INBOX-uid-5849.json
2026-04-19T01:08:22.806Z [LOG] [parse_extracted_emails.js] Parsed: parsed-INBOX-uid-5850.json
2026-04-19T01:08:22.806Z [LOG] [parse_extracted_emails.js] Parsed: parsed-INBOX-uid-5851.json
2026-04-19T01:08:22.806Z [LOG] [parse_extracted_emails.js] Parsed: parsed-INBOX-uid-5852.json
2026-04-19T01:08:22.806Z [LOG] [parse_extracted_emails.js] Parsed: parsed-INBOX-uid-5853.json
2026-04-19T01:08:22.806Z [LOG] [parse_extracted_emails.js] Parsed: parsed-INBOX-uid-5854.json
2026-04-19T01:08:22.806Z [LOG] [parse_extracted_emails.js] Parsed: parsed-INBOX-uid-5855.json
2026-04-19T01:08:22.806Z [LOG] [parse_extracted_emails.js] Parsed: parsed-INBOX-uid-5856.json
2026-04-19T01:08:22.806Z [LOG] [parse_extracted_emails.js] Parsed: parsed-INBOX-uid-5857.json
2026-04-19T01:08:22.806Z [LOG] [parse_extracted_emails.js] Parsed: parsed-INBOX-uid-5858.json
2026-04-19T01:08:22.806Z [LOG] [parse_extracted_emails.js] Parsed: parsed-INBOX-uid-5859.json
2026-04-19T01:08:22.806Z [LOG] [parse_extracted_emails.js] Parsed: parsed-INBOX-uid-5860.json
2026-04-19T01:08:22.806Z [LOG] [parse_extracted_emails.js] Parsed: parsed-INBOX-uid-5861.json
2026-04-19T01:08:22.806Z [LOG] [parse_extracted_emails.js] Parsed: parsed-INBOX-uid-5862.json
2026-04-19T01:08:22.806Z [LOG] [parse_extracted_emails.js] Parsed: parsed-INBOX-uid-5863.json
2026-04-19T01:08:22.806Z [LOG] [parse_extracted_emails.js] Parsed: parsed-INBOX-uid-5864.json
2026-04-19T01:08:22.806Z [LOG] [parse_extracted_emails.js] Parsed: parsed-INBOX-uid-5865.json
2026-04-19T01:08:22.806Z [LOG] [parse_extracted_emails.js] Parsed: parsed-INBOX-uid-5866.json
2026-04-19T01:08:22.806Z [LOG] [parse_extracted_emails.js] Parsed: parsed-INBOX-uid-5867.json
2026-04-19T01:08:22.806Z [LOG] [parse_extracted_emails.js] Parsed: parsed-INBOX-uid-5868.json
2026-04-19T01:08:22.806Z [LOG] [parse_extracted_emails.js] Parsed: parsed-INBOX-uid-5869.json
2026-04-19T01:08:22.806Z [LOG] [parse_extracted_emails.js] Parsed: parsed-INBOX-uid-5870.json
2026-04-19T01:08:22.806Z [LOG] [parse_extracted_emails.js] Parsed: parsed-INBOX-uid-5871.json
2026-04-19T01:08:22.806Z [LOG] [parse_extracted_emails.js] Parsed: parsed-INBOX-uid-5872.json
2026-04-19T01:08:22.806Z [LOG] [parse_extracted_emails.js] Parsed: parsed-INBOX-uid-5873.json
2026-04-19T01:08:22.806Z [LOG] [parse_extracted_emails.js] Parsed: parsed-INBOX-uid-5874.json
2026-04-19T01:08:22.806Z [LOG] [parse_extracted_emails.js] Parsed: parsed-INBOX-uid-5875.json
2026-04-19T01:08:22.806Z [LOG] [parse_extracted_emails.js] Parsed: parsed-INBOX-uid-5876.json
2026-04-19T01:08:22.806Z [LOG] [parse_extracted_emails.js] Parsed: parsed-INBOX-uid-5877.json
2026-04-19T01:08:22.806Z [LOG] [parse_extracted_emails.js] Parsed: parsed-INBOX-uid-5878.json
2026-04-19T01:08:22.806Z [LOG] [parse_extracted_emails.js] Parsed: parsed-INBOX-uid-5879.json
2026-04-19T01:08:22.806Z [LOG] [parse_extracted_emails.js] Parsed: parsed-INBOX-uid-5880.json
2026-04-19T01:08:22.806Z [LOG] [parse_extracted_emails.js] Parsed: parsed-INBOX-uid-5881.json
2026-04-19T01:08:22.806Z [LOG] [parse_extracted_emails.js] Parsed: parsed-INBOX-uid-5882.json
2026-04-19T01:08:22.806Z [LOG] [parse_extracted_emails.js] Parsed: parsed-INBOX-uid-5883.json
2026-04-19T01:08:22.806Z [LOG] [parse_extracted_emails.js] Parsed: parsed-INBOX-uid-5884.json
2026-04-19T01:08:22.806Z [LOG] [parse_extracted_emails.js] Parsed: parsed-INBOX-uid-5885.json
2026-04-19T01:08:22.806Z [LOG] [parse_extracted_emails.js] Parsed: parsed-INBOX-uid-5886.json
2026-04-19T01:08:22.806Z [LOG] [parse_extracted_emails.js] Parsed: parsed-INBOX-uid-5887.json
2026-04-19T01:08:22.806Z [LOG] [parse_extracted_emails.js] Parsed: parsed-INBOX-uid-5888.json
2026-04-19T01:08:22.806Z [LOG] [parse_extracted_emails.js] Parsed: parsed-INBOX-uid-5889.json
2026-04-19T01:08:22.806Z [LOG] [parse_extracted_emails.js] Parsed: parsed-INBOX-uid-5890.json
2026-04-19T01:08:22.806Z [LOG] [parse_extracted_emails.js] Parsed: parsed-INBOX-uid-5891.json
2026-04-19T01:08:22.806Z [LOG] [parse_extracted_emails.js] Parsed: parsed-INBOX-uid-5892.json
2026-04-19T01:08:22.806Z [LOG] [parse_extracted_emails.js] Parsed: parsed-INBOX-uid-5893.json
2026-04-19T01:08:22.806Z [LOG] [parse_extracted_emails.js] Parsed: parsed-INBOX-uid-5894.json
2026-04-19T01:08:22.806Z [LOG] [parse_extracted_emails.js] Parsed: parsed-INBOX-uid-5895.json
2026-04-19T01:08:22.806Z [LOG] [parse_extracted_emails.js] Parsed: parsed-INBOX-uid-5896.json
2026-04-19T01:08:22.806Z [LOG] [parse_extracted_emails.js] Parsed: parsed-INBOX-uid-5897.json
2026-04-19T01:08:22.806Z [LOG] [parse_extracted_emails.js] Parsed: parsed-INBOX-uid-5898.json
2026-04-19T01:08:22.806Z [LOG] [parse_extracted_emails.js] Parsed: parsed-INBOX-uid-5899.json
2026-04-19T01:08:22.806Z [LOG] [parse_extracted_emails.js] Parsed: parsed-INBOX-uid-5900.json
2026-04-19T01:08:22.806Z [LOG] [parse_extracted_emails.js] Parsed: parsed-INBOX-uid-5901.json
2026-04-19T01:08:22.806Z [LOG] [parse_extracted_emails.js] Parsed: parsed-INBOX-uid-5902.json
2026-04-19T01:08:22.806Z [LOG] [parse_extracted_emails.js] Parsed: parsed-INBOX-uid-5903.json
2026-04-19T01:08:22.806Z [LOG] [parse_extracted_emails.js] Parsed: parsed-INBOX-uid-5904.json
2026-04-19T01:08:22.806Z [LOG] [parse_extracted_emails.js] Parsed: parsed-INBOX-uid-5905.json
2026-04-19T01:08:22.806Z [LOG] [parse_extracted_emails.js] Parsed: parsed-INBOX-uid-5906.json
2026-04-19T01:08:22.806Z [LOG] [parse_extracted_emails.js] Parsed: parsed-INBOX-uid-5907.json
2026-04-19T01:08:22.806Z [LOG] [parse_extracted_emails.js] Parsed: parsed-INBOX-uid-5911.json
2026-04-19T01:08:22.806Z [LOG] [parse_extracted_emails.js] Parsed: parsed-INBOX-uid-5912.json
2026-04-19T01:08:22.806Z [LOG] [parse_extracted_emails.js] Parsed: parsed-INBOX-uid-5913.json
2026-04-19T01:08:22.806Z [LOG] [parse_extracted_emails.js] Parsed: parsed-INBOX-uid-5914.json
2026-04-19T01:08:22.806Z [LOG] [parse_extracted_emails.js] Parsed: parsed-INBOX-uid-5915.json
2026-04-19T01:08:22.806Z [LOG] [parse_extracted_emails.js] Parsed: parsed-INBOX-uid-5916.json
2026-04-19T01:08:22.806Z [LOG] [parse_extracted_emails.js] Parsed: parsed-INBOX-uid-5917.json
2026-04-19T01:08:22.806Z [LOG] [parse_extracted_emails.js] Parsed: parsed-INBOX-uid-5918.json
2026-04-19T01:08:22.806Z [LOG] [parse_extracted_emails.js] Parsed: parsed-INBOX-uid-5919.json
2026-04-19T01:08:22.806Z [LOG] [parse_extracted_emails.js] Parsed: parsed-INBOX-uid-5920.json
2026-04-19T01:08:22.806Z [LOG] [parse_extracted_emails.js] Parsed: parsed-INBOX-uid-5921.json
2026-04-19T01:08:22.806Z [LOG] [parse_extracted_emails.js] Parsed: parsed-INBOX-uid-5922.json
2026-04-19T01:08:22.806Z [LOG] [parse_extracted_emails.js] Parsed: parsed-INBOX-uid-5923.json
2026-04-19T01:08:22.806Z [LOG] [parse_extracted_emails.js] Parsed: parsed-INBOX-uid-5924.json
2026-04-19T01:08:22.806Z [LOG] [parse_extracted_emails.js] Parsed: parsed-INBOX-uid-5925.json
2026-04-19T01:08:22.807Z [LOG] [parse_extracted_emails.js] Parsed: parsed-INBOX-uid-5926.json
2026-04-19T01:08:22.807Z [LOG] [parse_extracted_emails.js] Parsed: parsed-INBOX-uid-5927.json
2026-04-19T01:08:22.807Z [LOG] [parse_extracted_emails.js] Parsed: parsed-INBOX-uid-5928.json
2026-04-19T01:08:22.807Z [LOG] [parse_extracted_emails.js] Parsed: parsed-INBOX-uid-5929.json
2026-04-19T01:08:22.807Z [LOG] [parse_extracted_emails.js] Parsed: parsed-INBOX-uid-5930.json
2026-04-19T01:08:22.807Z [LOG] [parse_extracted_emails.js] Parsed: parsed-INBOX-uid-5931.json
2026-04-19T01:08:22.807Z [LOG] [parse_extracted_emails.js] Parsed: parsed-INBOX-uid-5932.json
2026-04-19T01:08:22.807Z [LOG] [parse_extracted_emails.js] Parsed: parsed-INBOX-uid-5934.json
2026-04-19T01:08:22.807Z [LOG] [parse_extracted_emails.js] Parsed: parsed-INBOX-uid-5935.json
2026-04-19T01:08:22.807Z [LOG] [parse_extracted_emails.js] Parsed: parsed-INBOX-uid-5936.json
2026-04-19T01:08:22.807Z [LOG] [parse_extracted_emails.js] Parsed: parsed-INBOX-uid-5937.json
2026-04-19T01:08:22.807Z [LOG] [parse_extracted_emails.js] Parsed: parsed-INBOX-uid-5938.json
2026-04-19T01:08:22.807Z [LOG] [parse_extracted_emails.js] Parsed: parsed-INBOX-uid-5939.json
2026-04-19T01:08:22.807Z [LOG] [parse_extracted_emails.js] Parsed: parsed-INBOX-uid-5940.json
2026-04-19T01:08:22.807Z [LOG] [parse_extracted_emails.js] Parsed: parsed-INBOX-uid-5941.json
2026-04-19T01:08:22.807Z [LOG] [parse_extracted_emails.js] Parsed: parsed-INBOX-uid-5942.json
2026-04-19T01:08:22.807Z [LOG] [parse_extracted_emails.js] Parsed: parsed-INBOX-uid-5943.json
2026-04-19T01:08:22.807Z [LOG] [parse_extracted_emails.js] Parsed: parsed-INBOX-uid-5944.json
2026-04-19T01:08:22.807Z [LOG] [parse_extracted_emails.js] Parsed: parsed-INBOX-uid-5945.json
2026-04-19T01:08:22.807Z [LOG] [parse_extracted_emails.js] Parsed: parsed-INBOX-uid-5946.json
2026-04-19T01:08:22.807Z [LOG] [parse_extracted_emails.js] Parsed: parsed-INBOX-uid-5948.json
2026-04-19T01:08:22.807Z [LOG] [parse_extracted_emails.js] Parsed: parsed-INBOX-uid-5949.json
2026-04-19T01:08:22.807Z [LOG] [parse_extracted_emails.js] Parsed: parsed-INBOX-uid-5950.json
2026-04-19T01:08:22.807Z [LOG] [parse_extracted_emails.js] Parsed: parsed-INBOX-uid-5951.json
2026-04-19T01:08:22.807Z [LOG] [parse_extracted_emails.js] Parsed: parsed-INBOX-uid-5952.json
2026-04-19T01:08:22.807Z [LOG] [parse_extracted_emails.js] Parsed: parsed-INBOX-uid-5953.json
2026-04-19T01:08:22.807Z [LOG] [parse_extracted_emails.js] Parsed: parsed-INBOX-uid-5954.json
2026-04-19T01:08:22.807Z [LOG] [parse_extracted_emails.js] Parsed: parsed-INBOX-uid-5955.json
2026-04-19T01:08:22.807Z [LOG] [parse_extracted_emails.js] Parsed: parsed-INBOX-uid-5956.json
2026-04-19T01:08:22.807Z [LOG] [parse_extracted_emails.js] Parsed: parsed-INBOX-uid-5957.json
2026-04-19T01:08:22.807Z [LOG] [parse_extracted_emails.js] Parsed: parsed-INBOX-uid-5958.json
2026-04-19T01:08:22.807Z [LOG] [parse_extracted_emails.js] Parsed: parsed-INBOX-uid-5959.json
2026-04-19T01:08:22.807Z [LOG] [parse_extracted_emails.js] Parsed: parsed-INBOX-uid-5960.json
2026-04-19T01:08:22.807Z [LOG] [parse_extracted_emails.js] Parsed: parsed-INBOX-uid-5961.json
2026-04-19T01:08:22.807Z [LOG] [parse_extracted_emails.js] Parsed: parsed-INBOX-uid-5962.json
2026-04-19T01:08:22.807Z [LOG] [parse_extracted_emails.js] Parsed: parsed-INBOX-uid-5963.json
2026-04-19T01:08:22.807Z [LOG] [parse_extracted_emails.js] Parsed: parsed-INBOX-uid-5964.json
2026-04-19T01:08:22.807Z [LOG] [parse_extracted_emails.js] Parsed: parsed-INBOX-uid-5965.json
2026-04-19T01:08:22.807Z [LOG] [parse_extracted_emails.js] Parsed: parsed-INBOX-uid-5966.json
2026-04-19T01:08:22.807Z [LOG] [parse_extracted_emails.js] Parsed: parsed-INBOX-uid-5967.json
2026-04-19T01:08:22.807Z [LOG] [parse_extracted_emails.js] Parsed: parsed-INBOX-uid-5968.json
2026-04-19T01:08:22.807Z [LOG] [parse_extracted_emails.js] Parsed: parsed-INBOX-uid-5969.json
2026-04-19T01:08:22.807Z [LOG] [parse_extracted_emails.js] Parsed: parsed-INBOX-uid-5970.json
2026-04-19T01:08:22.807Z [LOG] [parse_extracted_emails.js] Parsed: parsed-INBOX-uid-5971.json
2026-04-19T01:08:22.807Z [LOG] [parse_extracted_emails.js] Parsed: parsed-INBOX-uid-5972.json
2026-04-19T01:08:22.807Z [LOG] [parse_extracted_emails.js] Parsed: parsed-INBOX-uid-5973.json
2026-04-19T01:08:22.807Z [LOG] [parse_extracted_emails.js] Parsed: parsed-INBOX-uid-5974.json
2026-04-19T01:08:22.807Z [LOG] [parse_extracted_emails.js] Parsed: parsed-INBOX-uid-5975.json
2026-04-19T01:08:22.807Z [LOG] [parse_extracted_emails.js] Parsed: parsed-INBOX-uid-5976.json
2026-04-19T01:08:22.807Z [LOG] [parse_extracted_emails.js] Parsed: parsed-INBOX-uid-5977.json
2026-04-19T01:08:22.807Z [LOG] [parse_extracted_emails.js] Parsed: parsed-INBOX-uid-5978.json
2026-04-19T01:08:22.807Z [LOG] [parse_extracted_emails.js] Parsed: parsed-INBOX-uid-5979.json
2026-04-19T01:08:22.807Z [LOG] [parse_extracted_emails.js] Parsed: parsed-INBOX-uid-5980.json
2026-04-19T01:08:22.807Z [LOG] [parse_extracted_emails.js] Parsed: parsed-INBOX-uid-5981.json
2026-04-19T01:08:22.807Z [LOG] [parse_extracted_emails.js] Parsed: parsed-INBOX-uid-5982.json
2026-04-19T01:08:22.807Z [LOG] [parse_extracted_emails.js] Parsed: parsed-INBOX-uid-5983.json
2026-04-19T01:08:22.807Z [LOG] [parse_extracted_emails.js] Parsed: parsed-INBOX-uid-6005.json
2026-04-19T01:08:22.807Z [LOG] [parse_extracted_emails.js] Parsed: parsed-INBOX-uid-6006.json
2026-04-19T01:08:22.807Z [LOG] [parse_extracted_emails.js] Parsed: parsed-INBOX-uid-6007.json
2026-04-19T01:08:22.807Z [LOG] [parse_extracted_emails.js] Parsed: parsed-INBOX-uid-6008.json
2026-04-19T01:08:22.807Z [LOG] [parse_extracted_emails.js] Parsed: parsed-INBOX-uid-6009.json
2026-04-19T01:08:22.807Z [LOG] [parse_extracted_emails.js] Parsed: parsed-INBOX-uid-6010.json
2026-04-19T01:08:22.807Z [LOG] [parse_extracted_emails.js] Parsed: parsed-INBOX-uid-6011.json
2026-04-19T01:08:22.807Z [LOG] [parse_extracted_emails.js] Parsed: parsed-INBOX-uid-6012.json
2026-04-19T01:08:22.807Z [LOG] [parse_extracted_emails.js] Parsed: parsed-INBOX-uid-6013.json
2026-04-19T01:08:22.807Z [LOG] [parse_extracted_emails.js] Parsed: parsed-INBOX-uid-6014.json
2026-04-19T01:08:22.807Z [LOG] [parse_extracted_emails.js] Parsed: parsed-INBOX-uid-6015.json
2026-04-19T01:08:22.807Z [LOG] [parse_extracted_emails.js] Parsed: parsed-INBOX-uid-6016.json
2026-04-19T01:08:22.807Z [LOG] [parse_extracted_emails.js] Parsed: parsed-INBOX-uid-6017.json
2026-04-19T01:08:22.807Z [LOG] [parse_extracted_emails.js] Parsed: parsed-INBOX-uid-6018.json
2026-04-19T01:08:22.807Z [LOG] [parse_extracted_emails.js] Parsed: parsed-INBOX-uid-6019.json
2026-04-19T01:08:22.807Z [LOG] [parse_extracted_emails.js] Parsed: parsed-INBOX-uid-6020.json
2026-04-19T01:08:22.807Z [LOG] [parse_extracted_emails.js] Parsed: parsed-INBOX-uid-6021.json
2026-04-19T01:08:22.807Z [LOG] [parse_extracted_emails.js] Parsed: parsed-INBOX-uid-6022.json
2026-04-19T01:08:22.807Z [LOG] [parse_extracted_emails.js] Parsed: parsed-INBOX-uid-6023.json
2026-04-19T01:08:22.807Z [LOG] [parse_extracted_emails.js] Parsed: parsed-INBOX-uid-6024.json
2026-04-19T01:08:22.807Z [LOG] [parse_extracted_emails.js] Parsed: parsed-INBOX-uid-6025.json
2026-04-19T01:08:22.807Z [LOG] [parse_extracted_emails.js] Parsed: parsed-INBOX-uid-6026.json
2026-04-19T01:08:22.807Z [LOG] [parse_extracted_emails.js] Parsed: parsed-INBOX-uid-6027.json
2026-04-19T01:08:22.807Z [LOG] [parse_extracted_emails.js] Parsed: parsed-INBOX-uid-6028.json
2026-04-19T01:08:22.807Z [LOG] [parse_extracted_emails.js] Parsed: parsed-INBOX-uid-6029.json
2026-04-19T01:08:22.807Z [LOG] [parse_extracted_emails.js] Parsed: parsed-INBOX-uid-6030.json
2026-04-19T01:08:22.807Z [LOG] [parse_extracted_emails.js] Parsed: parsed-INBOX-uid-6031.json
2026-04-19T01:08:22.807Z [LOG] [parse_extracted_emails.js] Parsed: parsed-INBOX-uid-6032.json
2026-04-19T01:08:22.807Z [LOG] [parse_extracted_emails.js] Parsed: parsed-INBOX-uid-6033.json
2026-04-19T01:08:22.807Z [LOG] [parse_extracted_emails.js] Parsed: parsed-INBOX-uid-6034.json
2026-04-19T01:08:22.807Z [LOG] [parse_extracted_emails.js] Parsed: parsed-INBOX-uid-6035.json
2026-04-19T01:08:22.807Z [LOG] [parse_extracted_emails.js] Parsed: parsed-INBOX-uid-6036.json
2026-04-19T01:08:22.807Z [LOG] [parse_extracted_emails.js] Parsed: parsed-INBOX-uid-6037.json
2026-04-19T01:08:22.807Z [LOG] [parse_extracted_emails.js] Parsed: parsed-INBOX-uid-6038.json
2026-04-19T01:08:22.807Z [LOG] [parse_extracted_emails.js] Parsed: parsed-INBOX-uid-6039.json
2026-04-19T01:08:22.807Z [LOG] [parse_extracted_emails.js] Parsed: parsed-INBOX-uid-6040.json
2026-04-19T01:08:22.807Z [LOG] [parse_extracted_emails.js] Parsed: parsed-INBOX-uid-6041.json
2026-04-19T01:08:22.807Z [LOG] [parse_extracted_emails.js] Parsed: parsed-INBOX-uid-6042.json
2026-04-19T01:08:22.807Z [LOG] [parse_extracted_emails.js] Parsed: parsed-INBOX-uid-6043.json
2026-04-19T01:08:22.807Z [LOG] [parse_extracted_emails.js] Parsed: parsed-INBOX-uid-6044.json
2026-04-19T01:08:22.807Z [LOG] [parse_extracted_emails.js] Parsed: parsed-INBOX-uid-6045.json
2026-04-19T01:08:22.807Z [LOG] [parse_extracted_emails.js] Parsed: parsed-INBOX-uid-6046.json
2026-04-19T01:08:22.807Z [LOG] [parse_extracted_emails.js] Parsed: parsed-INBOX-uid-6047.json
2026-04-19T01:08:22.807Z [LOG] [parse_extracted_emails.js] Parsed: parsed-INBOX-uid-6048.json
2026-04-19T01:08:22.807Z [LOG] [parse_extracted_emails.js] Parsed: parsed-INBOX-uid-6049.json
2026-04-19T01:08:22.807Z [LOG] [parse_extracted_emails.js] Parsed: parsed-INBOX-uid-6050.json
2026-04-19T01:08:22.807Z [LOG] [parse_extracted_emails.js] Parsed: parsed-INBOX-uid-6051.json
2026-04-19T01:08:22.807Z [LOG] [parse_extracted_emails.js] Parsed: parsed-INBOX-uid-6052.json
2026-04-19T01:08:22.807Z [LOG] [parse_extracted_emails.js] Parsed: parsed-INBOX-uid-6053.json
2026-04-19T01:08:22.807Z [LOG] [parse_extracted_emails.js] Parsed: parsed-INBOX-uid-6054.json
2026-04-19T01:08:22.807Z [LOG] [parse_extracted_emails.js] Parsed: parsed-INBOX-uid-6055.json
2026-04-19T01:08:22.807Z [LOG] [parse_extracted_emails.js] Parsed: parsed-INBOX-uid-6056.json
2026-04-19T01:08:22.807Z [LOG] [parse_extracted_emails.js] Parsed: parsed-INBOX-uid-6057.json
2026-04-19T01:08:22.807Z [LOG] [parse_extracted_emails.js] Parsed: parsed-INBOX-uid-6058.json
2026-04-19T01:08:22.807Z [LOG] [parse_extracted_emails.js] Parsed: parsed-INBOX-uid-6059.json
2026-04-19T01:08:22.807Z [LOG] [parse_extracted_emails.js] Parsed: parsed-INBOX-uid-6060.json
2026-04-19T01:08:22.807Z [LOG] [parse_extracted_emails.js] Parsed: parsed-INBOX-uid-6061.json
2026-04-19T01:08:22.807Z [LOG] [parse_extracted_emails.js] Parsed: parsed-INBOX-uid-6062.json
2026-04-19T01:08:22.807Z [LOG] [parse_extracted_emails.js] Parsed: parsed-INBOX-uid-6063.json
2026-04-19T01:08:22.807Z [LOG] [parse_extracted_emails.js] Parsed: parsed-INBOX-uid-6064.json
2026-04-19T01:08:22.807Z [LOG] [parse_extracted_emails.js] Parsed: parsed-INBOX-uid-6065.json
2026-04-19T01:08:22.807Z [LOG] [parse_extracted_emails.js] Parsed: parsed-INBOX-uid-6066.json
2026-04-19T01:08:22.807Z [LOG] [parse_extracted_emails.js] Parsed: parsed-INBOX-uid-6067.json
2026-04-19T01:08:22.807Z [LOG] [parse_extracted_emails.js] Parsed: parsed-INBOX-uid-6068.json
2026-04-19T01:08:22.807Z [LOG] [parse_extracted_emails.js] Parsed: parsed-INBOX-uid-6069.json
2026-04-19T01:08:22.807Z [LOG] [parse_extracted_emails.js] Parsed: parsed-INBOX-uid-6070.json
2026-04-19T01:08:22.807Z [LOG] [parse_extracted_emails.js] Parsed: parsed-INBOX-uid-6071.json
2026-04-19T01:08:22.807Z [LOG] [parse_extracted_emails.js] Parsed: parsed-INBOX-uid-6072.json
2026-04-19T01:08:22.807Z [LOG] [parse_extracted_emails.js] Parsed: parsed-INBOX-uid-6073.json
2026-04-19T01:08:22.807Z [LOG] [parse_extracted_emails.js] Parsed: parsed-INBOX-uid-6074.json
2026-04-19T01:08:22.808Z [LOG] [parse_extracted_emails.js] Parsed: parsed-INBOX-uid-6075.json
2026-04-19T01:08:22.808Z [LOG] [parse_extracted_emails.js] Parsed: parsed-INBOX-uid-6076.json
2026-04-19T01:08:22.808Z [LOG] [parse_extracted_emails.js] Parsed: parsed-INBOX-uid-6077.json
2026-04-19T01:08:22.808Z [LOG] [parse_extracted_emails.js] Parsed: parsed-INBOX-uid-6078.json
2026-04-19T01:08:22.808Z [LOG] [parse_extracted_emails.js] Parsed: parsed-INBOX-uid-6079.json
2026-04-19T01:08:22.808Z [LOG] [parse_extracted_emails.js] Parsed: parsed-INBOX-uid-6080.json
2026-04-19T01:08:22.808Z [LOG] [parse_extracted_emails.js] Parsed: parsed-INBOX-uid-6081.json
2026-04-19T01:08:22.808Z [LOG] [parse_extracted_emails.js] Parsed: parsed-INBOX-uid-6082.json
2026-04-19T01:08:22.808Z [LOG] [parse_extracted_emails.js] Parsed: parsed-INBOX-uid-6083.json
2026-04-19T01:08:22.808Z [LOG] [parse_extracted_emails.js] Parsed: parsed-INBOX-uid-6084.json
2026-04-19T01:08:22.808Z [LOG] [parse_extracted_emails.js] Parsed: parsed-INBOX-uid-6085.json
2026-04-19T01:08:22.808Z [LOG] [parse_extracted_emails.js] Parsed: parsed-INBOX-uid-6086.json
2026-04-19T01:08:22.808Z [LOG] [parse_extracted_emails.js] Parsed: parsed-INBOX-uid-6087.json
2026-04-19T01:08:22.808Z [LOG] [parse_extracted_emails.js] Parsed: parsed-INBOX-uid-6088.json
2026-04-19T01:08:22.808Z [LOG] [parse_extracted_emails.js] Parsed: parsed-INBOX-uid-6089.json
2026-04-19T01:08:22.808Z [LOG] [parse_extracted_emails.js] Parsed: parsed-INBOX-uid-6090.json
2026-04-19T01:08:22.808Z [LOG] [parse_extracted_emails.js] Parsed: parsed-INBOX-uid-6091.json
2026-04-19T01:08:22.808Z [LOG] [parse_extracted_emails.js] Parsed: parsed-INBOX-uid-6092.json
2026-04-19T01:08:22.808Z [LOG] [parse_extracted_emails.js] Parsed: parsed-INBOX-uid-6093.json
2026-04-19T01:08:22.808Z [LOG] [parse_extracted_emails.js] Parsed: parsed-INBOX-uid-6094.json
2026-04-19T01:08:22.808Z [LOG] [parse_extracted_emails.js] Parsed: parsed-INBOX-uid-6095.json
2026-04-19T01:08:22.808Z [LOG] [parse_extracted_emails.js] Parsed: parsed-INBOX-uid-6096.json
2026-04-19T01:08:22.808Z [LOG] [parse_extracted_emails.js] Parsed: parsed-INBOX-uid-6097.json
2026-04-19T01:08:22.808Z [LOG] [parse_extracted_emails.js] Parsed: parsed-INBOX-uid-6098.json
2026-04-19T01:08:22.808Z [LOG] [parse_extracted_emails.js] Parsed: parsed-INBOX-uid-6099.json
2026-04-19T01:08:22.808Z [LOG] [parse_extracted_emails.js] Parsed: parsed-INBOX-uid-6100.json
2026-04-19T01:08:22.808Z [LOG] [parse_extracted_emails.js] Parsed: parsed-INBOX-uid-6101.json
2026-04-19T01:08:22.808Z [LOG] [parse_extracted_emails.js] Parsed: parsed-INBOX-uid-6102.json
2026-04-19T01:08:22.808Z [LOG] [parse_extracted_emails.js] Parsed: parsed-INBOX-uid-6103.json
2026-04-19T01:08:22.808Z [LOG] [parse_extracted_emails.js] Parsed: parsed-INBOX-uid-6104.json
2026-04-19T01:08:22.808Z [LOG] [parse_extracted_emails.js] Parsed: parsed-INBOX-uid-6105.json
2026-04-19T01:08:22.808Z [LOG] [parse_extracted_emails.js] Parsed: parsed-INBOX-uid-6106.json
2026-04-19T01:08:22.808Z [LOG] [parse_extracted_emails.js] Parsed: parsed-INBOX-uid-6107.json
2026-04-19T01:08:22.808Z [LOG] [parse_extracted_emails.js] Parsed: parsed-INBOX-uid-6108.json
2026-04-19T01:08:22.808Z [LOG] [parse_extracted_emails.js] Parsed: parsed-INBOX-uid-6109.json
2026-04-19T01:08:22.808Z [LOG] [parse_extracted_emails.js] Parsed: parsed-INBOX-uid-6110.json
2026-04-19T01:08:22.808Z [LOG] [parse_extracted_emails.js] Parsed: parsed-INBOX-uid-6111.json
2026-04-19T01:08:22.808Z [LOG] [parse_extracted_emails.js] Parsed: parsed-INBOX-uid-6112.json
2026-04-19T01:08:22.808Z [LOG] [parse_extracted_emails.js] Parsed: parsed-INBOX-uid-6113.json
2026-04-19T01:08:22.808Z [LOG] [parse_extracted_emails.js] Parsed: parsed-INBOX-uid-6114.json
2026-04-19T01:08:22.808Z [LOG] [parse_extracted_emails.js] Parsed: parsed-INBOX-uid-6115.json
2026-04-19T01:08:22.808Z [LOG] [parse_extracted_emails.js] Parsed: parsed-INBOX-uid-6116.json
2026-04-19T01:08:22.808Z [LOG] [parse_extracted_emails.js] Parsed: parsed-INBOX-uid-6117.json
2026-04-19T01:08:22.808Z [LOG] [parse_extracted_emails.js] Parsed: parsed-INBOX-uid-6118.json
2026-04-19T01:08:22.808Z [LOG] [parse_extracted_emails.js] Parsed: parsed-INBOX-uid-6119.json
2026-04-19T01:08:22.808Z [LOG] [parse_extracted_emails.js] Parsed: parsed-INBOX-uid-6120.json
2026-04-19T01:08:22.808Z [LOG] [parse_extracted_emails.js] Parsed: parsed-INBOX-uid-6121.json
2026-04-19T01:08:22.808Z [LOG] [parse_extracted_emails.js] Parsed: parsed-INBOX-uid-6122.json
2026-04-19T01:08:22.808Z [LOG] [parse_extracted_emails.js] Parsed: parsed-INBOX-uid-6123.json
2026-04-19T01:08:22.808Z [LOG] [parse_extracted_emails.js] Parsed: parsed-INBOX-uid-6124.json
2026-04-19T01:08:22.808Z [LOG] [parse_extracted_emails.js] Parsed: parsed-INBOX-uid-6125.json
2026-04-19T01:08:22.808Z [LOG] [parse_extracted_emails.js] Parsed: parsed-INBOX-uid-6126.json
2026-04-19T01:08:22.808Z [LOG] [parse_extracted_emails.js] Parsed: parsed-INBOX-uid-6127.json
2026-04-19T01:08:22.808Z [LOG] [parse_extracted_emails.js] Parsed: parsed-INBOX-uid-6128.json
2026-04-19T01:08:22.808Z [LOG] [parse_extracted_emails.js] Parsed: parsed-INBOX-uid-6129.json
2026-04-19T01:08:22.808Z [LOG] [parse_extracted_emails.js] Parsed: parsed-INBOX-uid-6130.json
2026-04-19T01:08:22.808Z [LOG] [parse_extracted_emails.js] Parsed: parsed-INBOX-uid-6131.json
2026-04-19T01:08:22.808Z [LOG] [parse_extracted_emails.js] Parsed: parsed-INBOX-uid-6132.json
2026-04-19T01:08:22.808Z [LOG] [parse_extracted_emails.js] Parsed: parsed-INBOX-uid-6133.json
2026-04-19T01:08:22.808Z [LOG] [parse_extracted_emails.js] Parsed: parsed-INBOX-uid-6134.json
2026-04-19T01:08:22.808Z [LOG] [parse_extracted_emails.js] Parsed: parsed-INBOX-uid-6135.json
2026-04-19T01:08:22.808Z [LOG] [parse_extracted_emails.js] Parsed: parsed-INBOX-uid-6136.json
2026-04-19T01:08:22.808Z [LOG] [parse_extracted_emails.js] Parsed: parsed-INBOX-uid-6137.json
2026-04-19T01:08:22.808Z [LOG] [parse_extracted_emails.js] Parsed: parsed-INBOX-uid-6138.json
2026-04-19T01:08:22.808Z [LOG] [parse_extracted_emails.js] Parsed: parsed-INBOX-uid-6139.json
2026-04-19T01:08:22.808Z [LOG] [parse_extracted_emails.js] Parsed: parsed-INBOX-uid-6140.json
2026-04-19T01:08:22.808Z [LOG] [parse_extracted_emails.js] Parsed: parsed-INBOX-uid-6141.json
2026-04-19T01:08:22.808Z [LOG] [parse_extracted_emails.js] Parsed: parsed-INBOX-uid-6142.json
2026-04-19T01:08:22.808Z [LOG] [parse_extracted_emails.js] Parsed: parsed-INBOX-uid-6143.json
2026-04-19T01:08:22.808Z [LOG] [parse_extracted_emails.js] Parsed: parsed-INBOX-uid-6144.json
2026-04-19T01:08:22.808Z [LOG] [parse_extracted_emails.js] Parsed: parsed-INBOX-uid-6145.json
2026-04-19T01:08:22.808Z [LOG] [parse_extracted_emails.js] Parsed: parsed-INBOX-uid-6146.json
2026-04-19T01:08:22.808Z [LOG] [parse_extracted_emails.js] Parsed: parsed-INBOX-uid-6147.json
2026-04-19T01:08:22.808Z [LOG] [parse_extracted_emails.js] Parsed: parsed-INBOX-uid-6148.json
2026-04-19T01:08:22.808Z [LOG] [parse_extracted_emails.js] Parsed: parsed-INBOX-uid-6149.json
2026-04-19T01:08:22.808Z [LOG] [parse_extracted_emails.js] Parsed: parsed-INBOX-uid-6150.json
2026-04-19T01:08:22.808Z [LOG] [parse_extracted_emails.js] Parsed: parsed-INBOX-uid-6151.json
2026-04-19T01:08:22.808Z [LOG] [parse_extracted_emails.js] Parsed: parsed-INBOX-uid-6152.json
2026-04-19T01:08:22.808Z [LOG] [parse_extracted_emails.js] Parsed: parsed-INBOX-uid-6156.json
2026-04-19T01:08:22.808Z [LOG] [parse_extracted_emails.js] Parsed: parsed-INBOX-uid-6157.json
2026-04-19T01:08:22.808Z [LOG] [parse_extracted_emails.js] Parsed: parsed-INBOX-uid-6158.json
2026-04-19T01:08:22.808Z [LOG] [parse_extracted_emails.js] Parsed: parsed-INBOX-uid-6159.json
2026-04-19T01:08:22.808Z [LOG] [parse_extracted_emails.js] Parsed: parsed-INBOX-uid-6160.json
2026-04-19T01:08:22.808Z [LOG] [parse_extracted_emails.js] Parsed: parsed-INBOX-uid-6161.json
2026-04-19T01:08:22.808Z [LOG] [parse_extracted_emails.js] Parsed: parsed-INBOX-uid-6162.json
2026-04-19T01:08:22.808Z [LOG] [parse_extracted_emails.js] Parsed: parsed-INBOX-uid-6163.json
2026-04-19T01:08:22.808Z [LOG] [parse_extracted_emails.js] Parsed: parsed-INBOX-uid-6164.json
2026-04-19T01:08:22.808Z [LOG] [parse_extracted_emails.js] Parsed: parsed-INBOX-uid-6165.json
2026-04-19T01:08:22.808Z [LOG] [parse_extracted_emails.js] Parsed: parsed-INBOX-uid-6166.json
2026-04-19T01:08:22.808Z [LOG] [parse_extracted_emails.js] Parsed: parsed-INBOX-uid-6167.json
2026-04-19T01:08:22.808Z [LOG] [parse_extracted_emails.js] Parsed: parsed-INBOX-uid-6168.json
2026-04-19T01:08:22.808Z [LOG] [parse_extracted_emails.js] Parsed: parsed-INBOX-uid-6169.json
2026-04-19T01:08:22.808Z [LOG] [parse_extracted_emails.js] Parsed: parsed-INBOX-uid-6170.json
2026-04-19T01:08:22.808Z [LOG] [parse_extracted_emails.js] Parsed: parsed-INBOX-uid-6171.json
2026-04-19T01:08:22.808Z [LOG] [parse_extracted_emails.js] Parsed: parsed-INBOX-uid-6172.json
2026-04-19T01:08:22.808Z [LOG] [parse_extracted_emails.js] Parsed: parsed-INBOX-uid-6173.json
2026-04-19T01:08:22.808Z [LOG] [parse_extracted_emails.js] Parsed: parsed-INBOX-uid-6174.json
2026-04-19T01:08:22.808Z [LOG] [parse_extracted_emails.js] Parsed: parsed-INBOX-uid-6175.json
2026-04-19T01:08:22.808Z [LOG] [parse_extracted_emails.js] Parsed: parsed-INBOX-uid-6176.json
2026-04-19T01:08:22.808Z [LOG] [parse_extracted_emails.js] Parsed: parsed-INBOX-uid-6177.json
2026-04-19T01:08:22.808Z [LOG] [parse_extracted_emails.js] Parsed: parsed-INBOX-uid-6178.json
2026-04-19T01:08:22.808Z [LOG] [parse_extracted_emails.js] Parsed: parsed-INBOX-uid-6179.json
2026-04-19T01:08:22.808Z [LOG] [parse_extracted_emails.js] Parsed: parsed-INBOX-uid-6180.json
2026-04-19T01:08:22.808Z [LOG] [parse_extracted_emails.js] Parsed: parsed-INBOX-uid-6181.json
2026-04-19T01:08:22.808Z [LOG] [parse_extracted_emails.js] Parsed: parsed-INBOX-uid-6182.json
2026-04-19T01:08:22.808Z [LOG] [parse_extracted_emails.js] Parsed: parsed-INBOX-uid-6183.json
2026-04-19T01:08:22.808Z [LOG] [parse_extracted_emails.js] Parsed: parsed-INBOX-uid-6184.json
2026-04-19T01:08:22.808Z [LOG] [parse_extracted_emails.js] Parsed: parsed-INBOX-uid-6185.json
2026-04-19T01:08:22.808Z [LOG] [parse_extracted_emails.js] Parsed: parsed-INBOX-uid-6186.json
2026-04-19T01:08:22.808Z [LOG] [parse_extracted_emails.js] Parsed: parsed-INBOX-uid-6187.json
2026-04-19T01:08:22.808Z [LOG] [parse_extracted_emails.js] Parsed: parsed-INBOX-uid-6188.json
2026-04-19T01:08:22.808Z [LOG] [parse_extracted_emails.js] Parsed: parsed-INBOX-uid-6189.json
2026-04-19T01:08:22.808Z [LOG] [parse_extracted_emails.js] Parsed: parsed-INBOX-uid-6190.json
2026-04-19T01:08:22.808Z [LOG] [parse_extracted_emails.js] Parsed: parsed-INBOX-uid-6191.json
2026-04-19T01:08:22.808Z [LOG] [parse_extracted_emails.js] Parsed: parsed-INBOX-uid-6192.json
2026-04-19T01:08:22.808Z [LOG] [parse_extracted_emails.js] Parsed: parsed-INBOX-uid-6193.json
2026-04-19T01:08:22.808Z [LOG] [parse_extracted_emails.js] Parsed: parsed-INBOX-uid-6194.json
2026-04-19T01:08:22.808Z [LOG] [parse_extracted_emails.js] Parsed: parsed-INBOX-uid-6195.json
2026-04-19T01:08:22.808Z [LOG] [parse_extracted_emails.js] Parsed: parsed-INBOX-uid-6196.json
2026-04-19T01:08:22.808Z [LOG] [parse_extracted_emails.js] Parsed: parsed-INBOX-uid-6197.json
2026-04-19T01:08:22.808Z [LOG] [parse_extracted_emails.js] Parsed: parsed-INBOX-uid-6198.json
2026-04-19T01:08:22.808Z [LOG] [parse_extracted_emails.js] Parsed: parsed-INBOX-uid-6199.json
2026-04-19T01:08:22.808Z [LOG] [parse_extracted_emails.js] Parsed: parsed-INBOX-uid-6200.json
2026-04-19T01:08:22.808Z [LOG] [parse_extracted_emails.js] Parsed: parsed-INBOX-uid-6201.json
2026-04-19T01:08:22.808Z [LOG] [parse_extracted_emails.js] Parsed: parsed-INBOX-uid-6202.json
2026-04-19T01:08:22.808Z [LOG] [parse_extracted_emails.js] Parsed: parsed-INBOX-uid-6203.json
2026-04-19T01:08:22.808Z [LOG] [parse_extracted_emails.js] Parsed: parsed-INBOX-uid-6204.json
2026-04-19T01:08:22.808Z [LOG] [parse_extracted_emails.js] Parsed: parsed-INBOX-uid-6205.json
2026-04-19T01:08:22.808Z [LOG] [parse_extracted_emails.js] Parsed: parsed-INBOX-uid-6206.json
2026-04-19T01:08:22.808Z [LOG] [parse_extracted_emails.js] Parsed: parsed-INBOX-uid-6207.json
2026-04-19T01:08:22.808Z [LOG] [parse_extracted_emails.js] Parsed: parsed-INBOX-uid-6208.json
2026-04-19T01:08:22.808Z [LOG] [parse_extracted_emails.js] Parsed: parsed-INBOX-uid-6209.json
2026-04-19T01:08:22.808Z [LOG] [parse_extracted_emails.js] Parsed: parsed-INBOX-uid-6210.json
2026-04-19T01:08:22.808Z [LOG] [parse_extracted_emails.js] Parsed: parsed-INBOX-uid-6211.json
2026-04-19T01:08:22.808Z [LOG] [parse_extracted_emails.js] Parsed: parsed-INBOX-uid-6212.json
2026-04-19T01:08:22.808Z [LOG] [parse_extracted_emails.js] Parsed: parsed-INBOX-uid-6213.json
2026-04-19T01:08:22.808Z [LOG] [parse_extracted_emails.js] Parsed: parsed-INBOX-uid-6214.json
2026-04-19T01:08:22.808Z [LOG] [parse_extracted_emails.js] Parsed: parsed-INBOX-uid-6215.json
2026-04-19T01:08:22.808Z [LOG] [parse_extracted_emails.js] Parsed: parsed-INBOX-uid-6216.json
2026-04-19T01:08:22.808Z [LOG] [parse_extracted_emails.js] Parsed: parsed-INBOX-uid-6217.json
2026-04-19T01:08:22.808Z [LOG] [parse_extracted_emails.js] Parsed: parsed-INBOX-uid-6218.json
2026-04-19T01:08:22.808Z [LOG] [parse_extracted_emails.js] Parsed: parsed-INBOX-uid-6219.json
2026-04-19T01:08:22.808Z [LOG] [parse_extracted_emails.js] Parsed: parsed-INBOX-uid-6220.json
2026-04-19T01:08:22.808Z [LOG] [parse_extracted_emails.js] Parsed: parsed-INBOX-uid-6221.json
2026-04-19T01:08:22.808Z [LOG] [parse_extracted_emails.js] Parsed: parsed-INBOX-uid-6222.json
2026-04-19T01:08:22.808Z [LOG] [parse_extracted_emails.js] Parsed: parsed-INBOX-uid-6223.json
2026-04-19T01:08:22.808Z [LOG] [parse_extracted_emails.js] Parsed: parsed-INBOX-uid-6224.json
2026-04-19T01:08:22.808Z [LOG] [parse_extracted_emails.js] Parsed: parsed-INBOX-uid-6225.json
2026-04-19T01:08:22.808Z [LOG] [parse_extracted_emails.js] Parsed: parsed-INBOX-uid-6226.json
2026-04-19T01:08:22.808Z [LOG] [parse_extracted_emails.js] Parsed: parsed-INBOX-uid-6227.json
2026-04-19T01:08:22.808Z [LOG] [parse_extracted_emails.js] Parsed: parsed-INBOX-uid-6228.json
2026-04-19T01:08:22.808Z [LOG] [parse_extracted_emails.js] Parsed: parsed-INBOX-uid-6229.json
2026-04-19T01:08:22.808Z [LOG] [parse_extracted_emails.js] Parsed: parsed-INBOX-uid-6230.json
2026-04-19T01:08:22.808Z [LOG] [parse_extracted_emails.js] Parsed: parsed-INBOX-uid-6231.json
2026-04-19T01:08:22.808Z [LOG] [parse_extracted_emails.js] Parsed: parsed-INBOX-uid-6232.json
2026-04-19T01:08:22.808Z [LOG] [parse_extracted_emails.js] Parsed: parsed-INBOX-uid-6233.json
2026-04-19T01:08:22.808Z [LOG] [parse_extracted_emails.js] Parsed: parsed-INBOX-uid-6234.json
2026-04-19T01:08:22.808Z [LOG] [parse_extracted_emails.js] Parsed: parsed-INBOX-uid-6235.json
2026-04-19T01:08:22.808Z [LOG] [parse_extracted_emails.js] Parsed: parsed-INBOX-uid-6236.json
2026-04-19T01:08:22.808Z [LOG] [parse_extracted_emails.js] Parsed: parsed-INBOX-uid-6237.json
2026-04-19T01:08:22.808Z [LOG] [parse_extracted_emails.js] Parsed: parsed-INBOX-uid-6238.json
2026-04-19T01:08:22.808Z [LOG] [parse_extracted_emails.js] Parsed: parsed-INBOX-uid-6239.json
2026-04-19T01:08:22.808Z [LOG] [parse_extracted_emails.js] Parsed: parsed-INBOX-uid-6240.json
2026-04-19T01:08:22.808Z [LOG] [parse_extracted_emails.js] Parsed: parsed-INBOX-uid-6241.json
2026-04-19T01:08:22.808Z [LOG] [parse_extracted_emails.js] Parsed: parsed-INBOX-uid-6242.json
2026-04-19T01:08:22.808Z [LOG] [parse_extracted_emails.js] Parsed: parsed-INBOX-uid-6243.json
2026-04-19T01:08:22.808Z [LOG] [parse_extracted_emails.js] Parsed: parsed-INBOX-uid-6244.json
2026-04-19T01:08:22.808Z [LOG] [parse_extracted_emails.js] Parsed: parsed-INBOX-uid-6245.json
2026-04-19T01:08:22.808Z [LOG] [parse_extracted_emails.js] Parsed: parsed-INBOX-uid-6246.json
2026-04-19T01:08:22.808Z [LOG] [parse_extracted_emails.js] Parsed: parsed-INBOX-uid-6247.json
2026-04-19T01:08:22.808Z [LOG] [parse_extracted_emails.js] Parsed: parsed-INBOX-uid-6248.json
2026-04-19T01:08:22.808Z [LOG] [parse_extracted_emails.js] Parsed: parsed-INBOX-uid-6249.json
2026-04-19T01:08:22.808Z [LOG] [parse_extracted_emails.js] Parsed: parsed-INBOX-uid-6250.json
2026-04-19T01:08:22.808Z [LOG] [parse_extracted_emails.js] Parsed: parsed-INBOX-uid-6251.json
2026-04-19T01:08:22.808Z [LOG] [parse_extracted_emails.js] Parsed: parsed-INBOX-uid-6252.json
2026-04-19T01:08:22.808Z [LOG] [parse_extracted_emails.js] Parsed: parsed-INBOX-uid-6253.json
2026-04-19T01:08:22.808Z [LOG] [parse_extracted_emails.js] Parsed: parsed-INBOX-uid-6254.json
2026-04-19T01:08:22.808Z [LOG] [parse_extracted_emails.js] Parsed: parsed-INBOX-uid-6255.json
2026-04-19T01:08:22.808Z [LOG] [parse_extracted_emails.js] Parsed: parsed-INBOX-uid-6256.json
2026-04-19T01:08:22.808Z [LOG] [parse_extracted_emails.js] Parsed: parsed-INBOX-uid-6257.json
2026-04-19T01:08:22.808Z [LOG] [parse_extracted_emails.js] Parsed: parsed-INBOX-uid-6258.json
2026-04-19T01:08:22.808Z [LOG] [parse_extracted_emails.js] Parsed: parsed-INBOX-uid-6259.json
2026-04-19T01:08:22.808Z [LOG] [parse_extracted_emails.js] Parsed: parsed-INBOX-uid-6260.json
2026-04-19T01:08:22.808Z [LOG] [parse_extracted_emails.js] Parsed: parsed-INBOX-uid-6261.json
2026-04-19T01:08:22.808Z [LOG] [parse_extracted_emails.js] Parsed: parsed-INBOX-uid-6262.json
2026-04-19T01:08:22.808Z [LOG] [parse_extracted_emails.js] Parsed: parsed-INBOX-uid-6263.json
2026-04-19T01:08:22.808Z [LOG] [parse_extracted_emails.js] Parsed: parsed-INBOX-uid-6264.json
2026-04-19T01:08:22.808Z [LOG] [parse_extracted_emails.js] Parsed: parsed-INBOX-uid-6265.json
2026-04-19T01:08:22.808Z [LOG] [parse_extracted_emails.js] Parsed: parsed-INBOX-uid-6266.json
2026-04-19T01:08:22.808Z [LOG] [parse_extracted_emails.js] Parsed: parsed-INBOX-uid-6267.json
2026-04-19T01:08:22.808Z [LOG] [parse_extracted_emails.js] Parsed: parsed-INBOX-uid-6268.json
2026-04-19T01:08:22.808Z [LOG] [parse_extracted_emails.js] Parsed: parsed-INBOX-uid-6269.json
2026-04-19T01:08:22.808Z [LOG] [parse_extracted_emails.js] Parsed: parsed-INBOX-uid-6270.json
2026-04-19T01:08:22.808Z [LOG] [parse_extracted_emails.js] Parsed: parsed-INBOX-uid-6271.json
2026-04-19T01:08:22.808Z [LOG] [parse_extracted_emails.js] Parsed: parsed-INBOX-uid-6272.json
2026-04-19T01:08:22.808Z [LOG] [parse_extracted_emails.js] Parsed: parsed-INBOX-uid-6273.json
2026-04-19T01:08:22.808Z [LOG] [parse_extracted_emails.js] Parsed: parsed-INBOX-uid-6274.json
2026-04-19T01:08:22.808Z [LOG] [parse_extracted_emails.js] Parsed: parsed-INBOX-uid-6275.json
2026-04-19T01:08:22.808Z [LOG] [parse_extracted_emails.js] Parsed: parsed-INBOX-uid-6276.json
2026-04-19T01:08:22.808Z [LOG] [parse_extracted_emails.js] Parsed: parsed-INBOX-uid-6277.json
2026-04-19T01:08:22.808Z [LOG] [parse_extracted_emails.js] Parsed: parsed-INBOX-uid-6278.json
2026-04-19T01:08:22.808Z [LOG] [parse_extracted_emails.js] Parsed: parsed-INBOX-uid-6279.json
2026-04-19T01:08:22.808Z [LOG] [parse_extracted_emails.js] Parsed: parsed-INBOX-uid-6280.json
2026-04-19T01:08:22.808Z [LOG] [parse_extracted_emails.js] Parsed: parsed-INBOX-uid-6281.json
2026-04-19T01:08:22.808Z [LOG] [parse_extracted_emails.js] Parsed: parsed-INBOX-uid-6282.json
2026-04-19T01:08:22.808Z [LOG] [parse_extracted_emails.js] Parsed: parsed-INBOX-uid-6283.json
2026-04-19T01:08:22.808Z [LOG] [parse_extracted_emails.js] Parsed: parsed-INBOX-uid-6284.json
2026-04-19T01:08:22.808Z [LOG] [parse_extracted_emails.js] Parsed: parsed-INBOX-uid-6285.json
2026-04-19T01:08:22.809Z [LOG] [parse_extracted_emails.js] Parsed: parsed-INBOX-uid-6286.json
2026-04-19T01:08:22.809Z [LOG] [parse_extracted_emails.js] Parsed: parsed-INBOX-uid-6287.json
2026-04-19T01:08:22.809Z [LOG] [parse_extracted_emails.js] Parsed: parsed-INBOX-uid-6288.json
2026-04-19T01:08:22.809Z [LOG] [parse_extracted_emails.js] Parsed: parsed-INBOX-uid-6289.json
2026-04-19T01:08:22.809Z [LOG] [parse_extracted_emails.js] Parsed: parsed-INBOX-uid-6290.json
2026-04-19T01:08:22.809Z [LOG] [parse_extracted_emails.js] Parsed: parsed-INBOX-uid-6291.json
2026-04-19T01:08:22.809Z [LOG] [parse_extracted_emails.js] Parsed: parsed-INBOX-uid-6292.json
2026-04-19T01:08:22.809Z [LOG] [parse_extracted_emails.js] Parsed: parsed-INBOX-uid-6293.json
2026-04-19T01:08:22.809Z [LOG] [parse_extracted_emails.js] Parsed: parsed-INBOX-uid-6296.json
2026-04-19T01:08:22.809Z [LOG] [parse_extracted_emails.js] Parsed: parsed-INBOX-uid-6297.json
2026-04-19T01:08:22.809Z [LOG] [parse_extracted_emails.js] Parsed: parsed-INBOX-uid-6298.json
2026-04-19T01:08:22.809Z [LOG] [parse_extracted_emails.js] Parsed: parsed-INBOX-uid-6299.json
2026-04-19T01:08:22.809Z [LOG] [parse_extracted_emails.js] Parsed: parsed-INBOX-uid-6300.json
2026-04-19T01:08:22.809Z [LOG] [parse_extracted_emails.js] Parsed: parsed-INBOX-uid-6301.json
2026-04-19T01:08:22.809Z [LOG] [parse_extracted_emails.js] Parsed: parsed-INBOX-uid-6302.json
2026-04-19T01:08:22.809Z [LOG] [parse_extracted_emails.js] Parsed: parsed-INBOX-uid-6303.json
2026-04-19T01:08:22.809Z [LOG] [parse_extracted_emails.js] Parsed: parsed-INBOX-uid-6304.json
2026-04-19T01:08:22.809Z [LOG] [parse_extracted_emails.js] Parsed: parsed-INBOX-uid-6305.json
2026-04-19T01:08:22.809Z [LOG] [parse_extracted_emails.js] Parsed: parsed-INBOX-uid-6306.json
2026-04-19T01:08:22.809Z [LOG] [parse_extracted_emails.js] Parsed: parsed-INBOX-uid-6307.json
2026-04-19T01:08:22.809Z [LOG] [parse_extracted_emails.js] Parsed: parsed-INBOX-uid-6308.json
2026-04-19T01:08:22.809Z [LOG] [parse_extracted_emails.js] Parsed: parsed-INBOX-uid-6309.json
2026-04-19T01:08:22.809Z [LOG] [parse_extracted_emails.js] Parsed: parsed-INBOX-uid-6310.json
2026-04-19T01:08:22.809Z [LOG] [parse_extracted_emails.js] Parsed: parsed-INBOX-uid-6311.json
2026-04-19T01:08:22.809Z [LOG] [parse_extracted_emails.js] Parsed: parsed-INBOX-uid-6312.json
2026-04-19T01:08:22.809Z [LOG] [parse_extracted_emails.js] Parsed: parsed-INBOX-uid-6313.json
2026-04-19T01:08:22.809Z [LOG] [parse_extracted_emails.js] Parsed: parsed-INBOX-uid-6314.json
2026-04-19T01:08:22.809Z [LOG] [parse_extracted_emails.js] Parsed: parsed-INBOX-uid-6315.json
2026-04-19T01:08:22.809Z [LOG] [parse_extracted_emails.js] Parsed: parsed-INBOX-uid-6316.json
2026-04-19T01:08:22.809Z [LOG] [parse_extracted_emails.js] Parsed: parsed-INBOX-uid-6317.json
2026-04-19T01:08:22.809Z [LOG] [parse_extracted_emails.js] Parsed: parsed-INBOX-uid-6318.json
2026-04-19T01:08:22.809Z [LOG] [parse_extracted_emails.js] Parsed: parsed-INBOX-uid-6319.json
2026-04-19T01:08:22.809Z [LOG] [parse_extracted_emails.js] Parsed: parsed-INBOX-uid-6320.json
2026-04-19T01:08:22.809Z [LOG] [parse_extracted_emails.js] Parsed: parsed-INBOX-uid-6321.json
2026-04-19T01:08:22.809Z [LOG] [parse_extracted_emails.js] Parsed: parsed-INBOX-uid-6322.json
2026-04-19T01:08:22.809Z [LOG] [parse_extracted_emails.js] Parsed: parsed-INBOX-uid-6323.json
2026-04-19T01:08:22.809Z [LOG] [parse_extracted_emails.js] Parsed: parsed-INBOX-uid-6324.json
2026-04-19T01:08:22.809Z [LOG] [parse_extracted_emails.js] Parsed: parsed-INBOX-uid-6325.json
2026-04-19T01:08:22.809Z [LOG] [parse_extracted_emails.js] Parsed: parsed-INBOX-uid-6326.json
2026-04-19T01:08:22.809Z [LOG] [parse_extracted_emails.js] Parsed: parsed-INBOX-uid-6327.json
2026-04-19T01:08:22.809Z [LOG] [parse_extracted_emails.js] Parsed: parsed-INBOX-uid-6328.json
2026-04-19T01:08:22.809Z [LOG] [parse_extracted_emails.js] Parsed: parsed-INBOX-uid-6329.json
2026-04-19T01:08:22.809Z [LOG] [parse_extracted_emails.js] Parsed: parsed-INBOX-uid-6330.json
2026-04-19T01:08:22.809Z [LOG] [parse_extracted_emails.js] Parsed: parsed-INBOX-uid-6331.json
2026-04-19T01:08:22.809Z [LOG] [parse_extracted_emails.js] Parsed: parsed-INBOX-uid-6332.json
2026-04-19T01:08:22.809Z [LOG] [parse_extracted_emails.js] Parsed: parsed-INBOX-uid-6333.json
2026-04-19T01:08:22.809Z [LOG] [parse_extracted_emails.js] Parsed: parsed-INBOX-uid-6334.json
2026-04-19T01:08:22.809Z [LOG] [parse_extracted_emails.js] Parsed: parsed-INBOX-uid-6335.json
2026-04-19T01:08:22.809Z [LOG] [parse_extracted_emails.js] Parsed: parsed-INBOX-uid-6336.json
2026-04-19T01:08:22.809Z [LOG] [parse_extracted_emails.js] Parsed: parsed-INBOX-uid-6337.json
2026-04-19T01:08:22.809Z [LOG] [parse_extracted_emails.js] Parsed: parsed-INBOX-uid-6338.json
2026-04-19T01:08:22.809Z [LOG] [parse_extracted_emails.js] Parsed: parsed-INBOX-uid-6339.json
2026-04-19T01:08:22.809Z [LOG] [parse_extracted_emails.js] Parsed: parsed-INBOX-uid-6340.json
2026-04-19T01:08:22.809Z [LOG] [parse_extracted_emails.js] Parsed: parsed-INBOX-uid-6341.json
2026-04-19T01:08:22.809Z [LOG] [parse_extracted_emails.js] Parsed: parsed-INBOX-uid-6342.json
2026-04-19T01:08:22.809Z [LOG] [parse_extracted_emails.js] Parsed: parsed-INBOX-uid-6343.json
2026-04-19T01:08:22.809Z [LOG] [parse_extracted_emails.js] Parsed: parsed-INBOX-uid-6344.json
2026-04-19T01:08:22.809Z [LOG] [parse_extracted_emails.js] Parsed: parsed-INBOX-uid-6345.json
2026-04-19T01:08:22.809Z [LOG] [parse_extracted_emails.js] Parsed: parsed-INBOX-uid-6346.json
2026-04-19T01:08:22.809Z [LOG] [parse_extracted_emails.js] Parsed: parsed-INBOX-uid-6347.json
2026-04-19T01:08:22.809Z [LOG] [parse_extracted_emails.js] Parsed: parsed-INBOX-uid-6348.json
2026-04-19T01:08:22.809Z [LOG] [parse_extracted_emails.js] Parsed: parsed-INBOX-uid-6349.json
2026-04-19T01:08:22.809Z [LOG] [parse_extracted_emails.js] Parsed: parsed-INBOX-uid-6350.json
2026-04-19T01:08:22.809Z [LOG] [parse_extracted_emails.js] Parsed: parsed-INBOX-uid-6351.json
2026-04-19T01:08:22.809Z [LOG] [parse_extracted_emails.js] Parsed: parsed-INBOX-uid-6352.json
2026-04-19T01:08:22.809Z [LOG] [parse_extracted_emails.js] Parsed: parsed-INBOX-uid-6353.json
2026-04-19T01:08:22.809Z [LOG] [parse_extracted_emails.js] Parsed: parsed-INBOX-uid-6354.json
2026-04-19T01:08:22.809Z [LOG] [parse_extracted_emails.js] Parsed: parsed-INBOX-uid-6355.json
2026-04-19T01:08:22.809Z [LOG] [parse_extracted_emails.js] Parsed: parsed-INBOX-uid-6356.json
2026-04-19T01:08:22.809Z [LOG] [parse_extracted_emails.js] Parsed: parsed-INBOX-uid-6365.json
2026-04-19T01:08:22.809Z [LOG] [parse_extracted_emails.js] Parsed: parsed-INBOX-uid-6366.json
2026-04-19T01:08:22.809Z [LOG] [parse_extracted_emails.js] Parsed: parsed-INBOX-uid-6367.json
2026-04-19T01:08:22.809Z [LOG] [parse_extracted_emails.js] Parsed: parsed-INBOX-uid-6368.json
2026-04-19T01:08:22.809Z [LOG] [parse_extracted_emails.js] Parsed: parsed-INBOX-uid-6371.json
2026-04-19T01:08:22.809Z [LOG] [parse_extracted_emails.js] Parsed: parsed-INBOX-uid-6376.json
2026-04-19T01:08:22.809Z [LOG] [parse_extracted_emails.js] Parsed: parsed-INBOX-uid-6377.json
2026-04-19T01:08:22.809Z [LOG] [parse_extracted_emails.js] Parsed: parsed-INBOX-uid-6378.json
2026-04-19T01:08:22.809Z [LOG] [parse_extracted_emails.js] Parsed: parsed-INBOX-uid-6383.json
2026-04-19T01:08:22.809Z [LOG] [parse_extracted_emails.js] Parsed: parsed-INBOX-uid-6384.json
2026-04-19T01:08:22.809Z [LOG] [parse_extracted_emails.js] Parsed: parsed-INBOX-uid-6395.json
2026-04-19T01:08:22.809Z [LOG] [parse_extracted_emails.js] Parsed: parsed-INBOX-uid-6423.json
2026-04-19T01:08:22.809Z [LOG] [parse_extracted_emails.js] Parsed: parsed-INBOX-uid-6428.json
2026-04-19T01:08:22.809Z [LOG] [parse_extracted_emails.js] Parsed: parsed-INBOX-uid-6429.json
2026-04-19T01:08:22.809Z [LOG] [parse_extracted_emails.js] Parsed: parsed-INBOX-uid-6430.json
2026-04-19T01:08:22.809Z [LOG] [parse_extracted_emails.js] Parsed: parsed-INBOX-uid-6431.json
2026-04-19T01:08:22.809Z [LOG] [parse_extracted_emails.js] Parsed: parsed-INBOX-uid-6433.json
2026-04-19T01:08:22.809Z [LOG] [parse_extracted_emails.js] Parsed: parsed-INBOX-uid-6436.json
2026-04-19T01:08:22.809Z [LOG] [parse_extracted_emails.js] Parsed: parsed-INBOX-uid-6437.json
2026-04-19T01:08:22.809Z [LOG] [parse_extracted_emails.js] Parsed: parsed-INBOX-uid-6438.json
2026-04-19T01:08:22.809Z [LOG] [parse_extracted_emails.js] Parsed: parsed-INBOX-uid-6439.json
2026-04-19T01:08:22.809Z [LOG] [parse_extracted_emails.js] Parsed: parsed-INBOX-uid-6440.json
2026-04-19T01:08:22.809Z [LOG] [parse_extracted_emails.js] Parsed: parsed-INBOX-uid-6441.json
2026-04-19T01:08:22.809Z [LOG] [parse_extracted_emails.js] Parsed: parsed-INBOX-uid-6442.json
2026-04-19T01:08:22.809Z [LOG] [parse_extracted_emails.js] Parsed: parsed-INBOX-uid-6443.json
2026-04-19T01:08:22.809Z [LOG] [parse_extracted_emails.js] Parsed: parsed-INBOX-uid-6444.json
2026-04-19T01:08:22.809Z [LOG] [parse_extracted_emails.js] Parsed: parsed-INBOX-uid-6445.json
2026-04-19T01:08:22.809Z [LOG] [parse_extracted_emails.js] Parsed: parsed-INBOX-uid-6446.json
2026-04-19T01:08:22.809Z [LOG] [parse_extracted_emails.js] Parsed: parsed-INBOX-uid-6447.json
2026-04-19T01:08:22.809Z [LOG] [parse_extracted_emails.js] Parsed: parsed-INBOX-uid-6448.json
2026-04-19T01:08:22.809Z [LOG] [parse_extracted_emails.js] Parsed: parsed-INBOX-uid-6449.json
2026-04-19T01:08:22.809Z [LOG] [parse_extracted_emails.js] Parsed: parsed-INBOX-uid-6450.json
2026-04-19T01:08:22.809Z [LOG] [parse_extracted_emails.js] Parsed: parsed-INBOX-uid-6451.json
2026-04-19T01:08:22.809Z [LOG] [parse_extracted_emails.js] Parsed: parsed-INBOX-uid-6452.json
2026-04-19T01:08:22.809Z [LOG] [parse_extracted_emails.js] Parsed: parsed-INBOX-uid-6453.json
2026-04-19T01:08:22.809Z [LOG] [parse_extracted_emails.js] Parsed: parsed-INBOX-uid-6456.json
2026-04-19T01:08:22.809Z [LOG] [parse_extracted_emails.js] Parsed: parsed-INBOX-uid-6457.json
2026-04-19T01:08:22.809Z [LOG] [parse_extracted_emails.js] Parsed: parsed-INBOX-uid-6459.json
2026-04-19T01:08:22.809Z [LOG] [parse_extracted_emails.js] Parsed: parsed-INBOX-uid-6460.json
2026-04-19T01:08:22.809Z [LOG] [parse_extracted_emails.js] Parsed: parsed-INBOX-uid-6461.json
2026-04-19T01:08:22.809Z [LOG] [parse_extracted_emails.js] Parsed: parsed-INBOX-uid-6462.json
2026-04-19T01:08:22.809Z [LOG] [parse_extracted_emails.js] Parsed: parsed-INBOX-uid-6463.json
2026-04-19T01:08:22.809Z [LOG] [parse_extracted_emails.js] Parsed: parsed-INBOX-uid-6464.json
2026-04-19T01:08:22.809Z [LOG] [parse_extracted_emails.js] Parsed: parsed-INBOX-uid-6465.json
2026-04-19T01:08:22.809Z [LOG] [parse_extracted_emails.js] Parsed: parsed-INBOX-uid-6466.json
2026-04-19T01:08:22.809Z [LOG] [parse_extracted_emails.js] Parsed: parsed-INBOX-uid-6467.json
2026-04-19T01:08:22.809Z [LOG] [parse_extracted_emails.js] Parsed: parsed-INBOX-uid-6468.json
2026-04-19T01:08:22.809Z [LOG] [parse_extracted_emails.js] Parsed: parsed-INBOX-uid-6469.json
2026-04-19T01:08:22.809Z [LOG] [parse_extracted_emails.js] Parsed: parsed-INBOX-uid-6470.json
2026-04-19T01:08:22.809Z [LOG] [parse_extracted_emails.js] Parsed: parsed-INBOX-uid-6471.json
2026-04-19T01:08:22.809Z [LOG] [parse_extracted_emails.js] Parsed: parsed-INBOX-uid-6472.json
2026-04-19T01:08:22.809Z [LOG] [parse_extracted_emails.js] Parsed: parsed-INBOX-uid-6473.json
2026-04-19T01:08:22.809Z [LOG] [parse_extracted_emails.js] Parsed: parsed-INBOX-uid-6474.json
2026-04-19T01:08:22.809Z [LOG] [parse_extracted_emails.js] Parsed: parsed-INBOX-uid-6475.json
2026-04-19T01:08:22.809Z [LOG] [parse_extracted_emails.js] Parsed: parsed-INBOX-uid-6476.json
2026-04-19T01:08:22.809Z [LOG] [parse_extracted_emails.js] Parsed: parsed-INBOX-uid-6477.json
2026-04-19T01:08:22.809Z [LOG] [parse_extracted_emails.js] Parsed: parsed-INBOX-uid-6478.json
2026-04-19T01:08:22.809Z [LOG] [parse_extracted_emails.js] Parsed: parsed-INBOX-uid-6479.json
2026-04-19T01:08:22.809Z [LOG] [parse_extracted_emails.js] Parsed: parsed-INBOX-uid-6480.json
2026-04-19T01:08:22.809Z [LOG] [parse_extracted_emails.js] Parsed: parsed-INBOX-uid-6481.json
2026-04-19T01:08:22.809Z [LOG] [parse_extracted_emails.js] Parsed: parsed-INBOX-uid-6482.json
2026-04-19T01:08:22.809Z [LOG] [parse_extracted_emails.js] Parsed: parsed-INBOX-uid-6483.json
2026-04-19T01:08:22.809Z [LOG] [parse_extracted_emails.js] Parsed: parsed-INBOX-uid-6484.json
2026-04-19T01:08:22.809Z [LOG] [parse_extracted_emails.js] Parsed: parsed-INBOX-uid-6485.json
2026-04-19T01:08:22.809Z [LOG] [parse_extracted_emails.js] Parsed: parsed-INBOX-uid-6486.json
2026-04-19T01:08:22.809Z [LOG] [parse_extracted_emails.js] Parsed: parsed-INBOX-uid-6487.json
2026-04-19T01:08:22.809Z [LOG] [parse_extracted_emails.js] Parsed: parsed-INBOX-uid-6488.json
2026-04-19T01:08:22.809Z [LOG] [parse_extracted_emails.js] Parsed: parsed-INBOX-uid-6489.json
2026-04-19T01:08:22.809Z [LOG] [parse_extracted_emails.js] Parsed: parsed-INBOX-uid-6490.json
2026-04-19T01:08:22.809Z [LOG] [parse_extracted_emails.js] Parsed: parsed-INBOX-uid-6491.json
2026-04-19T01:08:22.809Z [LOG] [parse_extracted_emails.js] Parsed: parsed-INBOX-uid-6492.json
2026-04-19T01:08:22.809Z [LOG] [parse_extracted_emails.js] Parsed: parsed-INBOX-uid-6493.json
2026-04-19T01:08:22.809Z [LOG] [parse_extracted_emails.js] Parsed: parsed-INBOX-uid-6494.json
2026-04-19T01:08:22.809Z [LOG] [parse_extracted_emails.js] Parsed: parsed-INBOX-uid-6495.json
2026-04-19T01:08:22.809Z [LOG] [parse_extracted_emails.js] Parsed: parsed-INBOX-uid-6515.json
2026-04-19T01:08:22.809Z [LOG] [parse_extracted_emails.js] Parsed: parsed-INBOX-uid-6516.json
2026-04-19T01:08:22.809Z [LOG] [parse_extracted_emails.js] Parsed: parsed-INBOX-uid-6517.json
2026-04-19T01:08:22.809Z [LOG] [parse_extracted_emails.js] Parsed: parsed-INBOX-uid-6518.json
2026-04-19T01:08:22.809Z [LOG] [parse_extracted_emails.js] Parsed: parsed-INBOX-uid-6519.json
2026-04-19T01:08:22.809Z [LOG] [parse_extracted_emails.js] Parsed: parsed-INBOX-uid-6520.json
2026-04-19T01:08:22.809Z [LOG] [parse_extracted_emails.js] Parsed: parsed-INBOX-uid-6521.json
2026-04-19T01:08:22.809Z [LOG] [parse_extracted_emails.js] Parsed: parsed-INBOX-uid-6522.json
2026-04-19T01:08:22.809Z [LOG] [parse_extracted_emails.js] Parsed: parsed-INBOX-uid-6523.json
2026-04-19T01:08:22.809Z [LOG] [parse_extracted_emails.js] Parsed: parsed-INBOX-uid-6524.json
2026-04-19T01:08:22.809Z [LOG] [parse_extracted_emails.js] Parsed: parsed-INBOX-uid-6525.json
2026-04-19T01:08:22.809Z [LOG] [parse_extracted_emails.js] Parsed: parsed-INBOX-uid-6526.json
2026-04-19T01:08:22.809Z [LOG] [parse_extracted_emails.js] Parsed: parsed-INBOX-uid-6527.json
2026-04-19T01:08:22.809Z [LOG] [parse_extracted_emails.js] Parsed: parsed-INBOX-uid-6528.json
2026-04-19T01:08:22.809Z [LOG] [parse_extracted_emails.js] Parsed: parsed-INBOX-uid-6529.json
2026-04-19T01:08:22.809Z [LOG] [parse_extracted_emails.js] Parsed: parsed-INBOX-uid-6530.json
2026-04-19T01:08:22.809Z [LOG] [parse_extracted_emails.js] Parsed: parsed-INBOX-uid-6531.json
2026-04-19T01:08:22.809Z [LOG] [parse_extracted_emails.js] Parsed: parsed-INBOX-uid-6532.json
2026-04-19T01:08:22.809Z [LOG] [parse_extracted_emails.js] Parsed: parsed-INBOX-uid-6533.json
2026-04-19T01:08:22.809Z [LOG] [parse_extracted_emails.js] Parsed: parsed-INBOX-uid-6534.json
2026-04-19T01:08:22.809Z [LOG] [parse_extracted_emails.js] Parsed: parsed-INBOX-uid-6535.json
2026-04-19T01:08:22.809Z [LOG] [parse_extracted_emails.js] Parsed: parsed-INBOX-uid-6536.json
2026-04-19T01:08:22.809Z [LOG] [parse_extracted_emails.js] Parsed: parsed-INBOX-uid-6537.json
2026-04-19T01:08:22.809Z [LOG] [parse_extracted_emails.js] Parsed: parsed-INBOX-uid-6538.json
2026-04-19T01:08:22.809Z [LOG] [parse_extracted_emails.js] Parsed: parsed-INBOX-uid-6539.json
2026-04-19T01:08:22.809Z [LOG] [parse_extracted_emails.js] Parsed: parsed-INBOX-uid-6540.json
2026-04-19T01:08:22.809Z [LOG] [parse_extracted_emails.js] Parsed: parsed-INBOX-uid-6541.json
2026-04-19T01:08:22.809Z [LOG] [parse_extracted_emails.js] Parsed: parsed-INBOX-uid-6542.json
2026-04-19T01:08:22.809Z [LOG] [parse_extracted_emails.js] Parsed: parsed-INBOX-uid-6543.json
2026-04-19T01:08:22.809Z [LOG] [parse_extracted_emails.js] Parsed: parsed-INBOX-uid-6544.json
2026-04-19T01:08:22.809Z [LOG] [parse_extracted_emails.js] Parsed: parsed-INBOX-uid-6545.json
2026-04-19T01:08:22.809Z [LOG] [parse_extracted_emails.js] Parsed: parsed-INBOX-uid-6546.json
2026-04-19T01:08:22.809Z [LOG] [parse_extracted_emails.js] Parsed: parsed-INBOX-uid-6547.json
2026-04-19T01:08:22.809Z [LOG] [parse_extracted_emails.js] Parsed: parsed-INBOX-uid-6548.json
2026-04-19T01:08:22.809Z [LOG] [parse_extracted_emails.js] Parsed: parsed-INBOX-uid-6549.json
2026-04-19T01:08:22.809Z [LOG] [parse_extracted_emails.js] Parsed: parsed-INBOX-uid-6550.json
2026-04-19T01:08:22.809Z [LOG] [parse_extracted_emails.js] Parsed: parsed-INBOX-uid-6551.json
2026-04-19T01:08:22.809Z [LOG] [parse_extracted_emails.js] Parsed: parsed-INBOX-uid-6552.json
2026-04-19T01:08:22.809Z [LOG] [parse_extracted_emails.js] Parsed: parsed-INBOX-uid-6553.json
2026-04-19T01:08:22.809Z [LOG] [parse_extracted_emails.js] Parsed: parsed-INBOX-uid-6554.json
2026-04-19T01:08:22.809Z [LOG] [parse_extracted_emails.js] Parsed: parsed-INBOX-uid-6555.json
2026-04-19T01:08:22.809Z [LOG] [parse_extracted_emails.js] Parsed: parsed-INBOX-uid-6556.json
2026-04-19T01:08:22.809Z [LOG] [parse_extracted_emails.js] Parsed: parsed-INBOX-uid-6557.json
2026-04-19T01:08:22.809Z [LOG] [parse_extracted_emails.js] Parsed: parsed-INBOX-uid-6558.json
2026-04-19T01:08:22.809Z [LOG] [parse_extracted_emails.js] Parsed: parsed-INBOX-uid-6559.json
2026-04-19T01:08:22.809Z [LOG] [parse_extracted_emails.js] Parsed: parsed-INBOX-uid-6560.json
2026-04-19T01:08:22.809Z [LOG] [parse_extracted_emails.js] Parsed: parsed-INBOX-uid-6561.json
2026-04-19T01:08:22.809Z [LOG] [parse_extracted_emails.js] Parsed: parsed-INBOX-uid-6562.json
2026-04-19T01:08:22.809Z [LOG] [parse_extracted_emails.js] Parsed: parsed-INBOX-uid-6563.json
2026-04-19T01:08:22.809Z [LOG] [parse_extracted_emails.js] Parsed: parsed-INBOX-uid-6564.json
2026-04-19T01:08:22.809Z [LOG] [parse_extracted_emails.js] Parsed: parsed-INBOX-uid-6565.json
2026-04-19T01:08:22.809Z [LOG] [parse_extracted_emails.js] Parsed: parsed-INBOX-uid-6566.json
2026-04-19T01:08:22.809Z [LOG] [parse_extracted_emails.js] Parsed: parsed-INBOX-uid-6567.json
2026-04-19T01:08:22.809Z [LOG] [parse_extracted_emails.js] Parsed: parsed-INBOX-uid-6568.json
2026-04-19T01:08:22.809Z [LOG] [parse_extracted_emails.js] Parsed: parsed-INBOX-uid-6569.json
2026-04-19T01:08:22.809Z [LOG] [parse_extracted_emails.js] Parsed: parsed-INBOX-uid-6570.json
2026-04-19T01:08:22.809Z [LOG] [parse_extracted_emails.js] Parsed: parsed-INBOX-uid-6571.json
2026-04-19T01:08:22.809Z [LOG] [parse_extracted_emails.js] Parsed: parsed-INBOX-uid-6572.json
2026-04-19T01:08:22.809Z [LOG] [parse_extracted_emails.js] Parsed: parsed-INBOX-uid-6573.json
2026-04-19T01:08:22.809Z [LOG] [parse_extracted_emails.js] Parsed: parsed-INBOX-uid-6574.json
2026-04-19T01:08:22.809Z [LOG] [parse_extracted_emails.js] Parsed: parsed-INBOX-uid-6575.json
2026-04-19T01:08:22.809Z [LOG] [parse_extracted_emails.js] Parsed: parsed-INBOX-uid-6576.json
2026-04-19T01:08:22.809Z [LOG] [parse_extracted_emails.js] Parsed: parsed-INBOX-uid-6577.json
2026-04-19T01:08:22.809Z [LOG] [parse_extracted_emails.js] Parsed: parsed-INBOX-uid-6578.json
2026-04-19T01:08:22.809Z [LOG] [parse_extracted_emails.js] Parsed: parsed-INBOX-uid-6579.json
2026-04-19T01:08:22.809Z [LOG] [parse_extracted_emails.js] Parsed: parsed-INBOX-uid-6580.json
2026-04-19T01:08:22.809Z [LOG] [parse_extracted_emails.js] Parsed: parsed-INBOX-uid-6581.json
2026-04-19T01:08:22.810Z [LOG] [parse_extracted_emails.js] Parsed: parsed-INBOX-uid-6582.json
2026-04-19T01:08:22.810Z [LOG] [parse_extracted_emails.js] Parsed: parsed-INBOX-uid-6583.json
2026-04-19T01:08:22.810Z [LOG] [parse_extracted_emails.js] Parsed: parsed-INBOX-uid-6584.json
2026-04-19T01:08:22.810Z [LOG] [parse_extracted_emails.js] Parsed: parsed-INBOX-uid-6585.json
2026-04-19T01:08:22.810Z [LOG] [parse_extracted_emails.js] Parsed: parsed-INBOX-uid-6586.json
2026-04-19T01:08:22.810Z [LOG] [parse_extracted_emails.js] Parsed: parsed-INBOX-uid-6587.json
2026-04-19T01:08:22.810Z [LOG] [parse_extracted_emails.js] Parsed: parsed-INBOX-uid-6588.json
2026-04-19T01:08:22.810Z [LOG] [parse_extracted_emails.js] Parsed: parsed-INBOX-uid-6589.json
2026-04-19T01:08:22.810Z [LOG] [parse_extracted_emails.js] Parsed: parsed-INBOX-uid-6590.json
2026-04-19T01:08:22.810Z [LOG] [parse_extracted_emails.js] Parsed: parsed-INBOX-uid-6591.json
2026-04-19T01:08:22.810Z [LOG] [parse_extracted_emails.js] Parsed: parsed-INBOX-uid-6592.json
2026-04-19T01:08:22.810Z [LOG] [parse_extracted_emails.js] Parsed: parsed-INBOX-uid-6593.json
2026-04-19T01:08:22.810Z [LOG] [parse_extracted_emails.js] Parsed: parsed-INBOX-uid-6594.json
2026-04-19T01:08:22.810Z [LOG] [parse_extracted_emails.js] Parsed: parsed-INBOX-uid-6595.json
2026-04-19T01:08:22.810Z [LOG] [parse_extracted_emails.js] Parsed: parsed-INBOX-uid-6596.json
2026-04-19T01:08:22.810Z [LOG] [parse_extracted_emails.js] Parsed: parsed-INBOX-uid-6605.json
2026-04-19T01:08:22.810Z [LOG] [parse_extracted_emails.js] Parsed: parsed-INBOX-uid-6608.json
2026-04-19T01:08:22.810Z [LOG] [parse_extracted_emails.js] Parsed: parsed-INBOX-uid-6609.json
2026-04-19T01:08:22.810Z [LOG] [parse_extracted_emails.js] Parsed: parsed-INBOX-uid-6610.json
2026-04-19T01:08:22.810Z [LOG] [parse_extracted_emails.js] Parsed: parsed-INBOX-uid-6611.json
2026-04-19T01:08:22.810Z [LOG] [parse_extracted_emails.js] Parsed: parsed-INBOX-uid-6612.json
2026-04-19T01:08:22.810Z [LOG] [parse_extracted_emails.js] Parsed: parsed-INBOX-uid-6613.json
2026-04-19T01:08:22.810Z [LOG] [parse_extracted_emails.js] Parsed: parsed-INBOX-uid-6614.json
2026-04-19T01:08:22.810Z [LOG] [parse_extracted_emails.js] Parsed: parsed-INBOX-uid-6615.json
2026-04-19T01:08:22.810Z [LOG] [parse_extracted_emails.js] Parsed: parsed-INBOX-uid-6616.json
2026-04-19T01:08:22.810Z [LOG] [parse_extracted_emails.js] Parsed: parsed-INBOX-uid-6617.json
2026-04-19T01:08:22.810Z [LOG] [parse_extracted_emails.js] Parsed: parsed-INBOX-uid-6618.json
2026-04-19T01:08:22.810Z [LOG] [parse_extracted_emails.js] Parsed: parsed-INBOX-uid-6619.json
2026-04-19T01:08:22.810Z [LOG] [parse_extracted_emails.js] Parsed: parsed-INBOX-uid-6620.json
2026-04-19T01:08:22.810Z [LOG] [parse_extracted_emails.js] Parsed: parsed-INBOX-uid-6621.json
2026-04-19T01:08:22.810Z [LOG] [parse_extracted_emails.js] Parsed: parsed-INBOX-uid-6622.json
2026-04-19T01:08:22.810Z [LOG] [parse_extracted_emails.js] Parsed: parsed-INBOX-uid-6627.json
2026-04-19T01:08:22.810Z [LOG] [parse_extracted_emails.js] Parsed: parsed-INBOX-uid-6633.json
2026-04-19T01:08:22.810Z [LOG] [parse_extracted_emails.js] Parsed: parsed-INBOX-uid-6634.json
2026-04-19T01:08:22.810Z [LOG] [parse_extracted_emails.js] Parsed: parsed-INBOX-uid-6635.json
2026-04-19T01:08:22.810Z [LOG] [parse_extracted_emails.js] Parsed: parsed-INBOX-uid-6636.json
2026-04-19T01:08:22.810Z [LOG] [parse_extracted_emails.js] Parsed: parsed-INBOX-uid-6637.json
2026-04-19T01:08:22.810Z [LOG] [parse_extracted_emails.js] Parsed: parsed-INBOX-uid-6638.json
2026-04-19T01:08:22.810Z [LOG] [parse_extracted_emails.js] Parsed: parsed-INBOX-uid-6639.json
2026-04-19T01:08:22.810Z [LOG] [parse_extracted_emails.js] Parsed: parsed-INBOX-uid-6640.json
2026-04-19T01:08:22.810Z [LOG] [parse_extracted_emails.js] Parsed: parsed-INBOX-uid-6641.json
2026-04-19T01:08:22.810Z [LOG] [parse_extracted_emails.js] Parsed: parsed-INBOX-uid-6647.json
2026-04-19T01:08:22.810Z [LOG] [parse_extracted_emails.js] Parsed: parsed-INBOX-uid-6648.json
2026-04-19T01:08:22.810Z [LOG] [parse_extracted_emails.js] Parsed: parsed-INBOX-uid-6649.json
2026-04-19T01:08:22.810Z [LOG] [parse_extracted_emails.js] Parsed: parsed-INBOX-uid-6650.json
2026-04-19T01:08:22.810Z [LOG] [parse_extracted_emails.js] Parsed: parsed-INBOX-uid-6652.json
2026-04-19T01:08:22.810Z [LOG] [parse_extracted_emails.js] Parsed: parsed-INBOX-uid-6653.json
2026-04-19T01:08:22.810Z [LOG] [parse_extracted_emails.js] Parsed: parsed-INBOX-uid-6654.json
2026-04-19T01:08:22.810Z [LOG] [parse_extracted_emails.js] Parsed: parsed-INBOX-uid-6655.json
2026-04-19T01:08:22.810Z [LOG] [parse_extracted_emails.js] Parsed: parsed-INBOX-uid-6664.json
2026-04-19T01:08:22.810Z [LOG] [parse_extracted_emails.js] Parsed: parsed-INBOX-uid-6666.json
2026-04-19T01:08:22.810Z [LOG] [parse_extracted_emails.js] Parsed: parsed-INBOX-uid-6667.json
2026-04-19T01:08:22.810Z [LOG] [parse_extracted_emails.js] Parsed: parsed-INBOX-uid-6668.json
2026-04-19T01:08:22.810Z [LOG] [parse_extracted_emails.js] Parsed: parsed-INBOX-uid-6669.json
2026-04-19T01:08:22.810Z [LOG] [parse_extracted_emails.js] Parsed: parsed-INBOX-uid-6670.json
2026-04-19T01:08:22.810Z [LOG] [parse_extracted_emails.js] Parsed: parsed-INBOX-uid-6671.json
2026-04-19T01:08:22.810Z [LOG] [parse_extracted_emails.js] Parsed: parsed-INBOX-uid-6672.json
2026-04-19T01:08:22.810Z [LOG] [parse_extracted_emails.js] Parsed: parsed-INBOX-uid-6673.json
2026-04-19T01:08:22.810Z [LOG] [parse_extracted_emails.js] Parsed: parsed-INBOX-uid-6674.json
2026-04-19T01:08:22.810Z [LOG] [parse_extracted_emails.js] Parsed: parsed-INBOX-uid-6675.json
2026-04-19T01:08:22.810Z [LOG] [parse_extracted_emails.js] Parsed: parsed-INBOX-uid-6676.json
2026-04-19T01:08:22.810Z [LOG] [parse_extracted_emails.js] Parsed: parsed-INBOX-uid-6677.json
2026-04-19T01:08:22.810Z [LOG] [parse_extracted_emails.js] Parsed: parsed-INBOX-uid-6678.json
2026-04-19T01:08:22.810Z [LOG] [parse_extracted_emails.js] Parsed: parsed-INBOX-uid-6679.json
2026-04-19T01:08:22.810Z [LOG] [parse_extracted_emails.js] Parsed: parsed-INBOX-uid-6680.json
2026-04-19T01:08:22.810Z [LOG] [parse_extracted_emails.js] Parsed: parsed-INBOX-uid-6681.json
2026-04-19T01:08:22.810Z [LOG] [parse_extracted_emails.js] Parsed: parsed-INBOX-uid-6682.json
2026-04-19T01:08:22.810Z [LOG] [parse_extracted_emails.js] Parsed: parsed-INBOX-uid-6683.json
2026-04-19T01:08:22.810Z [LOG] [parse_extracted_emails.js] Parsed: parsed-INBOX-uid-6684.json
2026-04-19T01:08:22.810Z [LOG] [parse_extracted_emails.js] Parsed: parsed-INBOX-uid-6685.json
2026-04-19T01:08:22.810Z [LOG] [parse_extracted_emails.js] Parsed: parsed-INBOX-uid-6686.json
2026-04-19T01:08:22.810Z [LOG] [parse_extracted_emails.js] Parsed: parsed-INBOX-uid-6687.json
2026-04-19T01:08:22.810Z [LOG] [parse_extracted_emails.js] Parsed: parsed-INBOX-uid-6688.json
2026-04-19T01:08:22.810Z [LOG] [parse_extracted_emails.js] Parsed: parsed-INBOX-uid-6689.json
2026-04-19T01:08:22.810Z [LOG] [parse_extracted_emails.js] Parsed: parsed-INBOX-uid-6690.json
2026-04-19T01:08:22.810Z [LOG] [parse_extracted_emails.js] Parsed: parsed-INBOX-uid-6692.json
2026-04-19T01:08:22.810Z [LOG] [parse_extracted_emails.js] Parsed: parsed-INBOX-uid-6693.json
2026-04-19T01:08:22.810Z [LOG] [parse_extracted_emails.js] Parsed: parsed-INBOX-uid-6694.json
2026-04-19T01:08:22.810Z [LOG] [parse_extracted_emails.js] Parsed: parsed-INBOX-uid-6695.json
2026-04-19T01:08:22.810Z [LOG] [parse_extracted_emails.js] Parsed: parsed-INBOX-uid-6696.json
2026-04-19T01:08:22.810Z [LOG] [parse_extracted_emails.js] Parsed: parsed-INBOX-uid-6697.json
2026-04-19T01:08:22.810Z [LOG] [parse_extracted_emails.js] Parsed: parsed-INBOX-uid-6698.json
2026-04-19T01:08:22.810Z [LOG] [parse_extracted_emails.js] Parsed: parsed-INBOX-uid-6699.json
2026-04-19T01:08:22.810Z [LOG] [parse_extracted_emails.js] Parsed: parsed-INBOX-uid-6700.json
2026-04-19T01:08:22.810Z [LOG] [parse_extracted_emails.js] Parsed: parsed-INBOX-uid-6701.json
2026-04-19T01:08:22.810Z [LOG] [parse_extracted_emails.js] Parsed: parsed-INBOX-uid-6702.json
2026-04-19T01:08:22.810Z [LOG] [parse_extracted_emails.js] Parsed: parsed-INBOX-uid-6703.json
2026-04-19T01:08:22.810Z [LOG] [parse_extracted_emails.js] Parsed: parsed-INBOX-uid-6704.json
2026-04-19T01:08:22.810Z [LOG] [parse_extracted_emails.js] Parsed: parsed-INBOX-uid-6705.json
2026-04-19T01:08:22.810Z [LOG] [parse_extracted_emails.js] Parsed: parsed-INBOX-uid-6706.json
2026-04-19T01:08:22.810Z [LOG] [parse_extracted_emails.js] Parsed: parsed-INBOX-uid-6707.json
2026-04-19T01:08:22.810Z [LOG] [parse_extracted_emails.js] Parsed: parsed-INBOX-uid-6708.json
2026-04-19T01:08:22.810Z [LOG] [parse_extracted_emails.js] Parsed: parsed-INBOX-uid-6709.json
2026-04-19T01:08:22.810Z [LOG] [parse_extracted_emails.js] Parsed: parsed-INBOX-uid-6710.json
2026-04-19T01:08:22.810Z [LOG] [parse_extracted_emails.js] Parsed: parsed-INBOX-uid-6711.json
2026-04-19T01:08:22.810Z [LOG] [parse_extracted_emails.js] Parsed: parsed-INBOX-uid-6718.json
2026-04-19T01:08:22.810Z [LOG] [parse_extracted_emails.js] Parsed: parsed-INBOX-uid-6722.json
2026-04-19T01:08:22.810Z [LOG] [parse_extracted_emails.js] Parsed: parsed-INBOX-uid-6723.json
2026-04-19T01:08:22.810Z [LOG] [parse_extracted_emails.js] Parsed: parsed-INBOX-uid-6725.json
2026-04-19T01:08:22.810Z [LOG] [parse_extracted_emails.js] Parsed: parsed-INBOX-uid-6726.json
2026-04-19T01:08:22.810Z [LOG] [parse_extracted_emails.js] Parsed: parsed-INBOX-uid-6729.json
2026-04-19T01:08:22.810Z [LOG] [parse_extracted_emails.js] Parsed: parsed-INBOX-uid-6730.json
2026-04-19T01:08:22.810Z [LOG] [parse_extracted_emails.js] Parsed: parsed-INBOX-uid-6732.json
2026-04-19T01:08:22.810Z [LOG] [parse_extracted_emails.js] Parsed: parsed-INBOX-uid-6733.json
2026-04-19T01:08:22.810Z [LOG] [parse_extracted_emails.js] Parsed: parsed-INBOX-uid-6734.json
2026-04-19T01:08:22.810Z [LOG] [parse_extracted_emails.js] Parsed: parsed-INBOX-uid-6735.json
2026-04-19T01:08:22.810Z [LOG] [parse_extracted_emails.js] Parsed: parsed-INBOX-uid-6736.json
2026-04-19T01:08:22.810Z [LOG] [parse_extracted_emails.js] Parsed: parsed-INBOX-uid-6737.json
2026-04-19T01:08:22.810Z [LOG] [parse_extracted_emails.js] Parsed: parsed-INBOX-uid-6738.json
2026-04-19T01:08:22.810Z [LOG] [parse_extracted_emails.js] Parsed: parsed-INBOX-uid-6748.json
2026-04-19T01:08:22.810Z [LOG] [parse_extracted_emails.js] Parsed: parsed-INBOX-uid-6749.json
2026-04-19T01:08:22.810Z [LOG] [parse_extracted_emails.js] Parsed: parsed-INBOX-uid-6750.json
2026-04-19T01:08:22.810Z [LOG] [parse_extracted_emails.js] Parsed: parsed-INBOX-uid-6751.json
2026-04-19T01:08:22.810Z [LOG] [parse_extracted_emails.js] Parsed: parsed-INBOX-uid-6752.json
2026-04-19T01:08:22.810Z [LOG] [parse_extracted_emails.js] Parsed: parsed-INBOX-uid-6753.json
2026-04-19T01:08:22.810Z [LOG] [parse_extracted_emails.js] Parsed: parsed-INBOX-uid-6754.json
2026-04-19T01:08:22.810Z [LOG] [parse_extracted_emails.js] Parsed: parsed-INBOX-uid-6755.json
2026-04-19T01:08:22.810Z [LOG] [parse_extracted_emails.js] Parsed: parsed-INBOX-uid-6756.json
2026-04-19T01:08:22.810Z [LOG] [parse_extracted_emails.js] Parsed: parsed-INBOX-uid-6757.json
2026-04-19T01:08:22.810Z [LOG] [parse_extracted_emails.js] Parsed: parsed-INBOX-uid-6758.json
2026-04-19T01:08:22.810Z [LOG] [parse_extracted_emails.js] Parsed: parsed-INBOX-uid-6759.json
2026-04-19T01:08:22.810Z [LOG] [parse_extracted_emails.js] Parsed: parsed-INBOX-uid-6760.json
2026-04-19T01:08:22.810Z [LOG] [parse_extracted_emails.js] Parsed: parsed-INBOX-uid-6761.json
2026-04-19T01:08:22.810Z [LOG] [parse_extracted_emails.js] Parsed: parsed-INBOX-uid-6762.json
2026-04-19T01:08:22.810Z [LOG] [parse_extracted_emails.js] Parsed: parsed-INBOX-uid-6763.json
2026-04-19T01:08:22.810Z [LOG] [parse_extracted_emails.js] Parsed: parsed-INBOX-uid-6764.json
2026-04-19T01:08:22.810Z [LOG] [parse_extracted_emails.js] Parsed: parsed-INBOX-uid-6765.json
2026-04-19T01:08:22.810Z [LOG] [parse_extracted_emails.js] Parsed: parsed-INBOX-uid-6766.json
2026-04-19T01:08:22.810Z [LOG] [parse_extracted_emails.js] Parsed: parsed-INBOX-uid-6767.json
2026-04-19T01:08:22.810Z [LOG] [parse_extracted_emails.js] Parsed: parsed-INBOX-uid-6768.json
2026-04-19T01:08:22.810Z [LOG] [parse_extracted_emails.js] Parsed: parsed-INBOX-uid-6769.json
2026-04-19T01:08:22.810Z [LOG] [parse_extracted_emails.js] Parsed: parsed-INBOX-uid-6770.json
2026-04-19T01:08:22.810Z [LOG] [parse_extracted_emails.js] Parsed: parsed-INBOX-uid-6771.json
2026-04-19T01:08:22.810Z [LOG] [parse_extracted_emails.js] Parsed: parsed-INBOX-uid-6772.json
2026-04-19T01:08:22.810Z [LOG] [parse_extracted_emails.js] Parsed: parsed-INBOX-uid-6773.json
2026-04-19T01:08:22.810Z [LOG] [parse_extracted_emails.js] Parsed: parsed-INBOX-uid-6774.json
2026-04-19T01:08:22.810Z [LOG] [parse_extracted_emails.js] Parsed: parsed-INBOX-uid-6775.json
2026-04-19T01:08:22.810Z [LOG] [parse_extracted_emails.js] Parsed: parsed-INBOX-uid-6776.json
2026-04-19T01:08:22.810Z [LOG] [parse_extracted_emails.js] Parsed: parsed-INBOX-uid-6777.json
2026-04-19T01:08:22.810Z [LOG] [parse_extracted_emails.js] Parsed: parsed-INBOX-uid-6778.json
2026-04-19T01:08:22.810Z [LOG] [parse_extracted_emails.js] Parsed: parsed-INBOX-uid-6779.json
2026-04-19T01:08:22.810Z [LOG] [parse_extracted_emails.js] Parsed: parsed-INBOX-uid-6780.json
2026-04-19T01:08:22.810Z [LOG] [parse_extracted_emails.js] Parsed: parsed-INBOX-uid-6781.json
2026-04-19T01:08:22.810Z [LOG] [parse_extracted_emails.js] Parsed: parsed-INBOX-uid-6782.json
2026-04-19T01:08:22.810Z [LOG] [parse_extracted_emails.js] Parsed: parsed-INBOX-uid-6783.json
2026-04-19T01:08:22.810Z [LOG] [parse_extracted_emails.js] Parsed: parsed-INBOX-uid-6784.json
2026-04-19T01:08:22.810Z [LOG] [parse_extracted_emails.js] Parsed: parsed-INBOX-uid-6785.json
2026-04-19T01:08:22.810Z [LOG] [parse_extracted_emails.js] Parsed: parsed-INBOX-uid-6786.json
2026-04-19T01:08:22.810Z [LOG] [parse_extracted_emails.js] Parsed: parsed-INBOX-uid-6787.json
2026-04-19T01:08:22.810Z [LOG] [parse_extracted_emails.js] Parsed: parsed-INBOX-uid-6788.json
2026-04-19T01:08:22.810Z [LOG] [parse_extracted_emails.js] Parsed: parsed-INBOX-uid-6789.json
2026-04-19T01:08:22.810Z [LOG] [parse_extracted_emails.js] Parsed: parsed-INBOX-uid-6790.json
2026-04-19T01:08:22.810Z [LOG] [parse_extracted_emails.js] Parsed: parsed-INBOX-uid-6791.json
2026-04-19T01:08:22.810Z [LOG] [parse_extracted_emails.js] Parsed: parsed-INBOX-uid-6792.json
2026-04-19T01:08:22.810Z [LOG] [parse_extracted_emails.js] Parsed: parsed-INBOX-uid-6793.json
2026-04-19T01:08:22.810Z [LOG] [parse_extracted_emails.js] Parsed: parsed-INBOX-uid-6794.json
2026-04-19T01:08:22.810Z [LOG] [parse_extracted_emails.js] Parsed: parsed-INBOX-uid-6795.json
2026-04-19T01:08:22.810Z [LOG] [parse_extracted_emails.js] Parsed: parsed-INBOX-uid-6796.json
2026-04-19T01:08:22.810Z [LOG] [parse_extracted_emails.js] Parsed: parsed-INBOX-uid-6797.json
2026-04-19T01:08:22.810Z [LOG] [parse_extracted_emails.js] Parsed: parsed-INBOX-uid-6798.json
2026-04-19T01:08:22.810Z [LOG] [parse_extracted_emails.js] Parsed: parsed-INBOX-uid-6799.json
2026-04-19T01:08:22.810Z [LOG] [parse_extracted_emails.js] Parsed: parsed-INBOX-uid-6800.json
2026-04-19T01:08:22.810Z [LOG] [parse_extracted_emails.js] Parsed: parsed-INBOX-uid-6801.json
2026-04-19T01:08:22.810Z [LOG] [parse_extracted_emails.js] Parsed: parsed-INBOX-uid-6802.json
2026-04-19T01:08:22.810Z [LOG] [parse_extracted_emails.js] Parsed: parsed-INBOX-uid-6803.json
2026-04-19T01:08:22.810Z [LOG] [parse_extracted_emails.js] Parsed: parsed-INBOX-uid-6804.json
2026-04-19T01:08:22.810Z [LOG] [parse_extracted_emails.js] Parsed: parsed-INBOX-uid-6805.json
2026-04-19T01:08:22.810Z [LOG] [parse_extracted_emails.js] Parsed: parsed-INBOX-uid-6806.json
2026-04-19T01:08:22.810Z [LOG] [parse_extracted_emails.js] Parsed: parsed-INBOX-uid-6807.json
2026-04-19T01:08:22.810Z [LOG] [parse_extracted_emails.js] Parsed: parsed-INBOX-uid-6808.json
2026-04-19T01:08:22.810Z [LOG] [parse_extracted_emails.js] Parsed: parsed-INBOX-uid-6809.json
2026-04-19T01:08:22.810Z [LOG] [parse_extracted_emails.js] Parsed: parsed-INBOX-uid-6810.json
2026-04-19T01:08:22.810Z [LOG] [parse_extracted_emails.js] Parsed: parsed-INBOX-uid-6811.json
2026-04-19T01:08:22.810Z [LOG] [parse_extracted_emails.js] Parsed: parsed-INBOX-uid-6812.json
2026-04-19T01:08:22.810Z [LOG] [parse_extracted_emails.js] Parsed: parsed-INBOX-uid-6813.json
2026-04-19T01:08:22.810Z [LOG] [parse_extracted_emails.js] Parsed: parsed-INBOX-uid-6814.json
2026-04-19T01:08:22.810Z [LOG] [parse_extracted_emails.js] Parsed: parsed-INBOX-uid-6815.json
2026-04-19T01:08:22.810Z [LOG] [parse_extracted_emails.js] Parsed: parsed-INBOX-uid-6816.json
2026-04-19T01:08:22.810Z [LOG] [parse_extracted_emails.js] Parsed: parsed-INBOX-uid-6817.json
2026-04-19T01:08:22.810Z [LOG] [parse_extracted_emails.js] Parsed: parsed-INBOX-uid-6818.json
2026-04-19T01:08:22.810Z [LOG] [parse_extracted_emails.js] Parsed: parsed-INBOX-uid-6819.json
2026-04-19T01:08:22.810Z [LOG] [parse_extracted_emails.js] Parsed: parsed-INBOX-uid-6820.json
2026-04-19T01:08:22.810Z [LOG] [parse_extracted_emails.js] Parsed: parsed-INBOX-uid-6821.json
2026-04-19T01:08:22.810Z [LOG] [parse_extracted_emails.js] Parsed: parsed-INBOX-uid-6822.json
2026-04-19T01:08:22.810Z [LOG] [parse_extracted_emails.js] Parsed: parsed-INBOX-uid-6823.json
2026-04-19T01:08:22.810Z [LOG] [parse_extracted_emails.js] Parsed: parsed-INBOX-uid-6824.json
2026-04-19T01:08:22.810Z [LOG] [parse_extracted_emails.js] Parsed: parsed-INBOX-uid-6825.json
2026-04-19T01:08:22.810Z [LOG] [parse_extracted_emails.js] Parsed: parsed-INBOX-uid-6826.json
2026-04-19T01:08:22.810Z [LOG] [parse_extracted_emails.js] Parsed: parsed-INBOX-uid-6827.json
2026-04-19T01:08:22.810Z [LOG] [parse_extracted_emails.js] Parsed: parsed-INBOX-uid-6828.json
2026-04-19T01:08:22.810Z [LOG] [parse_extracted_emails.js] Parsed: parsed-INBOX-uid-6829.json
2026-04-19T01:08:22.810Z [LOG] [parse_extracted_emails.js] Parsed: parsed-INBOX-uid-6830.json
2026-04-19T01:08:22.810Z [LOG] [parse_extracted_emails.js] Parsed: parsed-INBOX-uid-6831.json
2026-04-19T01:08:22.810Z [LOG] [parse_extracted_emails.js] Parsed: parsed-INBOX-uid-6832.json
2026-04-19T01:08:22.810Z [LOG] [parse_extracted_emails.js] Parsed: parsed-INBOX-uid-6833.json
2026-04-19T01:08:22.810Z [LOG] [parse_extracted_emails.js] Parsed: parsed-INBOX-uid-6834.json
2026-04-19T01:08:22.810Z [LOG] [parse_extracted_emails.js] Parsed: parsed-INBOX-uid-6835.json
2026-04-19T01:08:22.810Z [LOG] [parse_extracted_emails.js] Parsed: parsed-INBOX-uid-6836.json
2026-04-19T01:08:22.810Z [LOG] [parse_extracted_emails.js] Parsed: parsed-INBOX-uid-6837.json
2026-04-19T01:08:22.810Z [LOG] [parse_extracted_emails.js] Parsed: parsed-INBOX-uid-6838.json
2026-04-19T01:08:22.811Z [LOG] [parse_extracted_emails.js] Parsed: parsed-INBOX-uid-6839.json
2026-04-19T01:08:22.811Z [LOG] [parse_extracted_emails.js] Parsed: parsed-INBOX-uid-6840.json
2026-04-19T01:08:22.811Z [LOG] [parse_extracted_emails.js] Parsed: parsed-INBOX-uid-6841.json
2026-04-19T01:08:22.811Z [LOG] [parse_extracted_emails.js] Parsed: parsed-INBOX-uid-6842.json
2026-04-19T01:08:22.811Z [LOG] [parse_extracted_emails.js] Parsed: parsed-INBOX-uid-6843.json
2026-04-19T01:08:22.811Z [LOG] [parse_extracted_emails.js] Parsed: parsed-INBOX-uid-6844.json
2026-04-19T01:08:22.811Z [LOG] [parse_extracted_emails.js] Parsed: parsed-INBOX-uid-6845.json
2026-04-19T01:08:22.811Z [LOG] [parse_extracted_emails.js] Parsed: parsed-INBOX-uid-6846.json
2026-04-19T01:08:22.811Z [LOG] [parse_extracted_emails.js] Parsed: parsed-INBOX-uid-6847.json
2026-04-19T01:08:22.811Z [LOG] [parse_extracted_emails.js] Parsed: parsed-INBOX-uid-6848.json
2026-04-19T01:08:22.811Z [LOG] [parse_extracted_emails.js] Parsed: parsed-INBOX-uid-6849.json
2026-04-19T01:08:22.811Z [LOG] [parse_extracted_emails.js] Parsed: parsed-INBOX-uid-6850.json
2026-04-19T01:08:22.811Z [LOG] [parse_extracted_emails.js] Parsed: parsed-INBOX-uid-6851.json
2026-04-19T01:08:22.811Z [LOG] [parse_extracted_emails.js] Parsed: parsed-INBOX-uid-6852.json
2026-04-19T01:08:22.811Z [LOG] [parse_extracted_emails.js] Parsed: parsed-INBOX-uid-6853.json
2026-04-19T01:08:22.811Z [LOG] [parse_extracted_emails.js] Parsed: parsed-INBOX-uid-6854.json
2026-04-19T01:08:22.811Z [LOG] [parse_extracted_emails.js] Parsed: parsed-INBOX-uid-6855.json
2026-04-19T01:08:22.811Z [LOG] [parse_extracted_emails.js] Parsed: parsed-INBOX-uid-6856.json
2026-04-19T01:08:22.811Z [LOG] [parse_extracted_emails.js] Parsed: parsed-INBOX-uid-6857.json
2026-04-19T01:08:22.811Z [LOG] [parse_extracted_emails.js] Parsed: parsed-INBOX-uid-6858.json
2026-04-19T01:08:22.811Z [LOG] [parse_extracted_emails.js] Parsed: parsed-INBOX-uid-6859.json
2026-04-19T01:08:22.811Z [LOG] [parse_extracted_emails.js] Parsed: parsed-INBOX-uid-6860.json
2026-04-19T01:08:22.811Z [LOG] [parse_extracted_emails.js] Parsed: parsed-INBOX-uid-6861.json
2026-04-19T01:08:22.811Z [LOG] [parse_extracted_emails.js] Parsed: parsed-INBOX-uid-6862.json
2026-04-19T01:08:22.811Z [LOG] [parse_extracted_emails.js] Parsed: parsed-INBOX-uid-6863.json
2026-04-19T01:08:22.811Z [LOG] [parse_extracted_emails.js] Parsed: parsed-INBOX-uid-6864.json
2026-04-19T01:08:22.811Z [LOG] [parse_extracted_emails.js] Parsed: parsed-INBOX-uid-6865.json
2026-04-19T01:08:22.811Z [LOG] [parse_extracted_emails.js] Parsed: parsed-INBOX-uid-6866.json
2026-04-19T01:08:22.811Z [LOG] [parse_extracted_emails.js] Parsed: parsed-INBOX-uid-6867.json
2026-04-19T01:08:22.811Z [LOG] [parse_extracted_emails.js] Parsed: parsed-INBOX-uid-6868.json
2026-04-19T01:08:22.811Z [LOG] [parse_extracted_emails.js] Parsed: parsed-INBOX-uid-6869.json
2026-04-19T01:08:22.811Z [LOG] [parse_extracted_emails.js] Parsed: parsed-INBOX-uid-6870.json
2026-04-19T01:08:22.811Z [LOG] [parse_extracted_emails.js] Parsed: parsed-INBOX-uid-6871.json
2026-04-19T01:08:22.811Z [LOG] [parse_extracted_emails.js] Parsed: parsed-INBOX-uid-6872.json
2026-04-19T01:08:22.811Z [LOG] [parse_extracted_emails.js] Parsed: parsed-INBOX-uid-6873.json
2026-04-19T01:08:22.811Z [LOG] [parse_extracted_emails.js] Parsed: parsed-INBOX-uid-6874.json
2026-04-19T01:08:22.811Z [LOG] [parse_extracted_emails.js] Parsed: parsed-INBOX-uid-6875.json
2026-04-19T01:08:22.796Z [LOG] parse summary: total=1676, parsed=1486, alreadyParsed=0, missingFields=190, invalidMessageType=0, missingParser=0, parseErrors=3
2026-04-19T01:08:22.811Z [LOG] [parse_extracted_emails.js] done
2026-04-19T01:08:22.811Z [LOG] [pipeline #1] new emails parsed: 1486
2026-04-19T01:08:22.811Z [LOG] [build_cfs_csv_mawb.js] starting…
2026-04-19T01:08:22.968Z [LOG] Written 361 rows to CFS_mawb.csv
2026-04-19T01:08:22.971Z [LOG]   Rows with no FFM match (no flight data): 2
2026-04-19T01:08:22.974Z [LOG] [build_cfs_csv_mawb.js] done
2026-04-19T01:08:22.974Z [LOG] [build_cfs_csv_uld.js] starting…
2026-04-19T01:08:23.140Z [LOG] [build_cfs_csv_uld.js] Written 619 rows to /home/wesleywu9/tolead/NCAParser/server/data/outputs/parsed_tables/CFS_uld.csv
2026-04-19T01:08:23.140Z [LOG] [build_cfs_csv_uld.js]   Rows with no FFM match: 3
2026-04-19T01:08:23.140Z [LOG] [build_cfs_csv_uld.js]   Extra rows from MAWBs split across multiple ULDs: 257
2026-04-19T01:08:23.140Z [LOG] [build_cfs_csv_uld.js] done
2026-04-19T01:08:23.140Z [LOG] [build_cfs_csv_hawb.js] starting…
2026-04-19T01:08:23.295Z [LOG] Written 438 rows to CFS_hawb.csv
2026-04-19T01:08:23.298Z [LOG]   HAWB rows: 350
2026-04-19T01:08:23.298Z [LOG]   MAWB-only rows: 88
2026-04-19T01:08:23.298Z [LOG]   Rows with no FFM match (no flight data): 3
2026-04-19T01:08:23.307Z [LOG] [build_cfs_csv_hawb.js] done
2026-04-19T01:08:23.307Z [LOG] [upload_tables_to_sheets.js] starting…
2026-04-19T01:08:23.354Z [LOG] [mawb] Clearing 'CFS_by_MAWB'!A:AH …
2026-04-19T01:08:24.191Z [LOG] [mawb] Writing 362 rows → 'CFS_by_MAWB'!A1 …
2026-04-19T01:08:26.749Z [LOG] [mawb] Applied sheet formatting and sorting
2026-04-19T01:08:26.749Z [LOG] [mawb] Done — 361 data rows uploaded.
2026-04-19T01:08:26.751Z [LOG] [uld] Clearing 'CFS_by_ULD'!A:AH …
2026-04-19T01:08:27.256Z [LOG] [uld] Writing 620 rows → 'CFS_by_ULD'!A1 …
2026-04-19T01:08:29.533Z [LOG] [uld] Applied sheet formatting and sorting
2026-04-19T01:08:29.533Z [LOG] [uld] Done — 619 data rows uploaded.
2026-04-19T01:08:29.535Z [LOG] [hawb] Clearing 'CFS_by_HAWB'!A:AH …
2026-04-19T01:08:30.128Z [LOG] [hawb] Writing 439 rows → 'CFS_by_HAWB'!A1 …
2026-04-19T01:08:32.289Z [LOG] [hawb] Applied sheet formatting and sorting
2026-04-19T01:08:32.289Z [LOG] [hawb] Done — 438 data rows uploaded.
2026-04-19T01:08:32.295Z [LOG] [upload_tables_to_sheets.js] done
2026-04-19T01:08:32.295Z [LOG] [pipeline #1] pipeline complete
2026-04-19T01:11:19.118Z [LOG] ────────────────────────────────────────────────────────────
2026-04-19T01:11:19.120Z [LOG] [pipeline #1] 2026-04-19T01:11:19.120Z
2026-04-19T01:11:19.121Z [LOG] [extract_emails.js] starting…
2026-04-19T01:11:22.483Z [LOG] extracted 0 email(s) this run
2026-04-19T01:11:22.780Z [LOG] extraction finished
2026-04-19T01:11:22.787Z [LOG] [extract_emails.js] done
2026-04-19T01:11:22.788Z [LOG] [pipeline #1] new emails extracted: 0
2026-04-19T01:11:22.788Z [LOG] [parse_extracted_emails.js] starting…
2026-04-19T01:11:47.636Z [LOG] [parse_extracted_emails.js] Parsed: parsed-INBOX-uid-1001.json
2026-04-19T01:11:47.637Z [LOG] [parse_extracted_emails.js] Parsed: parsed-INBOX-uid-1002.json
2026-04-19T01:11:47.637Z [LOG] [parse_extracted_emails.js] Parsed: parsed-INBOX-uid-1004.json
2026-04-19T01:11:47.637Z [LOG] [parse_extracted_emails.js] Parsed: parsed-INBOX-uid-1005.json
2026-04-19T01:11:47.637Z [LOG] [parse_extracted_emails.js] Parsed: parsed-INBOX-uid-1006.json
2026-04-19T01:11:47.637Z [LOG] [parse_extracted_emails.js] Parsed: parsed-INBOX-uid-1007.json
2026-04-19T01:11:47.637Z [LOG] [parse_extracted_emails.js] Parsed: parsed-INBOX-uid-1008.json
2026-04-19T01:11:47.637Z [LOG] [parse_extracted_emails.js] Parsed: parsed-INBOX-uid-1009.json
2026-04-19T01:11:47.637Z [LOG] [parse_extracted_emails.js] Parsed: parsed-INBOX-uid-1010.json
2026-04-19T01:11:47.637Z [LOG] [parse_extracted_emails.js] Parsed: parsed-INBOX-uid-1014.json
2026-04-19T01:11:47.637Z [LOG] [parse_extracted_emails.js] Parsed: parsed-INBOX-uid-1020.json
2026-04-19T01:11:47.637Z [LOG] [parse_extracted_emails.js] Parsed: parsed-INBOX-uid-1021.json
2026-04-19T01:11:47.637Z [LOG] [parse_extracted_emails.js] Parsed: parsed-INBOX-uid-1022.json
2026-04-19T01:11:47.637Z [LOG] [parse_extracted_emails.js] Parsed: parsed-INBOX-uid-1023.json
2026-04-19T01:11:47.637Z [LOG] [parse_extracted_emails.js] Parsed: parsed-INBOX-uid-1264.json
2026-04-19T01:11:47.637Z [LOG] [parse_extracted_emails.js] Parsed: parsed-INBOX-uid-1265.json
2026-04-19T01:11:47.637Z [LOG] [parse_extracted_emails.js] Parsed: parsed-INBOX-uid-1266.json
2026-04-19T01:11:47.637Z [LOG] [parse_extracted_emails.js] Parsed: parsed-INBOX-uid-1339.json
2026-04-19T01:11:47.637Z [LOG] [parse_extracted_emails.js] Parsed: parsed-INBOX-uid-1340.json
2026-04-19T01:11:47.637Z [LOG] [parse_extracted_emails.js] Parsed: parsed-INBOX-uid-1341.json
2026-04-19T01:11:47.637Z [LOG] [parse_extracted_emails.js] Parsed: parsed-INBOX-uid-1342.json
2026-04-19T01:11:47.637Z [LOG] [parse_extracted_emails.js] Parsed: parsed-INBOX-uid-1343.json
2026-04-19T01:11:47.637Z [LOG] [parse_extracted_emails.js] Parsed: parsed-INBOX-uid-1344.json
2026-04-19T01:11:47.637Z [LOG] [parse_extracted_emails.js] Parsed: parsed-INBOX-uid-1345.json
2026-04-19T01:11:47.637Z [LOG] [parse_extracted_emails.js] Parsed: parsed-INBOX-uid-1346.json
2026-04-19T01:11:47.637Z [LOG] [parse_extracted_emails.js] Parsed: parsed-INBOX-uid-1347.json
2026-04-19T01:11:47.637Z [LOG] [parse_extracted_emails.js] Parsed: parsed-INBOX-uid-1348.json
2026-04-19T01:11:47.637Z [LOG] [parse_extracted_emails.js] Parsed: parsed-INBOX-uid-1349.json
2026-04-19T01:11:47.637Z [LOG] [parse_extracted_emails.js] Parsed: parsed-INBOX-uid-1350.json
2026-04-19T01:11:47.637Z [LOG] [parse_extracted_emails.js] Parsed: parsed-INBOX-uid-1351.json
2026-04-19T01:11:47.637Z [LOG] [parse_extracted_emails.js] Parsed: parsed-INBOX-uid-1352.json
2026-04-19T01:11:47.637Z [LOG] [parse_extracted_emails.js] Parsed: parsed-INBOX-uid-1353.json
2026-04-19T01:11:47.637Z [LOG] [parse_extracted_emails.js] Parsed: parsed-INBOX-uid-1354.json
2026-04-19T01:11:47.637Z [LOG] [parse_extracted_emails.js] Parsed: parsed-INBOX-uid-1407.json
2026-04-19T01:11:47.637Z [LOG] [parse_extracted_emails.js] Parsed: parsed-INBOX-uid-1408.json
2026-04-19T01:11:47.637Z [LOG] [parse_extracted_emails.js] Parsed: parsed-INBOX-uid-1409.json
2026-04-19T01:11:47.637Z [LOG] [parse_extracted_emails.js] Parsed: parsed-INBOX-uid-1410.json
2026-04-19T01:11:47.637Z [LOG] [parse_extracted_emails.js] Parsed: parsed-INBOX-uid-1411.json
2026-04-19T01:11:47.637Z [LOG] [parse_extracted_emails.js] Parsed: parsed-INBOX-uid-1412.json
2026-04-19T01:11:47.637Z [LOG] [parse_extracted_emails.js] Parsed: parsed-INBOX-uid-1413.json
2026-04-19T01:11:47.637Z [LOG] [parse_extracted_emails.js] Parsed: parsed-INBOX-uid-1414.json
2026-04-19T01:11:47.637Z [LOG] [parse_extracted_emails.js] Parsed: parsed-INBOX-uid-1415.json
2026-04-19T01:11:47.637Z [LOG] [parse_extracted_emails.js] Parsed: parsed-INBOX-uid-1416.json
2026-04-19T01:11:47.637Z [LOG] [parse_extracted_emails.js] Parsed: parsed-INBOX-uid-1417.json
2026-04-19T01:11:47.637Z [LOG] [parse_extracted_emails.js] Parsed: parsed-INBOX-uid-1923.json
2026-04-19T01:11:47.637Z [LOG] [parse_extracted_emails.js] Parsed: parsed-INBOX-uid-1924.json
2026-04-19T01:11:47.637Z [LOG] [parse_extracted_emails.js] Parsed: parsed-INBOX-uid-1925.json
2026-04-19T01:11:47.637Z [LOG] [parse_extracted_emails.js] Parsed: parsed-INBOX-uid-1926.json
2026-04-19T01:11:47.637Z [LOG] [parse_extracted_emails.js] Parsed: parsed-INBOX-uid-1927.json
2026-04-19T01:11:47.637Z [LOG] [parse_extracted_emails.js] Parsed: parsed-INBOX-uid-1939.json
2026-04-19T01:11:47.637Z [LOG] [parse_extracted_emails.js] Parsed: parsed-INBOX-uid-1940.json
2026-04-19T01:11:47.637Z [LOG] [parse_extracted_emails.js] Parsed: parsed-INBOX-uid-1941.json
2026-04-19T01:11:47.637Z [LOG] [parse_extracted_emails.js] Parsed: parsed-INBOX-uid-1942.json
2026-04-19T01:11:47.637Z [LOG] [parse_extracted_emails.js] Parsed: parsed-INBOX-uid-1943.json
2026-04-19T01:11:47.637Z [LOG] [parse_extracted_emails.js] Parsed: parsed-INBOX-uid-1945.json
2026-04-19T01:11:47.637Z [LOG] [parse_extracted_emails.js] Parsed: parsed-INBOX-uid-1946.json
2026-04-19T01:11:47.637Z [LOG] [parse_extracted_emails.js] Parsed: parsed-INBOX-uid-1947.json
2026-04-19T01:11:47.637Z [LOG] [parse_extracted_emails.js] Parsed: parsed-INBOX-uid-1948.json
2026-04-19T01:11:47.637Z [LOG] [parse_extracted_emails.js] Parsed: parsed-INBOX-uid-1949.json
2026-04-19T01:11:47.637Z [LOG] [parse_extracted_emails.js] Parsed: parsed-INBOX-uid-1950.json
2026-04-19T01:11:47.637Z [LOG] [parse_extracted_emails.js] Parsed: parsed-INBOX-uid-1951.json
2026-04-19T01:11:47.637Z [LOG] [parse_extracted_emails.js] Parsed: parsed-INBOX-uid-1952.json
2026-04-19T01:11:47.637Z [LOG] [parse_extracted_emails.js] Parsed: parsed-INBOX-uid-1953.json
2026-04-19T01:11:47.637Z [LOG] [parse_extracted_emails.js] Parsed: parsed-INBOX-uid-1954.json
2026-04-19T01:11:47.637Z [LOG] [parse_extracted_emails.js] Parsed: parsed-INBOX-uid-1955.json
2026-04-19T01:11:47.637Z [LOG] [parse_extracted_emails.js] Parsed: parsed-INBOX-uid-1956.json
2026-04-19T01:11:47.637Z [LOG] [parse_extracted_emails.js] Parsed: parsed-INBOX-uid-1957.json
2026-04-19T01:11:47.637Z [LOG] [parse_extracted_emails.js] Parsed: parsed-INBOX-uid-1958.json
2026-04-19T01:11:47.637Z [LOG] [parse_extracted_emails.js] Parsed: parsed-INBOX-uid-1959.json
2026-04-19T01:11:47.637Z [LOG] [parse_extracted_emails.js] Parsed: parsed-INBOX-uid-1960.json
2026-04-19T01:11:47.637Z [LOG] [parse_extracted_emails.js] Parsed: parsed-INBOX-uid-1961.json
2026-04-19T01:11:47.637Z [LOG] [parse_extracted_emails.js] Parsed: parsed-INBOX-uid-1962.json
2026-04-19T01:11:47.637Z [LOG] [parse_extracted_emails.js] Parsed: parsed-INBOX-uid-1963.json
2026-04-19T01:11:47.637Z [LOG] [parse_extracted_emails.js] Parsed: parsed-INBOX-uid-1964.json
2026-04-19T01:11:47.637Z [LOG] [parse_extracted_emails.js] Parsed: parsed-INBOX-uid-1965.json
2026-04-19T01:11:47.637Z [LOG] [parse_extracted_emails.js] Parsed: parsed-INBOX-uid-1966.json
2026-04-19T01:11:47.637Z [LOG] [parse_extracted_emails.js] Parsed: parsed-INBOX-uid-1967.json
2026-04-19T01:11:47.637Z [LOG] [parse_extracted_emails.js] Parsed: parsed-INBOX-uid-1968.json
2026-04-19T01:11:47.638Z [LOG] [parse_extracted_emails.js] Parsed: parsed-INBOX-uid-1969.json
2026-04-19T01:11:47.638Z [LOG] [parse_extracted_emails.js] Parsed: parsed-INBOX-uid-1970.json
2026-04-19T01:11:47.638Z [LOG] [parse_extracted_emails.js] Parsed: parsed-INBOX-uid-1971.json
2026-04-19T01:11:47.638Z [LOG] [parse_extracted_emails.js] Parsed: parsed-INBOX-uid-1972.json
2026-04-19T01:11:47.638Z [LOG] [parse_extracted_emails.js] Parsed: parsed-INBOX-uid-1973.json
2026-04-19T01:11:47.638Z [LOG] [parse_extracted_emails.js] Parsed: parsed-INBOX-uid-3287.json
2026-04-19T01:11:47.638Z [LOG] [parse_extracted_emails.js] Parsed: parsed-INBOX-uid-3478.json
2026-04-19T01:11:47.638Z [LOG] [parse_extracted_emails.js] Parsed: parsed-INBOX-uid-3479.json
2026-04-19T01:11:47.638Z [LOG] [parse_extracted_emails.js] Parsed: parsed-INBOX-uid-3480.json
2026-04-19T01:11:47.638Z [LOG] [parse_extracted_emails.js] Parsed: parsed-INBOX-uid-3481.json
2026-04-19T01:11:47.638Z [LOG] [parse_extracted_emails.js] Parsed: parsed-INBOX-uid-3482.json
2026-04-19T01:11:47.638Z [LOG] [parse_extracted_emails.js] Parsed: parsed-INBOX-uid-3483.json
2026-04-19T01:11:47.638Z [LOG] [parse_extracted_emails.js] Parsed: parsed-INBOX-uid-3484.json
2026-04-19T01:11:47.638Z [LOG] [parse_extracted_emails.js] Parsed: parsed-INBOX-uid-3485.json
2026-04-19T01:11:47.638Z [LOG] [parse_extracted_emails.js] Parsed: parsed-INBOX-uid-3486.json
2026-04-19T01:11:47.638Z [LOG] [parse_extracted_emails.js] Parsed: parsed-INBOX-uid-3487.json
2026-04-19T01:11:47.638Z [LOG] [parse_extracted_emails.js] Parsed: parsed-INBOX-uid-3488.json
2026-04-19T01:11:47.638Z [LOG] [parse_extracted_emails.js] Parsed: parsed-INBOX-uid-3489.json
2026-04-19T01:11:47.638Z [LOG] [parse_extracted_emails.js] Parsed: parsed-INBOX-uid-3490.json
2026-04-19T01:11:47.638Z [LOG] [parse_extracted_emails.js] Parsed: parsed-INBOX-uid-3491.json
2026-04-19T01:11:47.638Z [LOG] [parse_extracted_emails.js] Parsed: parsed-INBOX-uid-3492.json
2026-04-19T01:11:47.638Z [LOG] [parse_extracted_emails.js] Parsed: parsed-INBOX-uid-3493.json
2026-04-19T01:11:47.638Z [LOG] [parse_extracted_emails.js] Parsed: parsed-INBOX-uid-3494.json
2026-04-19T01:11:47.638Z [LOG] [parse_extracted_emails.js] Parsed: parsed-INBOX-uid-3495.json
2026-04-19T01:11:47.638Z [LOG] [parse_extracted_emails.js] Parsed: parsed-INBOX-uid-3496.json
2026-04-19T01:11:47.638Z [LOG] [parse_extracted_emails.js] Parsed: parsed-INBOX-uid-3497.json
2026-04-19T01:11:47.638Z [LOG] [parse_extracted_emails.js] Parsed: parsed-INBOX-uid-4267.json
2026-04-19T01:11:47.638Z [LOG] [parse_extracted_emails.js] Parsed: parsed-INBOX-uid-4268.json
2026-04-19T01:11:47.638Z [LOG] [parse_extracted_emails.js] Parsed: parsed-INBOX-uid-4269.json
2026-04-19T01:11:47.638Z [LOG] [parse_extracted_emails.js] Parsed: parsed-INBOX-uid-4270.json
2026-04-19T01:11:47.638Z [LOG] [parse_extracted_emails.js] Parsed: parsed-INBOX-uid-4271.json
2026-04-19T01:11:47.638Z [LOG] [parse_extracted_emails.js] Parsed: parsed-INBOX-uid-4272.json
2026-04-19T01:11:47.638Z [LOG] [parse_extracted_emails.js] Parsed: parsed-INBOX-uid-4273.json
2026-04-19T01:11:47.638Z [LOG] [parse_extracted_emails.js] Parsed: parsed-INBOX-uid-4274.json
2026-04-19T01:11:47.638Z [LOG] [parse_extracted_emails.js] Parsed: parsed-INBOX-uid-4275.json
2026-04-19T01:11:47.638Z [LOG] [parse_extracted_emails.js] Parsed: parsed-INBOX-uid-4276.json
2026-04-19T01:11:47.638Z [LOG] [parse_extracted_emails.js] Parsed: parsed-INBOX-uid-4277.json
2026-04-19T01:11:47.638Z [LOG] [parse_extracted_emails.js] Parsed: parsed-INBOX-uid-4278.json
2026-04-19T01:11:47.638Z [LOG] [parse_extracted_emails.js] Parsed: parsed-INBOX-uid-4279.json
2026-04-19T01:11:47.638Z [LOG] [parse_extracted_emails.js] Parsed: parsed-INBOX-uid-4280.json
2026-04-19T01:11:47.638Z [LOG] [parse_extracted_emails.js] Parsed: parsed-INBOX-uid-4281.json
2026-04-19T01:11:47.638Z [LOG] [parse_extracted_emails.js] Parsed: parsed-INBOX-uid-4282.json
2026-04-19T01:11:47.638Z [LOG] [parse_extracted_emails.js] Parsed: parsed-INBOX-uid-4310.json
2026-04-19T01:11:47.638Z [LOG] [parse_extracted_emails.js] Parsed: parsed-INBOX-uid-4311.json
2026-04-19T01:11:47.638Z [LOG] [parse_extracted_emails.js] Parsed: parsed-INBOX-uid-4312.json
2026-04-19T01:11:47.638Z [LOG] [parse_extracted_emails.js] Parsed: parsed-INBOX-uid-4313.json
2026-04-19T01:11:47.638Z [LOG] [parse_extracted_emails.js] Parsed: parsed-INBOX-uid-4314.json
2026-04-19T01:11:47.638Z [LOG] [parse_extracted_emails.js] Parsed: parsed-INBOX-uid-4315.json
2026-04-19T01:11:47.638Z [LOG] [parse_extracted_emails.js] Parsed: parsed-INBOX-uid-4316.json
2026-04-19T01:11:47.638Z [LOG] [parse_extracted_emails.js] Parsed: parsed-INBOX-uid-4317.json
2026-04-19T01:11:47.638Z [LOG] [parse_extracted_emails.js] Parsed: parsed-INBOX-uid-4318.json
2026-04-19T01:11:47.638Z [LOG] [parse_extracted_emails.js] Parsed: parsed-INBOX-uid-4319.json
2026-04-19T01:11:47.638Z [LOG] [parse_extracted_emails.js] Parsed: parsed-INBOX-uid-4320.json
2026-04-19T01:11:47.638Z [LOG] [parse_extracted_emails.js] Parsed: parsed-INBOX-uid-4321.json
2026-04-19T01:11:47.638Z [LOG] [parse_extracted_emails.js] Parsed: parsed-INBOX-uid-4322.json
2026-04-19T01:11:47.638Z [LOG] [parse_extracted_emails.js] Parsed: parsed-INBOX-uid-4323.json
2026-04-19T01:11:47.638Z [LOG] [parse_extracted_emails.js] Parsed: parsed-INBOX-uid-4324.json
2026-04-19T01:11:47.638Z [LOG] [parse_extracted_emails.js] Parsed: parsed-INBOX-uid-4325.json
2026-04-19T01:11:47.638Z [LOG] [parse_extracted_emails.js] Parsed: parsed-INBOX-uid-4326.json
2026-04-19T01:11:47.638Z [LOG] [parse_extracted_emails.js] Parsed: parsed-INBOX-uid-4327.json
2026-04-19T01:11:47.638Z [LOG] [parse_extracted_emails.js] Parsed: parsed-INBOX-uid-4328.json
2026-04-19T01:11:47.638Z [LOG] [parse_extracted_emails.js] Parsed: parsed-INBOX-uid-4329.json
2026-04-19T01:11:47.638Z [LOG] [parse_extracted_emails.js] Parsed: parsed-INBOX-uid-4330.json
2026-04-19T01:11:47.638Z [LOG] [parse_extracted_emails.js] Parsed: parsed-INBOX-uid-4331.json
2026-04-19T01:11:47.638Z [LOG] [parse_extracted_emails.js] Parsed: parsed-INBOX-uid-4332.json
2026-04-19T01:11:47.639Z [LOG] [parse_extracted_emails.js] Parsed: parsed-INBOX-uid-4333.json
2026-04-19T01:11:47.639Z [LOG] [parse_extracted_emails.js] Parsed: parsed-INBOX-uid-4334.json
2026-04-19T01:11:47.639Z [LOG] [parse_extracted_emails.js] Parsed: parsed-INBOX-uid-4335.json
2026-04-19T01:11:47.639Z [LOG] [parse_extracted_emails.js] Parsed: parsed-INBOX-uid-4336.json
2026-04-19T01:11:47.639Z [LOG] [parse_extracted_emails.js] Parsed: parsed-INBOX-uid-4337.json
2026-04-19T01:11:47.639Z [LOG] [parse_extracted_emails.js] Parsed: parsed-INBOX-uid-4338.json
2026-04-19T01:11:47.639Z [LOG] [parse_extracted_emails.js] Parsed: parsed-INBOX-uid-4339.json
2026-04-19T01:11:47.639Z [LOG] [parse_extracted_emails.js] Parsed: parsed-INBOX-uid-4340.json
2026-04-19T01:11:47.639Z [LOG] [parse_extracted_emails.js] Parsed: parsed-INBOX-uid-4341.json
2026-04-19T01:11:47.639Z [LOG] [parse_extracted_emails.js] Parsed: parsed-INBOX-uid-4342.json
2026-04-19T01:11:47.639Z [LOG] [parse_extracted_emails.js] Parsed: parsed-INBOX-uid-4343.json
2026-04-19T01:11:47.639Z [LOG] [parse_extracted_emails.js] Parsed: parsed-INBOX-uid-4344.json
2026-04-19T01:11:47.639Z [LOG] [parse_extracted_emails.js] Parsed: parsed-INBOX-uid-4345.json
2026-04-19T01:11:47.639Z [LOG] [parse_extracted_emails.js] Parsed: parsed-INBOX-uid-4577.json
2026-04-19T01:11:47.639Z [LOG] [parse_extracted_emails.js] Parsed: parsed-INBOX-uid-4578.json
2026-04-19T01:11:47.639Z [LOG] [parse_extracted_emails.js] Parsed: parsed-INBOX-uid-4579.json
2026-04-19T01:11:47.639Z [LOG] [parse_extracted_emails.js] Parsed: parsed-INBOX-uid-4580.json
2026-04-19T01:11:47.639Z [LOG] [parse_extracted_emails.js] Parsed: parsed-INBOX-uid-4581.json
2026-04-19T01:11:47.639Z [LOG] [parse_extracted_emails.js] Parsed: parsed-INBOX-uid-4582.json
2026-04-19T01:11:47.639Z [LOG] [parse_extracted_emails.js] Parsed: parsed-INBOX-uid-4583.json
2026-04-19T01:11:47.639Z [LOG] [parse_extracted_emails.js] Parsed: parsed-INBOX-uid-4584.json
2026-04-19T01:11:47.639Z [LOG] [parse_extracted_emails.js] Parsed: parsed-INBOX-uid-4585.json
2026-04-19T01:11:47.639Z [LOG] [parse_extracted_emails.js] Parsed: parsed-INBOX-uid-4586.json
2026-04-19T01:11:47.639Z [LOG] [parse_extracted_emails.js] Parsed: parsed-INBOX-uid-4587.json
2026-04-19T01:11:47.639Z [LOG] [parse_extracted_emails.js] Parsed: parsed-INBOX-uid-4588.json
2026-04-19T01:11:47.639Z [LOG] [parse_extracted_emails.js] Parsed: parsed-INBOX-uid-4589.json
2026-04-19T01:11:47.639Z [LOG] [parse_extracted_emails.js] Parsed: parsed-INBOX-uid-4590.json
2026-04-19T01:11:47.639Z [LOG] [parse_extracted_emails.js] Parsed: parsed-INBOX-uid-4591.json
2026-04-19T01:11:47.639Z [LOG] [parse_extracted_emails.js] Parsed: parsed-INBOX-uid-4592.json
2026-04-19T01:11:47.639Z [LOG] [parse_extracted_emails.js] Parsed: parsed-INBOX-uid-4593.json
2026-04-19T01:11:47.639Z [LOG] [parse_extracted_emails.js] Parsed: parsed-INBOX-uid-4594.json
2026-04-19T01:11:47.639Z [LOG] [parse_extracted_emails.js] Parsed: parsed-INBOX-uid-4595.json
2026-04-19T01:11:47.639Z [LOG] [parse_extracted_emails.js] Parsed: parsed-INBOX-uid-4596.json
2026-04-19T01:11:47.639Z [LOG] [parse_extracted_emails.js] Parsed: parsed-INBOX-uid-4597.json
2026-04-19T01:11:47.639Z [LOG] [parse_extracted_emails.js] Parsed: parsed-INBOX-uid-4598.json
2026-04-19T01:11:47.639Z [LOG] [parse_extracted_emails.js] Parsed: parsed-INBOX-uid-4650.json
2026-04-19T01:11:47.639Z [LOG] [parse_extracted_emails.js] Parsed: parsed-INBOX-uid-4651.json
2026-04-19T01:11:47.639Z [LOG] [parse_extracted_emails.js] Parsed: parsed-INBOX-uid-4652.json
2026-04-19T01:11:47.639Z [LOG] [parse_extracted_emails.js] Parsed: parsed-INBOX-uid-4653.json
2026-04-19T01:11:47.639Z [LOG] [parse_extracted_emails.js] Parsed: parsed-INBOX-uid-4654.json
2026-04-19T01:11:47.639Z [LOG] [parse_extracted_emails.js] Parsed: parsed-INBOX-uid-4655.json
2026-04-19T01:11:47.639Z [LOG] [parse_extracted_emails.js] Parsed: parsed-INBOX-uid-4656.json
2026-04-19T01:11:47.639Z [LOG] [parse_extracted_emails.js] Parsed: parsed-INBOX-uid-4657.json
2026-04-19T01:11:47.639Z [LOG] [parse_extracted_emails.js] Parsed: parsed-INBOX-uid-4658.json
2026-04-19T01:11:47.639Z [LOG] [parse_extracted_emails.js] Parsed: parsed-INBOX-uid-4659.json
2026-04-19T01:11:47.639Z [LOG] [parse_extracted_emails.js] Parsed: parsed-INBOX-uid-4660.json
2026-04-19T01:11:47.639Z [LOG] [parse_extracted_emails.js] Parsed: parsed-INBOX-uid-4661.json
2026-04-19T01:11:47.639Z [LOG] [parse_extracted_emails.js] Parsed: parsed-INBOX-uid-4662.json
2026-04-19T01:11:47.639Z [LOG] [parse_extracted_emails.js] Parsed: parsed-INBOX-uid-4663.json
2026-04-19T01:11:47.639Z [LOG] [parse_extracted_emails.js] Parsed: parsed-INBOX-uid-4664.json
2026-04-19T01:11:47.639Z [LOG] [parse_extracted_emails.js] Parsed: parsed-INBOX-uid-4665.json
2026-04-19T01:11:47.639Z [LOG] [parse_extracted_emails.js] Parsed: parsed-INBOX-uid-4666.json
2026-04-19T01:11:47.639Z [LOG] [parse_extracted_emails.js] Parsed: parsed-INBOX-uid-4667.json
2026-04-19T01:11:47.639Z [LOG] [parse_extracted_emails.js] Parsed: parsed-INBOX-uid-4668.json
2026-04-19T01:11:47.639Z [LOG] [parse_extracted_emails.js] Parsed: parsed-INBOX-uid-4669.json
2026-04-19T01:11:47.639Z [LOG] [parse_extracted_emails.js] Parsed: parsed-INBOX-uid-4670.json
2026-04-19T01:11:47.639Z [LOG] [parse_extracted_emails.js] Parsed: parsed-INBOX-uid-5417.json
2026-04-19T01:11:47.639Z [LOG] [parse_extracted_emails.js] Parsed: parsed-INBOX-uid-5418.json
2026-04-19T01:11:47.639Z [LOG] [parse_extracted_emails.js] Parsed: parsed-INBOX-uid-5419.json
2026-04-19T01:11:47.639Z [LOG] [parse_extracted_emails.js] Parsed: parsed-INBOX-uid-5420.json
2026-04-19T01:11:47.639Z [LOG] [parse_extracted_emails.js] Parsed: parsed-INBOX-uid-5421.json
2026-04-19T01:11:47.639Z [LOG] [parse_extracted_emails.js] Parsed: parsed-INBOX-uid-5422.json
2026-04-19T01:11:47.639Z [LOG] [parse_extracted_emails.js] Parsed: parsed-INBOX-uid-5423.json
2026-04-19T01:11:47.639Z [LOG] [parse_extracted_emails.js] Parsed: parsed-INBOX-uid-5424.json
2026-04-19T01:11:47.640Z [LOG] [parse_extracted_emails.js] Parsed: parsed-INBOX-uid-5425.json
2026-04-19T01:11:47.640Z [LOG] [parse_extracted_emails.js] Parsed: parsed-INBOX-uid-5426.json
2026-04-19T01:11:47.640Z [LOG] [parse_extracted_emails.js] Parsed: parsed-INBOX-uid-5427.json
2026-04-19T01:11:47.640Z [LOG] [parse_extracted_emails.js] Parsed: parsed-INBOX-uid-5428.json
2026-04-19T01:11:47.640Z [LOG] [parse_extracted_emails.js] Parsed: parsed-INBOX-uid-5429.json
2026-04-19T01:11:47.640Z [LOG] [parse_extracted_emails.js] Parsed: parsed-INBOX-uid-5430.json
2026-04-19T01:11:47.640Z [LOG] [parse_extracted_emails.js] Parsed: parsed-INBOX-uid-5431.json
2026-04-19T01:11:47.640Z [LOG] [parse_extracted_emails.js] Parsed: parsed-INBOX-uid-5432.json
2026-04-19T01:11:47.640Z [LOG] [parse_extracted_emails.js] Parsed: parsed-INBOX-uid-5433.json
2026-04-19T01:11:47.640Z [LOG] [parse_extracted_emails.js] Parsed: parsed-INBOX-uid-5434.json
2026-04-19T01:11:47.640Z [LOG] [parse_extracted_emails.js] Parsed: parsed-INBOX-uid-5435.json
2026-04-19T01:11:47.640Z [LOG] [parse_extracted_emails.js] Parsed: parsed-INBOX-uid-5436.json
2026-04-19T01:11:47.640Z [LOG] [parse_extracted_emails.js] Parsed: parsed-INBOX-uid-5437.json
2026-04-19T01:11:47.640Z [LOG] [parse_extracted_emails.js] Parsed: parsed-INBOX-uid-5438.json
2026-04-19T01:11:47.640Z [LOG] [parse_extracted_emails.js] Parsed: parsed-INBOX-uid-5439.json
2026-04-19T01:11:47.640Z [LOG] [parse_extracted_emails.js] Parsed: parsed-INBOX-uid-5440.json
2026-04-19T01:11:47.640Z [LOG] [parse_extracted_emails.js] Parsed: parsed-INBOX-uid-5441.json
2026-04-19T01:11:47.640Z [LOG] [parse_extracted_emails.js] Parsed: parsed-INBOX-uid-5442.json
2026-04-19T01:11:47.640Z [LOG] [parse_extracted_emails.js] Parsed: parsed-INBOX-uid-5443.json
2026-04-19T01:11:47.640Z [LOG] [parse_extracted_emails.js] Parsed: parsed-INBOX-uid-5444.json
2026-04-19T01:11:47.640Z [LOG] [parse_extracted_emails.js] Parsed: parsed-INBOX-uid-5445.json
2026-04-19T01:11:47.640Z [LOG] [parse_extracted_emails.js] Parsed: parsed-INBOX-uid-5446.json
2026-04-19T01:11:47.640Z [LOG] [parse_extracted_emails.js] Parsed: parsed-INBOX-uid-5447.json
2026-04-19T01:11:47.640Z [LOG] [parse_extracted_emails.js] Parsed: parsed-INBOX-uid-5448.json
2026-04-19T01:11:47.640Z [LOG] [parse_extracted_emails.js] Parsed: parsed-INBOX-uid-5449.json
2026-04-19T01:11:47.640Z [LOG] [parse_extracted_emails.js] Parsed: parsed-INBOX-uid-5450.json
2026-04-19T01:11:47.640Z [LOG] [parse_extracted_emails.js] Parsed: parsed-INBOX-uid-5451.json
2026-04-19T01:11:47.640Z [LOG] [parse_extracted_emails.js] Parsed: parsed-INBOX-uid-5452.json
2026-04-19T01:11:47.640Z [LOG] [parse_extracted_emails.js] Parsed: parsed-INBOX-uid-5453.json
2026-04-19T01:11:47.640Z [LOG] [parse_extracted_emails.js] Parsed: parsed-INBOX-uid-5454.json
2026-04-19T01:11:47.640Z [LOG] [parse_extracted_emails.js] Parsed: parsed-INBOX-uid-5455.json
2026-04-19T01:11:47.640Z [LOG] [parse_extracted_emails.js] Parsed: parsed-INBOX-uid-5456.json
2026-04-19T01:11:47.640Z [LOG] [parse_extracted_emails.js] Parsed: parsed-INBOX-uid-5457.json
2026-04-19T01:11:47.640Z [LOG] [parse_extracted_emails.js] Parsed: parsed-INBOX-uid-5458.json
2026-04-19T01:11:47.640Z [LOG] [parse_extracted_emails.js] Parsed: parsed-INBOX-uid-5459.json
2026-04-19T01:11:47.640Z [LOG] [parse_extracted_emails.js] Parsed: parsed-INBOX-uid-5460.json
2026-04-19T01:11:47.640Z [LOG] [parse_extracted_emails.js] Parsed: parsed-INBOX-uid-5461.json
2026-04-19T01:11:47.640Z [LOG] [parse_extracted_emails.js] Parsed: parsed-INBOX-uid-5462.json
2026-04-19T01:11:47.640Z [LOG] [parse_extracted_emails.js] Parsed: parsed-INBOX-uid-5463.json
2026-04-19T01:11:47.640Z [LOG] [parse_extracted_emails.js] Parsed: parsed-INBOX-uid-5464.json
2026-04-19T01:11:47.640Z [LOG] [parse_extracted_emails.js] Parsed: parsed-INBOX-uid-5465.json
2026-04-19T01:11:47.640Z [LOG] [parse_extracted_emails.js] Parsed: parsed-INBOX-uid-5466.json
2026-04-19T01:11:47.640Z [LOG] [parse_extracted_emails.js] Parsed: parsed-INBOX-uid-5467.json
2026-04-19T01:11:47.640Z [LOG] [parse_extracted_emails.js] Parsed: parsed-INBOX-uid-5468.json
2026-04-19T01:11:47.640Z [LOG] [parse_extracted_emails.js] Parsed: parsed-INBOX-uid-5469.json
2026-04-19T01:11:47.640Z [LOG] [parse_extracted_emails.js] Parsed: parsed-INBOX-uid-5470.json
2026-04-19T01:11:47.640Z [LOG] [parse_extracted_emails.js] Parsed: parsed-INBOX-uid-5471.json
2026-04-19T01:11:47.640Z [LOG] [parse_extracted_emails.js] Parsed: parsed-INBOX-uid-5472.json
2026-04-19T01:11:47.640Z [LOG] [parse_extracted_emails.js] Parsed: parsed-INBOX-uid-5473.json
2026-04-19T01:11:47.640Z [LOG] [parse_extracted_emails.js] Parsed: parsed-INBOX-uid-5474.json
2026-04-19T01:11:47.640Z [LOG] [parse_extracted_emails.js] Parsed: parsed-INBOX-uid-5475.json
2026-04-19T01:11:47.640Z [LOG] [parse_extracted_emails.js] Parsed: parsed-INBOX-uid-5476.json
2026-04-19T01:11:47.640Z [LOG] [parse_extracted_emails.js] Parsed: parsed-INBOX-uid-5477.json
2026-04-19T01:11:47.640Z [LOG] [parse_extracted_emails.js] Parsed: parsed-INBOX-uid-5478.json
2026-04-19T01:11:47.640Z [LOG] [parse_extracted_emails.js] Parsed: parsed-INBOX-uid-5479.json
2026-04-19T01:11:47.640Z [LOG] [parse_extracted_emails.js] Parsed: parsed-INBOX-uid-5480.json
2026-04-19T01:11:47.640Z [LOG] [parse_extracted_emails.js] Parsed: parsed-INBOX-uid-5481.json
2026-04-19T01:11:47.640Z [LOG] [parse_extracted_emails.js] Parsed: parsed-INBOX-uid-5482.json
2026-04-19T01:11:47.640Z [LOG] [parse_extracted_emails.js] Parsed: parsed-INBOX-uid-5483.json
2026-04-19T01:11:47.640Z [LOG] [parse_extracted_emails.js] Parsed: parsed-INBOX-uid-5484.json
2026-04-19T01:11:47.640Z [LOG] [parse_extracted_emails.js] Parsed: parsed-INBOX-uid-5485.json
2026-04-19T01:11:47.640Z [LOG] [parse_extracted_emails.js] Parsed: parsed-INBOX-uid-5486.json
2026-04-19T01:11:47.640Z [LOG] [parse_extracted_emails.js] Parsed: parsed-INBOX-uid-5487.json
2026-04-19T01:11:47.640Z [LOG] [parse_extracted_emails.js] Parsed: parsed-INBOX-uid-5488.json
2026-04-19T01:11:47.640Z [LOG] [parse_extracted_emails.js] Parsed: parsed-INBOX-uid-5489.json
2026-04-19T01:11:47.640Z [LOG] [parse_extracted_emails.js] Parsed: parsed-INBOX-uid-5490.json
2026-04-19T01:11:47.640Z [LOG] [parse_extracted_emails.js] Parsed: parsed-INBOX-uid-5491.json
2026-04-19T01:11:47.640Z [LOG] [parse_extracted_emails.js] Parsed: parsed-INBOX-uid-5492.json
2026-04-19T01:11:47.640Z [LOG] [parse_extracted_emails.js] Parsed: parsed-INBOX-uid-5493.json
2026-04-19T01:11:47.640Z [LOG] [parse_extracted_emails.js] Parsed: parsed-INBOX-uid-5494.json
2026-04-19T01:11:47.640Z [LOG] [parse_extracted_emails.js] Parsed: parsed-INBOX-uid-5495.json
2026-04-19T01:11:47.640Z [LOG] [parse_extracted_emails.js] Parsed: parsed-INBOX-uid-5496.json
2026-04-19T01:11:47.640Z [LOG] [parse_extracted_emails.js] Parsed: parsed-INBOX-uid-5497.json
2026-04-19T01:11:47.640Z [LOG] [parse_extracted_emails.js] Parsed: parsed-INBOX-uid-5498.json
2026-04-19T01:11:47.640Z [LOG] [parse_extracted_emails.js] Parsed: parsed-INBOX-uid-5499.json
2026-04-19T01:11:47.640Z [LOG] [parse_extracted_emails.js] Parsed: parsed-INBOX-uid-5500.json
2026-04-19T01:11:47.640Z [LOG] [parse_extracted_emails.js] Parsed: parsed-INBOX-uid-5501.json
2026-04-19T01:11:47.640Z [LOG] [parse_extracted_emails.js] Parsed: parsed-INBOX-uid-5502.json
2026-04-19T01:11:47.640Z [LOG] [parse_extracted_emails.js] Parsed: parsed-INBOX-uid-5503.json
2026-04-19T01:11:47.640Z [LOG] [parse_extracted_emails.js] Parsed: parsed-INBOX-uid-5504.json
2026-04-19T01:11:47.640Z [LOG] [parse_extracted_emails.js] Parsed: parsed-INBOX-uid-5505.json
2026-04-19T01:11:47.640Z [LOG] [parse_extracted_emails.js] Parsed: parsed-INBOX-uid-5506.json
2026-04-19T01:11:47.640Z [LOG] [parse_extracted_emails.js] Parsed: parsed-INBOX-uid-5507.json
2026-04-19T01:11:47.640Z [LOG] [parse_extracted_emails.js] Parsed: parsed-INBOX-uid-5508.json
2026-04-19T01:11:47.640Z [LOG] [parse_extracted_emails.js] Parsed: parsed-INBOX-uid-5509.json
2026-04-19T01:11:47.640Z [LOG] [parse_extracted_emails.js] Parsed: parsed-INBOX-uid-5510.json
2026-04-19T01:11:47.640Z [LOG] [parse_extracted_emails.js] Parsed: parsed-INBOX-uid-5511.json
2026-04-19T01:11:47.640Z [LOG] [parse_extracted_emails.js] Parsed: parsed-INBOX-uid-5512.json
2026-04-19T01:11:47.640Z [LOG] [parse_extracted_emails.js] Parsed: parsed-INBOX-uid-5513.json
2026-04-19T01:11:47.640Z [LOG] [parse_extracted_emails.js] Parsed: parsed-INBOX-uid-5514.json
2026-04-19T01:11:47.640Z [LOG] [parse_extracted_emails.js] Parsed: parsed-INBOX-uid-5515.json
2026-04-19T01:11:47.640Z [LOG] [parse_extracted_emails.js] Parsed: parsed-INBOX-uid-5516.json
2026-04-19T01:11:47.640Z [LOG] [parse_extracted_emails.js] Parsed: parsed-INBOX-uid-5517.json
2026-04-19T01:11:47.640Z [LOG] [parse_extracted_emails.js] Parsed: parsed-INBOX-uid-5518.json
2026-04-19T01:11:47.640Z [LOG] [parse_extracted_emails.js] Parsed: parsed-INBOX-uid-5519.json
2026-04-19T01:11:47.640Z [LOG] [parse_extracted_emails.js] Parsed: parsed-INBOX-uid-5520.json
2026-04-19T01:11:47.640Z [LOG] [parse_extracted_emails.js] Parsed: parsed-INBOX-uid-5521.json
2026-04-19T01:11:47.640Z [LOG] [parse_extracted_emails.js] Parsed: parsed-INBOX-uid-5522.json
2026-04-19T01:11:47.640Z [LOG] [parse_extracted_emails.js] Parsed: parsed-INBOX-uid-5523.json
2026-04-19T01:11:47.640Z [LOG] [parse_extracted_emails.js] Parsed: parsed-INBOX-uid-5524.json
2026-04-19T01:11:47.640Z [LOG] [parse_extracted_emails.js] Parsed: parsed-INBOX-uid-5525.json
2026-04-19T01:11:47.640Z [LOG] [parse_extracted_emails.js] Parsed: parsed-INBOX-uid-5526.json
2026-04-19T01:11:47.640Z [LOG] [parse_extracted_emails.js] Parsed: parsed-INBOX-uid-5527.json
2026-04-19T01:11:47.640Z [LOG] [parse_extracted_emails.js] Parsed: parsed-INBOX-uid-5528.json
2026-04-19T01:11:47.641Z [LOG] [parse_extracted_emails.js] Parsed: parsed-INBOX-uid-5529.json
2026-04-19T01:11:47.641Z [LOG] [parse_extracted_emails.js] Parsed: parsed-INBOX-uid-5530.json
2026-04-19T01:11:47.641Z [LOG] [parse_extracted_emails.js] Parsed: parsed-INBOX-uid-5531.json
2026-04-19T01:11:47.641Z [LOG] [parse_extracted_emails.js] Parsed: parsed-INBOX-uid-5532.json
2026-04-19T01:11:47.641Z [LOG] [parse_extracted_emails.js] Parsed: parsed-INBOX-uid-5533.json
2026-04-19T01:11:47.641Z [LOG] [parse_extracted_emails.js] Parsed: parsed-INBOX-uid-5534.json
2026-04-19T01:11:47.641Z [LOG] [parse_extracted_emails.js] Parsed: parsed-INBOX-uid-5535.json
2026-04-19T01:11:47.641Z [LOG] [parse_extracted_emails.js] Parsed: parsed-INBOX-uid-5536.json
2026-04-19T01:11:47.641Z [LOG] [parse_extracted_emails.js] Parsed: parsed-INBOX-uid-5537.json
2026-04-19T01:11:47.641Z [LOG] [parse_extracted_emails.js] Parsed: parsed-INBOX-uid-5538.json
2026-04-19T01:11:47.641Z [LOG] [parse_extracted_emails.js] Parsed: parsed-INBOX-uid-5539.json
2026-04-19T01:11:47.641Z [LOG] [parse_extracted_emails.js] Parsed: parsed-INBOX-uid-5540.json
2026-04-19T01:11:47.641Z [LOG] [parse_extracted_emails.js] Parsed: parsed-INBOX-uid-5541.json
2026-04-19T01:11:47.641Z [LOG] [parse_extracted_emails.js] Parsed: parsed-INBOX-uid-5542.json
2026-04-19T01:11:47.641Z [LOG] [parse_extracted_emails.js] Parsed: parsed-INBOX-uid-5543.json
2026-04-19T01:11:47.641Z [LOG] [parse_extracted_emails.js] Parsed: parsed-INBOX-uid-5544.json
2026-04-19T01:11:47.641Z [LOG] [parse_extracted_emails.js] Parsed: parsed-INBOX-uid-5545.json
2026-04-19T01:11:47.641Z [LOG] [parse_extracted_emails.js] Parsed: parsed-INBOX-uid-5546.json
2026-04-19T01:11:47.641Z [LOG] [parse_extracted_emails.js] Parsed: parsed-INBOX-uid-5547.json
2026-04-19T01:11:47.641Z [LOG] [parse_extracted_emails.js] Parsed: parsed-INBOX-uid-5548.json
2026-04-19T01:11:47.641Z [LOG] [parse_extracted_emails.js] Parsed: parsed-INBOX-uid-5549.json
2026-04-19T01:11:47.641Z [LOG] [parse_extracted_emails.js] Parsed: parsed-INBOX-uid-5550.json
2026-04-19T01:11:47.641Z [LOG] [parse_extracted_emails.js] Parsed: parsed-INBOX-uid-5551.json
2026-04-19T01:11:47.641Z [LOG] [parse_extracted_emails.js] Parsed: parsed-INBOX-uid-5552.json
2026-04-19T01:11:47.641Z [LOG] [parse_extracted_emails.js] Parsed: parsed-INBOX-uid-5553.json
2026-04-19T01:11:47.641Z [LOG] [parse_extracted_emails.js] Parsed: parsed-INBOX-uid-5554.json
2026-04-19T01:11:47.641Z [LOG] [parse_extracted_emails.js] Parsed: parsed-INBOX-uid-5555.json
2026-04-19T01:11:47.641Z [LOG] [parse_extracted_emails.js] Parsed: parsed-INBOX-uid-5556.json
2026-04-19T01:11:47.641Z [LOG] [parse_extracted_emails.js] Parsed: parsed-INBOX-uid-5557.json
2026-04-19T01:11:47.641Z [LOG] [parse_extracted_emails.js] Parsed: parsed-INBOX-uid-5558.json
2026-04-19T01:11:47.641Z [LOG] [parse_extracted_emails.js] Parsed: parsed-INBOX-uid-5559.json
2026-04-19T01:11:47.641Z [LOG] [parse_extracted_emails.js] Parsed: parsed-INBOX-uid-5560.json
2026-04-19T01:11:47.641Z [LOG] [parse_extracted_emails.js] Parsed: parsed-INBOX-uid-5561.json
2026-04-19T01:11:47.641Z [LOG] [parse_extracted_emails.js] Parsed: parsed-INBOX-uid-5562.json
2026-04-19T01:11:47.641Z [LOG] [parse_extracted_emails.js] Parsed: parsed-INBOX-uid-5563.json
2026-04-19T01:11:47.641Z [LOG] [parse_extracted_emails.js] Parsed: parsed-INBOX-uid-5564.json
2026-04-19T01:11:47.641Z [LOG] [parse_extracted_emails.js] Parsed: parsed-INBOX-uid-5565.json
2026-04-19T01:11:47.641Z [LOG] [parse_extracted_emails.js] Parsed: parsed-INBOX-uid-5566.json
2026-04-19T01:11:47.641Z [LOG] [parse_extracted_emails.js] Parsed: parsed-INBOX-uid-5567.json
2026-04-19T01:11:47.641Z [LOG] [parse_extracted_emails.js] Parsed: parsed-INBOX-uid-5568.json
2026-04-19T01:11:47.641Z [LOG] [parse_extracted_emails.js] Parsed: parsed-INBOX-uid-5569.json
2026-04-19T01:11:47.641Z [LOG] [parse_extracted_emails.js] Parsed: parsed-INBOX-uid-5570.json
2026-04-19T01:11:47.641Z [LOG] [parse_extracted_emails.js] Parsed: parsed-INBOX-uid-5571.json
2026-04-19T01:11:47.641Z [LOG] [parse_extracted_emails.js] Parsed: parsed-INBOX-uid-5572.json
2026-04-19T01:11:47.641Z [LOG] [parse_extracted_emails.js] Parsed: parsed-INBOX-uid-5573.json
2026-04-19T01:11:47.641Z [LOG] [parse_extracted_emails.js] Parsed: parsed-INBOX-uid-5574.json
2026-04-19T01:11:47.641Z [LOG] [parse_extracted_emails.js] Parsed: parsed-INBOX-uid-5575.json
2026-04-19T01:11:47.641Z [LOG] [parse_extracted_emails.js] Parsed: parsed-INBOX-uid-5576.json
2026-04-19T01:11:47.641Z [LOG] [parse_extracted_emails.js] Parsed: parsed-INBOX-uid-5577.json
2026-04-19T01:11:47.641Z [LOG] [parse_extracted_emails.js] Parsed: parsed-INBOX-uid-5578.json
2026-04-19T01:11:47.641Z [LOG] [parse_extracted_emails.js] Parsed: parsed-INBOX-uid-5579.json
2026-04-19T01:11:47.641Z [LOG] [parse_extracted_emails.js] Parsed: parsed-INBOX-uid-5580.json
2026-04-19T01:11:47.641Z [LOG] [parse_extracted_emails.js] Parsed: parsed-INBOX-uid-5581.json
2026-04-19T01:11:47.641Z [LOG] [parse_extracted_emails.js] Parsed: parsed-INBOX-uid-5582.json
2026-04-19T01:11:47.641Z [LOG] [parse_extracted_emails.js] Parsed: parsed-INBOX-uid-5583.json
2026-04-19T01:11:47.641Z [LOG] [parse_extracted_emails.js] Parsed: parsed-INBOX-uid-5584.json
2026-04-19T01:11:47.641Z [LOG] [parse_extracted_emails.js] Parsed: parsed-INBOX-uid-5585.json
2026-04-19T01:11:47.641Z [LOG] [parse_extracted_emails.js] Parsed: parsed-INBOX-uid-5586.json
2026-04-19T01:11:47.641Z [LOG] [parse_extracted_emails.js] Parsed: parsed-INBOX-uid-5587.json
2026-04-19T01:11:47.641Z [LOG] [parse_extracted_emails.js] Parsed: parsed-INBOX-uid-5588.json
2026-04-19T01:11:47.641Z [LOG] [parse_extracted_emails.js] Parsed: parsed-INBOX-uid-5589.json
2026-04-19T01:11:47.641Z [LOG] [parse_extracted_emails.js] Parsed: parsed-INBOX-uid-5590.json
2026-04-19T01:11:47.641Z [LOG] [parse_extracted_emails.js] Parsed: parsed-INBOX-uid-5591.json
2026-04-19T01:11:47.641Z [LOG] [parse_extracted_emails.js] Parsed: parsed-INBOX-uid-5592.json
2026-04-19T01:11:47.641Z [LOG] [parse_extracted_emails.js] Parsed: parsed-INBOX-uid-5593.json
2026-04-19T01:11:47.641Z [LOG] [parse_extracted_emails.js] Parsed: parsed-INBOX-uid-5594.json
2026-04-19T01:11:47.641Z [LOG] [parse_extracted_emails.js] Parsed: parsed-INBOX-uid-5595.json
2026-04-19T01:11:47.641Z [LOG] [parse_extracted_emails.js] Parsed: parsed-INBOX-uid-5596.json
2026-04-19T01:11:47.641Z [LOG] [parse_extracted_emails.js] Parsed: parsed-INBOX-uid-5597.json
2026-04-19T01:11:47.641Z [LOG] [parse_extracted_emails.js] Parsed: parsed-INBOX-uid-5598.json
2026-04-19T01:11:47.641Z [LOG] [parse_extracted_emails.js] Parsed: parsed-INBOX-uid-5599.json
2026-04-19T01:11:47.641Z [LOG] [parse_extracted_emails.js] Parsed: parsed-INBOX-uid-5600.json
2026-04-19T01:11:47.641Z [LOG] [parse_extracted_emails.js] Parsed: parsed-INBOX-uid-5601.json
2026-04-19T01:11:47.641Z [LOG] [parse_extracted_emails.js] Parsed: parsed-INBOX-uid-5602.json
2026-04-19T01:11:47.641Z [LOG] [parse_extracted_emails.js] Parsed: parsed-INBOX-uid-5603.json
2026-04-19T01:11:47.641Z [LOG] [parse_extracted_emails.js] Parsed: parsed-INBOX-uid-5604.json
2026-04-19T01:11:47.641Z [LOG] [parse_extracted_emails.js] Parsed: parsed-INBOX-uid-5605.json
2026-04-19T01:11:47.641Z [LOG] [parse_extracted_emails.js] Parsed: parsed-INBOX-uid-5606.json
2026-04-19T01:11:47.641Z [LOG] [parse_extracted_emails.js] Parsed: parsed-INBOX-uid-5607.json
2026-04-19T01:11:47.641Z [LOG] [parse_extracted_emails.js] Parsed: parsed-INBOX-uid-5608.json
2026-04-19T01:11:47.641Z [LOG] [parse_extracted_emails.js] Parsed: parsed-INBOX-uid-5609.json
2026-04-19T01:11:47.641Z [LOG] [parse_extracted_emails.js] Parsed: parsed-INBOX-uid-5610.json
2026-04-19T01:11:47.641Z [LOG] [parse_extracted_emails.js] Parsed: parsed-INBOX-uid-5611.json
2026-04-19T01:11:47.641Z [LOG] [parse_extracted_emails.js] Parsed: parsed-INBOX-uid-5612.json
2026-04-19T01:11:47.641Z [LOG] [parse_extracted_emails.js] Parsed: parsed-INBOX-uid-5613.json
2026-04-19T01:11:47.641Z [LOG] [parse_extracted_emails.js] Parsed: parsed-INBOX-uid-5614.json
2026-04-19T01:11:47.641Z [LOG] [parse_extracted_emails.js] Parsed: parsed-INBOX-uid-5615.json
2026-04-19T01:11:47.641Z [LOG] [parse_extracted_emails.js] Parsed: parsed-INBOX-uid-5616.json
2026-04-19T01:11:47.641Z [LOG] [parse_extracted_emails.js] Parsed: parsed-INBOX-uid-5617.json
2026-04-19T01:11:47.641Z [LOG] [parse_extracted_emails.js] Parsed: parsed-INBOX-uid-5618.json
2026-04-19T01:11:47.641Z [LOG] [parse_extracted_emails.js] Parsed: parsed-INBOX-uid-5619.json
2026-04-19T01:11:47.641Z [LOG] [parse_extracted_emails.js] Parsed: parsed-INBOX-uid-5620.json
2026-04-19T01:11:47.641Z [LOG] [parse_extracted_emails.js] Parsed: parsed-INBOX-uid-5621.json
2026-04-19T01:11:47.641Z [LOG] [parse_extracted_emails.js] Parsed: parsed-INBOX-uid-5622.json
2026-04-19T01:11:47.641Z [LOG] [parse_extracted_emails.js] Parsed: parsed-INBOX-uid-5623.json
2026-04-19T01:11:47.641Z [LOG] [parse_extracted_emails.js] Parsed: parsed-INBOX-uid-5624.json
2026-04-19T01:11:47.641Z [LOG] [parse_extracted_emails.js] Parsed: parsed-INBOX-uid-5625.json
2026-04-19T01:11:47.642Z [LOG] [parse_extracted_emails.js] Parsed: parsed-INBOX-uid-5626.json
2026-04-19T01:11:47.642Z [LOG] [parse_extracted_emails.js] Parsed: parsed-INBOX-uid-5627.json
2026-04-19T01:11:47.642Z [LOG] [parse_extracted_emails.js] Parsed: parsed-INBOX-uid-5628.json
2026-04-19T01:11:47.642Z [LOG] [parse_extracted_emails.js] Parsed: parsed-INBOX-uid-5629.json
2026-04-19T01:11:47.642Z [LOG] [parse_extracted_emails.js] Parsed: parsed-INBOX-uid-5630.json
2026-04-19T01:11:47.642Z [LOG] [parse_extracted_emails.js] Parsed: parsed-INBOX-uid-5631.json
2026-04-19T01:11:47.642Z [LOG] [parse_extracted_emails.js] Parsed: parsed-INBOX-uid-5632.json
2026-04-19T01:11:47.642Z [LOG] [parse_extracted_emails.js] Parsed: parsed-INBOX-uid-5633.json
2026-04-19T01:11:47.642Z [LOG] [parse_extracted_emails.js] Parsed: parsed-INBOX-uid-5634.json
2026-04-19T01:11:47.642Z [LOG] [parse_extracted_emails.js] Parsed: parsed-INBOX-uid-5635.json
2026-04-19T01:11:47.642Z [LOG] [parse_extracted_emails.js] Parsed: parsed-INBOX-uid-5636.json
2026-04-19T01:11:47.642Z [LOG] [parse_extracted_emails.js] Parsed: parsed-INBOX-uid-5637.json
2026-04-19T01:11:47.642Z [LOG] [parse_extracted_emails.js] Parsed: parsed-INBOX-uid-5638.json
2026-04-19T01:11:47.642Z [LOG] [parse_extracted_emails.js] Parsed: parsed-INBOX-uid-5639.json
2026-04-19T01:11:47.642Z [LOG] [parse_extracted_emails.js] Parsed: parsed-INBOX-uid-5640.json
2026-04-19T01:11:47.642Z [LOG] [parse_extracted_emails.js] Parsed: parsed-INBOX-uid-5641.json
2026-04-19T01:11:47.642Z [LOG] [parse_extracted_emails.js] Parsed: parsed-INBOX-uid-5642.json
2026-04-19T01:11:47.642Z [LOG] [parse_extracted_emails.js] Parsed: parsed-INBOX-uid-5643.json
2026-04-19T01:11:47.642Z [LOG] [parse_extracted_emails.js] Parsed: parsed-INBOX-uid-5644.json
2026-04-19T01:11:47.642Z [LOG] [parse_extracted_emails.js] Parsed: parsed-INBOX-uid-5645.json
2026-04-19T01:11:47.642Z [LOG] [parse_extracted_emails.js] Parsed: parsed-INBOX-uid-5646.json
2026-04-19T01:11:47.642Z [LOG] [parse_extracted_emails.js] Parsed: parsed-INBOX-uid-5647.json
2026-04-19T01:11:47.642Z [LOG] [parse_extracted_emails.js] Parsed: parsed-INBOX-uid-5648.json
2026-04-19T01:11:47.642Z [LOG] [parse_extracted_emails.js] Parsed: parsed-INBOX-uid-5649.json
2026-04-19T01:11:47.642Z [LOG] [parse_extracted_emails.js] Parsed: parsed-INBOX-uid-5650.json
2026-04-19T01:11:47.642Z [LOG] [parse_extracted_emails.js] Parsed: parsed-INBOX-uid-5651.json
2026-04-19T01:11:47.642Z [LOG] [parse_extracted_emails.js] Parsed: parsed-INBOX-uid-5652.json
2026-04-19T01:11:47.642Z [LOG] [parse_extracted_emails.js] Parsed: parsed-INBOX-uid-5653.json
2026-04-19T01:11:47.642Z [LOG] [parse_extracted_emails.js] Parsed: parsed-INBOX-uid-5654.json
2026-04-19T01:11:47.642Z [LOG] [parse_extracted_emails.js] Parsed: parsed-INBOX-uid-5655.json
2026-04-19T01:11:47.642Z [LOG] [parse_extracted_emails.js] Parsed: parsed-INBOX-uid-5656.json
2026-04-19T01:11:47.642Z [LOG] [parse_extracted_emails.js] Parsed: parsed-INBOX-uid-5657.json
2026-04-19T01:11:47.642Z [LOG] [parse_extracted_emails.js] Parsed: parsed-INBOX-uid-5658.json
2026-04-19T01:11:47.642Z [LOG] [parse_extracted_emails.js] Parsed: parsed-INBOX-uid-5659.json
2026-04-19T01:11:47.642Z [LOG] [parse_extracted_emails.js] Parsed: parsed-INBOX-uid-5660.json
2026-04-19T01:11:47.642Z [LOG] [parse_extracted_emails.js] Parsed: parsed-INBOX-uid-5661.json
2026-04-19T01:11:47.642Z [LOG] [parse_extracted_emails.js] Parsed: parsed-INBOX-uid-5662.json
2026-04-19T01:11:47.642Z [LOG] [parse_extracted_emails.js] Parsed: parsed-INBOX-uid-5663.json
2026-04-19T01:11:47.642Z [LOG] [parse_extracted_emails.js] Parsed: parsed-INBOX-uid-5664.json
2026-04-19T01:11:47.642Z [LOG] [parse_extracted_emails.js] Parsed: parsed-INBOX-uid-5665.json
2026-04-19T01:11:47.642Z [LOG] [parse_extracted_emails.js] Parsed: parsed-INBOX-uid-5666.json
2026-04-19T01:11:47.642Z [LOG] [parse_extracted_emails.js] Parsed: parsed-INBOX-uid-5667.json
2026-04-19T01:11:47.642Z [LOG] [parse_extracted_emails.js] Parsed: parsed-INBOX-uid-5668.json
2026-04-19T01:11:47.642Z [LOG] [parse_extracted_emails.js] Parsed: parsed-INBOX-uid-5669.json
2026-04-19T01:11:47.642Z [LOG] [parse_extracted_emails.js] Parsed: parsed-INBOX-uid-5670.json
2026-04-19T01:11:47.642Z [LOG] [parse_extracted_emails.js] Parsed: parsed-INBOX-uid-5671.json
2026-04-19T01:11:47.642Z [LOG] [parse_extracted_emails.js] Parsed: parsed-INBOX-uid-5672.json
2026-04-19T01:11:47.642Z [LOG] [parse_extracted_emails.js] Parsed: parsed-INBOX-uid-5673.json
2026-04-19T01:11:47.642Z [LOG] [parse_extracted_emails.js] Parsed: parsed-INBOX-uid-5674.json
2026-04-19T01:11:47.642Z [LOG] [parse_extracted_emails.js] Parsed: parsed-INBOX-uid-5675.json
2026-04-19T01:11:47.642Z [LOG] [parse_extracted_emails.js] Parsed: parsed-INBOX-uid-5676.json
2026-04-19T01:11:47.642Z [LOG] [parse_extracted_emails.js] Parsed: parsed-INBOX-uid-5677.json
2026-04-19T01:11:47.642Z [LOG] [parse_extracted_emails.js] Parsed: parsed-INBOX-uid-5678.json
2026-04-19T01:11:47.642Z [LOG] [parse_extracted_emails.js] Parsed: parsed-INBOX-uid-5679.json
2026-04-19T01:11:47.642Z [LOG] [parse_extracted_emails.js] Parsed: parsed-INBOX-uid-5680.json
2026-04-19T01:11:47.642Z [LOG] [parse_extracted_emails.js] Parsed: parsed-INBOX-uid-5681.json
2026-04-19T01:11:47.642Z [LOG] [parse_extracted_emails.js] Parsed: parsed-INBOX-uid-5682.json
2026-04-19T01:11:47.642Z [LOG] [parse_extracted_emails.js] Parsed: parsed-INBOX-uid-5683.json
2026-04-19T01:11:47.642Z [LOG] [parse_extracted_emails.js] Parsed: parsed-INBOX-uid-5684.json
2026-04-19T01:11:47.642Z [LOG] [parse_extracted_emails.js] Parsed: parsed-INBOX-uid-5685.json
2026-04-19T01:11:47.642Z [LOG] [parse_extracted_emails.js] Parsed: parsed-INBOX-uid-5686.json
2026-04-19T01:11:47.642Z [LOG] [parse_extracted_emails.js] Parsed: parsed-INBOX-uid-5687.json
2026-04-19T01:11:47.642Z [LOG] [parse_extracted_emails.js] Parsed: parsed-INBOX-uid-5688.json
2026-04-19T01:11:47.642Z [LOG] [parse_extracted_emails.js] Parsed: parsed-INBOX-uid-5689.json
2026-04-19T01:11:47.642Z [LOG] [parse_extracted_emails.js] Parsed: parsed-INBOX-uid-5690.json
2026-04-19T01:11:47.642Z [LOG] [parse_extracted_emails.js] Parsed: parsed-INBOX-uid-5691.json
2026-04-19T01:11:47.642Z [LOG] [parse_extracted_emails.js] Parsed: parsed-INBOX-uid-5692.json
2026-04-19T01:11:47.642Z [LOG] [parse_extracted_emails.js] Parsed: parsed-INBOX-uid-5693.json
2026-04-19T01:11:47.642Z [LOG] [parse_extracted_emails.js] Parsed: parsed-INBOX-uid-5694.json
2026-04-19T01:11:47.642Z [LOG] [parse_extracted_emails.js] Parsed: parsed-INBOX-uid-5695.json
2026-04-19T01:11:47.642Z [LOG] [parse_extracted_emails.js] Parsed: parsed-INBOX-uid-5696.json
2026-04-19T01:11:47.642Z [LOG] [parse_extracted_emails.js] Parsed: parsed-INBOX-uid-5697.json
2026-04-19T01:11:47.642Z [LOG] [parse_extracted_emails.js] Parsed: parsed-INBOX-uid-5698.json
2026-04-19T01:11:47.642Z [LOG] [parse_extracted_emails.js] Parsed: parsed-INBOX-uid-5699.json
2026-04-19T01:11:47.642Z [LOG] [parse_extracted_emails.js] Parsed: parsed-INBOX-uid-5700.json
2026-04-19T01:11:47.642Z [LOG] [parse_extracted_emails.js] Parsed: parsed-INBOX-uid-5701.json
2026-04-19T01:11:47.642Z [LOG] [parse_extracted_emails.js] Parsed: parsed-INBOX-uid-5702.json
2026-04-19T01:11:47.642Z [LOG] [parse_extracted_emails.js] Parsed: parsed-INBOX-uid-5703.json
2026-04-19T01:11:47.642Z [LOG] [parse_extracted_emails.js] Parsed: parsed-INBOX-uid-5704.json
2026-04-19T01:11:47.642Z [LOG] [parse_extracted_emails.js] Parsed: parsed-INBOX-uid-5705.json
2026-04-19T01:11:47.642Z [LOG] [parse_extracted_emails.js] Parsed: parsed-INBOX-uid-5706.json
2026-04-19T01:11:47.642Z [LOG] [parse_extracted_emails.js] Parsed: parsed-INBOX-uid-5707.json
2026-04-19T01:11:47.643Z [LOG] [parse_extracted_emails.js] Parsed: parsed-INBOX-uid-5708.json
2026-04-19T01:11:47.643Z [LOG] [parse_extracted_emails.js] Parsed: parsed-INBOX-uid-5709.json
2026-04-19T01:11:47.643Z [LOG] [parse_extracted_emails.js] Parsed: parsed-INBOX-uid-5710.json
2026-04-19T01:11:47.643Z [LOG] [parse_extracted_emails.js] Parsed: parsed-INBOX-uid-5711.json
2026-04-19T01:11:47.643Z [LOG] [parse_extracted_emails.js] Parsed: parsed-INBOX-uid-5712.json
2026-04-19T01:11:47.643Z [LOG] [parse_extracted_emails.js] Parsed: parsed-INBOX-uid-5713.json
2026-04-19T01:11:47.643Z [LOG] [parse_extracted_emails.js] Parsed: parsed-INBOX-uid-5714.json
2026-04-19T01:11:47.643Z [LOG] [parse_extracted_emails.js] Parsed: parsed-INBOX-uid-5715.json
2026-04-19T01:11:47.643Z [LOG] [parse_extracted_emails.js] Parsed: parsed-INBOX-uid-5716.json
2026-04-19T01:11:47.643Z [LOG] [parse_extracted_emails.js] Parsed: parsed-INBOX-uid-5717.json
2026-04-19T01:11:47.643Z [LOG] [parse_extracted_emails.js] Parsed: parsed-INBOX-uid-5718.json
2026-04-19T01:11:47.643Z [LOG] [parse_extracted_emails.js] Parsed: parsed-INBOX-uid-5719.json
2026-04-19T01:11:47.643Z [LOG] [parse_extracted_emails.js] Parsed: parsed-INBOX-uid-5720.json
2026-04-19T01:11:47.643Z [LOG] [parse_extracted_emails.js] Parsed: parsed-INBOX-uid-5721.json
2026-04-19T01:11:47.643Z [LOG] [parse_extracted_emails.js] Parsed: parsed-INBOX-uid-5722.json
2026-04-19T01:11:47.643Z [LOG] [parse_extracted_emails.js] Parsed: parsed-INBOX-uid-5723.json
2026-04-19T01:11:47.643Z [LOG] [parse_extracted_emails.js] Parsed: parsed-INBOX-uid-5724.json
2026-04-19T01:11:47.643Z [LOG] [parse_extracted_emails.js] Parsed: parsed-INBOX-uid-5725.json
2026-04-19T01:11:47.643Z [LOG] [parse_extracted_emails.js] Parsed: parsed-INBOX-uid-5726.json
2026-04-19T01:11:47.643Z [LOG] [parse_extracted_emails.js] Parsed: parsed-INBOX-uid-5727.json
2026-04-19T01:11:47.643Z [LOG] [parse_extracted_emails.js] Parsed: parsed-INBOX-uid-5728.json
2026-04-19T01:11:47.643Z [LOG] [parse_extracted_emails.js] Parsed: parsed-INBOX-uid-5729.json
2026-04-19T01:11:47.643Z [LOG] [parse_extracted_emails.js] Parsed: parsed-INBOX-uid-5730.json
2026-04-19T01:11:47.643Z [LOG] [parse_extracted_emails.js] Parsed: parsed-INBOX-uid-5731.json
2026-04-19T01:11:47.643Z [LOG] [parse_extracted_emails.js] Parsed: parsed-INBOX-uid-5732.json
2026-04-19T01:11:47.643Z [LOG] [parse_extracted_emails.js] Parsed: parsed-INBOX-uid-5733.json
2026-04-19T01:11:47.643Z [LOG] [parse_extracted_emails.js] Parsed: parsed-INBOX-uid-5734.json
2026-04-19T01:11:47.643Z [LOG] [parse_extracted_emails.js] Parsed: parsed-INBOX-uid-5735.json
2026-04-19T01:11:47.643Z [LOG] [parse_extracted_emails.js] Parsed: parsed-INBOX-uid-5736.json
2026-04-19T01:11:47.643Z [LOG] [parse_extracted_emails.js] Parsed: parsed-INBOX-uid-5737.json
2026-04-19T01:11:47.643Z [LOG] [parse_extracted_emails.js] Parsed: parsed-INBOX-uid-5738.json
2026-04-19T01:11:47.643Z [LOG] [parse_extracted_emails.js] Parsed: parsed-INBOX-uid-5739.json
2026-04-19T01:11:47.643Z [LOG] [parse_extracted_emails.js] Parsed: parsed-INBOX-uid-5740.json
2026-04-19T01:11:47.643Z [LOG] [parse_extracted_emails.js] Parsed: parsed-INBOX-uid-5741.json
2026-04-19T01:11:47.643Z [LOG] [parse_extracted_emails.js] Parsed: parsed-INBOX-uid-5742.json
2026-04-19T01:11:47.643Z [LOG] [parse_extracted_emails.js] Parsed: parsed-INBOX-uid-5743.json
2026-04-19T01:11:47.643Z [LOG] [parse_extracted_emails.js] Parsed: parsed-INBOX-uid-5744.json
2026-04-19T01:11:47.643Z [LOG] [parse_extracted_emails.js] Parsed: parsed-INBOX-uid-5745.json
2026-04-19T01:11:47.643Z [LOG] [parse_extracted_emails.js] Parsed: parsed-INBOX-uid-5746.json
2026-04-19T01:11:47.643Z [LOG] [parse_extracted_emails.js] Parsed: parsed-INBOX-uid-5747.json
2026-04-19T01:11:47.643Z [LOG] [parse_extracted_emails.js] Parsed: parsed-INBOX-uid-5748.json
2026-04-19T01:11:47.643Z [LOG] [parse_extracted_emails.js] Parsed: parsed-INBOX-uid-5749.json
2026-04-19T01:11:47.643Z [LOG] [parse_extracted_emails.js] Parsed: parsed-INBOX-uid-5750.json
2026-04-19T01:11:47.643Z [LOG] [parse_extracted_emails.js] Parsed: parsed-INBOX-uid-5751.json
2026-04-19T01:11:47.643Z [LOG] [parse_extracted_emails.js] Parsed: parsed-INBOX-uid-5752.json
2026-04-19T01:11:47.643Z [LOG] [parse_extracted_emails.js] Parsed: parsed-INBOX-uid-5753.json
2026-04-19T01:11:47.643Z [LOG] [parse_extracted_emails.js] Parsed: parsed-INBOX-uid-5754.json
2026-04-19T01:11:47.643Z [LOG] [parse_extracted_emails.js] Parsed: parsed-INBOX-uid-5755.json
2026-04-19T01:11:47.643Z [LOG] [parse_extracted_emails.js] Parsed: parsed-INBOX-uid-5756.json
2026-04-19T01:11:47.643Z [LOG] [parse_extracted_emails.js] Parsed: parsed-INBOX-uid-5757.json
2026-04-19T01:11:47.643Z [LOG] [parse_extracted_emails.js] Parsed: parsed-INBOX-uid-5758.json
2026-04-19T01:11:47.643Z [LOG] [parse_extracted_emails.js] Parsed: parsed-INBOX-uid-5759.json
2026-04-19T01:11:47.643Z [LOG] [parse_extracted_emails.js] Parsed: parsed-INBOX-uid-5760.json
2026-04-19T01:11:47.643Z [LOG] [parse_extracted_emails.js] Parsed: parsed-INBOX-uid-5761.json
2026-04-19T01:11:47.643Z [LOG] [parse_extracted_emails.js] Parsed: parsed-INBOX-uid-5762.json
2026-04-19T01:11:47.643Z [LOG] [parse_extracted_emails.js] Parsed: parsed-INBOX-uid-5763.json
2026-04-19T01:11:47.643Z [LOG] [parse_extracted_emails.js] Parsed: parsed-INBOX-uid-5764.json
2026-04-19T01:11:47.643Z [LOG] [parse_extracted_emails.js] Parsed: parsed-INBOX-uid-5765.json
2026-04-19T01:11:47.643Z [LOG] [parse_extracted_emails.js] Parsed: parsed-INBOX-uid-5766.json
2026-04-19T01:11:47.643Z [LOG] [parse_extracted_emails.js] Parsed: parsed-INBOX-uid-5767.json
2026-04-19T01:11:47.643Z [LOG] [parse_extracted_emails.js] Parsed: parsed-INBOX-uid-5768.json
2026-04-19T01:11:47.643Z [LOG] [parse_extracted_emails.js] Parsed: parsed-INBOX-uid-5769.json
2026-04-19T01:11:47.643Z [LOG] [parse_extracted_emails.js] Parsed: parsed-INBOX-uid-5770.json
2026-04-19T01:11:47.643Z [LOG] [parse_extracted_emails.js] Parsed: parsed-INBOX-uid-5771.json
2026-04-19T01:11:47.643Z [LOG] [parse_extracted_emails.js] Parsed: parsed-INBOX-uid-5772.json
2026-04-19T01:11:47.643Z [LOG] [parse_extracted_emails.js] Parsed: parsed-INBOX-uid-5773.json
2026-04-19T01:11:47.643Z [LOG] [parse_extracted_emails.js] Parsed: parsed-INBOX-uid-5774.json
2026-04-19T01:11:47.643Z [LOG] [parse_extracted_emails.js] Parsed: parsed-INBOX-uid-5775.json
2026-04-19T01:11:47.643Z [LOG] [parse_extracted_emails.js] Parsed: parsed-INBOX-uid-5776.json
2026-04-19T01:11:47.643Z [LOG] [parse_extracted_emails.js] Parsed: parsed-INBOX-uid-5777.json
2026-04-19T01:11:47.643Z [LOG] [parse_extracted_emails.js] Parsed: parsed-INBOX-uid-5778.json
2026-04-19T01:11:47.643Z [LOG] [parse_extracted_emails.js] Parsed: parsed-INBOX-uid-5779.json
2026-04-19T01:11:47.643Z [LOG] [parse_extracted_emails.js] Parsed: parsed-INBOX-uid-5780.json
2026-04-19T01:11:47.643Z [LOG] [parse_extracted_emails.js] Parsed: parsed-INBOX-uid-5781.json
2026-04-19T01:11:47.643Z [LOG] [parse_extracted_emails.js] Parsed: parsed-INBOX-uid-5782.json
2026-04-19T01:11:47.643Z [LOG] [parse_extracted_emails.js] Parsed: parsed-INBOX-uid-5783.json
2026-04-19T01:11:47.643Z [LOG] [parse_extracted_emails.js] Parsed: parsed-INBOX-uid-5784.json
2026-04-19T01:11:47.643Z [LOG] [parse_extracted_emails.js] Parsed: parsed-INBOX-uid-5785.json
2026-04-19T01:11:47.643Z [LOG] [parse_extracted_emails.js] Parsed: parsed-INBOX-uid-5786.json
2026-04-19T01:11:47.643Z [LOG] [parse_extracted_emails.js] Parsed: parsed-INBOX-uid-5787.json
2026-04-19T01:11:47.643Z [LOG] [parse_extracted_emails.js] Parsed: parsed-INBOX-uid-5788.json
2026-04-19T01:11:47.643Z [LOG] [parse_extracted_emails.js] Parsed: parsed-INBOX-uid-5789.json
2026-04-19T01:11:47.643Z [LOG] [parse_extracted_emails.js] Parsed: parsed-INBOX-uid-5790.json
2026-04-19T01:11:47.643Z [LOG] [parse_extracted_emails.js] Parsed: parsed-INBOX-uid-5791.json
2026-04-19T01:11:47.643Z [LOG] [parse_extracted_emails.js] Parsed: parsed-INBOX-uid-5792.json
2026-04-19T01:11:47.643Z [LOG] [parse_extracted_emails.js] Parsed: parsed-INBOX-uid-5793.json
2026-04-19T01:11:47.643Z [LOG] [parse_extracted_emails.js] Parsed: parsed-INBOX-uid-5794.json
2026-04-19T01:11:47.643Z [LOG] [parse_extracted_emails.js] Parsed: parsed-INBOX-uid-5795.json
2026-04-19T01:11:47.643Z [LOG] [parse_extracted_emails.js] Parsed: parsed-INBOX-uid-5796.json
2026-04-19T01:11:47.643Z [LOG] [parse_extracted_emails.js] Parsed: parsed-INBOX-uid-5797.json
2026-04-19T01:11:47.643Z [LOG] [parse_extracted_emails.js] Parsed: parsed-INBOX-uid-5798.json
2026-04-19T01:11:47.643Z [LOG] [parse_extracted_emails.js] Parsed: parsed-INBOX-uid-5799.json
2026-04-19T01:11:47.643Z [LOG] [parse_extracted_emails.js] Parsed: parsed-INBOX-uid-5800.json
2026-04-19T01:11:47.643Z [LOG] [parse_extracted_emails.js] Parsed: parsed-INBOX-uid-5801.json
2026-04-19T01:11:47.643Z [LOG] [parse_extracted_emails.js] Parsed: parsed-INBOX-uid-5802.json
2026-04-19T01:11:47.643Z [LOG] [parse_extracted_emails.js] Parsed: parsed-INBOX-uid-5803.json
2026-04-19T01:11:47.643Z [LOG] [parse_extracted_emails.js] Parsed: parsed-INBOX-uid-5804.json
2026-04-19T01:11:47.644Z [LOG] [parse_extracted_emails.js] Parsed: parsed-INBOX-uid-5805.json
2026-04-19T01:11:47.644Z [LOG] [parse_extracted_emails.js] Parsed: parsed-INBOX-uid-5806.json
2026-04-19T01:11:47.644Z [LOG] [parse_extracted_emails.js] Parsed: parsed-INBOX-uid-5807.json
2026-04-19T01:11:47.644Z [LOG] [parse_extracted_emails.js] Parsed: parsed-INBOX-uid-5808.json
2026-04-19T01:11:47.644Z [LOG] [parse_extracted_emails.js] Parsed: parsed-INBOX-uid-5809.json
2026-04-19T01:11:47.644Z [LOG] [parse_extracted_emails.js] Parsed: parsed-INBOX-uid-5810.json
2026-04-19T01:11:47.644Z [LOG] [parse_extracted_emails.js] Parsed: parsed-INBOX-uid-5811.json
2026-04-19T01:11:47.644Z [LOG] [parse_extracted_emails.js] Parsed: parsed-INBOX-uid-5812.json
2026-04-19T01:11:47.644Z [LOG] [parse_extracted_emails.js] Parsed: parsed-INBOX-uid-5813.json
2026-04-19T01:11:47.644Z [LOG] [parse_extracted_emails.js] Parsed: parsed-INBOX-uid-5814.json
2026-04-19T01:11:47.644Z [LOG] [parse_extracted_emails.js] Parsed: parsed-INBOX-uid-5815.json
2026-04-19T01:11:47.644Z [LOG] [parse_extracted_emails.js] Parsed: parsed-INBOX-uid-5816.json
2026-04-19T01:11:47.644Z [LOG] [parse_extracted_emails.js] Parsed: parsed-INBOX-uid-5817.json
2026-04-19T01:11:47.644Z [LOG] [parse_extracted_emails.js] Parsed: parsed-INBOX-uid-5818.json
2026-04-19T01:11:47.644Z [LOG] [parse_extracted_emails.js] Parsed: parsed-INBOX-uid-5819.json
2026-04-19T01:11:47.644Z [LOG] [parse_extracted_emails.js] Parsed: parsed-INBOX-uid-5820.json
2026-04-19T01:11:47.644Z [LOG] [parse_extracted_emails.js] Parsed: parsed-INBOX-uid-5821.json
2026-04-19T01:11:47.644Z [LOG] [parse_extracted_emails.js] Parsed: parsed-INBOX-uid-5822.json
2026-04-19T01:11:47.644Z [LOG] [parse_extracted_emails.js] Parsed: parsed-INBOX-uid-5823.json
2026-04-19T01:11:47.644Z [LOG] [parse_extracted_emails.js] Parsed: parsed-INBOX-uid-5824.json
2026-04-19T01:11:47.644Z [LOG] [parse_extracted_emails.js] Parsed: parsed-INBOX-uid-5825.json
2026-04-19T01:11:47.644Z [LOG] [parse_extracted_emails.js] Parsed: parsed-INBOX-uid-5826.json
2026-04-19T01:11:47.644Z [LOG] [parse_extracted_emails.js] Parsed: parsed-INBOX-uid-5827.json
2026-04-19T01:11:47.644Z [LOG] [parse_extracted_emails.js] Parsed: parsed-INBOX-uid-5828.json
2026-04-19T01:11:47.644Z [LOG] [parse_extracted_emails.js] Parsed: parsed-INBOX-uid-5829.json
2026-04-19T01:11:47.644Z [LOG] [parse_extracted_emails.js] Parsed: parsed-INBOX-uid-5830.json
2026-04-19T01:11:47.644Z [LOG] [parse_extracted_emails.js] Parsed: parsed-INBOX-uid-5831.json
2026-04-19T01:11:47.644Z [LOG] [parse_extracted_emails.js] Parsed: parsed-INBOX-uid-5832.json
2026-04-19T01:11:47.644Z [LOG] [parse_extracted_emails.js] Parsed: parsed-INBOX-uid-5833.json
2026-04-19T01:11:47.644Z [LOG] [parse_extracted_emails.js] Parsed: parsed-INBOX-uid-5834.json
2026-04-19T01:11:47.644Z [LOG] [parse_extracted_emails.js] Parsed: parsed-INBOX-uid-5835.json
2026-04-19T01:11:47.644Z [LOG] [parse_extracted_emails.js] Parsed: parsed-INBOX-uid-5836.json
2026-04-19T01:11:47.644Z [LOG] [parse_extracted_emails.js] Parsed: parsed-INBOX-uid-5837.json
2026-04-19T01:11:47.644Z [LOG] [parse_extracted_emails.js] Parsed: parsed-INBOX-uid-5838.json
2026-04-19T01:11:47.644Z [LOG] [parse_extracted_emails.js] Parsed: parsed-INBOX-uid-5839.json
2026-04-19T01:11:47.644Z [LOG] [parse_extracted_emails.js] Parsed: parsed-INBOX-uid-5840.json
2026-04-19T01:11:47.644Z [LOG] [parse_extracted_emails.js] Parsed: parsed-INBOX-uid-5841.json
2026-04-19T01:11:47.644Z [LOG] [parse_extracted_emails.js] Parsed: parsed-INBOX-uid-5842.json
2026-04-19T01:11:47.644Z [LOG] [parse_extracted_emails.js] Parsed: parsed-INBOX-uid-5843.json
2026-04-19T01:11:47.644Z [LOG] [parse_extracted_emails.js] Parsed: parsed-INBOX-uid-5844.json
2026-04-19T01:11:47.644Z [LOG] [parse_extracted_emails.js] Parsed: parsed-INBOX-uid-5845.json
2026-04-19T01:11:47.644Z [LOG] [parse_extracted_emails.js] Parsed: parsed-INBOX-uid-5846.json
2026-04-19T01:11:47.644Z [LOG] [parse_extracted_emails.js] Parsed: parsed-INBOX-uid-5847.json
2026-04-19T01:11:47.644Z [LOG] [parse_extracted_emails.js] Parsed: parsed-INBOX-uid-5848.json
2026-04-19T01:11:47.644Z [LOG] [parse_extracted_emails.js] Parsed: parsed-INBOX-uid-5849.json
2026-04-19T01:11:47.644Z [LOG] [parse_extracted_emails.js] Parsed: parsed-INBOX-uid-5850.json
2026-04-19T01:11:47.644Z [LOG] [parse_extracted_emails.js] Parsed: parsed-INBOX-uid-5851.json
2026-04-19T01:11:47.644Z [LOG] [parse_extracted_emails.js] Parsed: parsed-INBOX-uid-5852.json
2026-04-19T01:11:47.644Z [LOG] [parse_extracted_emails.js] Parsed: parsed-INBOX-uid-5853.json
2026-04-19T01:11:47.644Z [LOG] [parse_extracted_emails.js] Parsed: parsed-INBOX-uid-5854.json
2026-04-19T01:11:47.644Z [LOG] [parse_extracted_emails.js] Parsed: parsed-INBOX-uid-5855.json
2026-04-19T01:11:47.644Z [LOG] [parse_extracted_emails.js] Parsed: parsed-INBOX-uid-5856.json
2026-04-19T01:11:47.644Z [LOG] [parse_extracted_emails.js] Parsed: parsed-INBOX-uid-5857.json
2026-04-19T01:11:47.644Z [LOG] [parse_extracted_emails.js] Parsed: parsed-INBOX-uid-5858.json
2026-04-19T01:11:47.644Z [LOG] [parse_extracted_emails.js] Parsed: parsed-INBOX-uid-5859.json
2026-04-19T01:11:47.644Z [LOG] [parse_extracted_emails.js] Parsed: parsed-INBOX-uid-5860.json
2026-04-19T01:11:47.644Z [LOG] [parse_extracted_emails.js] Parsed: parsed-INBOX-uid-5861.json
2026-04-19T01:11:47.644Z [LOG] [parse_extracted_emails.js] Parsed: parsed-INBOX-uid-5862.json
2026-04-19T01:11:47.644Z [LOG] [parse_extracted_emails.js] Parsed: parsed-INBOX-uid-5863.json
2026-04-19T01:11:47.644Z [LOG] [parse_extracted_emails.js] Parsed: parsed-INBOX-uid-5864.json
2026-04-19T01:11:47.644Z [LOG] [parse_extracted_emails.js] Parsed: parsed-INBOX-uid-5865.json
2026-04-19T01:11:47.644Z [LOG] [parse_extracted_emails.js] Parsed: parsed-INBOX-uid-5866.json
2026-04-19T01:11:47.644Z [LOG] [parse_extracted_emails.js] Parsed: parsed-INBOX-uid-5867.json
2026-04-19T01:11:47.644Z [LOG] [parse_extracted_emails.js] Parsed: parsed-INBOX-uid-5868.json
2026-04-19T01:11:47.644Z [LOG] [parse_extracted_emails.js] Parsed: parsed-INBOX-uid-5869.json
2026-04-19T01:11:47.644Z [LOG] [parse_extracted_emails.js] Parsed: parsed-INBOX-uid-5870.json
2026-04-19T01:11:47.644Z [LOG] [parse_extracted_emails.js] Parsed: parsed-INBOX-uid-5871.json
2026-04-19T01:11:47.644Z [LOG] [parse_extracted_emails.js] Parsed: parsed-INBOX-uid-5872.json
2026-04-19T01:11:47.644Z [LOG] [parse_extracted_emails.js] Parsed: parsed-INBOX-uid-5873.json
2026-04-19T01:11:47.644Z [LOG] [parse_extracted_emails.js] Parsed: parsed-INBOX-uid-5874.json
2026-04-19T01:11:47.644Z [LOG] [parse_extracted_emails.js] Parsed: parsed-INBOX-uid-5875.json
2026-04-19T01:11:47.644Z [LOG] [parse_extracted_emails.js] Parsed: parsed-INBOX-uid-5876.json
2026-04-19T01:11:47.644Z [LOG] [parse_extracted_emails.js] Parsed: parsed-INBOX-uid-5877.json
2026-04-19T01:11:47.644Z [LOG] [parse_extracted_emails.js] Parsed: parsed-INBOX-uid-5878.json
2026-04-19T01:11:47.644Z [LOG] [parse_extracted_emails.js] Parsed: parsed-INBOX-uid-5879.json
2026-04-19T01:11:47.644Z [LOG] [parse_extracted_emails.js] Parsed: parsed-INBOX-uid-5880.json
2026-04-19T01:11:47.644Z [LOG] [parse_extracted_emails.js] Parsed: parsed-INBOX-uid-5881.json
2026-04-19T01:11:47.644Z [LOG] [parse_extracted_emails.js] Parsed: parsed-INBOX-uid-5882.json
2026-04-19T01:11:47.644Z [LOG] [parse_extracted_emails.js] Parsed: parsed-INBOX-uid-5883.json
2026-04-19T01:11:47.644Z [LOG] [parse_extracted_emails.js] Parsed: parsed-INBOX-uid-5884.json
2026-04-19T01:11:47.644Z [LOG] [parse_extracted_emails.js] Parsed: parsed-INBOX-uid-5885.json
2026-04-19T01:11:47.644Z [LOG] [parse_extracted_emails.js] Parsed: parsed-INBOX-uid-5886.json
2026-04-19T01:11:47.644Z [LOG] [parse_extracted_emails.js] Parsed: parsed-INBOX-uid-5887.json
2026-04-19T01:11:47.644Z [LOG] [parse_extracted_emails.js] Parsed: parsed-INBOX-uid-5888.json
2026-04-19T01:11:47.644Z [LOG] [parse_extracted_emails.js] Parsed: parsed-INBOX-uid-5889.json
2026-04-19T01:11:47.644Z [LOG] [parse_extracted_emails.js] Parsed: parsed-INBOX-uid-5890.json
2026-04-19T01:11:47.644Z [LOG] [parse_extracted_emails.js] Parsed: parsed-INBOX-uid-5891.json
2026-04-19T01:11:47.644Z [LOG] [parse_extracted_emails.js] Parsed: parsed-INBOX-uid-5892.json
2026-04-19T01:11:47.644Z [LOG] [parse_extracted_emails.js] Parsed: parsed-INBOX-uid-5893.json
2026-04-19T01:11:47.644Z [LOG] [parse_extracted_emails.js] Parsed: parsed-INBOX-uid-5894.json
2026-04-19T01:11:47.644Z [LOG] [parse_extracted_emails.js] Parsed: parsed-INBOX-uid-5895.json
2026-04-19T01:11:47.644Z [LOG] [parse_extracted_emails.js] Parsed: parsed-INBOX-uid-5896.json
2026-04-19T01:11:47.644Z [LOG] [parse_extracted_emails.js] Parsed: parsed-INBOX-uid-5897.json
2026-04-19T01:11:47.644Z [LOG] [parse_extracted_emails.js] Parsed: parsed-INBOX-uid-5898.json
2026-04-19T01:11:47.644Z [LOG] [parse_extracted_emails.js] Parsed: parsed-INBOX-uid-5899.json
2026-04-19T01:11:47.644Z [LOG] [parse_extracted_emails.js] Parsed: parsed-INBOX-uid-5900.json
2026-04-19T01:11:47.644Z [LOG] [parse_extracted_emails.js] Parsed: parsed-INBOX-uid-5901.json
2026-04-19T01:11:47.644Z [LOG] [parse_extracted_emails.js] Parsed: parsed-INBOX-uid-5902.json
2026-04-19T01:11:47.644Z [LOG] [parse_extracted_emails.js] Parsed: parsed-INBOX-uid-5903.json
2026-04-19T01:11:47.644Z [LOG] [parse_extracted_emails.js] Parsed: parsed-INBOX-uid-5904.json
2026-04-19T01:11:47.644Z [LOG] [parse_extracted_emails.js] Parsed: parsed-INBOX-uid-5905.json
2026-04-19T01:11:47.644Z [LOG] [parse_extracted_emails.js] Parsed: parsed-INBOX-uid-5906.json
2026-04-19T01:11:47.644Z [LOG] [parse_extracted_emails.js] Parsed: parsed-INBOX-uid-5907.json
2026-04-19T01:11:47.644Z [LOG] [parse_extracted_emails.js] Parsed: parsed-INBOX-uid-5911.json
2026-04-19T01:11:47.644Z [LOG] [parse_extracted_emails.js] Parsed: parsed-INBOX-uid-5912.json
2026-04-19T01:11:47.644Z [LOG] [parse_extracted_emails.js] Parsed: parsed-INBOX-uid-5913.json
2026-04-19T01:11:47.644Z [LOG] [parse_extracted_emails.js] Parsed: parsed-INBOX-uid-5914.json
2026-04-19T01:11:47.644Z [LOG] [parse_extracted_emails.js] Parsed: parsed-INBOX-uid-5915.json
2026-04-19T01:11:47.644Z [LOG] [parse_extracted_emails.js] Parsed: parsed-INBOX-uid-5916.json
2026-04-19T01:11:47.644Z [LOG] [parse_extracted_emails.js] Parsed: parsed-INBOX-uid-5917.json
2026-04-19T01:11:47.644Z [LOG] [parse_extracted_emails.js] Parsed: parsed-INBOX-uid-5918.json
2026-04-19T01:11:47.644Z [LOG] [parse_extracted_emails.js] Parsed: parsed-INBOX-uid-5919.json
2026-04-19T01:11:47.644Z [LOG] [parse_extracted_emails.js] Parsed: parsed-INBOX-uid-5920.json
2026-04-19T01:11:47.644Z [LOG] [parse_extracted_emails.js] Parsed: parsed-INBOX-uid-5921.json
2026-04-19T01:11:47.644Z [LOG] [parse_extracted_emails.js] Parsed: parsed-INBOX-uid-5922.json
2026-04-19T01:11:47.644Z [LOG] [parse_extracted_emails.js] Parsed: parsed-INBOX-uid-5923.json
2026-04-19T01:11:47.644Z [LOG] [parse_extracted_emails.js] Parsed: parsed-INBOX-uid-5924.json
2026-04-19T01:11:47.644Z [LOG] [parse_extracted_emails.js] Parsed: parsed-INBOX-uid-5925.json
2026-04-19T01:11:47.645Z [LOG] [parse_extracted_emails.js] Parsed: parsed-INBOX-uid-5926.json
2026-04-19T01:11:47.645Z [LOG] [parse_extracted_emails.js] Parsed: parsed-INBOX-uid-5927.json
2026-04-19T01:11:47.645Z [LOG] [parse_extracted_emails.js] Parsed: parsed-INBOX-uid-5928.json
2026-04-19T01:11:47.645Z [LOG] [parse_extracted_emails.js] Parsed: parsed-INBOX-uid-5929.json
2026-04-19T01:11:47.645Z [LOG] [parse_extracted_emails.js] Parsed: parsed-INBOX-uid-5930.json
2026-04-19T01:11:47.645Z [LOG] [parse_extracted_emails.js] Parsed: parsed-INBOX-uid-5931.json
2026-04-19T01:11:47.645Z [LOG] [parse_extracted_emails.js] Parsed: parsed-INBOX-uid-5932.json
2026-04-19T01:11:47.645Z [LOG] [parse_extracted_emails.js] Parsed: parsed-INBOX-uid-5934.json
2026-04-19T01:11:47.645Z [LOG] [parse_extracted_emails.js] Parsed: parsed-INBOX-uid-5935.json
2026-04-19T01:11:47.645Z [LOG] [parse_extracted_emails.js] Parsed: parsed-INBOX-uid-5936.json
2026-04-19T01:11:47.645Z [LOG] [parse_extracted_emails.js] Parsed: parsed-INBOX-uid-5937.json
2026-04-19T01:11:47.645Z [LOG] [parse_extracted_emails.js] Parsed: parsed-INBOX-uid-5938.json
2026-04-19T01:11:47.645Z [LOG] [parse_extracted_emails.js] Parsed: parsed-INBOX-uid-5939.json
2026-04-19T01:11:47.645Z [LOG] [parse_extracted_emails.js] Parsed: parsed-INBOX-uid-5940.json
2026-04-19T01:11:47.645Z [LOG] [parse_extracted_emails.js] Parsed: parsed-INBOX-uid-5941.json
2026-04-19T01:11:47.645Z [LOG] [parse_extracted_emails.js] Parsed: parsed-INBOX-uid-5942.json
2026-04-19T01:11:47.645Z [LOG] [parse_extracted_emails.js] Parsed: parsed-INBOX-uid-5943.json
2026-04-19T01:11:47.645Z [LOG] [parse_extracted_emails.js] Parsed: parsed-INBOX-uid-5944.json
2026-04-19T01:11:47.645Z [LOG] [parse_extracted_emails.js] Parsed: parsed-INBOX-uid-5945.json
2026-04-19T01:11:47.645Z [LOG] [parse_extracted_emails.js] Parsed: parsed-INBOX-uid-5946.json
2026-04-19T01:11:47.645Z [LOG] [parse_extracted_emails.js] Parsed: parsed-INBOX-uid-5948.json
2026-04-19T01:11:47.645Z [LOG] [parse_extracted_emails.js] Parsed: parsed-INBOX-uid-5949.json
2026-04-19T01:11:47.645Z [LOG] [parse_extracted_emails.js] Parsed: parsed-INBOX-uid-5950.json
2026-04-19T01:11:47.645Z [LOG] [parse_extracted_emails.js] Parsed: parsed-INBOX-uid-5951.json
2026-04-19T01:11:47.645Z [LOG] [parse_extracted_emails.js] Parsed: parsed-INBOX-uid-5952.json
2026-04-19T01:11:47.645Z [LOG] [parse_extracted_emails.js] Parsed: parsed-INBOX-uid-5953.json
2026-04-19T01:11:47.645Z [LOG] [parse_extracted_emails.js] Parsed: parsed-INBOX-uid-5954.json
2026-04-19T01:11:47.645Z [LOG] [parse_extracted_emails.js] Parsed: parsed-INBOX-uid-5955.json
2026-04-19T01:11:47.645Z [LOG] [parse_extracted_emails.js] Parsed: parsed-INBOX-uid-5956.json
2026-04-19T01:11:47.645Z [LOG] [parse_extracted_emails.js] Parsed: parsed-INBOX-uid-5957.json
2026-04-19T01:11:47.645Z [LOG] [parse_extracted_emails.js] Parsed: parsed-INBOX-uid-5958.json
2026-04-19T01:11:47.645Z [LOG] [parse_extracted_emails.js] Parsed: parsed-INBOX-uid-5959.json
2026-04-19T01:11:47.645Z [LOG] [parse_extracted_emails.js] Parsed: parsed-INBOX-uid-5960.json
2026-04-19T01:11:47.645Z [LOG] [parse_extracted_emails.js] Parsed: parsed-INBOX-uid-5961.json
2026-04-19T01:11:47.645Z [LOG] [parse_extracted_emails.js] Parsed: parsed-INBOX-uid-5962.json
2026-04-19T01:11:47.645Z [LOG] [parse_extracted_emails.js] Parsed: parsed-INBOX-uid-5963.json
2026-04-19T01:11:47.645Z [LOG] [parse_extracted_emails.js] Parsed: parsed-INBOX-uid-5964.json
2026-04-19T01:11:47.645Z [LOG] [parse_extracted_emails.js] Parsed: parsed-INBOX-uid-5965.json
2026-04-19T01:11:47.645Z [LOG] [parse_extracted_emails.js] Parsed: parsed-INBOX-uid-5966.json
2026-04-19T01:11:47.645Z [LOG] [parse_extracted_emails.js] Parsed: parsed-INBOX-uid-5967.json
2026-04-19T01:11:47.645Z [LOG] [parse_extracted_emails.js] Parsed: parsed-INBOX-uid-5968.json
2026-04-19T01:11:47.645Z [LOG] [parse_extracted_emails.js] Parsed: parsed-INBOX-uid-5969.json
2026-04-19T01:11:47.645Z [LOG] [parse_extracted_emails.js] Parsed: parsed-INBOX-uid-5970.json
2026-04-19T01:11:47.645Z [LOG] [parse_extracted_emails.js] Parsed: parsed-INBOX-uid-5971.json
2026-04-19T01:11:47.645Z [LOG] [parse_extracted_emails.js] Parsed: parsed-INBOX-uid-5972.json
2026-04-19T01:11:47.645Z [LOG] [parse_extracted_emails.js] Parsed: parsed-INBOX-uid-5973.json
2026-04-19T01:11:47.645Z [LOG] [parse_extracted_emails.js] Parsed: parsed-INBOX-uid-5974.json
2026-04-19T01:11:47.645Z [LOG] [parse_extracted_emails.js] Parsed: parsed-INBOX-uid-5975.json
2026-04-19T01:11:47.645Z [LOG] [parse_extracted_emails.js] Parsed: parsed-INBOX-uid-5976.json
2026-04-19T01:11:47.645Z [LOG] [parse_extracted_emails.js] Parsed: parsed-INBOX-uid-5977.json
2026-04-19T01:11:47.645Z [LOG] [parse_extracted_emails.js] Parsed: parsed-INBOX-uid-5978.json
2026-04-19T01:11:47.645Z [LOG] [parse_extracted_emails.js] Parsed: parsed-INBOX-uid-5979.json
2026-04-19T01:11:47.645Z [LOG] [parse_extracted_emails.js] Parsed: parsed-INBOX-uid-5980.json
2026-04-19T01:11:47.645Z [LOG] [parse_extracted_emails.js] Parsed: parsed-INBOX-uid-5981.json
2026-04-19T01:11:47.645Z [LOG] [parse_extracted_emails.js] Parsed: parsed-INBOX-uid-5982.json
2026-04-19T01:11:47.645Z [LOG] [parse_extracted_emails.js] Parsed: parsed-INBOX-uid-5983.json
2026-04-19T01:11:47.645Z [LOG] [parse_extracted_emails.js] Parsed: parsed-INBOX-uid-6005.json
2026-04-19T01:11:47.645Z [LOG] [parse_extracted_emails.js] Parsed: parsed-INBOX-uid-6006.json
2026-04-19T01:11:47.645Z [LOG] [parse_extracted_emails.js] Parsed: parsed-INBOX-uid-6007.json
2026-04-19T01:11:47.645Z [LOG] [parse_extracted_emails.js] Parsed: parsed-INBOX-uid-6008.json
2026-04-19T01:11:47.645Z [LOG] [parse_extracted_emails.js] Parsed: parsed-INBOX-uid-6009.json
2026-04-19T01:11:47.645Z [LOG] [parse_extracted_emails.js] Parsed: parsed-INBOX-uid-6010.json
2026-04-19T01:11:47.645Z [LOG] [parse_extracted_emails.js] Parsed: parsed-INBOX-uid-6011.json
2026-04-19T01:11:47.645Z [LOG] [parse_extracted_emails.js] Parsed: parsed-INBOX-uid-6012.json
2026-04-19T01:11:47.645Z [LOG] [parse_extracted_emails.js] Parsed: parsed-INBOX-uid-6013.json
2026-04-19T01:11:47.645Z [LOG] [parse_extracted_emails.js] Parsed: parsed-INBOX-uid-6014.json
2026-04-19T01:11:47.645Z [LOG] [parse_extracted_emails.js] Parsed: parsed-INBOX-uid-6015.json
2026-04-19T01:11:47.645Z [LOG] [parse_extracted_emails.js] Parsed: parsed-INBOX-uid-6016.json
2026-04-19T01:11:47.645Z [LOG] [parse_extracted_emails.js] Parsed: parsed-INBOX-uid-6017.json
2026-04-19T01:11:47.645Z [LOG] [parse_extracted_emails.js] Parsed: parsed-INBOX-uid-6018.json
2026-04-19T01:11:47.645Z [LOG] [parse_extracted_emails.js] Parsed: parsed-INBOX-uid-6019.json
2026-04-19T01:11:47.645Z [LOG] [parse_extracted_emails.js] Parsed: parsed-INBOX-uid-6020.json
2026-04-19T01:11:47.645Z [LOG] [parse_extracted_emails.js] Parsed: parsed-INBOX-uid-6021.json
2026-04-19T01:11:47.645Z [LOG] [parse_extracted_emails.js] Parsed: parsed-INBOX-uid-6022.json
2026-04-19T01:11:47.645Z [LOG] [parse_extracted_emails.js] Parsed: parsed-INBOX-uid-6023.json
2026-04-19T01:11:47.645Z [LOG] [parse_extracted_emails.js] Parsed: parsed-INBOX-uid-6024.json
2026-04-19T01:11:47.645Z [LOG] [parse_extracted_emails.js] Parsed: parsed-INBOX-uid-6025.json
2026-04-19T01:11:47.645Z [LOG] [parse_extracted_emails.js] Parsed: parsed-INBOX-uid-6026.json
2026-04-19T01:11:47.645Z [LOG] [parse_extracted_emails.js] Parsed: parsed-INBOX-uid-6027.json
2026-04-19T01:11:47.645Z [LOG] [parse_extracted_emails.js] Parsed: parsed-INBOX-uid-6028.json
2026-04-19T01:11:47.645Z [LOG] [parse_extracted_emails.js] Parsed: parsed-INBOX-uid-6029.json
2026-04-19T01:11:47.645Z [LOG] [parse_extracted_emails.js] Parsed: parsed-INBOX-uid-6030.json
2026-04-19T01:11:47.645Z [LOG] [parse_extracted_emails.js] Parsed: parsed-INBOX-uid-6031.json
2026-04-19T01:11:47.645Z [LOG] [parse_extracted_emails.js] Parsed: parsed-INBOX-uid-6032.json
2026-04-19T01:11:47.645Z [LOG] [parse_extracted_emails.js] Parsed: parsed-INBOX-uid-6033.json
2026-04-19T01:11:47.645Z [LOG] [parse_extracted_emails.js] Parsed: parsed-INBOX-uid-6034.json
2026-04-19T01:11:47.645Z [LOG] [parse_extracted_emails.js] Parsed: parsed-INBOX-uid-6035.json
2026-04-19T01:11:47.645Z [LOG] [parse_extracted_emails.js] Parsed: parsed-INBOX-uid-6036.json
2026-04-19T01:11:47.645Z [LOG] [parse_extracted_emails.js] Parsed: parsed-INBOX-uid-6037.json
2026-04-19T01:11:47.645Z [LOG] [parse_extracted_emails.js] Parsed: parsed-INBOX-uid-6038.json
2026-04-19T01:11:47.645Z [LOG] [parse_extracted_emails.js] Parsed: parsed-INBOX-uid-6039.json
2026-04-19T01:11:47.645Z [LOG] [parse_extracted_emails.js] Parsed: parsed-INBOX-uid-6040.json
2026-04-19T01:11:47.645Z [LOG] [parse_extracted_emails.js] Parsed: parsed-INBOX-uid-6041.json
2026-04-19T01:11:47.645Z [LOG] [parse_extracted_emails.js] Parsed: parsed-INBOX-uid-6042.json
2026-04-19T01:11:47.645Z [LOG] [parse_extracted_emails.js] Parsed: parsed-INBOX-uid-6043.json
2026-04-19T01:11:47.645Z [LOG] [parse_extracted_emails.js] Parsed: parsed-INBOX-uid-6044.json
2026-04-19T01:11:47.645Z [LOG] [parse_extracted_emails.js] Parsed: parsed-INBOX-uid-6045.json
2026-04-19T01:11:47.645Z [LOG] [parse_extracted_emails.js] Parsed: parsed-INBOX-uid-6046.json
2026-04-19T01:11:47.645Z [LOG] [parse_extracted_emails.js] Parsed: parsed-INBOX-uid-6047.json
2026-04-19T01:11:47.645Z [LOG] [parse_extracted_emails.js] Parsed: parsed-INBOX-uid-6048.json
2026-04-19T01:11:47.645Z [LOG] [parse_extracted_emails.js] Parsed: parsed-INBOX-uid-6049.json
2026-04-19T01:11:47.645Z [LOG] [parse_extracted_emails.js] Parsed: parsed-INBOX-uid-6050.json
2026-04-19T01:11:47.645Z [LOG] [parse_extracted_emails.js] Parsed: parsed-INBOX-uid-6051.json
2026-04-19T01:11:47.645Z [LOG] [parse_extracted_emails.js] Parsed: parsed-INBOX-uid-6052.json
2026-04-19T01:11:47.645Z [LOG] [parse_extracted_emails.js] Parsed: parsed-INBOX-uid-6053.json
2026-04-19T01:11:47.645Z [LOG] [parse_extracted_emails.js] Parsed: parsed-INBOX-uid-6054.json
2026-04-19T01:11:47.645Z [LOG] [parse_extracted_emails.js] Parsed: parsed-INBOX-uid-6055.json
2026-04-19T01:11:47.645Z [LOG] [parse_extracted_emails.js] Parsed: parsed-INBOX-uid-6056.json
2026-04-19T01:11:47.645Z [LOG] [parse_extracted_emails.js] Parsed: parsed-INBOX-uid-6057.json
2026-04-19T01:11:47.645Z [LOG] [parse_extracted_emails.js] Parsed: parsed-INBOX-uid-6058.json
2026-04-19T01:11:47.645Z [LOG] [parse_extracted_emails.js] Parsed: parsed-INBOX-uid-6059.json
2026-04-19T01:11:47.645Z [LOG] [parse_extracted_emails.js] Parsed: parsed-INBOX-uid-6060.json
2026-04-19T01:11:47.645Z [LOG] [parse_extracted_emails.js] Parsed: parsed-INBOX-uid-6061.json
2026-04-19T01:11:47.645Z [LOG] [parse_extracted_emails.js] Parsed: parsed-INBOX-uid-6062.json
2026-04-19T01:11:47.645Z [LOG] [parse_extracted_emails.js] Parsed: parsed-INBOX-uid-6063.json
2026-04-19T01:11:47.645Z [LOG] [parse_extracted_emails.js] Parsed: parsed-INBOX-uid-6064.json
2026-04-19T01:11:47.645Z [LOG] [parse_extracted_emails.js] Parsed: parsed-INBOX-uid-6065.json
2026-04-19T01:11:47.645Z [LOG] [parse_extracted_emails.js] Parsed: parsed-INBOX-uid-6066.json
2026-04-19T01:11:47.645Z [LOG] [parse_extracted_emails.js] Parsed: parsed-INBOX-uid-6067.json
2026-04-19T01:11:47.645Z [LOG] [parse_extracted_emails.js] Parsed: parsed-INBOX-uid-6068.json
2026-04-19T01:11:47.646Z [LOG] [parse_extracted_emails.js] Parsed: parsed-INBOX-uid-6069.json
2026-04-19T01:11:47.646Z [LOG] [parse_extracted_emails.js] Parsed: parsed-INBOX-uid-6070.json
2026-04-19T01:11:47.646Z [LOG] [parse_extracted_emails.js] Parsed: parsed-INBOX-uid-6071.json
2026-04-19T01:11:47.646Z [LOG] [parse_extracted_emails.js] Parsed: parsed-INBOX-uid-6072.json
2026-04-19T01:11:47.646Z [LOG] [parse_extracted_emails.js] Parsed: parsed-INBOX-uid-6073.json
2026-04-19T01:11:47.646Z [LOG] [parse_extracted_emails.js] Parsed: parsed-INBOX-uid-6074.json
2026-04-19T01:11:47.646Z [LOG] [parse_extracted_emails.js] Parsed: parsed-INBOX-uid-6075.json
2026-04-19T01:11:47.646Z [LOG] [parse_extracted_emails.js] Parsed: parsed-INBOX-uid-6076.json
2026-04-19T01:11:47.646Z [LOG] [parse_extracted_emails.js] Parsed: parsed-INBOX-uid-6077.json
2026-04-19T01:11:47.646Z [LOG] [parse_extracted_emails.js] Parsed: parsed-INBOX-uid-6078.json
2026-04-19T01:11:47.646Z [LOG] [parse_extracted_emails.js] Parsed: parsed-INBOX-uid-6079.json
2026-04-19T01:11:47.646Z [LOG] [parse_extracted_emails.js] Parsed: parsed-INBOX-uid-6080.json
2026-04-19T01:11:47.646Z [LOG] [parse_extracted_emails.js] Parsed: parsed-INBOX-uid-6081.json
2026-04-19T01:11:47.646Z [LOG] [parse_extracted_emails.js] Parsed: parsed-INBOX-uid-6082.json
2026-04-19T01:11:47.646Z [LOG] [parse_extracted_emails.js] Parsed: parsed-INBOX-uid-6083.json
2026-04-19T01:11:47.646Z [LOG] [parse_extracted_emails.js] Parsed: parsed-INBOX-uid-6084.json
2026-04-19T01:11:47.646Z [LOG] [parse_extracted_emails.js] Parsed: parsed-INBOX-uid-6085.json
2026-04-19T01:11:47.646Z [LOG] [parse_extracted_emails.js] Parsed: parsed-INBOX-uid-6086.json
2026-04-19T01:11:47.646Z [LOG] [parse_extracted_emails.js] Parsed: parsed-INBOX-uid-6087.json
2026-04-19T01:11:47.646Z [LOG] [parse_extracted_emails.js] Parsed: parsed-INBOX-uid-6088.json
2026-04-19T01:11:47.646Z [LOG] [parse_extracted_emails.js] Parsed: parsed-INBOX-uid-6089.json
2026-04-19T01:11:47.646Z [LOG] [parse_extracted_emails.js] Parsed: parsed-INBOX-uid-6090.json
2026-04-19T01:11:47.646Z [LOG] [parse_extracted_emails.js] Parsed: parsed-INBOX-uid-6091.json
2026-04-19T01:11:47.646Z [LOG] [parse_extracted_emails.js] Parsed: parsed-INBOX-uid-6092.json
2026-04-19T01:11:47.646Z [LOG] [parse_extracted_emails.js] Parsed: parsed-INBOX-uid-6093.json
2026-04-19T01:11:47.646Z [LOG] [parse_extracted_emails.js] Parsed: parsed-INBOX-uid-6094.json
2026-04-19T01:11:47.646Z [LOG] [parse_extracted_emails.js] Parsed: parsed-INBOX-uid-6095.json
2026-04-19T01:11:47.646Z [LOG] [parse_extracted_emails.js] Parsed: parsed-INBOX-uid-6096.json
2026-04-19T01:11:47.646Z [LOG] [parse_extracted_emails.js] Parsed: parsed-INBOX-uid-6097.json
2026-04-19T01:11:47.646Z [LOG] [parse_extracted_emails.js] Parsed: parsed-INBOX-uid-6098.json
2026-04-19T01:11:47.646Z [LOG] [parse_extracted_emails.js] Parsed: parsed-INBOX-uid-6099.json
2026-04-19T01:11:47.646Z [LOG] [parse_extracted_emails.js] Parsed: parsed-INBOX-uid-6100.json
2026-04-19T01:11:47.646Z [LOG] [parse_extracted_emails.js] Parsed: parsed-INBOX-uid-6101.json
2026-04-19T01:11:47.646Z [LOG] [parse_extracted_emails.js] Parsed: parsed-INBOX-uid-6102.json
2026-04-19T01:11:47.646Z [LOG] [parse_extracted_emails.js] Parsed: parsed-INBOX-uid-6103.json
2026-04-19T01:11:47.646Z [LOG] [parse_extracted_emails.js] Parsed: parsed-INBOX-uid-6104.json
2026-04-19T01:11:47.646Z [LOG] [parse_extracted_emails.js] Parsed: parsed-INBOX-uid-6105.json
2026-04-19T01:11:47.646Z [LOG] [parse_extracted_emails.js] Parsed: parsed-INBOX-uid-6106.json
2026-04-19T01:11:47.646Z [LOG] [parse_extracted_emails.js] Parsed: parsed-INBOX-uid-6107.json
2026-04-19T01:11:47.646Z [LOG] [parse_extracted_emails.js] Parsed: parsed-INBOX-uid-6108.json
2026-04-19T01:11:47.646Z [LOG] [parse_extracted_emails.js] Parsed: parsed-INBOX-uid-6109.json
2026-04-19T01:11:47.646Z [LOG] [parse_extracted_emails.js] Parsed: parsed-INBOX-uid-6110.json
2026-04-19T01:11:47.646Z [LOG] [parse_extracted_emails.js] Parsed: parsed-INBOX-uid-6111.json
2026-04-19T01:11:47.646Z [LOG] [parse_extracted_emails.js] Parsed: parsed-INBOX-uid-6112.json
2026-04-19T01:11:47.646Z [LOG] [parse_extracted_emails.js] Parsed: parsed-INBOX-uid-6113.json
2026-04-19T01:11:47.646Z [LOG] [parse_extracted_emails.js] Parsed: parsed-INBOX-uid-6114.json
2026-04-19T01:11:47.646Z [LOG] [parse_extracted_emails.js] Parsed: parsed-INBOX-uid-6115.json
2026-04-19T01:11:47.646Z [LOG] [parse_extracted_emails.js] Parsed: parsed-INBOX-uid-6116.json
2026-04-19T01:11:47.646Z [LOG] [parse_extracted_emails.js] Parsed: parsed-INBOX-uid-6117.json
2026-04-19T01:11:47.646Z [LOG] [parse_extracted_emails.js] Parsed: parsed-INBOX-uid-6118.json
2026-04-19T01:11:47.646Z [LOG] [parse_extracted_emails.js] Parsed: parsed-INBOX-uid-6119.json
2026-04-19T01:11:47.646Z [LOG] [parse_extracted_emails.js] Parsed: parsed-INBOX-uid-6120.json
2026-04-19T01:11:47.646Z [LOG] [parse_extracted_emails.js] Parsed: parsed-INBOX-uid-6121.json
2026-04-19T01:11:47.646Z [LOG] [parse_extracted_emails.js] Parsed: parsed-INBOX-uid-6122.json
2026-04-19T01:11:47.646Z [LOG] [parse_extracted_emails.js] Parsed: parsed-INBOX-uid-6123.json
2026-04-19T01:11:47.646Z [LOG] [parse_extracted_emails.js] Parsed: parsed-INBOX-uid-6124.json
2026-04-19T01:11:47.646Z [LOG] [parse_extracted_emails.js] Parsed: parsed-INBOX-uid-6125.json
2026-04-19T01:11:47.646Z [LOG] [parse_extracted_emails.js] Parsed: parsed-INBOX-uid-6126.json
2026-04-19T01:11:47.646Z [LOG] [parse_extracted_emails.js] Parsed: parsed-INBOX-uid-6127.json
2026-04-19T01:11:47.646Z [LOG] [parse_extracted_emails.js] Parsed: parsed-INBOX-uid-6128.json
2026-04-19T01:11:47.646Z [LOG] [parse_extracted_emails.js] Parsed: parsed-INBOX-uid-6129.json
2026-04-19T01:11:47.646Z [LOG] [parse_extracted_emails.js] Parsed: parsed-INBOX-uid-6130.json
2026-04-19T01:11:47.646Z [LOG] [parse_extracted_emails.js] Parsed: parsed-INBOX-uid-6131.json
2026-04-19T01:11:47.646Z [LOG] [parse_extracted_emails.js] Parsed: parsed-INBOX-uid-6132.json
2026-04-19T01:11:47.646Z [LOG] [parse_extracted_emails.js] Parsed: parsed-INBOX-uid-6133.json
2026-04-19T01:11:47.646Z [LOG] [parse_extracted_emails.js] Parsed: parsed-INBOX-uid-6134.json
2026-04-19T01:11:47.646Z [LOG] [parse_extracted_emails.js] Parsed: parsed-INBOX-uid-6135.json
2026-04-19T01:11:47.646Z [LOG] [parse_extracted_emails.js] Parsed: parsed-INBOX-uid-6136.json
2026-04-19T01:11:47.646Z [LOG] [parse_extracted_emails.js] Parsed: parsed-INBOX-uid-6137.json
2026-04-19T01:11:47.646Z [LOG] [parse_extracted_emails.js] Parsed: parsed-INBOX-uid-6138.json
2026-04-19T01:11:47.646Z [LOG] [parse_extracted_emails.js] Parsed: parsed-INBOX-uid-6139.json
2026-04-19T01:11:47.646Z [LOG] [parse_extracted_emails.js] Parsed: parsed-INBOX-uid-6140.json
2026-04-19T01:11:47.646Z [LOG] [parse_extracted_emails.js] Parsed: parsed-INBOX-uid-6141.json
2026-04-19T01:11:47.646Z [LOG] [parse_extracted_emails.js] Parsed: parsed-INBOX-uid-6142.json
2026-04-19T01:11:47.646Z [LOG] [parse_extracted_emails.js] Parsed: parsed-INBOX-uid-6143.json
2026-04-19T01:11:47.646Z [LOG] [parse_extracted_emails.js] Parsed: parsed-INBOX-uid-6144.json
2026-04-19T01:11:47.646Z [LOG] [parse_extracted_emails.js] Parsed: parsed-INBOX-uid-6145.json
2026-04-19T01:11:47.646Z [LOG] [parse_extracted_emails.js] Parsed: parsed-INBOX-uid-6146.json
2026-04-19T01:11:47.646Z [LOG] [parse_extracted_emails.js] Parsed: parsed-INBOX-uid-6147.json
2026-04-19T01:11:47.646Z [LOG] [parse_extracted_emails.js] Parsed: parsed-INBOX-uid-6148.json
2026-04-19T01:11:47.646Z [LOG] [parse_extracted_emails.js] Parsed: parsed-INBOX-uid-6149.json
2026-04-19T01:11:47.646Z [LOG] [parse_extracted_emails.js] Parsed: parsed-INBOX-uid-6150.json
2026-04-19T01:11:47.646Z [LOG] [parse_extracted_emails.js] Parsed: parsed-INBOX-uid-6151.json
2026-04-19T01:11:47.646Z [LOG] [parse_extracted_emails.js] Parsed: parsed-INBOX-uid-6152.json
2026-04-19T01:11:47.646Z [LOG] [parse_extracted_emails.js] Parsed: parsed-INBOX-uid-6156.json
2026-04-19T01:11:47.646Z [LOG] [parse_extracted_emails.js] Parsed: parsed-INBOX-uid-6157.json
2026-04-19T01:11:47.646Z [LOG] [parse_extracted_emails.js] Parsed: parsed-INBOX-uid-6158.json
2026-04-19T01:11:47.646Z [LOG] [parse_extracted_emails.js] Parsed: parsed-INBOX-uid-6159.json
2026-04-19T01:11:47.646Z [LOG] [parse_extracted_emails.js] Parsed: parsed-INBOX-uid-6160.json
2026-04-19T01:11:47.646Z [LOG] [parse_extracted_emails.js] Parsed: parsed-INBOX-uid-6161.json
2026-04-19T01:11:47.646Z [LOG] [parse_extracted_emails.js] Parsed: parsed-INBOX-uid-6162.json
2026-04-19T01:11:47.646Z [LOG] [parse_extracted_emails.js] Parsed: parsed-INBOX-uid-6163.json
2026-04-19T01:11:47.646Z [LOG] [parse_extracted_emails.js] Parsed: parsed-INBOX-uid-6164.json
2026-04-19T01:11:47.646Z [LOG] [parse_extracted_emails.js] Parsed: parsed-INBOX-uid-6165.json
2026-04-19T01:11:47.646Z [LOG] [parse_extracted_emails.js] Parsed: parsed-INBOX-uid-6166.json
2026-04-19T01:11:47.646Z [LOG] [parse_extracted_emails.js] Parsed: parsed-INBOX-uid-6167.json
2026-04-19T01:11:47.646Z [LOG] [parse_extracted_emails.js] Parsed: parsed-INBOX-uid-6168.json
2026-04-19T01:11:47.646Z [LOG] [parse_extracted_emails.js] Parsed: parsed-INBOX-uid-6169.json
2026-04-19T01:11:47.646Z [LOG] [parse_extracted_emails.js] Parsed: parsed-INBOX-uid-6170.json
2026-04-19T01:11:47.646Z [LOG] [parse_extracted_emails.js] Parsed: parsed-INBOX-uid-6171.json
2026-04-19T01:11:47.646Z [LOG] [parse_extracted_emails.js] Parsed: parsed-INBOX-uid-6172.json
2026-04-19T01:11:47.646Z [LOG] [parse_extracted_emails.js] Parsed: parsed-INBOX-uid-6173.json
2026-04-19T01:11:47.646Z [LOG] [parse_extracted_emails.js] Parsed: parsed-INBOX-uid-6174.json
2026-04-19T01:11:47.646Z [LOG] [parse_extracted_emails.js] Parsed: parsed-INBOX-uid-6175.json
2026-04-19T01:11:47.646Z [LOG] [parse_extracted_emails.js] Parsed: parsed-INBOX-uid-6176.json
2026-04-19T01:11:47.646Z [LOG] [parse_extracted_emails.js] Parsed: parsed-INBOX-uid-6177.json
2026-04-19T01:11:47.646Z [LOG] [parse_extracted_emails.js] Parsed: parsed-INBOX-uid-6178.json
2026-04-19T01:11:47.646Z [LOG] [parse_extracted_emails.js] Parsed: parsed-INBOX-uid-6179.json
2026-04-19T01:11:47.646Z [LOG] [parse_extracted_emails.js] Parsed: parsed-INBOX-uid-6180.json
2026-04-19T01:11:47.646Z [LOG] [parse_extracted_emails.js] Parsed: parsed-INBOX-uid-6181.json
2026-04-19T01:11:47.646Z [LOG] [parse_extracted_emails.js] Parsed: parsed-INBOX-uid-6182.json
2026-04-19T01:11:47.646Z [LOG] [parse_extracted_emails.js] Parsed: parsed-INBOX-uid-6183.json
2026-04-19T01:11:47.646Z [LOG] [parse_extracted_emails.js] Parsed: parsed-INBOX-uid-6184.json
2026-04-19T01:11:47.646Z [LOG] [parse_extracted_emails.js] Parsed: parsed-INBOX-uid-6185.json
2026-04-19T01:11:47.646Z [LOG] [parse_extracted_emails.js] Parsed: parsed-INBOX-uid-6186.json
2026-04-19T01:11:47.646Z [LOG] [parse_extracted_emails.js] Parsed: parsed-INBOX-uid-6187.json
2026-04-19T01:11:47.646Z [LOG] [parse_extracted_emails.js] Parsed: parsed-INBOX-uid-6188.json
2026-04-19T01:11:47.646Z [LOG] [parse_extracted_emails.js] Parsed: parsed-INBOX-uid-6189.json
2026-04-19T01:11:47.646Z [LOG] [parse_extracted_emails.js] Parsed: parsed-INBOX-uid-6190.json
2026-04-19T01:11:47.646Z [LOG] [parse_extracted_emails.js] Parsed: parsed-INBOX-uid-6191.json
2026-04-19T01:11:47.646Z [LOG] [parse_extracted_emails.js] Parsed: parsed-INBOX-uid-6192.json
2026-04-19T01:11:47.646Z [LOG] [parse_extracted_emails.js] Parsed: parsed-INBOX-uid-6193.json
2026-04-19T01:11:47.646Z [LOG] [parse_extracted_emails.js] Parsed: parsed-INBOX-uid-6194.json
2026-04-19T01:11:47.646Z [LOG] [parse_extracted_emails.js] Parsed: parsed-INBOX-uid-6195.json
2026-04-19T01:11:47.646Z [LOG] [parse_extracted_emails.js] Parsed: parsed-INBOX-uid-6196.json
2026-04-19T01:11:47.646Z [LOG] [parse_extracted_emails.js] Parsed: parsed-INBOX-uid-6197.json
2026-04-19T01:11:47.646Z [LOG] [parse_extracted_emails.js] Parsed: parsed-INBOX-uid-6198.json
2026-04-19T01:11:47.646Z [LOG] [parse_extracted_emails.js] Parsed: parsed-INBOX-uid-6199.json
2026-04-19T01:11:47.646Z [LOG] [parse_extracted_emails.js] Parsed: parsed-INBOX-uid-6200.json
2026-04-19T01:11:47.647Z [LOG] [parse_extracted_emails.js] Parsed: parsed-INBOX-uid-6201.json
2026-04-19T01:11:47.647Z [LOG] [parse_extracted_emails.js] Parsed: parsed-INBOX-uid-6202.json
2026-04-19T01:11:47.647Z [LOG] [parse_extracted_emails.js] Parsed: parsed-INBOX-uid-6203.json
2026-04-19T01:11:47.647Z [LOG] [parse_extracted_emails.js] Parsed: parsed-INBOX-uid-6204.json
2026-04-19T01:11:47.647Z [LOG] [parse_extracted_emails.js] Parsed: parsed-INBOX-uid-6205.json
2026-04-19T01:11:47.647Z [LOG] [parse_extracted_emails.js] Parsed: parsed-INBOX-uid-6206.json
2026-04-19T01:11:47.647Z [LOG] [parse_extracted_emails.js] Parsed: parsed-INBOX-uid-6207.json
2026-04-19T01:11:47.647Z [LOG] [parse_extracted_emails.js] Parsed: parsed-INBOX-uid-6208.json
2026-04-19T01:11:47.647Z [LOG] [parse_extracted_emails.js] Parsed: parsed-INBOX-uid-6209.json
2026-04-19T01:11:47.647Z [LOG] [parse_extracted_emails.js] Parsed: parsed-INBOX-uid-6210.json
2026-04-19T01:11:47.647Z [LOG] [parse_extracted_emails.js] Parsed: parsed-INBOX-uid-6211.json
2026-04-19T01:11:47.647Z [LOG] [parse_extracted_emails.js] Parsed: parsed-INBOX-uid-6212.json
2026-04-19T01:11:47.647Z [LOG] [parse_extracted_emails.js] Parsed: parsed-INBOX-uid-6213.json
2026-04-19T01:11:47.647Z [LOG] [parse_extracted_emails.js] Parsed: parsed-INBOX-uid-6214.json
2026-04-19T01:11:47.647Z [LOG] [parse_extracted_emails.js] Parsed: parsed-INBOX-uid-6215.json
2026-04-19T01:11:47.647Z [LOG] [parse_extracted_emails.js] Parsed: parsed-INBOX-uid-6216.json
2026-04-19T01:11:47.647Z [LOG] [parse_extracted_emails.js] Parsed: parsed-INBOX-uid-6217.json
2026-04-19T01:11:47.647Z [LOG] [parse_extracted_emails.js] Parsed: parsed-INBOX-uid-6218.json
2026-04-19T01:11:47.647Z [LOG] [parse_extracted_emails.js] Parsed: parsed-INBOX-uid-6219.json
2026-04-19T01:11:47.647Z [LOG] [parse_extracted_emails.js] Parsed: parsed-INBOX-uid-6220.json
2026-04-19T01:11:47.647Z [LOG] [parse_extracted_emails.js] Parsed: parsed-INBOX-uid-6221.json
2026-04-19T01:11:47.647Z [LOG] [parse_extracted_emails.js] Parsed: parsed-INBOX-uid-6222.json
2026-04-19T01:11:47.647Z [LOG] [parse_extracted_emails.js] Parsed: parsed-INBOX-uid-6223.json
2026-04-19T01:11:47.647Z [LOG] [parse_extracted_emails.js] Parsed: parsed-INBOX-uid-6224.json
2026-04-19T01:11:47.647Z [LOG] [parse_extracted_emails.js] Parsed: parsed-INBOX-uid-6225.json
2026-04-19T01:11:47.647Z [LOG] [parse_extracted_emails.js] Parsed: parsed-INBOX-uid-6226.json
2026-04-19T01:11:47.647Z [LOG] [parse_extracted_emails.js] Parsed: parsed-INBOX-uid-6227.json
2026-04-19T01:11:47.647Z [LOG] [parse_extracted_emails.js] Parsed: parsed-INBOX-uid-6228.json
2026-04-19T01:11:47.647Z [LOG] [parse_extracted_emails.js] Parsed: parsed-INBOX-uid-6229.json
2026-04-19T01:11:47.647Z [LOG] [parse_extracted_emails.js] Parsed: parsed-INBOX-uid-6230.json
2026-04-19T01:11:47.647Z [LOG] [parse_extracted_emails.js] Parsed: parsed-INBOX-uid-6231.json
2026-04-19T01:11:47.647Z [LOG] [parse_extracted_emails.js] Parsed: parsed-INBOX-uid-6232.json
2026-04-19T01:11:47.647Z [LOG] [parse_extracted_emails.js] Parsed: parsed-INBOX-uid-6233.json
2026-04-19T01:11:47.647Z [LOG] [parse_extracted_emails.js] Parsed: parsed-INBOX-uid-6234.json
2026-04-19T01:11:47.647Z [LOG] [parse_extracted_emails.js] Parsed: parsed-INBOX-uid-6235.json
2026-04-19T01:11:47.647Z [LOG] [parse_extracted_emails.js] Parsed: parsed-INBOX-uid-6236.json
2026-04-19T01:11:47.647Z [LOG] [parse_extracted_emails.js] Parsed: parsed-INBOX-uid-6237.json
2026-04-19T01:11:47.647Z [LOG] [parse_extracted_emails.js] Parsed: parsed-INBOX-uid-6238.json
2026-04-19T01:11:47.647Z [LOG] [parse_extracted_emails.js] Parsed: parsed-INBOX-uid-6239.json
2026-04-19T01:11:47.647Z [LOG] [parse_extracted_emails.js] Parsed: parsed-INBOX-uid-6240.json
2026-04-19T01:11:47.647Z [LOG] [parse_extracted_emails.js] Parsed: parsed-INBOX-uid-6241.json
2026-04-19T01:11:47.647Z [LOG] [parse_extracted_emails.js] Parsed: parsed-INBOX-uid-6242.json
2026-04-19T01:11:47.647Z [LOG] [parse_extracted_emails.js] Parsed: parsed-INBOX-uid-6243.json
2026-04-19T01:11:47.647Z [LOG] [parse_extracted_emails.js] Parsed: parsed-INBOX-uid-6244.json
2026-04-19T01:11:47.647Z [LOG] [parse_extracted_emails.js] Parsed: parsed-INBOX-uid-6245.json
2026-04-19T01:11:47.647Z [LOG] [parse_extracted_emails.js] Parsed: parsed-INBOX-uid-6246.json
2026-04-19T01:11:47.647Z [LOG] [parse_extracted_emails.js] Parsed: parsed-INBOX-uid-6247.json
2026-04-19T01:11:47.647Z [LOG] [parse_extracted_emails.js] Parsed: parsed-INBOX-uid-6248.json
2026-04-19T01:11:47.647Z [LOG] [parse_extracted_emails.js] Parsed: parsed-INBOX-uid-6249.json
2026-04-19T01:11:47.647Z [LOG] [parse_extracted_emails.js] Parsed: parsed-INBOX-uid-6250.json
2026-04-19T01:11:47.647Z [LOG] [parse_extracted_emails.js] Parsed: parsed-INBOX-uid-6251.json
2026-04-19T01:11:47.647Z [LOG] [parse_extracted_emails.js] Parsed: parsed-INBOX-uid-6252.json
2026-04-19T01:11:47.647Z [LOG] [parse_extracted_emails.js] Parsed: parsed-INBOX-uid-6253.json
2026-04-19T01:11:47.647Z [LOG] [parse_extracted_emails.js] Parsed: parsed-INBOX-uid-6254.json
2026-04-19T01:11:47.647Z [LOG] [parse_extracted_emails.js] Parsed: parsed-INBOX-uid-6255.json
2026-04-19T01:11:47.647Z [LOG] [parse_extracted_emails.js] Parsed: parsed-INBOX-uid-6256.json
2026-04-19T01:11:47.647Z [LOG] [parse_extracted_emails.js] Parsed: parsed-INBOX-uid-6257.json
2026-04-19T01:11:47.647Z [LOG] [parse_extracted_emails.js] Parsed: parsed-INBOX-uid-6258.json
2026-04-19T01:11:47.647Z [LOG] [parse_extracted_emails.js] Parsed: parsed-INBOX-uid-6259.json
2026-04-19T01:11:47.647Z [LOG] [parse_extracted_emails.js] Parsed: parsed-INBOX-uid-6260.json
2026-04-19T01:11:47.647Z [LOG] [parse_extracted_emails.js] Parsed: parsed-INBOX-uid-6261.json
2026-04-19T01:11:47.647Z [LOG] [parse_extracted_emails.js] Parsed: parsed-INBOX-uid-6262.json
2026-04-19T01:11:47.647Z [LOG] [parse_extracted_emails.js] Parsed: parsed-INBOX-uid-6263.json
2026-04-19T01:11:47.647Z [LOG] [parse_extracted_emails.js] Parsed: parsed-INBOX-uid-6264.json
2026-04-19T01:11:47.647Z [LOG] [parse_extracted_emails.js] Parsed: parsed-INBOX-uid-6265.json
2026-04-19T01:11:47.647Z [LOG] [parse_extracted_emails.js] Parsed: parsed-INBOX-uid-6266.json
2026-04-19T01:11:47.647Z [LOG] [parse_extracted_emails.js] Parsed: parsed-INBOX-uid-6267.json
2026-04-19T01:11:47.647Z [LOG] [parse_extracted_emails.js] Parsed: parsed-INBOX-uid-6268.json
2026-04-19T01:11:47.647Z [LOG] [parse_extracted_emails.js] Parsed: parsed-INBOX-uid-6269.json
2026-04-19T01:11:47.647Z [LOG] [parse_extracted_emails.js] Parsed: parsed-INBOX-uid-6270.json
2026-04-19T01:11:47.647Z [LOG] [parse_extracted_emails.js] Parsed: parsed-INBOX-uid-6271.json
2026-04-19T01:11:47.647Z [LOG] [parse_extracted_emails.js] Parsed: parsed-INBOX-uid-6272.json
2026-04-19T01:11:47.647Z [LOG] [parse_extracted_emails.js] Parsed: parsed-INBOX-uid-6273.json
2026-04-19T01:11:47.647Z [LOG] [parse_extracted_emails.js] Parsed: parsed-INBOX-uid-6274.json
2026-04-19T01:11:47.647Z [LOG] [parse_extracted_emails.js] Parsed: parsed-INBOX-uid-6275.json
2026-04-19T01:11:47.647Z [LOG] [parse_extracted_emails.js] Parsed: parsed-INBOX-uid-6276.json
2026-04-19T01:11:47.647Z [LOG] [parse_extracted_emails.js] Parsed: parsed-INBOX-uid-6277.json
2026-04-19T01:11:47.647Z [LOG] [parse_extracted_emails.js] Parsed: parsed-INBOX-uid-6278.json
2026-04-19T01:11:47.647Z [LOG] [parse_extracted_emails.js] Parsed: parsed-INBOX-uid-6279.json
2026-04-19T01:11:47.647Z [LOG] [parse_extracted_emails.js] Parsed: parsed-INBOX-uid-6280.json
2026-04-19T01:11:47.647Z [LOG] [parse_extracted_emails.js] Parsed: parsed-INBOX-uid-6281.json
2026-04-19T01:11:47.647Z [LOG] [parse_extracted_emails.js] Parsed: parsed-INBOX-uid-6282.json
2026-04-19T01:11:47.647Z [LOG] [parse_extracted_emails.js] Parsed: parsed-INBOX-uid-6283.json
2026-04-19T01:11:47.647Z [LOG] [parse_extracted_emails.js] Parsed: parsed-INBOX-uid-6284.json
2026-04-19T01:11:47.647Z [LOG] [parse_extracted_emails.js] Parsed: parsed-INBOX-uid-6285.json
2026-04-19T01:11:47.647Z [LOG] [parse_extracted_emails.js] Parsed: parsed-INBOX-uid-6286.json
2026-04-19T01:11:47.647Z [LOG] [parse_extracted_emails.js] Parsed: parsed-INBOX-uid-6287.json
2026-04-19T01:11:47.647Z [LOG] [parse_extracted_emails.js] Parsed: parsed-INBOX-uid-6288.json
2026-04-19T01:11:47.647Z [LOG] [parse_extracted_emails.js] Parsed: parsed-INBOX-uid-6289.json
2026-04-19T01:11:47.647Z [LOG] [parse_extracted_emails.js] Parsed: parsed-INBOX-uid-6290.json
2026-04-19T01:11:47.647Z [LOG] [parse_extracted_emails.js] Parsed: parsed-INBOX-uid-6291.json
2026-04-19T01:11:47.647Z [LOG] [parse_extracted_emails.js] Parsed: parsed-INBOX-uid-6292.json
2026-04-19T01:11:47.647Z [LOG] [parse_extracted_emails.js] Parsed: parsed-INBOX-uid-6293.json
2026-04-19T01:11:47.647Z [LOG] [parse_extracted_emails.js] Parsed: parsed-INBOX-uid-6296.json
2026-04-19T01:11:47.647Z [LOG] [parse_extracted_emails.js] Parsed: parsed-INBOX-uid-6297.json
2026-04-19T01:11:47.647Z [LOG] [parse_extracted_emails.js] Parsed: parsed-INBOX-uid-6298.json
2026-04-19T01:11:47.647Z [LOG] [parse_extracted_emails.js] Parsed: parsed-INBOX-uid-6299.json
2026-04-19T01:11:47.647Z [LOG] [parse_extracted_emails.js] Parsed: parsed-INBOX-uid-6300.json
2026-04-19T01:11:47.647Z [LOG] [parse_extracted_emails.js] Parsed: parsed-INBOX-uid-6301.json
2026-04-19T01:11:47.647Z [LOG] [parse_extracted_emails.js] Parsed: parsed-INBOX-uid-6302.json
2026-04-19T01:11:47.647Z [LOG] [parse_extracted_emails.js] Parsed: parsed-INBOX-uid-6303.json
2026-04-19T01:11:47.647Z [LOG] [parse_extracted_emails.js] Parsed: parsed-INBOX-uid-6304.json
2026-04-19T01:11:47.647Z [LOG] [parse_extracted_emails.js] Parsed: parsed-INBOX-uid-6305.json
2026-04-19T01:11:47.647Z [LOG] [parse_extracted_emails.js] Parsed: parsed-INBOX-uid-6306.json
2026-04-19T01:11:47.647Z [LOG] [parse_extracted_emails.js] Parsed: parsed-INBOX-uid-6307.json
2026-04-19T01:11:47.647Z [LOG] [parse_extracted_emails.js] Parsed: parsed-INBOX-uid-6308.json
2026-04-19T01:11:47.647Z [LOG] [parse_extracted_emails.js] Parsed: parsed-INBOX-uid-6309.json
2026-04-19T01:11:47.647Z [LOG] [parse_extracted_emails.js] Parsed: parsed-INBOX-uid-6310.json
2026-04-19T01:11:47.647Z [LOG] [parse_extracted_emails.js] Parsed: parsed-INBOX-uid-6311.json
2026-04-19T01:11:47.647Z [LOG] [parse_extracted_emails.js] Parsed: parsed-INBOX-uid-6312.json
2026-04-19T01:11:47.647Z [LOG] [parse_extracted_emails.js] Parsed: parsed-INBOX-uid-6313.json
2026-04-19T01:11:47.647Z [LOG] [parse_extracted_emails.js] Parsed: parsed-INBOX-uid-6314.json
2026-04-19T01:11:47.647Z [LOG] [parse_extracted_emails.js] Parsed: parsed-INBOX-uid-6315.json
2026-04-19T01:11:47.647Z [LOG] [parse_extracted_emails.js] Parsed: parsed-INBOX-uid-6316.json
2026-04-19T01:11:47.647Z [LOG] [parse_extracted_emails.js] Parsed: parsed-INBOX-uid-6317.json
2026-04-19T01:11:47.647Z [LOG] [parse_extracted_emails.js] Parsed: parsed-INBOX-uid-6318.json
2026-04-19T01:11:47.647Z [LOG] [parse_extracted_emails.js] Parsed: parsed-INBOX-uid-6319.json
2026-04-19T01:11:47.647Z [LOG] [parse_extracted_emails.js] Parsed: parsed-INBOX-uid-6320.json
2026-04-19T01:11:47.648Z [LOG] [parse_extracted_emails.js] Parsed: parsed-INBOX-uid-6321.json
2026-04-19T01:11:47.648Z [LOG] [parse_extracted_emails.js] Parsed: parsed-INBOX-uid-6322.json
2026-04-19T01:11:47.648Z [LOG] [parse_extracted_emails.js] Parsed: parsed-INBOX-uid-6323.json
2026-04-19T01:11:47.648Z [LOG] [parse_extracted_emails.js] Parsed: parsed-INBOX-uid-6324.json
2026-04-19T01:11:47.648Z [LOG] [parse_extracted_emails.js] Parsed: parsed-INBOX-uid-6325.json
2026-04-19T01:11:47.648Z [LOG] [parse_extracted_emails.js] Parsed: parsed-INBOX-uid-6326.json
2026-04-19T01:11:47.648Z [LOG] [parse_extracted_emails.js] Parsed: parsed-INBOX-uid-6327.json
2026-04-19T01:11:47.648Z [LOG] [parse_extracted_emails.js] Parsed: parsed-INBOX-uid-6328.json
2026-04-19T01:11:47.648Z [LOG] [parse_extracted_emails.js] Parsed: parsed-INBOX-uid-6329.json
2026-04-19T01:11:47.648Z [LOG] [parse_extracted_emails.js] Parsed: parsed-INBOX-uid-6330.json
2026-04-19T01:11:47.648Z [LOG] [parse_extracted_emails.js] Parsed: parsed-INBOX-uid-6331.json
2026-04-19T01:11:47.648Z [LOG] [parse_extracted_emails.js] Parsed: parsed-INBOX-uid-6332.json
2026-04-19T01:11:47.648Z [LOG] [parse_extracted_emails.js] Parsed: parsed-INBOX-uid-6333.json
2026-04-19T01:11:47.648Z [LOG] [parse_extracted_emails.js] Parsed: parsed-INBOX-uid-6334.json
2026-04-19T01:11:47.648Z [LOG] [parse_extracted_emails.js] Parsed: parsed-INBOX-uid-6335.json
2026-04-19T01:11:47.648Z [LOG] [parse_extracted_emails.js] Parsed: parsed-INBOX-uid-6336.json
2026-04-19T01:11:47.648Z [LOG] [parse_extracted_emails.js] Parsed: parsed-INBOX-uid-6337.json
2026-04-19T01:11:47.648Z [LOG] [parse_extracted_emails.js] Parsed: parsed-INBOX-uid-6338.json
2026-04-19T01:11:47.648Z [LOG] [parse_extracted_emails.js] Parsed: parsed-INBOX-uid-6339.json
2026-04-19T01:11:47.648Z [LOG] [parse_extracted_emails.js] Parsed: parsed-INBOX-uid-6340.json
2026-04-19T01:11:47.648Z [LOG] [parse_extracted_emails.js] Parsed: parsed-INBOX-uid-6341.json
2026-04-19T01:11:47.648Z [LOG] [parse_extracted_emails.js] Parsed: parsed-INBOX-uid-6342.json
2026-04-19T01:11:47.648Z [LOG] [parse_extracted_emails.js] Parsed: parsed-INBOX-uid-6343.json
2026-04-19T01:11:47.648Z [LOG] [parse_extracted_emails.js] Parsed: parsed-INBOX-uid-6344.json
2026-04-19T01:11:47.648Z [LOG] [parse_extracted_emails.js] Parsed: parsed-INBOX-uid-6345.json
2026-04-19T01:11:47.648Z [LOG] [parse_extracted_emails.js] Parsed: parsed-INBOX-uid-6346.json
2026-04-19T01:11:47.648Z [LOG] [parse_extracted_emails.js] Parsed: parsed-INBOX-uid-6347.json
2026-04-19T01:11:47.648Z [LOG] [parse_extracted_emails.js] Parsed: parsed-INBOX-uid-6348.json
2026-04-19T01:11:47.648Z [LOG] [parse_extracted_emails.js] Parsed: parsed-INBOX-uid-6349.json
2026-04-19T01:11:47.648Z [LOG] [parse_extracted_emails.js] Parsed: parsed-INBOX-uid-6350.json
2026-04-19T01:11:47.648Z [LOG] [parse_extracted_emails.js] Parsed: parsed-INBOX-uid-6351.json
2026-04-19T01:11:47.648Z [LOG] [parse_extracted_emails.js] Parsed: parsed-INBOX-uid-6352.json
2026-04-19T01:11:47.648Z [LOG] [parse_extracted_emails.js] Parsed: parsed-INBOX-uid-6353.json
2026-04-19T01:11:47.648Z [LOG] [parse_extracted_emails.js] Parsed: parsed-INBOX-uid-6354.json
2026-04-19T01:11:47.648Z [LOG] [parse_extracted_emails.js] Parsed: parsed-INBOX-uid-6355.json
2026-04-19T01:11:47.648Z [LOG] [parse_extracted_emails.js] Parsed: parsed-INBOX-uid-6356.json
2026-04-19T01:11:47.648Z [LOG] [parse_extracted_emails.js] Parsed: parsed-INBOX-uid-6365.json
2026-04-19T01:11:47.648Z [LOG] [parse_extracted_emails.js] Parsed: parsed-INBOX-uid-6366.json
2026-04-19T01:11:47.648Z [LOG] [parse_extracted_emails.js] Parsed: parsed-INBOX-uid-6367.json
2026-04-19T01:11:47.648Z [LOG] [parse_extracted_emails.js] Parsed: parsed-INBOX-uid-6368.json
2026-04-19T01:11:47.648Z [LOG] [parse_extracted_emails.js] Parsed: parsed-INBOX-uid-6371.json
2026-04-19T01:11:47.648Z [LOG] [parse_extracted_emails.js] Parsed: parsed-INBOX-uid-6376.json
2026-04-19T01:11:47.648Z [LOG] [parse_extracted_emails.js] Parsed: parsed-INBOX-uid-6377.json
2026-04-19T01:11:47.648Z [LOG] [parse_extracted_emails.js] Parsed: parsed-INBOX-uid-6378.json
2026-04-19T01:11:47.648Z [LOG] [parse_extracted_emails.js] Parsed: parsed-INBOX-uid-6383.json
2026-04-19T01:11:47.648Z [LOG] [parse_extracted_emails.js] Parsed: parsed-INBOX-uid-6384.json
2026-04-19T01:11:47.648Z [LOG] [parse_extracted_emails.js] Parsed: parsed-INBOX-uid-6395.json
2026-04-19T01:11:47.648Z [LOG] [parse_extracted_emails.js] Parsed: parsed-INBOX-uid-6423.json
2026-04-19T01:11:47.648Z [LOG] [parse_extracted_emails.js] Parsed: parsed-INBOX-uid-6428.json
2026-04-19T01:11:47.648Z [LOG] [parse_extracted_emails.js] Parsed: parsed-INBOX-uid-6429.json
2026-04-19T01:11:47.648Z [LOG] [parse_extracted_emails.js] Parsed: parsed-INBOX-uid-6430.json
2026-04-19T01:11:47.648Z [LOG] [parse_extracted_emails.js] Parsed: parsed-INBOX-uid-6431.json
2026-04-19T01:11:47.648Z [LOG] [parse_extracted_emails.js] Parsed: parsed-INBOX-uid-6433.json
2026-04-19T01:11:47.648Z [LOG] [parse_extracted_emails.js] Parsed: parsed-INBOX-uid-6436.json
2026-04-19T01:11:47.648Z [LOG] [parse_extracted_emails.js] Parsed: parsed-INBOX-uid-6437.json
2026-04-19T01:11:47.648Z [LOG] [parse_extracted_emails.js] Parsed: parsed-INBOX-uid-6438.json
2026-04-19T01:11:47.648Z [LOG] [parse_extracted_emails.js] Parsed: parsed-INBOX-uid-6439.json
2026-04-19T01:11:47.648Z [LOG] [parse_extracted_emails.js] Parsed: parsed-INBOX-uid-6440.json
2026-04-19T01:11:47.648Z [LOG] [parse_extracted_emails.js] Parsed: parsed-INBOX-uid-6441.json
2026-04-19T01:11:47.648Z [LOG] [parse_extracted_emails.js] Parsed: parsed-INBOX-uid-6442.json
2026-04-19T01:11:47.648Z [LOG] [parse_extracted_emails.js] Parsed: parsed-INBOX-uid-6443.json
2026-04-19T01:11:47.648Z [LOG] [parse_extracted_emails.js] Parsed: parsed-INBOX-uid-6444.json
2026-04-19T01:11:47.648Z [LOG] [parse_extracted_emails.js] Parsed: parsed-INBOX-uid-6445.json
2026-04-19T01:11:47.648Z [LOG] [parse_extracted_emails.js] Parsed: parsed-INBOX-uid-6446.json
2026-04-19T01:11:47.648Z [LOG] [parse_extracted_emails.js] Parsed: parsed-INBOX-uid-6447.json
2026-04-19T01:11:47.648Z [LOG] [parse_extracted_emails.js] Parsed: parsed-INBOX-uid-6448.json
2026-04-19T01:11:47.648Z [LOG] [parse_extracted_emails.js] Parsed: parsed-INBOX-uid-6449.json
2026-04-19T01:11:47.648Z [LOG] [parse_extracted_emails.js] Parsed: parsed-INBOX-uid-6450.json
2026-04-19T01:11:47.648Z [LOG] [parse_extracted_emails.js] Parsed: parsed-INBOX-uid-6451.json
2026-04-19T01:11:47.648Z [LOG] [parse_extracted_emails.js] Parsed: parsed-INBOX-uid-6452.json
2026-04-19T01:11:47.648Z [LOG] [parse_extracted_emails.js] Parsed: parsed-INBOX-uid-6453.json
2026-04-19T01:11:47.648Z [LOG] [parse_extracted_emails.js] Parsed: parsed-INBOX-uid-6456.json
2026-04-19T01:11:47.648Z [LOG] [parse_extracted_emails.js] Parsed: parsed-INBOX-uid-6457.json
2026-04-19T01:11:47.648Z [LOG] [parse_extracted_emails.js] Parsed: parsed-INBOX-uid-6459.json
2026-04-19T01:11:47.648Z [LOG] [parse_extracted_emails.js] Parsed: parsed-INBOX-uid-6460.json
2026-04-19T01:11:47.648Z [LOG] [parse_extracted_emails.js] Parsed: parsed-INBOX-uid-6461.json
2026-04-19T01:11:47.648Z [LOG] [parse_extracted_emails.js] Parsed: parsed-INBOX-uid-6462.json
2026-04-19T01:11:47.648Z [LOG] [parse_extracted_emails.js] Parsed: parsed-INBOX-uid-6463.json
2026-04-19T01:11:47.648Z [LOG] [parse_extracted_emails.js] Parsed: parsed-INBOX-uid-6464.json
2026-04-19T01:11:47.648Z [LOG] [parse_extracted_emails.js] Parsed: parsed-INBOX-uid-6465.json
2026-04-19T01:11:47.648Z [LOG] [parse_extracted_emails.js] Parsed: parsed-INBOX-uid-6466.json
2026-04-19T01:11:47.648Z [LOG] [parse_extracted_emails.js] Parsed: parsed-INBOX-uid-6467.json
2026-04-19T01:11:47.648Z [LOG] [parse_extracted_emails.js] Parsed: parsed-INBOX-uid-6468.json
2026-04-19T01:11:47.648Z [LOG] [parse_extracted_emails.js] Parsed: parsed-INBOX-uid-6469.json
2026-04-19T01:11:47.648Z [LOG] [parse_extracted_emails.js] Parsed: parsed-INBOX-uid-6470.json
2026-04-19T01:11:47.648Z [LOG] [parse_extracted_emails.js] Parsed: parsed-INBOX-uid-6471.json
2026-04-19T01:11:47.648Z [LOG] [parse_extracted_emails.js] Parsed: parsed-INBOX-uid-6472.json
2026-04-19T01:11:47.648Z [LOG] [parse_extracted_emails.js] Parsed: parsed-INBOX-uid-6473.json
2026-04-19T01:11:47.648Z [LOG] [parse_extracted_emails.js] Parsed: parsed-INBOX-uid-6474.json
2026-04-19T01:11:47.648Z [LOG] [parse_extracted_emails.js] Parsed: parsed-INBOX-uid-6475.json
2026-04-19T01:11:47.648Z [LOG] [parse_extracted_emails.js] Parsed: parsed-INBOX-uid-6476.json
2026-04-19T01:11:47.648Z [LOG] [parse_extracted_emails.js] Parsed: parsed-INBOX-uid-6477.json
2026-04-19T01:11:47.648Z [LOG] [parse_extracted_emails.js] Parsed: parsed-INBOX-uid-6478.json
2026-04-19T01:11:47.648Z [LOG] [parse_extracted_emails.js] Parsed: parsed-INBOX-uid-6479.json
2026-04-19T01:11:47.648Z [LOG] [parse_extracted_emails.js] Parsed: parsed-INBOX-uid-6480.json
2026-04-19T01:11:47.648Z [LOG] [parse_extracted_emails.js] Parsed: parsed-INBOX-uid-6481.json
2026-04-19T01:11:47.648Z [LOG] [parse_extracted_emails.js] Parsed: parsed-INBOX-uid-6482.json
2026-04-19T01:11:47.648Z [LOG] [parse_extracted_emails.js] Parsed: parsed-INBOX-uid-6483.json
2026-04-19T01:11:47.648Z [LOG] [parse_extracted_emails.js] Parsed: parsed-INBOX-uid-6484.json
2026-04-19T01:11:47.648Z [LOG] [parse_extracted_emails.js] Parsed: parsed-INBOX-uid-6485.json
2026-04-19T01:11:47.648Z [LOG] [parse_extracted_emails.js] Parsed: parsed-INBOX-uid-6486.json
2026-04-19T01:11:47.648Z [LOG] [parse_extracted_emails.js] Parsed: parsed-INBOX-uid-6487.json
2026-04-19T01:11:47.648Z [LOG] [parse_extracted_emails.js] Parsed: parsed-INBOX-uid-6488.json
2026-04-19T01:11:47.648Z [LOG] [parse_extracted_emails.js] Parsed: parsed-INBOX-uid-6489.json
2026-04-19T01:11:47.648Z [LOG] [parse_extracted_emails.js] Parsed: parsed-INBOX-uid-6490.json
2026-04-19T01:11:47.648Z [LOG] [parse_extracted_emails.js] Parsed: parsed-INBOX-uid-6491.json
2026-04-19T01:11:47.648Z [LOG] [parse_extracted_emails.js] Parsed: parsed-INBOX-uid-6492.json
2026-04-19T01:11:47.648Z [LOG] [parse_extracted_emails.js] Parsed: parsed-INBOX-uid-6493.json
2026-04-19T01:11:47.648Z [LOG] [parse_extracted_emails.js] Parsed: parsed-INBOX-uid-6494.json
2026-04-19T01:11:47.648Z [LOG] [parse_extracted_emails.js] Parsed: parsed-INBOX-uid-6495.json
2026-04-19T01:11:47.649Z [LOG] [parse_extracted_emails.js] Parsed: parsed-INBOX-uid-6515.json
2026-04-19T01:11:47.649Z [LOG] [parse_extracted_emails.js] Parsed: parsed-INBOX-uid-6516.json
2026-04-19T01:11:47.649Z [LOG] [parse_extracted_emails.js] Parsed: parsed-INBOX-uid-6517.json
2026-04-19T01:11:47.649Z [LOG] [parse_extracted_emails.js] Parsed: parsed-INBOX-uid-6518.json
2026-04-19T01:11:47.649Z [LOG] [parse_extracted_emails.js] Parsed: parsed-INBOX-uid-6519.json
2026-04-19T01:11:47.649Z [LOG] [parse_extracted_emails.js] Parsed: parsed-INBOX-uid-6520.json
2026-04-19T01:11:47.649Z [LOG] [parse_extracted_emails.js] Parsed: parsed-INBOX-uid-6521.json
2026-04-19T01:11:47.649Z [LOG] [parse_extracted_emails.js] Parsed: parsed-INBOX-uid-6522.json
2026-04-19T01:11:47.649Z [LOG] [parse_extracted_emails.js] Parsed: parsed-INBOX-uid-6523.json
2026-04-19T01:11:47.649Z [LOG] [parse_extracted_emails.js] Parsed: parsed-INBOX-uid-6524.json
2026-04-19T01:11:47.649Z [LOG] [parse_extracted_emails.js] Parsed: parsed-INBOX-uid-6525.json
2026-04-19T01:11:47.649Z [LOG] [parse_extracted_emails.js] Parsed: parsed-INBOX-uid-6526.json
2026-04-19T01:11:47.649Z [LOG] [parse_extracted_emails.js] Parsed: parsed-INBOX-uid-6527.json
2026-04-19T01:11:47.649Z [LOG] [parse_extracted_emails.js] Parsed: parsed-INBOX-uid-6528.json
2026-04-19T01:11:47.649Z [LOG] [parse_extracted_emails.js] Parsed: parsed-INBOX-uid-6529.json
2026-04-19T01:11:47.649Z [LOG] [parse_extracted_emails.js] Parsed: parsed-INBOX-uid-6530.json
2026-04-19T01:11:47.649Z [LOG] [parse_extracted_emails.js] Parsed: parsed-INBOX-uid-6531.json
2026-04-19T01:11:47.649Z [LOG] [parse_extracted_emails.js] Parsed: parsed-INBOX-uid-6532.json
2026-04-19T01:11:47.649Z [LOG] [parse_extracted_emails.js] Parsed: parsed-INBOX-uid-6533.json
2026-04-19T01:11:47.649Z [LOG] [parse_extracted_emails.js] Parsed: parsed-INBOX-uid-6534.json
2026-04-19T01:11:47.649Z [LOG] [parse_extracted_emails.js] Parsed: parsed-INBOX-uid-6535.json
2026-04-19T01:11:47.649Z [LOG] [parse_extracted_emails.js] Parsed: parsed-INBOX-uid-6536.json
2026-04-19T01:11:47.649Z [LOG] [parse_extracted_emails.js] Parsed: parsed-INBOX-uid-6537.json
2026-04-19T01:11:47.649Z [LOG] [parse_extracted_emails.js] Parsed: parsed-INBOX-uid-6538.json
2026-04-19T01:11:47.649Z [LOG] [parse_extracted_emails.js] Parsed: parsed-INBOX-uid-6539.json
2026-04-19T01:11:47.649Z [LOG] [parse_extracted_emails.js] Parsed: parsed-INBOX-uid-6540.json
2026-04-19T01:11:47.649Z [LOG] [parse_extracted_emails.js] Parsed: parsed-INBOX-uid-6541.json
2026-04-19T01:11:47.649Z [LOG] [parse_extracted_emails.js] Parsed: parsed-INBOX-uid-6542.json
2026-04-19T01:11:47.649Z [LOG] [parse_extracted_emails.js] Parsed: parsed-INBOX-uid-6543.json
2026-04-19T01:11:47.649Z [LOG] [parse_extracted_emails.js] Parsed: parsed-INBOX-uid-6544.json
2026-04-19T01:11:47.649Z [LOG] [parse_extracted_emails.js] Parsed: parsed-INBOX-uid-6545.json
2026-04-19T01:11:47.649Z [LOG] [parse_extracted_emails.js] Parsed: parsed-INBOX-uid-6546.json
2026-04-19T01:11:47.649Z [LOG] [parse_extracted_emails.js] Parsed: parsed-INBOX-uid-6547.json
2026-04-19T01:11:47.649Z [LOG] [parse_extracted_emails.js] Parsed: parsed-INBOX-uid-6548.json
2026-04-19T01:11:47.649Z [LOG] [parse_extracted_emails.js] Parsed: parsed-INBOX-uid-6549.json
2026-04-19T01:11:47.649Z [LOG] [parse_extracted_emails.js] Parsed: parsed-INBOX-uid-6550.json
2026-04-19T01:11:47.649Z [LOG] [parse_extracted_emails.js] Parsed: parsed-INBOX-uid-6551.json
2026-04-19T01:11:47.649Z [LOG] [parse_extracted_emails.js] Parsed: parsed-INBOX-uid-6552.json
2026-04-19T01:11:47.649Z [LOG] [parse_extracted_emails.js] Parsed: parsed-INBOX-uid-6553.json
2026-04-19T01:11:47.649Z [LOG] [parse_extracted_emails.js] Parsed: parsed-INBOX-uid-6554.json
2026-04-19T01:11:47.649Z [LOG] [parse_extracted_emails.js] Parsed: parsed-INBOX-uid-6555.json
2026-04-19T01:11:47.649Z [LOG] [parse_extracted_emails.js] Parsed: parsed-INBOX-uid-6556.json
2026-04-19T01:11:47.649Z [LOG] [parse_extracted_emails.js] Parsed: parsed-INBOX-uid-6557.json
2026-04-19T01:11:47.649Z [LOG] [parse_extracted_emails.js] Parsed: parsed-INBOX-uid-6558.json
2026-04-19T01:11:47.649Z [LOG] [parse_extracted_emails.js] Parsed: parsed-INBOX-uid-6559.json
2026-04-19T01:11:47.649Z [LOG] [parse_extracted_emails.js] Parsed: parsed-INBOX-uid-6560.json
2026-04-19T01:11:47.649Z [LOG] [parse_extracted_emails.js] Parsed: parsed-INBOX-uid-6561.json
2026-04-19T01:11:47.649Z [LOG] [parse_extracted_emails.js] Parsed: parsed-INBOX-uid-6562.json
2026-04-19T01:11:47.649Z [LOG] [parse_extracted_emails.js] Parsed: parsed-INBOX-uid-6563.json
2026-04-19T01:11:47.649Z [LOG] [parse_extracted_emails.js] Parsed: parsed-INBOX-uid-6564.json
2026-04-19T01:11:47.649Z [LOG] [parse_extracted_emails.js] Parsed: parsed-INBOX-uid-6565.json
2026-04-19T01:11:47.649Z [LOG] [parse_extracted_emails.js] Parsed: parsed-INBOX-uid-6566.json
2026-04-19T01:11:47.649Z [LOG] [parse_extracted_emails.js] Parsed: parsed-INBOX-uid-6567.json
2026-04-19T01:11:47.649Z [LOG] [parse_extracted_emails.js] Parsed: parsed-INBOX-uid-6568.json
2026-04-19T01:11:47.649Z [LOG] [parse_extracted_emails.js] Parsed: parsed-INBOX-uid-6569.json
2026-04-19T01:11:47.649Z [LOG] [parse_extracted_emails.js] Parsed: parsed-INBOX-uid-6570.json
2026-04-19T01:11:47.649Z [LOG] [parse_extracted_emails.js] Parsed: parsed-INBOX-uid-6571.json
2026-04-19T01:11:47.649Z [LOG] [parse_extracted_emails.js] Parsed: parsed-INBOX-uid-6572.json
2026-04-19T01:11:47.649Z [LOG] [parse_extracted_emails.js] Parsed: parsed-INBOX-uid-6573.json
2026-04-19T01:11:47.649Z [LOG] [parse_extracted_emails.js] Parsed: parsed-INBOX-uid-6574.json
2026-04-19T01:11:47.649Z [LOG] [parse_extracted_emails.js] Parsed: parsed-INBOX-uid-6575.json
2026-04-19T01:11:47.649Z [LOG] [parse_extracted_emails.js] Parsed: parsed-INBOX-uid-6576.json
2026-04-19T01:11:47.649Z [LOG] [parse_extracted_emails.js] Parsed: parsed-INBOX-uid-6577.json
2026-04-19T01:11:47.649Z [LOG] [parse_extracted_emails.js] Parsed: parsed-INBOX-uid-6578.json
2026-04-19T01:11:47.649Z [LOG] [parse_extracted_emails.js] Parsed: parsed-INBOX-uid-6579.json
2026-04-19T01:11:47.649Z [LOG] [parse_extracted_emails.js] Parsed: parsed-INBOX-uid-6580.json
2026-04-19T01:11:47.649Z [LOG] [parse_extracted_emails.js] Parsed: parsed-INBOX-uid-6581.json
2026-04-19T01:11:47.716Z [LOG] [parse_extracted_emails.js] Parsed: parsed-INBOX-uid-6582.json
2026-04-19T01:11:47.716Z [LOG] [parse_extracted_emails.js] Parsed: parsed-INBOX-uid-6583.json
2026-04-19T01:11:47.716Z [LOG] [parse_extracted_emails.js] Parsed: parsed-INBOX-uid-6584.json
2026-04-19T01:11:47.716Z [LOG] [parse_extracted_emails.js] Parsed: parsed-INBOX-uid-6585.json
2026-04-19T01:11:47.716Z [LOG] [parse_extracted_emails.js] Parsed: parsed-INBOX-uid-6586.json
2026-04-19T01:11:47.716Z [LOG] [parse_extracted_emails.js] Parsed: parsed-INBOX-uid-6587.json
2026-04-19T01:11:47.716Z [LOG] [parse_extracted_emails.js] Parsed: parsed-INBOX-uid-6588.json
2026-04-19T01:11:47.716Z [LOG] [parse_extracted_emails.js] Parsed: parsed-INBOX-uid-6589.json
2026-04-19T01:11:47.716Z [LOG] [parse_extracted_emails.js] Parsed: parsed-INBOX-uid-6590.json
2026-04-19T01:11:47.716Z [LOG] [parse_extracted_emails.js] Parsed: parsed-INBOX-uid-6591.json
2026-04-19T01:11:47.716Z [LOG] [parse_extracted_emails.js] Parsed: parsed-INBOX-uid-6592.json
2026-04-19T01:11:47.716Z [LOG] [parse_extracted_emails.js] Parsed: parsed-INBOX-uid-6593.json
2026-04-19T01:11:47.716Z [LOG] [parse_extracted_emails.js] Parsed: parsed-INBOX-uid-6594.json
2026-04-19T01:11:47.716Z [LOG] [parse_extracted_emails.js] Parsed: parsed-INBOX-uid-6595.json
2026-04-19T01:11:47.716Z [LOG] [parse_extracted_emails.js] Parsed: parsed-INBOX-uid-6596.json
2026-04-19T01:11:47.716Z [LOG] [parse_extracted_emails.js] Parsed: parsed-INBOX-uid-6605.json
2026-04-19T01:11:47.716Z [LOG] [parse_extracted_emails.js] Parsed: parsed-INBOX-uid-6608.json
2026-04-19T01:11:47.716Z [LOG] [parse_extracted_emails.js] Parsed: parsed-INBOX-uid-6609.json
2026-04-19T01:11:47.716Z [LOG] [parse_extracted_emails.js] Parsed: parsed-INBOX-uid-6610.json
2026-04-19T01:11:47.716Z [LOG] [parse_extracted_emails.js] Parsed: parsed-INBOX-uid-6611.json
2026-04-19T01:11:47.716Z [LOG] [parse_extracted_emails.js] Parsed: parsed-INBOX-uid-6612.json
2026-04-19T01:11:47.716Z [LOG] [parse_extracted_emails.js] Parsed: parsed-INBOX-uid-6613.json
2026-04-19T01:11:47.716Z [LOG] [parse_extracted_emails.js] Parsed: parsed-INBOX-uid-6614.json
2026-04-19T01:11:47.716Z [LOG] [parse_extracted_emails.js] Parsed: parsed-INBOX-uid-6615.json
2026-04-19T01:11:47.716Z [LOG] [parse_extracted_emails.js] Parsed: parsed-INBOX-uid-6616.json
2026-04-19T01:11:47.716Z [LOG] [parse_extracted_emails.js] Parsed: parsed-INBOX-uid-6617.json
2026-04-19T01:11:47.716Z [LOG] [parse_extracted_emails.js] Parsed: parsed-INBOX-uid-6618.json
2026-04-19T01:11:47.716Z [LOG] [parse_extracted_emails.js] Parsed: parsed-INBOX-uid-6619.json
2026-04-19T01:11:47.716Z [LOG] [parse_extracted_emails.js] Parsed: parsed-INBOX-uid-6620.json
2026-04-19T01:11:47.716Z [LOG] [parse_extracted_emails.js] Parsed: parsed-INBOX-uid-6621.json
2026-04-19T01:11:47.716Z [LOG] [parse_extracted_emails.js] Parsed: parsed-INBOX-uid-6622.json
2026-04-19T01:11:47.716Z [LOG] [parse_extracted_emails.js] Parsed: parsed-INBOX-uid-6627.json
2026-04-19T01:11:47.716Z [LOG] [parse_extracted_emails.js] Parsed: parsed-INBOX-uid-6633.json
2026-04-19T01:11:47.716Z [LOG] [parse_extracted_emails.js] Parsed: parsed-INBOX-uid-6634.json
2026-04-19T01:11:47.716Z [LOG] [parse_extracted_emails.js] Parsed: parsed-INBOX-uid-6635.json
2026-04-19T01:11:47.716Z [LOG] [parse_extracted_emails.js] Parsed: parsed-INBOX-uid-6636.json
2026-04-19T01:11:47.716Z [LOG] [parse_extracted_emails.js] Parsed: parsed-INBOX-uid-6637.json
2026-04-19T01:11:47.716Z [LOG] [parse_extracted_emails.js] Parsed: parsed-INBOX-uid-6638.json
2026-04-19T01:11:47.716Z [LOG] [parse_extracted_emails.js] Parsed: parsed-INBOX-uid-6639.json
2026-04-19T01:11:47.716Z [LOG] [parse_extracted_emails.js] Parsed: parsed-INBOX-uid-6640.json
2026-04-19T01:11:47.716Z [LOG] [parse_extracted_emails.js] Parsed: parsed-INBOX-uid-6641.json
2026-04-19T01:11:47.716Z [LOG] [parse_extracted_emails.js] Parsed: parsed-INBOX-uid-6647.json
2026-04-19T01:11:47.716Z [LOG] [parse_extracted_emails.js] Parsed: parsed-INBOX-uid-6648.json
2026-04-19T01:11:47.716Z [LOG] [parse_extracted_emails.js] Parsed: parsed-INBOX-uid-6649.json
2026-04-19T01:11:47.717Z [LOG] [parse_extracted_emails.js] Parsed: parsed-INBOX-uid-6650.json
2026-04-19T01:11:47.717Z [LOG] [parse_extracted_emails.js] Parsed: parsed-INBOX-uid-6652.json
2026-04-19T01:11:47.717Z [LOG] [parse_extracted_emails.js] Parsed: parsed-INBOX-uid-6653.json
2026-04-19T01:11:47.717Z [LOG] [parse_extracted_emails.js] Parsed: parsed-INBOX-uid-6654.json
2026-04-19T01:11:47.717Z [LOG] [parse_extracted_emails.js] Parsed: parsed-INBOX-uid-6655.json
2026-04-19T01:11:47.717Z [LOG] [parse_extracted_emails.js] Parsed: parsed-INBOX-uid-6664.json
2026-04-19T01:11:47.717Z [LOG] [parse_extracted_emails.js] Parsed: parsed-INBOX-uid-6666.json
2026-04-19T01:11:47.717Z [LOG] [parse_extracted_emails.js] Parsed: parsed-INBOX-uid-6667.json
2026-04-19T01:11:47.717Z [LOG] [parse_extracted_emails.js] Parsed: parsed-INBOX-uid-6668.json
2026-04-19T01:11:47.717Z [LOG] [parse_extracted_emails.js] Parsed: parsed-INBOX-uid-6669.json
2026-04-19T01:11:47.717Z [LOG] [parse_extracted_emails.js] Parsed: parsed-INBOX-uid-6670.json
2026-04-19T01:11:47.717Z [LOG] [parse_extracted_emails.js] Parsed: parsed-INBOX-uid-6671.json
2026-04-19T01:11:47.717Z [LOG] [parse_extracted_emails.js] Parsed: parsed-INBOX-uid-6672.json
2026-04-19T01:11:47.717Z [LOG] [parse_extracted_emails.js] Parsed: parsed-INBOX-uid-6673.json
2026-04-19T01:11:47.717Z [LOG] [parse_extracted_emails.js] Parsed: parsed-INBOX-uid-6674.json
2026-04-19T01:11:47.717Z [LOG] [parse_extracted_emails.js] Parsed: parsed-INBOX-uid-6675.json
2026-04-19T01:11:47.717Z [LOG] [parse_extracted_emails.js] Parsed: parsed-INBOX-uid-6676.json
2026-04-19T01:11:47.717Z [LOG] [parse_extracted_emails.js] Parsed: parsed-INBOX-uid-6677.json
2026-04-19T01:11:47.717Z [LOG] [parse_extracted_emails.js] Parsed: parsed-INBOX-uid-6678.json
2026-04-19T01:11:47.717Z [LOG] [parse_extracted_emails.js] Parsed: parsed-INBOX-uid-6679.json
2026-04-19T01:11:47.717Z [LOG] [parse_extracted_emails.js] Parsed: parsed-INBOX-uid-6680.json
2026-04-19T01:11:47.717Z [LOG] [parse_extracted_emails.js] Parsed: parsed-INBOX-uid-6681.json
2026-04-19T01:11:47.717Z [LOG] [parse_extracted_emails.js] Parsed: parsed-INBOX-uid-6682.json
2026-04-19T01:11:47.717Z [LOG] [parse_extracted_emails.js] Parsed: parsed-INBOX-uid-6683.json
2026-04-19T01:11:47.717Z [LOG] [parse_extracted_emails.js] Parsed: parsed-INBOX-uid-6684.json
2026-04-19T01:11:47.717Z [LOG] [parse_extracted_emails.js] Parsed: parsed-INBOX-uid-6685.json
2026-04-19T01:11:47.717Z [LOG] [parse_extracted_emails.js] Parsed: parsed-INBOX-uid-6686.json
2026-04-19T01:11:47.717Z [LOG] [parse_extracted_emails.js] Parsed: parsed-INBOX-uid-6687.json
2026-04-19T01:11:47.717Z [LOG] [parse_extracted_emails.js] Parsed: parsed-INBOX-uid-6688.json
2026-04-19T01:11:47.717Z [LOG] [parse_extracted_emails.js] Parsed: parsed-INBOX-uid-6689.json
2026-04-19T01:11:47.717Z [LOG] [parse_extracted_emails.js] Parsed: parsed-INBOX-uid-6690.json
2026-04-19T01:11:47.717Z [LOG] [parse_extracted_emails.js] Parsed: parsed-INBOX-uid-6692.json
2026-04-19T01:11:47.717Z [LOG] [parse_extracted_emails.js] Parsed: parsed-INBOX-uid-6693.json
2026-04-19T01:11:47.717Z [LOG] [parse_extracted_emails.js] Parsed: parsed-INBOX-uid-6694.json
2026-04-19T01:11:47.717Z [LOG] [parse_extracted_emails.js] Parsed: parsed-INBOX-uid-6695.json
2026-04-19T01:11:47.717Z [LOG] [parse_extracted_emails.js] Parsed: parsed-INBOX-uid-6696.json
2026-04-19T01:11:47.717Z [LOG] [parse_extracted_emails.js] Parsed: parsed-INBOX-uid-6697.json
2026-04-19T01:11:47.717Z [LOG] [parse_extracted_emails.js] Parsed: parsed-INBOX-uid-6698.json
2026-04-19T01:11:47.717Z [LOG] [parse_extracted_emails.js] Parsed: parsed-INBOX-uid-6699.json
2026-04-19T01:11:47.717Z [LOG] [parse_extracted_emails.js] Parsed: parsed-INBOX-uid-6700.json
2026-04-19T01:11:47.717Z [LOG] [parse_extracted_emails.js] Parsed: parsed-INBOX-uid-6701.json
2026-04-19T01:11:47.717Z [LOG] [parse_extracted_emails.js] Parsed: parsed-INBOX-uid-6702.json
2026-04-19T01:11:47.717Z [LOG] [parse_extracted_emails.js] Parsed: parsed-INBOX-uid-6703.json
2026-04-19T01:11:47.717Z [LOG] [parse_extracted_emails.js] Parsed: parsed-INBOX-uid-6704.json
2026-04-19T01:11:47.717Z [LOG] [parse_extracted_emails.js] Parsed: parsed-INBOX-uid-6705.json
2026-04-19T01:11:47.717Z [LOG] [parse_extracted_emails.js] Parsed: parsed-INBOX-uid-6706.json
2026-04-19T01:11:47.717Z [LOG] [parse_extracted_emails.js] Parsed: parsed-INBOX-uid-6707.json
2026-04-19T01:11:47.717Z [LOG] [parse_extracted_emails.js] Parsed: parsed-INBOX-uid-6708.json
2026-04-19T01:11:47.717Z [LOG] [parse_extracted_emails.js] Parsed: parsed-INBOX-uid-6709.json
2026-04-19T01:11:47.717Z [LOG] [parse_extracted_emails.js] Parsed: parsed-INBOX-uid-6710.json
2026-04-19T01:11:47.717Z [LOG] [parse_extracted_emails.js] Parsed: parsed-INBOX-uid-6711.json
2026-04-19T01:11:47.717Z [LOG] [parse_extracted_emails.js] Parsed: parsed-INBOX-uid-6718.json
2026-04-19T01:11:47.717Z [LOG] [parse_extracted_emails.js] Parsed: parsed-INBOX-uid-6722.json
2026-04-19T01:11:47.717Z [LOG] [parse_extracted_emails.js] Parsed: parsed-INBOX-uid-6723.json
2026-04-19T01:11:47.717Z [LOG] [parse_extracted_emails.js] Parsed: parsed-INBOX-uid-6725.json
2026-04-19T01:11:47.717Z [LOG] [parse_extracted_emails.js] Parsed: parsed-INBOX-uid-6726.json
2026-04-19T01:11:47.717Z [LOG] [parse_extracted_emails.js] Parsed: parsed-INBOX-uid-6729.json
2026-04-19T01:11:47.717Z [LOG] [parse_extracted_emails.js] Parsed: parsed-INBOX-uid-6730.json
2026-04-19T01:11:47.717Z [LOG] [parse_extracted_emails.js] Parsed: parsed-INBOX-uid-6732.json
2026-04-19T01:11:47.717Z [LOG] [parse_extracted_emails.js] Parsed: parsed-INBOX-uid-6733.json
2026-04-19T01:11:47.717Z [LOG] [parse_extracted_emails.js] Parsed: parsed-INBOX-uid-6734.json
2026-04-19T01:11:47.717Z [LOG] [parse_extracted_emails.js] Parsed: parsed-INBOX-uid-6735.json
2026-04-19T01:11:47.717Z [LOG] [parse_extracted_emails.js] Parsed: parsed-INBOX-uid-6736.json
2026-04-19T01:11:47.717Z [LOG] [parse_extracted_emails.js] Parsed: parsed-INBOX-uid-6737.json
2026-04-19T01:11:47.717Z [LOG] [parse_extracted_emails.js] Parsed: parsed-INBOX-uid-6738.json
2026-04-19T01:11:47.717Z [LOG] [parse_extracted_emails.js] Parsed: parsed-INBOX-uid-6748.json
2026-04-19T01:11:47.717Z [LOG] [parse_extracted_emails.js] Parsed: parsed-INBOX-uid-6749.json
2026-04-19T01:11:47.717Z [LOG] [parse_extracted_emails.js] Parsed: parsed-INBOX-uid-6750.json
2026-04-19T01:11:47.717Z [LOG] [parse_extracted_emails.js] Parsed: parsed-INBOX-uid-6751.json
2026-04-19T01:11:47.717Z [LOG] [parse_extracted_emails.js] Parsed: parsed-INBOX-uid-6752.json
2026-04-19T01:11:47.717Z [LOG] [parse_extracted_emails.js] Parsed: parsed-INBOX-uid-6753.json
2026-04-19T01:11:47.717Z [LOG] [parse_extracted_emails.js] Parsed: parsed-INBOX-uid-6754.json
2026-04-19T01:11:47.717Z [LOG] [parse_extracted_emails.js] Parsed: parsed-INBOX-uid-6755.json
2026-04-19T01:11:47.717Z [LOG] [parse_extracted_emails.js] Parsed: parsed-INBOX-uid-6756.json
2026-04-19T01:11:47.717Z [LOG] [parse_extracted_emails.js] Parsed: parsed-INBOX-uid-6757.json
2026-04-19T01:11:47.717Z [LOG] [parse_extracted_emails.js] Parsed: parsed-INBOX-uid-6758.json
2026-04-19T01:11:47.717Z [LOG] [parse_extracted_emails.js] Parsed: parsed-INBOX-uid-6759.json
2026-04-19T01:11:47.717Z [LOG] [parse_extracted_emails.js] Parsed: parsed-INBOX-uid-6760.json
2026-04-19T01:11:47.717Z [LOG] [parse_extracted_emails.js] Parsed: parsed-INBOX-uid-6761.json
2026-04-19T01:11:47.717Z [LOG] [parse_extracted_emails.js] Parsed: parsed-INBOX-uid-6762.json
2026-04-19T01:11:47.717Z [LOG] [parse_extracted_emails.js] Parsed: parsed-INBOX-uid-6763.json
2026-04-19T01:11:47.717Z [LOG] [parse_extracted_emails.js] Parsed: parsed-INBOX-uid-6764.json
2026-04-19T01:11:47.717Z [LOG] [parse_extracted_emails.js] Parsed: parsed-INBOX-uid-6765.json
2026-04-19T01:11:47.717Z [LOG] [parse_extracted_emails.js] Parsed: parsed-INBOX-uid-6766.json
2026-04-19T01:11:47.717Z [LOG] [parse_extracted_emails.js] Parsed: parsed-INBOX-uid-6767.json
2026-04-19T01:11:47.717Z [LOG] [parse_extracted_emails.js] Parsed: parsed-INBOX-uid-6768.json
2026-04-19T01:11:47.717Z [LOG] [parse_extracted_emails.js] Parsed: parsed-INBOX-uid-6769.json
2026-04-19T01:11:47.717Z [LOG] [parse_extracted_emails.js] Parsed: parsed-INBOX-uid-6770.json
2026-04-19T01:11:47.717Z [LOG] [parse_extracted_emails.js] Parsed: parsed-INBOX-uid-6771.json
2026-04-19T01:11:47.717Z [LOG] [parse_extracted_emails.js] Parsed: parsed-INBOX-uid-6772.json
2026-04-19T01:11:47.717Z [LOG] [parse_extracted_emails.js] Parsed: parsed-INBOX-uid-6773.json
2026-04-19T01:11:47.717Z [LOG] [parse_extracted_emails.js] Parsed: parsed-INBOX-uid-6774.json
2026-04-19T01:11:47.717Z [LOG] [parse_extracted_emails.js] Parsed: parsed-INBOX-uid-6775.json
2026-04-19T01:11:47.717Z [LOG] [parse_extracted_emails.js] Parsed: parsed-INBOX-uid-6776.json
2026-04-19T01:11:47.717Z [LOG] [parse_extracted_emails.js] Parsed: parsed-INBOX-uid-6777.json
2026-04-19T01:11:47.717Z [LOG] [parse_extracted_emails.js] Parsed: parsed-INBOX-uid-6778.json
2026-04-19T01:11:47.717Z [LOG] [parse_extracted_emails.js] Parsed: parsed-INBOX-uid-6779.json
2026-04-19T01:11:47.717Z [LOG] [parse_extracted_emails.js] Parsed: parsed-INBOX-uid-6780.json
2026-04-19T01:11:47.717Z [LOG] [parse_extracted_emails.js] Parsed: parsed-INBOX-uid-6781.json
2026-04-19T01:11:47.717Z [LOG] [parse_extracted_emails.js] Parsed: parsed-INBOX-uid-6782.json
2026-04-19T01:11:47.717Z [LOG] [parse_extracted_emails.js] Parsed: parsed-INBOX-uid-6783.json
2026-04-19T01:11:47.717Z [LOG] [parse_extracted_emails.js] Parsed: parsed-INBOX-uid-6784.json
2026-04-19T01:11:47.717Z [LOG] [parse_extracted_emails.js] Parsed: parsed-INBOX-uid-6785.json
2026-04-19T01:11:47.717Z [LOG] [parse_extracted_emails.js] Parsed: parsed-INBOX-uid-6786.json
2026-04-19T01:11:47.717Z [LOG] [parse_extracted_emails.js] Parsed: parsed-INBOX-uid-6787.json
2026-04-19T01:11:47.717Z [LOG] [parse_extracted_emails.js] Parsed: parsed-INBOX-uid-6788.json
2026-04-19T01:11:47.717Z [LOG] [parse_extracted_emails.js] Parsed: parsed-INBOX-uid-6789.json
2026-04-19T01:11:47.717Z [LOG] [parse_extracted_emails.js] Parsed: parsed-INBOX-uid-6790.json
2026-04-19T01:11:47.717Z [LOG] [parse_extracted_emails.js] Parsed: parsed-INBOX-uid-6791.json
2026-04-19T01:11:47.717Z [LOG] [parse_extracted_emails.js] Parsed: parsed-INBOX-uid-6792.json
2026-04-19T01:11:47.717Z [LOG] [parse_extracted_emails.js] Parsed: parsed-INBOX-uid-6793.json
2026-04-19T01:11:47.717Z [LOG] [parse_extracted_emails.js] Parsed: parsed-INBOX-uid-6794.json
2026-04-19T01:11:47.717Z [LOG] [parse_extracted_emails.js] Parsed: parsed-INBOX-uid-6795.json
2026-04-19T01:11:47.717Z [LOG] [parse_extracted_emails.js] Parsed: parsed-INBOX-uid-6796.json
2026-04-19T01:11:47.717Z [LOG] [parse_extracted_emails.js] Parsed: parsed-INBOX-uid-6797.json
2026-04-19T01:11:47.717Z [LOG] [parse_extracted_emails.js] Parsed: parsed-INBOX-uid-6798.json
2026-04-19T01:11:47.717Z [LOG] [parse_extracted_emails.js] Parsed: parsed-INBOX-uid-6799.json
2026-04-19T01:11:47.717Z [LOG] [parse_extracted_emails.js] Parsed: parsed-INBOX-uid-6800.json
2026-04-19T01:11:47.717Z [LOG] [parse_extracted_emails.js] Parsed: parsed-INBOX-uid-6801.json
2026-04-19T01:11:47.717Z [LOG] [parse_extracted_emails.js] Parsed: parsed-INBOX-uid-6802.json
2026-04-19T01:11:47.717Z [LOG] [parse_extracted_emails.js] Parsed: parsed-INBOX-uid-6803.json
2026-04-19T01:11:47.717Z [LOG] [parse_extracted_emails.js] Parsed: parsed-INBOX-uid-6804.json
2026-04-19T01:11:47.717Z [LOG] [parse_extracted_emails.js] Parsed: parsed-INBOX-uid-6805.json
2026-04-19T01:11:47.717Z [LOG] [parse_extracted_emails.js] Parsed: parsed-INBOX-uid-6806.json
2026-04-19T01:11:47.717Z [LOG] [parse_extracted_emails.js] Parsed: parsed-INBOX-uid-6807.json
2026-04-19T01:11:47.717Z [LOG] [parse_extracted_emails.js] Parsed: parsed-INBOX-uid-6808.json
2026-04-19T01:11:47.717Z [LOG] [parse_extracted_emails.js] Parsed: parsed-INBOX-uid-6809.json
2026-04-19T01:11:47.717Z [LOG] [parse_extracted_emails.js] Parsed: parsed-INBOX-uid-6810.json
2026-04-19T01:11:47.717Z [LOG] [parse_extracted_emails.js] Parsed: parsed-INBOX-uid-6811.json
2026-04-19T01:11:47.717Z [LOG] [parse_extracted_emails.js] Parsed: parsed-INBOX-uid-6812.json
2026-04-19T01:11:47.717Z [LOG] [parse_extracted_emails.js] Parsed: parsed-INBOX-uid-6813.json
2026-04-19T01:11:47.717Z [LOG] [parse_extracted_emails.js] Parsed: parsed-INBOX-uid-6814.json
2026-04-19T01:11:47.717Z [LOG] [parse_extracted_emails.js] Parsed: parsed-INBOX-uid-6815.json
2026-04-19T01:11:47.717Z [LOG] [parse_extracted_emails.js] Parsed: parsed-INBOX-uid-6816.json
2026-04-19T01:11:47.717Z [LOG] [parse_extracted_emails.js] Parsed: parsed-INBOX-uid-6817.json
2026-04-19T01:11:47.717Z [LOG] [parse_extracted_emails.js] Parsed: parsed-INBOX-uid-6818.json
2026-04-19T01:11:47.717Z [LOG] [parse_extracted_emails.js] Parsed: parsed-INBOX-uid-6819.json
2026-04-19T01:11:47.717Z [LOG] [parse_extracted_emails.js] Parsed: parsed-INBOX-uid-6820.json
2026-04-19T01:11:47.717Z [LOG] [parse_extracted_emails.js] Parsed: parsed-INBOX-uid-6821.json
2026-04-19T01:11:47.717Z [LOG] [parse_extracted_emails.js] Parsed: parsed-INBOX-uid-6822.json
2026-04-19T01:11:47.717Z [LOG] [parse_extracted_emails.js] Parsed: parsed-INBOX-uid-6823.json
2026-04-19T01:11:47.717Z [LOG] [parse_extracted_emails.js] Parsed: parsed-INBOX-uid-6824.json
2026-04-19T01:11:47.717Z [LOG] [parse_extracted_emails.js] Parsed: parsed-INBOX-uid-6825.json
2026-04-19T01:11:47.717Z [LOG] [parse_extracted_emails.js] Parsed: parsed-INBOX-uid-6826.json
2026-04-19T01:11:47.717Z [LOG] [parse_extracted_emails.js] Parsed: parsed-INBOX-uid-6827.json
2026-04-19T01:11:47.717Z [LOG] [parse_extracted_emails.js] Parsed: parsed-INBOX-uid-6828.json
2026-04-19T01:11:47.717Z [LOG] [parse_extracted_emails.js] Parsed: parsed-INBOX-uid-6829.json
2026-04-19T01:11:47.717Z [LOG] [parse_extracted_emails.js] Parsed: parsed-INBOX-uid-6830.json
2026-04-19T01:11:47.717Z [LOG] [parse_extracted_emails.js] Parsed: parsed-INBOX-uid-6831.json
2026-04-19T01:11:47.717Z [LOG] [parse_extracted_emails.js] Parsed: parsed-INBOX-uid-6832.json
2026-04-19T01:11:47.717Z [LOG] [parse_extracted_emails.js] Parsed: parsed-INBOX-uid-6833.json
2026-04-19T01:11:47.717Z [LOG] [parse_extracted_emails.js] Parsed: parsed-INBOX-uid-6834.json
2026-04-19T01:11:47.717Z [LOG] [parse_extracted_emails.js] Parsed: parsed-INBOX-uid-6835.json
2026-04-19T01:11:47.717Z [LOG] [parse_extracted_emails.js] Parsed: parsed-INBOX-uid-6836.json
2026-04-19T01:11:47.717Z [LOG] [parse_extracted_emails.js] Parsed: parsed-INBOX-uid-6837.json
2026-04-19T01:11:47.717Z [LOG] [parse_extracted_emails.js] Parsed: parsed-INBOX-uid-6838.json
2026-04-19T01:11:47.717Z [LOG] [parse_extracted_emails.js] Parsed: parsed-INBOX-uid-6839.json
2026-04-19T01:11:47.717Z [LOG] [parse_extracted_emails.js] Parsed: parsed-INBOX-uid-6840.json
2026-04-19T01:11:47.717Z [LOG] [parse_extracted_emails.js] Parsed: parsed-INBOX-uid-6841.json
2026-04-19T01:11:47.717Z [LOG] [parse_extracted_emails.js] Parsed: parsed-INBOX-uid-6842.json
2026-04-19T01:11:47.717Z [LOG] [parse_extracted_emails.js] Parsed: parsed-INBOX-uid-6843.json
2026-04-19T01:11:47.717Z [LOG] [parse_extracted_emails.js] Parsed: parsed-INBOX-uid-6844.json
2026-04-19T01:11:47.717Z [LOG] [parse_extracted_emails.js] Parsed: parsed-INBOX-uid-6845.json
2026-04-19T01:11:47.717Z [LOG] [parse_extracted_emails.js] Parsed: parsed-INBOX-uid-6846.json
2026-04-19T01:11:47.717Z [LOG] [parse_extracted_emails.js] Parsed: parsed-INBOX-uid-6847.json
2026-04-19T01:11:47.717Z [LOG] [parse_extracted_emails.js] Parsed: parsed-INBOX-uid-6848.json
2026-04-19T01:11:47.717Z [LOG] [parse_extracted_emails.js] Parsed: parsed-INBOX-uid-6849.json
2026-04-19T01:11:47.717Z [LOG] [parse_extracted_emails.js] Parsed: parsed-INBOX-uid-6850.json
2026-04-19T01:11:47.717Z [LOG] [parse_extracted_emails.js] Parsed: parsed-INBOX-uid-6851.json
2026-04-19T01:11:47.717Z [LOG] [parse_extracted_emails.js] Parsed: parsed-INBOX-uid-6852.json
2026-04-19T01:11:47.717Z [LOG] [parse_extracted_emails.js] Parsed: parsed-INBOX-uid-6853.json
2026-04-19T01:11:47.717Z [LOG] [parse_extracted_emails.js] Parsed: parsed-INBOX-uid-6854.json
2026-04-19T01:11:47.717Z [LOG] [parse_extracted_emails.js] Parsed: parsed-INBOX-uid-6855.json
2026-04-19T01:11:47.717Z [LOG] [parse_extracted_emails.js] Parsed: parsed-INBOX-uid-6856.json
2026-04-19T01:11:47.717Z [LOG] [parse_extracted_emails.js] Parsed: parsed-INBOX-uid-6857.json
2026-04-19T01:11:47.717Z [LOG] [parse_extracted_emails.js] Parsed: parsed-INBOX-uid-6858.json
2026-04-19T01:11:47.717Z [LOG] [parse_extracted_emails.js] Parsed: parsed-INBOX-uid-6859.json
2026-04-19T01:11:47.717Z [LOG] [parse_extracted_emails.js] Parsed: parsed-INBOX-uid-6860.json
2026-04-19T01:11:47.718Z [LOG] [parse_extracted_emails.js] Parsed: parsed-INBOX-uid-6861.json
2026-04-19T01:11:47.718Z [LOG] [parse_extracted_emails.js] Parsed: parsed-INBOX-uid-6862.json
2026-04-19T01:11:47.718Z [LOG] [parse_extracted_emails.js] Parsed: parsed-INBOX-uid-6863.json
2026-04-19T01:11:47.718Z [LOG] [parse_extracted_emails.js] Parsed: parsed-INBOX-uid-6864.json
2026-04-19T01:11:47.718Z [LOG] [parse_extracted_emails.js] Parsed: parsed-INBOX-uid-6865.json
2026-04-19T01:11:47.718Z [LOG] [parse_extracted_emails.js] Parsed: parsed-INBOX-uid-6866.json
2026-04-19T01:11:47.718Z [LOG] [parse_extracted_emails.js] Parsed: parsed-INBOX-uid-6867.json
2026-04-19T01:11:47.718Z [LOG] [parse_extracted_emails.js] Parsed: parsed-INBOX-uid-6868.json
2026-04-19T01:11:47.718Z [LOG] [parse_extracted_emails.js] Parsed: parsed-INBOX-uid-6869.json
2026-04-19T01:11:47.718Z [LOG] [parse_extracted_emails.js] Parsed: parsed-INBOX-uid-6870.json
2026-04-19T01:11:47.718Z [LOG] [parse_extracted_emails.js] Parsed: parsed-INBOX-uid-6871.json
2026-04-19T01:11:47.718Z [LOG] [parse_extracted_emails.js] Parsed: parsed-INBOX-uid-6872.json
2026-04-19T01:11:47.718Z [LOG] [parse_extracted_emails.js] Parsed: parsed-INBOX-uid-6873.json
2026-04-19T01:11:47.718Z [LOG] [parse_extracted_emails.js] Parsed: parsed-INBOX-uid-6874.json
2026-04-19T01:11:47.718Z [LOG] [parse_extracted_emails.js] Parsed: parsed-INBOX-uid-6875.json
2026-04-19T01:11:47.633Z [LOG] parse summary: total=1676, parsed=1486, alreadyParsed=0, missingFields=190, invalidMessageType=0, missingParser=0, parseErrors=3
2026-04-19T01:11:47.718Z [LOG] [parse_extracted_emails.js] done
2026-04-19T01:11:47.718Z [LOG] [pipeline #1] new emails parsed: 1486
2026-04-19T01:11:47.718Z [LOG] [build_cfs_csv_mawb.js] starting…
2026-04-19T01:11:47.884Z [LOG] Written 361 rows to CFS_mawb.csv
2026-04-19T01:11:47.887Z [LOG]   Rows with no FFM match (no flight data): 2
2026-04-19T01:11:47.891Z [LOG] [build_cfs_csv_mawb.js] done
2026-04-19T01:11:47.891Z [LOG] [build_cfs_csv_uld.js] starting…
2026-04-19T01:11:48.063Z [LOG] [build_cfs_csv_uld.js] Written 619 rows to /home/wesleywu9/tolead/NCAParser/server/data/outputs/parsed_tables/CFS_uld.csv
2026-04-19T01:11:48.063Z [LOG] [build_cfs_csv_uld.js]   Rows with no FFM match: 3
2026-04-19T01:11:48.063Z [LOG] [build_cfs_csv_uld.js]   Extra rows from MAWBs split across multiple ULDs: 257
2026-04-19T01:11:48.063Z [LOG] [build_cfs_csv_uld.js] done
2026-04-19T01:11:48.063Z [LOG] [build_cfs_csv_hawb.js] starting…
2026-04-19T01:11:48.220Z [LOG] Written 438 rows to CFS_hawb.csv
2026-04-19T01:11:48.226Z [LOG]   HAWB rows: 350
2026-04-19T01:11:48.226Z [LOG]   MAWB-only rows: 88
2026-04-19T01:11:48.226Z [LOG]   Rows with no FFM match (no flight data): 3
2026-04-19T01:11:48.230Z [LOG] [build_cfs_csv_hawb.js] done
2026-04-19T01:11:48.230Z [LOG] [upload_tables_to_sheets.js] starting…
2026-04-19T01:11:48.286Z [LOG] [mawb] Clearing 'CFS_by_MAWB'!A:AH …
2026-04-19T01:11:48.944Z [LOG] [mawb] Writing 362 rows → 'CFS_by_MAWB'!A1 …
2026-04-19T01:11:50.430Z [LOG] [mawb] Applied sheet formatting and sorting
2026-04-19T01:11:50.430Z [LOG] [mawb] Done — 361 data rows uploaded.
2026-04-19T01:11:50.431Z [LOG] [uld] Clearing 'CFS_by_ULD'!A:AH …
2026-04-19T01:11:50.942Z [LOG] [uld] Writing 620 rows → 'CFS_by_ULD'!A1 …
2026-04-19T01:11:52.844Z [LOG] [uld] Applied sheet formatting and sorting
2026-04-19T01:11:52.844Z [LOG] [uld] Done — 619 data rows uploaded.
2026-04-19T01:11:52.847Z [LOG] [hawb] Clearing 'CFS_by_HAWB'!A:AH …
2026-04-19T01:11:53.399Z [LOG] [hawb] Writing 439 rows → 'CFS_by_HAWB'!A1 …
2026-04-19T01:11:55.038Z [LOG] [hawb] Applied sheet formatting and sorting
2026-04-19T01:11:55.038Z [LOG] [hawb] Done — 438 data rows uploaded.
2026-04-19T01:11:55.044Z [LOG] [upload_tables_to_sheets.js] done
2026-04-19T01:11:55.044Z [LOG] [pipeline #1] pipeline complete
2026-04-19T01:28:05.915Z [WARN] [rebuild] REBUILD mode enabled; clearing cached extraction, parse, and table outputs
2026-04-19T01:28:05.934Z [WARN] [rebuild] cleared emails output directory: /home/wesleywu9/tolead/NCAParser/server/data/outputs/emails
2026-04-19T01:28:05.950Z [WARN] [rebuild] cleared parsed emails output directory: /home/wesleywu9/tolead/NCAParser/server/data/outputs/parsed_emails
2026-04-19T01:28:05.950Z [WARN] [rebuild] cleared parsed tables output directory: /home/wesleywu9/tolead/NCAParser/server/data/outputs/parsed_tables
2026-04-19T01:28:05.950Z [LOG] [rebuild] skipped missing email index file: /home/wesleywu9/tolead/NCAParser/server/data/index.ndjson
2026-04-19T01:28:05.950Z [LOG] [rebuild] skipped missing stderr summary file: /home/wesleywu9/tolead/NCAParser/server/data/stderr-summary.ndjson
2026-04-19T01:28:05.950Z [LOG] ────────────────────────────────────────────────────────────
2026-04-19T01:28:05.950Z [LOG] [pipeline #1] 2026-04-19T01:28:05.950Z
2026-04-19T01:28:05.950Z [LOG] [extract_emails.js] starting…
2026-04-19T01:31:10.648Z [LOG] [extract_emails.js] Extracted: INBOX-uid-6882.json
2026-04-19T01:31:10.648Z [LOG] [extract_emails.js] Extracted: INBOX-uid-6881.json
2026-04-19T01:31:10.648Z [LOG] [extract_emails.js] Extracted: INBOX-uid-6880.json
2026-04-19T01:31:10.648Z [LOG] [extract_emails.js] Extracted: INBOX-uid-6879.json
2026-04-19T01:31:10.648Z [LOG] [extract_emails.js] Extracted: INBOX-uid-6878.json
2026-04-19T01:31:10.649Z [LOG] [extract_emails.js] Extracted: INBOX-uid-6877.json
2026-04-19T01:31:10.649Z [LOG] [extract_emails.js] Extracted: INBOX-uid-6876.json
2026-04-19T01:31:10.649Z [LOG] [extract_emails.js] Extracted: INBOX-uid-6875.json
2026-04-19T01:31:10.649Z [LOG] [extract_emails.js] Extracted: INBOX-uid-6874.json
2026-04-19T01:31:10.649Z [LOG] [extract_emails.js] Extracted: INBOX-uid-6873.json
2026-04-19T01:31:10.649Z [LOG] [extract_emails.js] Extracted: INBOX-uid-6872.json
2026-04-19T01:31:10.649Z [LOG] [extract_emails.js] Extracted: INBOX-uid-6871.json
2026-04-19T01:31:10.649Z [LOG] [extract_emails.js] Extracted: INBOX-uid-6870.json
2026-04-19T01:31:10.649Z [LOG] [extract_emails.js] Extracted: INBOX-uid-6869.json
2026-04-19T01:31:10.649Z [LOG] [extract_emails.js] Extracted: INBOX-uid-6868.json
2026-04-19T01:31:10.649Z [LOG] [extract_emails.js] Extracted: INBOX-uid-6867.json
2026-04-19T01:31:10.649Z [LOG] [extract_emails.js] Extracted: INBOX-uid-6866.json
2026-04-19T01:31:10.649Z [LOG] [extract_emails.js] Extracted: INBOX-uid-6865.json
2026-04-19T01:31:10.649Z [LOG] [extract_emails.js] Extracted: INBOX-uid-6864.json
2026-04-19T01:31:10.649Z [LOG] [extract_emails.js] Extracted: INBOX-uid-6863.json
2026-04-19T01:31:10.649Z [LOG] [extract_emails.js] Extracted: INBOX-uid-6862.json
2026-04-19T01:31:10.649Z [LOG] [extract_emails.js] Extracted: INBOX-uid-6861.json
2026-04-19T01:31:10.649Z [LOG] [extract_emails.js] Extracted: INBOX-uid-6860.json
2026-04-19T01:31:10.649Z [LOG] [extract_emails.js] Extracted: INBOX-uid-6859.json
2026-04-19T01:31:10.649Z [LOG] [extract_emails.js] Extracted: INBOX-uid-6858.json
2026-04-19T01:31:10.649Z [LOG] [extract_emails.js] Extracted: INBOX-uid-6857.json
2026-04-19T01:31:10.649Z [LOG] [extract_emails.js] Extracted: INBOX-uid-6856.json
2026-04-19T01:31:10.649Z [LOG] [extract_emails.js] Extracted: INBOX-uid-6855.json
2026-04-19T01:31:10.649Z [LOG] [extract_emails.js] Extracted: INBOX-uid-6854.json
2026-04-19T01:31:10.649Z [LOG] [extract_emails.js] Extracted: INBOX-uid-6853.json
2026-04-19T01:31:10.649Z [LOG] [extract_emails.js] Extracted: INBOX-uid-6852.json
2026-04-19T01:31:10.649Z [LOG] [extract_emails.js] Extracted: INBOX-uid-6851.json
2026-04-19T01:31:10.649Z [LOG] [extract_emails.js] Extracted: INBOX-uid-6850.json
2026-04-19T01:31:10.649Z [LOG] [extract_emails.js] Extracted: INBOX-uid-6849.json
2026-04-19T01:31:10.649Z [LOG] [extract_emails.js] Extracted: INBOX-uid-6848.json
2026-04-19T01:31:10.649Z [LOG] [extract_emails.js] Extracted: INBOX-uid-6847.json
2026-04-19T01:31:10.649Z [LOG] [extract_emails.js] Extracted: INBOX-uid-6846.json
2026-04-19T01:31:10.649Z [LOG] [extract_emails.js] Extracted: INBOX-uid-6845.json
2026-04-19T01:31:10.649Z [LOG] [extract_emails.js] Extracted: INBOX-uid-6844.json
2026-04-19T01:31:10.649Z [LOG] [extract_emails.js] Extracted: INBOX-uid-6843.json
2026-04-19T01:31:10.649Z [LOG] [extract_emails.js] Extracted: INBOX-uid-6842.json
2026-04-19T01:31:10.649Z [LOG] [extract_emails.js] Extracted: INBOX-uid-6841.json
2026-04-19T01:31:10.649Z [LOG] [extract_emails.js] Extracted: INBOX-uid-6840.json
2026-04-19T01:31:10.649Z [LOG] [extract_emails.js] Extracted: INBOX-uid-6839.json
2026-04-19T01:31:10.649Z [LOG] [extract_emails.js] Extracted: INBOX-uid-6838.json
2026-04-19T01:31:10.649Z [LOG] [extract_emails.js] Extracted: INBOX-uid-6837.json
2026-04-19T01:31:10.649Z [LOG] [extract_emails.js] Extracted: INBOX-uid-6836.json
2026-04-19T01:31:10.649Z [LOG] [extract_emails.js] Extracted: INBOX-uid-6835.json
2026-04-19T01:31:10.649Z [LOG] [extract_emails.js] Extracted: INBOX-uid-6834.json
2026-04-19T01:31:10.649Z [LOG] [extract_emails.js] Extracted: INBOX-uid-6833.json
2026-04-19T01:31:10.649Z [LOG] [extract_emails.js] Extracted: INBOX-uid-6832.json
2026-04-19T01:31:10.649Z [LOG] [extract_emails.js] Extracted: INBOX-uid-6831.json
2026-04-19T01:31:10.649Z [LOG] [extract_emails.js] Extracted: INBOX-uid-6830.json
2026-04-19T01:31:10.649Z [LOG] [extract_emails.js] Extracted: INBOX-uid-6829.json
2026-04-19T01:31:10.649Z [LOG] [extract_emails.js] Extracted: INBOX-uid-6828.json
2026-04-19T01:31:10.649Z [LOG] [extract_emails.js] Extracted: INBOX-uid-6827.json
2026-04-19T01:31:10.649Z [LOG] [extract_emails.js] Extracted: INBOX-uid-6826.json
2026-04-19T01:31:10.649Z [LOG] [extract_emails.js] Extracted: INBOX-uid-6825.json
2026-04-19T01:31:10.649Z [LOG] [extract_emails.js] Extracted: INBOX-uid-6824.json
2026-04-19T01:31:10.649Z [LOG] [extract_emails.js] Extracted: INBOX-uid-6823.json
2026-04-19T01:31:10.649Z [LOG] [extract_emails.js] Extracted: INBOX-uid-6822.json
2026-04-19T01:31:10.649Z [LOG] [extract_emails.js] Extracted: INBOX-uid-6821.json
2026-04-19T01:31:10.649Z [LOG] [extract_emails.js] Extracted: INBOX-uid-6820.json
2026-04-19T01:31:10.649Z [LOG] [extract_emails.js] Extracted: INBOX-uid-6819.json
2026-04-19T01:31:10.649Z [LOG] [extract_emails.js] Extracted: INBOX-uid-6818.json
2026-04-19T01:31:10.649Z [LOG] [extract_emails.js] Extracted: INBOX-uid-6817.json
2026-04-19T01:31:10.649Z [LOG] [extract_emails.js] Extracted: INBOX-uid-6816.json
2026-04-19T01:31:10.649Z [LOG] [extract_emails.js] Extracted: INBOX-uid-6815.json
2026-04-19T01:31:10.649Z [LOG] [extract_emails.js] Extracted: INBOX-uid-6814.json
2026-04-19T01:31:10.649Z [LOG] [extract_emails.js] Extracted: INBOX-uid-6813.json
2026-04-19T01:31:10.649Z [LOG] [extract_emails.js] Extracted: INBOX-uid-6812.json
2026-04-19T01:31:10.649Z [LOG] [extract_emails.js] Extracted: INBOX-uid-6811.json
2026-04-19T01:31:10.649Z [LOG] [extract_emails.js] Extracted: INBOX-uid-6810.json
2026-04-19T01:31:10.649Z [LOG] [extract_emails.js] Extracted: INBOX-uid-6809.json
2026-04-19T01:31:10.650Z [LOG] [extract_emails.js] Extracted: INBOX-uid-6808.json
2026-04-19T01:31:10.650Z [LOG] [extract_emails.js] Extracted: INBOX-uid-6807.json
2026-04-19T01:31:10.650Z [LOG] [extract_emails.js] Extracted: INBOX-uid-6806.json
2026-04-19T01:31:10.650Z [LOG] [extract_emails.js] Extracted: INBOX-uid-6805.json
2026-04-19T01:31:10.650Z [LOG] [extract_emails.js] Extracted: INBOX-uid-6804.json
2026-04-19T01:31:10.650Z [LOG] [extract_emails.js] Extracted: INBOX-uid-6803.json
2026-04-19T01:31:10.650Z [LOG] [extract_emails.js] Extracted: INBOX-uid-6802.json
2026-04-19T01:31:10.650Z [LOG] [extract_emails.js] Extracted: INBOX-uid-6801.json
2026-04-19T01:31:10.650Z [LOG] [extract_emails.js] Extracted: INBOX-uid-6800.json
2026-04-19T01:31:10.650Z [LOG] [extract_emails.js] Extracted: INBOX-uid-6799.json
2026-04-19T01:31:10.650Z [LOG] [extract_emails.js] Extracted: INBOX-uid-6798.json
2026-04-19T01:31:10.650Z [LOG] [extract_emails.js] Extracted: INBOX-uid-6797.json
2026-04-19T01:31:10.650Z [LOG] [extract_emails.js] Extracted: INBOX-uid-6796.json
2026-04-19T01:31:10.650Z [LOG] [extract_emails.js] Extracted: INBOX-uid-6795.json
2026-04-19T01:31:10.650Z [LOG] [extract_emails.js] Extracted: INBOX-uid-6794.json
2026-04-19T01:31:10.650Z [LOG] [extract_emails.js] Extracted: INBOX-uid-6793.json
2026-04-19T01:31:10.650Z [LOG] [extract_emails.js] Extracted: INBOX-uid-6792.json
2026-04-19T01:31:10.650Z [LOG] [extract_emails.js] Extracted: INBOX-uid-6791.json
2026-04-19T01:31:10.650Z [LOG] [extract_emails.js] Extracted: INBOX-uid-6790.json
2026-04-19T01:31:10.650Z [LOG] [extract_emails.js] Extracted: INBOX-uid-6789.json
2026-04-19T01:31:10.650Z [LOG] [extract_emails.js] Extracted: INBOX-uid-6788.json
2026-04-19T01:31:10.650Z [LOG] [extract_emails.js] Extracted: INBOX-uid-6787.json
2026-04-19T01:31:10.650Z [LOG] [extract_emails.js] Extracted: INBOX-uid-6786.json
2026-04-19T01:31:10.650Z [LOG] [extract_emails.js] Extracted: INBOX-uid-6785.json
2026-04-19T01:31:10.650Z [LOG] [extract_emails.js] Extracted: INBOX-uid-6784.json
2026-04-19T01:31:10.650Z [LOG] [extract_emails.js] Extracted: INBOX-uid-6783.json
2026-04-19T01:31:10.650Z [LOG] [extract_emails.js] Extracted: INBOX-uid-6782.json
2026-04-19T01:31:10.650Z [LOG] [extract_emails.js] Extracted: INBOX-uid-6781.json
2026-04-19T01:31:10.650Z [LOG] [extract_emails.js] Extracted: INBOX-uid-6780.json
2026-04-19T01:31:10.650Z [LOG] [extract_emails.js] Extracted: INBOX-uid-6779.json
2026-04-19T01:31:10.650Z [LOG] [extract_emails.js] Extracted: INBOX-uid-6778.json
2026-04-19T01:31:10.650Z [LOG] [extract_emails.js] Extracted: INBOX-uid-6777.json
2026-04-19T01:31:10.650Z [LOG] [extract_emails.js] Extracted: INBOX-uid-6776.json
2026-04-19T01:31:10.650Z [LOG] [extract_emails.js] Extracted: INBOX-uid-6775.json
2026-04-19T01:31:10.650Z [LOG] [extract_emails.js] Extracted: INBOX-uid-6774.json
2026-04-19T01:31:10.650Z [LOG] [extract_emails.js] Extracted: INBOX-uid-6773.json
2026-04-19T01:31:10.650Z [LOG] [extract_emails.js] Extracted: INBOX-uid-6772.json
2026-04-19T01:31:10.650Z [LOG] [extract_emails.js] Extracted: INBOX-uid-6771.json
2026-04-19T01:31:10.650Z [LOG] [extract_emails.js] Extracted: INBOX-uid-6770.json
2026-04-19T01:31:10.650Z [LOG] [extract_emails.js] Extracted: INBOX-uid-6769.json
2026-04-19T01:31:10.650Z [LOG] [extract_emails.js] Extracted: INBOX-uid-6768.json
2026-04-19T01:31:10.650Z [LOG] [extract_emails.js] Extracted: INBOX-uid-6767.json
2026-04-19T01:31:10.650Z [LOG] [extract_emails.js] Extracted: INBOX-uid-6766.json
2026-04-19T01:31:10.650Z [LOG] [extract_emails.js] Extracted: INBOX-uid-6765.json
2026-04-19T01:31:10.650Z [LOG] [extract_emails.js] Extracted: INBOX-uid-6764.json
2026-04-19T01:31:10.650Z [LOG] [extract_emails.js] Extracted: INBOX-uid-6763.json
2026-04-19T01:31:10.650Z [LOG] [extract_emails.js] Extracted: INBOX-uid-6762.json
2026-04-19T01:31:10.650Z [LOG] [extract_emails.js] Extracted: INBOX-uid-6761.json
2026-04-19T01:31:10.650Z [LOG] [extract_emails.js] Extracted: INBOX-uid-6760.json
2026-04-19T01:31:10.650Z [LOG] [extract_emails.js] Extracted: INBOX-uid-6759.json
2026-04-19T01:31:10.650Z [LOG] [extract_emails.js] Extracted: INBOX-uid-6758.json
2026-04-19T01:31:10.650Z [LOG] [extract_emails.js] Extracted: INBOX-uid-6757.json
2026-04-19T01:31:10.650Z [LOG] [extract_emails.js] Extracted: INBOX-uid-6756.json
2026-04-19T01:31:10.650Z [LOG] [extract_emails.js] Extracted: INBOX-uid-6755.json
2026-04-19T01:31:10.650Z [LOG] [extract_emails.js] Extracted: INBOX-uid-6754.json
2026-04-19T01:31:10.650Z [LOG] [extract_emails.js] Extracted: INBOX-uid-6753.json
2026-04-19T01:31:10.650Z [LOG] [extract_emails.js] Extracted: INBOX-uid-6752.json
2026-04-19T01:31:10.650Z [LOG] [extract_emails.js] Extracted: INBOX-uid-6751.json
2026-04-19T01:31:10.650Z [LOG] [extract_emails.js] Extracted: INBOX-uid-6750.json
2026-04-19T01:31:10.650Z [LOG] [extract_emails.js] Extracted: INBOX-uid-6749.json
2026-04-19T01:31:10.650Z [LOG] [extract_emails.js] Extracted: INBOX-uid-6748.json
2026-04-19T01:31:10.650Z [LOG] [extract_emails.js] Extracted: INBOX-uid-6747.json
2026-04-19T01:31:10.650Z [LOG] [extract_emails.js] Extracted: INBOX-uid-6746.json
2026-04-19T01:31:10.650Z [LOG] [extract_emails.js] Extracted: INBOX-uid-6745.json
2026-04-19T01:31:10.650Z [LOG] [extract_emails.js] Extracted: INBOX-uid-6744.json
2026-04-19T01:31:10.650Z [LOG] [extract_emails.js] Extracted: INBOX-uid-6743.json
2026-04-19T01:31:10.650Z [LOG] [extract_emails.js] Extracted: INBOX-uid-6742.json
2026-04-19T01:31:10.650Z [LOG] [extract_emails.js] Extracted: INBOX-uid-6741.json
2026-04-19T01:31:10.650Z [LOG] [extract_emails.js] Extracted: INBOX-uid-6740.json
2026-04-19T01:31:10.650Z [LOG] [extract_emails.js] Extracted: INBOX-uid-6739.json
2026-04-19T01:31:10.650Z [LOG] [extract_emails.js] Extracted: INBOX-uid-6738.json
2026-04-19T01:31:10.650Z [LOG] [extract_emails.js] Extracted: INBOX-uid-6737.json
2026-04-19T01:31:10.650Z [LOG] [extract_emails.js] Extracted: INBOX-uid-6736.json
2026-04-19T01:31:10.650Z [LOG] [extract_emails.js] Extracted: INBOX-uid-6735.json
2026-04-19T01:31:10.650Z [LOG] [extract_emails.js] Extracted: INBOX-uid-6734.json
2026-04-19T01:31:10.650Z [LOG] [extract_emails.js] Extracted: INBOX-uid-6733.json
2026-04-19T01:31:10.650Z [LOG] [extract_emails.js] Extracted: INBOX-uid-6732.json
2026-04-19T01:31:10.650Z [LOG] [extract_emails.js] Extracted: INBOX-uid-6731.json
2026-04-19T01:31:10.650Z [LOG] [extract_emails.js] Extracted: INBOX-uid-6730.json
2026-04-19T01:31:10.650Z [LOG] [extract_emails.js] Extracted: INBOX-uid-6729.json
2026-04-19T01:31:10.650Z [LOG] [extract_emails.js] Extracted: INBOX-uid-6728.json
2026-04-19T01:31:10.650Z [LOG] [extract_emails.js] Extracted: INBOX-uid-6727.json
2026-04-19T01:31:10.650Z [LOG] [extract_emails.js] Extracted: INBOX-uid-6726.json
2026-04-19T01:31:10.650Z [LOG] [extract_emails.js] Extracted: INBOX-uid-6725.json
2026-04-19T01:31:10.650Z [LOG] [extract_emails.js] Extracted: INBOX-uid-6724.json
2026-04-19T01:31:10.650Z [LOG] [extract_emails.js] Extracted: INBOX-uid-6723.json
2026-04-19T01:31:10.650Z [LOG] [extract_emails.js] Extracted: INBOX-uid-6722.json
2026-04-19T01:31:10.650Z [LOG] [extract_emails.js] Extracted: INBOX-uid-6721.json
2026-04-19T01:31:10.650Z [LOG] [extract_emails.js] Extracted: INBOX-uid-6720.json
2026-04-19T01:31:10.650Z [LOG] [extract_emails.js] Extracted: INBOX-uid-6719.json
2026-04-19T01:31:10.650Z [LOG] [extract_emails.js] Extracted: INBOX-uid-6718.json
2026-04-19T01:31:10.650Z [LOG] [extract_emails.js] Extracted: INBOX-uid-6717.json
2026-04-19T01:31:10.650Z [LOG] [extract_emails.js] Extracted: INBOX-uid-6716.json
2026-04-19T01:31:10.650Z [LOG] [extract_emails.js] Extracted: INBOX-uid-6715.json
2026-04-19T01:31:10.650Z [LOG] [extract_emails.js] Extracted: INBOX-uid-6714.json
2026-04-19T01:31:10.650Z [LOG] [extract_emails.js] Extracted: INBOX-uid-6713.json
2026-04-19T01:31:10.650Z [LOG] [extract_emails.js] Extracted: INBOX-uid-6712.json
2026-04-19T01:31:10.650Z [LOG] [extract_emails.js] Extracted: INBOX-uid-6711.json
2026-04-19T01:31:10.650Z [LOG] [extract_emails.js] Extracted: INBOX-uid-6710.json
2026-04-19T01:31:10.650Z [LOG] [extract_emails.js] Extracted: INBOX-uid-6709.json
2026-04-19T01:31:10.650Z [LOG] [extract_emails.js] Extracted: INBOX-uid-6708.json
2026-04-19T01:31:10.650Z [LOG] [extract_emails.js] Extracted: INBOX-uid-6707.json
2026-04-19T01:31:10.650Z [LOG] [extract_emails.js] Extracted: INBOX-uid-6706.json
2026-04-19T01:31:10.650Z [LOG] [extract_emails.js] Extracted: INBOX-uid-6705.json
2026-04-19T01:31:10.650Z [LOG] [extract_emails.js] Extracted: INBOX-uid-6704.json
2026-04-19T01:31:10.650Z [LOG] [extract_emails.js] Extracted: INBOX-uid-6703.json
2026-04-19T01:31:10.650Z [LOG] [extract_emails.js] Extracted: INBOX-uid-6702.json
2026-04-19T01:31:10.650Z [LOG] [extract_emails.js] Extracted: INBOX-uid-6701.json
2026-04-19T01:31:10.650Z [LOG] [extract_emails.js] Extracted: INBOX-uid-6700.json
2026-04-19T01:31:10.650Z [LOG] [extract_emails.js] Extracted: INBOX-uid-6699.json
2026-04-19T01:31:10.650Z [LOG] [extract_emails.js] Extracted: INBOX-uid-6698.json
2026-04-19T01:31:10.650Z [LOG] [extract_emails.js] Extracted: INBOX-uid-6697.json
2026-04-19T01:31:10.650Z [LOG] [extract_emails.js] Extracted: INBOX-uid-6696.json
2026-04-19T01:31:10.650Z [LOG] [extract_emails.js] Extracted: INBOX-uid-6695.json
2026-04-19T01:31:10.650Z [LOG] [extract_emails.js] Extracted: INBOX-uid-6694.json
2026-04-19T01:31:10.650Z [LOG] [extract_emails.js] Extracted: INBOX-uid-6693.json
2026-04-19T01:31:10.650Z [LOG] [extract_emails.js] Extracted: INBOX-uid-6692.json
2026-04-19T01:31:10.650Z [LOG] [extract_emails.js] Extracted: INBOX-uid-6691.json
2026-04-19T01:31:10.650Z [LOG] [extract_emails.js] Extracted: INBOX-uid-6690.json
2026-04-19T01:31:10.650Z [LOG] [extract_emails.js] Extracted: INBOX-uid-6689.json
2026-04-19T01:31:10.650Z [LOG] [extract_emails.js] Extracted: INBOX-uid-6688.json
2026-04-19T01:31:10.650Z [LOG] [extract_emails.js] Extracted: INBOX-uid-6687.json
2026-04-19T01:31:10.650Z [LOG] [extract_emails.js] Extracted: INBOX-uid-6686.json
2026-04-19T01:31:10.650Z [LOG] [extract_emails.js] Extracted: INBOX-uid-6685.json
2026-04-19T01:31:10.651Z [LOG] [extract_emails.js] Extracted: INBOX-uid-6684.json
2026-04-19T01:31:10.651Z [LOG] [extract_emails.js] Extracted: INBOX-uid-6683.json
2026-04-19T01:31:10.651Z [LOG] [extract_emails.js] Extracted: INBOX-uid-6682.json
2026-04-19T01:31:10.651Z [LOG] [extract_emails.js] Extracted: INBOX-uid-6681.json
2026-04-19T01:31:10.651Z [LOG] [extract_emails.js] Extracted: INBOX-uid-6680.json
2026-04-19T01:31:10.651Z [LOG] [extract_emails.js] Extracted: INBOX-uid-6679.json
2026-04-19T01:31:10.651Z [LOG] [extract_emails.js] Extracted: INBOX-uid-6678.json
2026-04-19T01:31:10.651Z [LOG] [extract_emails.js] Extracted: INBOX-uid-6677.json
2026-04-19T01:31:10.651Z [LOG] [extract_emails.js] Extracted: INBOX-uid-6676.json
2026-04-19T01:31:10.651Z [LOG] [extract_emails.js] Extracted: INBOX-uid-6675.json
2026-04-19T01:31:10.651Z [LOG] [extract_emails.js] Extracted: INBOX-uid-6674.json
2026-04-19T01:31:10.651Z [LOG] [extract_emails.js] Extracted: INBOX-uid-6673.json
2026-04-19T01:31:10.651Z [LOG] [extract_emails.js] Extracted: INBOX-uid-6672.json
2026-04-19T01:31:10.651Z [LOG] [extract_emails.js] Extracted: INBOX-uid-6671.json
2026-04-19T01:31:10.651Z [LOG] [extract_emails.js] Extracted: INBOX-uid-6670.json
2026-04-19T01:31:10.651Z [LOG] [extract_emails.js] Extracted: INBOX-uid-6669.json
2026-04-19T01:31:10.651Z [LOG] [extract_emails.js] Extracted: INBOX-uid-6668.json
2026-04-19T01:31:10.651Z [LOG] [extract_emails.js] Extracted: INBOX-uid-6667.json
2026-04-19T01:31:10.651Z [LOG] [extract_emails.js] Extracted: INBOX-uid-6666.json
2026-04-19T01:31:10.651Z [LOG] [extract_emails.js] Extracted: INBOX-uid-6665.json
2026-04-19T01:31:10.651Z [LOG] [extract_emails.js] Extracted: INBOX-uid-6664.json
2026-04-19T01:31:10.651Z [LOG] [extract_emails.js] Extracted: INBOX-uid-6663.json
2026-04-19T01:31:10.651Z [LOG] [extract_emails.js] Extracted: INBOX-uid-6662.json
2026-04-19T01:31:10.651Z [LOG] [extract_emails.js] Extracted: INBOX-uid-6661.json
2026-04-19T01:31:10.651Z [LOG] [extract_emails.js] Extracted: INBOX-uid-6660.json
2026-04-19T01:31:10.651Z [LOG] [extract_emails.js] Extracted: INBOX-uid-6659.json
2026-04-19T01:31:10.651Z [LOG] [extract_emails.js] Extracted: INBOX-uid-6658.json
2026-04-19T01:31:10.651Z [LOG] [extract_emails.js] Extracted: INBOX-uid-6657.json
2026-04-19T01:31:10.651Z [LOG] [extract_emails.js] Extracted: INBOX-uid-6656.json
2026-04-19T01:31:10.651Z [LOG] [extract_emails.js] Extracted: INBOX-uid-6655.json
2026-04-19T01:31:10.651Z [LOG] [extract_emails.js] Extracted: INBOX-uid-6654.json
2026-04-19T01:31:10.651Z [LOG] [extract_emails.js] Extracted: INBOX-uid-6653.json
2026-04-19T01:31:10.651Z [LOG] [extract_emails.js] Extracted: INBOX-uid-6652.json
2026-04-19T01:31:10.651Z [LOG] [extract_emails.js] Extracted: INBOX-uid-6651.json
2026-04-19T01:31:10.651Z [LOG] [extract_emails.js] Extracted: INBOX-uid-6650.json
2026-04-19T01:31:10.651Z [LOG] [extract_emails.js] Extracted: INBOX-uid-6649.json
2026-04-19T01:31:10.651Z [LOG] [extract_emails.js] Extracted: INBOX-uid-6648.json
2026-04-19T01:31:10.651Z [LOG] [extract_emails.js] Extracted: INBOX-uid-6647.json
2026-04-19T01:31:10.651Z [LOG] [extract_emails.js] Extracted: INBOX-uid-6646.json
2026-04-19T01:31:10.651Z [LOG] [extract_emails.js] Extracted: INBOX-uid-6645.json
2026-04-19T01:31:10.651Z [LOG] [extract_emails.js] Extracted: INBOX-uid-6644.json
2026-04-19T01:31:10.651Z [LOG] [extract_emails.js] Extracted: INBOX-uid-6643.json
2026-04-19T01:31:10.651Z [LOG] [extract_emails.js] Extracted: INBOX-uid-6642.json
2026-04-19T01:31:10.651Z [LOG] [extract_emails.js] Extracted: INBOX-uid-6641.json
2026-04-19T01:31:10.651Z [LOG] [extract_emails.js] Extracted: INBOX-uid-6640.json
2026-04-19T01:31:10.651Z [LOG] [extract_emails.js] Extracted: INBOX-uid-6639.json
2026-04-19T01:31:10.651Z [LOG] [extract_emails.js] Extracted: INBOX-uid-6638.json
2026-04-19T01:31:10.651Z [LOG] [extract_emails.js] Extracted: INBOX-uid-6637.json
2026-04-19T01:31:10.651Z [LOG] [extract_emails.js] Extracted: INBOX-uid-6636.json
2026-04-19T01:31:10.651Z [LOG] [extract_emails.js] Extracted: INBOX-uid-6635.json
2026-04-19T01:31:10.651Z [LOG] [extract_emails.js] Extracted: INBOX-uid-6634.json
2026-04-19T01:31:10.651Z [LOG] [extract_emails.js] Extracted: INBOX-uid-6633.json
2026-04-19T01:31:10.651Z [LOG] [extract_emails.js] Extracted: INBOX-uid-6632.json
2026-04-19T01:31:10.651Z [LOG] [extract_emails.js] Extracted: INBOX-uid-6631.json
2026-04-19T01:31:10.651Z [LOG] [extract_emails.js] Extracted: INBOX-uid-6630.json
2026-04-19T01:31:10.651Z [LOG] [extract_emails.js] Extracted: INBOX-uid-6629.json
2026-04-19T01:31:10.651Z [LOG] [extract_emails.js] Extracted: INBOX-uid-6628.json
2026-04-19T01:31:10.651Z [LOG] [extract_emails.js] Extracted: INBOX-uid-6627.json
2026-04-19T01:31:10.651Z [LOG] [extract_emails.js] Extracted: INBOX-uid-6626.json
2026-04-19T01:31:10.651Z [LOG] [extract_emails.js] Extracted: INBOX-uid-6625.json
2026-04-19T01:31:10.651Z [LOG] [extract_emails.js] Extracted: INBOX-uid-6624.json
2026-04-19T01:31:10.651Z [LOG] [extract_emails.js] Extracted: INBOX-uid-6623.json
2026-04-19T01:31:10.651Z [LOG] [extract_emails.js] Extracted: INBOX-uid-6622.json
2026-04-19T01:31:10.651Z [LOG] [extract_emails.js] Extracted: INBOX-uid-6621.json
2026-04-19T01:31:10.651Z [LOG] [extract_emails.js] Extracted: INBOX-uid-6620.json
2026-04-19T01:31:10.651Z [LOG] [extract_emails.js] Extracted: INBOX-uid-6619.json
2026-04-19T01:31:10.651Z [LOG] [extract_emails.js] Extracted: INBOX-uid-6618.json
2026-04-19T01:31:10.651Z [LOG] [extract_emails.js] Extracted: INBOX-uid-6617.json
2026-04-19T01:31:10.651Z [LOG] [extract_emails.js] Extracted: INBOX-uid-6616.json
2026-04-19T01:31:10.651Z [LOG] [extract_emails.js] Extracted: INBOX-uid-6615.json
2026-04-19T01:31:10.651Z [LOG] [extract_emails.js] Extracted: INBOX-uid-6614.json
2026-04-19T01:31:10.651Z [LOG] [extract_emails.js] Extracted: INBOX-uid-6613.json
2026-04-19T01:31:10.651Z [LOG] [extract_emails.js] Extracted: INBOX-uid-6612.json
2026-04-19T01:31:10.651Z [LOG] [extract_emails.js] Extracted: INBOX-uid-6611.json
2026-04-19T01:31:10.651Z [LOG] [extract_emails.js] Extracted: INBOX-uid-6610.json
2026-04-19T01:31:10.651Z [LOG] [extract_emails.js] Extracted: INBOX-uid-6609.json
2026-04-19T01:31:10.651Z [LOG] [extract_emails.js] Extracted: INBOX-uid-6608.json
2026-04-19T01:31:10.651Z [LOG] [extract_emails.js] Extracted: INBOX-uid-6607.json
2026-04-19T01:31:10.651Z [LOG] [extract_emails.js] Extracted: INBOX-uid-6606.json
2026-04-19T01:31:10.651Z [LOG] [extract_emails.js] Extracted: INBOX-uid-6605.json
2026-04-19T01:31:10.651Z [LOG] [extract_emails.js] Extracted: INBOX-uid-6604.json
2026-04-19T01:31:10.651Z [LOG] [extract_emails.js] Extracted: INBOX-uid-6603.json
2026-04-19T01:31:10.651Z [LOG] [extract_emails.js] Extracted: INBOX-uid-6602.json
2026-04-19T01:31:10.651Z [LOG] [extract_emails.js] Extracted: INBOX-uid-6601.json
2026-04-19T01:31:10.651Z [LOG] [extract_emails.js] Extracted: INBOX-uid-6600.json
2026-04-19T01:31:10.651Z [LOG] [extract_emails.js] Extracted: INBOX-uid-6599.json
2026-04-19T01:31:10.651Z [LOG] [extract_emails.js] Extracted: INBOX-uid-6598.json
2026-04-19T01:31:10.651Z [LOG] [extract_emails.js] Extracted: INBOX-uid-6597.json
2026-04-19T01:31:10.651Z [LOG] [extract_emails.js] Extracted: INBOX-uid-6596.json
2026-04-19T01:31:10.651Z [LOG] [extract_emails.js] Extracted: INBOX-uid-6595.json
2026-04-19T01:31:10.651Z [LOG] [extract_emails.js] Extracted: INBOX-uid-6594.json
2026-04-19T01:31:10.651Z [LOG] [extract_emails.js] Extracted: INBOX-uid-6593.json
2026-04-19T01:31:10.651Z [LOG] [extract_emails.js] Extracted: INBOX-uid-6592.json
2026-04-19T01:31:10.651Z [LOG] [extract_emails.js] Extracted: INBOX-uid-6591.json
2026-04-19T01:31:10.652Z [LOG] [extract_emails.js] Extracted: INBOX-uid-6590.json
2026-04-19T01:31:10.652Z [LOG] [extract_emails.js] Extracted: INBOX-uid-6589.json
2026-04-19T01:31:10.652Z [LOG] [extract_emails.js] Extracted: INBOX-uid-6588.json
2026-04-19T01:31:10.652Z [LOG] [extract_emails.js] Extracted: INBOX-uid-6587.json
2026-04-19T01:31:10.652Z [LOG] [extract_emails.js] Extracted: INBOX-uid-6586.json
2026-04-19T01:31:10.652Z [LOG] [extract_emails.js] Extracted: INBOX-uid-6585.json
2026-04-19T01:31:10.652Z [LOG] [extract_emails.js] Extracted: INBOX-uid-6584.json
2026-04-19T01:31:10.652Z [LOG] [extract_emails.js] Extracted: INBOX-uid-6583.json
2026-04-19T01:31:10.652Z [LOG] [extract_emails.js] Extracted: INBOX-uid-6582.json
2026-04-19T01:31:10.652Z [LOG] [extract_emails.js] Extracted: INBOX-uid-6581.json
2026-04-19T01:31:10.652Z [LOG] [extract_emails.js] Extracted: INBOX-uid-6580.json
2026-04-19T01:31:10.652Z [LOG] [extract_emails.js] Extracted: INBOX-uid-6579.json
2026-04-19T01:31:10.652Z [LOG] [extract_emails.js] Extracted: INBOX-uid-6578.json
2026-04-19T01:31:10.652Z [LOG] [extract_emails.js] Extracted: INBOX-uid-6577.json
2026-04-19T01:31:10.652Z [LOG] [extract_emails.js] Extracted: INBOX-uid-6576.json
2026-04-19T01:31:10.652Z [LOG] [extract_emails.js] Extracted: INBOX-uid-6575.json
2026-04-19T01:31:10.652Z [LOG] [extract_emails.js] Extracted: INBOX-uid-6574.json
2026-04-19T01:31:10.652Z [LOG] [extract_emails.js] Extracted: INBOX-uid-6573.json
2026-04-19T01:31:10.652Z [LOG] [extract_emails.js] Extracted: INBOX-uid-6572.json
2026-04-19T01:31:10.652Z [LOG] [extract_emails.js] Extracted: INBOX-uid-6571.json
2026-04-19T01:31:10.652Z [LOG] [extract_emails.js] Extracted: INBOX-uid-6570.json
2026-04-19T01:31:10.652Z [LOG] [extract_emails.js] Extracted: INBOX-uid-6569.json
2026-04-19T01:31:10.652Z [LOG] [extract_emails.js] Extracted: INBOX-uid-6568.json
2026-04-19T01:31:10.652Z [LOG] [extract_emails.js] Extracted: INBOX-uid-6567.json
2026-04-19T01:31:10.652Z [LOG] [extract_emails.js] Extracted: INBOX-uid-6566.json
2026-04-19T01:31:10.652Z [LOG] [extract_emails.js] Extracted: INBOX-uid-6565.json
2026-04-19T01:31:10.652Z [LOG] [extract_emails.js] Extracted: INBOX-uid-6564.json
2026-04-19T01:31:10.652Z [LOG] [extract_emails.js] Extracted: INBOX-uid-6563.json
2026-04-19T01:31:10.652Z [LOG] [extract_emails.js] Extracted: INBOX-uid-6562.json
2026-04-19T01:31:10.652Z [LOG] [extract_emails.js] Extracted: INBOX-uid-6561.json
2026-04-19T01:31:10.652Z [LOG] [extract_emails.js] Extracted: INBOX-uid-6560.json
2026-04-19T01:31:10.652Z [LOG] [extract_emails.js] Extracted: INBOX-uid-6559.json
2026-04-19T01:31:10.652Z [LOG] [extract_emails.js] Extracted: INBOX-uid-6558.json
2026-04-19T01:31:10.652Z [LOG] [extract_emails.js] Extracted: INBOX-uid-6557.json
2026-04-19T01:31:10.652Z [LOG] [extract_emails.js] Extracted: INBOX-uid-6556.json
2026-04-19T01:31:10.652Z [LOG] [extract_emails.js] Extracted: INBOX-uid-6555.json
2026-04-19T01:31:10.652Z [LOG] [extract_emails.js] Extracted: INBOX-uid-6554.json
2026-04-19T01:31:10.652Z [LOG] [extract_emails.js] Extracted: INBOX-uid-6553.json
2026-04-19T01:31:10.652Z [LOG] [extract_emails.js] Extracted: INBOX-uid-6552.json
2026-04-19T01:31:10.652Z [LOG] [extract_emails.js] Extracted: INBOX-uid-6551.json
2026-04-19T01:31:10.652Z [LOG] [extract_emails.js] Extracted: INBOX-uid-6550.json
2026-04-19T01:31:10.652Z [LOG] [extract_emails.js] Extracted: INBOX-uid-6549.json
2026-04-19T01:31:10.652Z [LOG] [extract_emails.js] Extracted: INBOX-uid-6548.json
2026-04-19T01:31:10.652Z [LOG] [extract_emails.js] Extracted: INBOX-uid-6547.json
2026-04-19T01:31:10.652Z [LOG] [extract_emails.js] Extracted: INBOX-uid-6546.json
2026-04-19T01:31:10.652Z [LOG] [extract_emails.js] Extracted: INBOX-uid-6545.json
2026-04-19T01:31:10.652Z [LOG] [extract_emails.js] Extracted: INBOX-uid-6544.json
2026-04-19T01:31:10.652Z [LOG] [extract_emails.js] Extracted: INBOX-uid-6543.json
2026-04-19T01:31:10.652Z [LOG] [extract_emails.js] Extracted: INBOX-uid-6542.json
2026-04-19T01:31:10.652Z [LOG] [extract_emails.js] Extracted: INBOX-uid-6541.json
2026-04-19T01:31:10.652Z [LOG] [extract_emails.js] Extracted: INBOX-uid-6540.json
2026-04-19T01:31:10.652Z [LOG] [extract_emails.js] Extracted: INBOX-uid-6539.json
2026-04-19T01:31:10.652Z [LOG] [extract_emails.js] Extracted: INBOX-uid-6538.json
2026-04-19T01:31:10.652Z [LOG] [extract_emails.js] Extracted: INBOX-uid-6537.json
2026-04-19T01:31:10.652Z [LOG] [extract_emails.js] Extracted: INBOX-uid-6536.json
2026-04-19T01:31:10.652Z [LOG] [extract_emails.js] Extracted: INBOX-uid-6535.json
2026-04-19T01:31:10.652Z [LOG] [extract_emails.js] Extracted: INBOX-uid-6534.json
2026-04-19T01:31:10.652Z [LOG] [extract_emails.js] Extracted: INBOX-uid-6533.json
2026-04-19T01:31:10.652Z [LOG] [extract_emails.js] Extracted: INBOX-uid-6532.json
2026-04-19T01:31:10.652Z [LOG] [extract_emails.js] Extracted: INBOX-uid-6531.json
2026-04-19T01:31:10.652Z [LOG] [extract_emails.js] Extracted: INBOX-uid-6530.json
2026-04-19T01:31:10.652Z [LOG] [extract_emails.js] Extracted: INBOX-uid-6529.json
2026-04-19T01:31:10.652Z [LOG] [extract_emails.js] Extracted: INBOX-uid-6528.json
2026-04-19T01:31:10.652Z [LOG] [extract_emails.js] Extracted: INBOX-uid-6527.json
2026-04-19T01:31:10.652Z [LOG] [extract_emails.js] Extracted: INBOX-uid-6526.json
2026-04-19T01:31:10.652Z [LOG] [extract_emails.js] Extracted: INBOX-uid-6525.json
2026-04-19T01:31:10.652Z [LOG] [extract_emails.js] Extracted: INBOX-uid-6524.json
2026-04-19T01:31:10.652Z [LOG] [extract_emails.js] Extracted: INBOX-uid-6523.json
2026-04-19T01:31:10.652Z [LOG] [extract_emails.js] Extracted: INBOX-uid-6522.json
2026-04-19T01:31:10.652Z [LOG] [extract_emails.js] Extracted: INBOX-uid-6521.json
2026-04-19T01:31:10.652Z [LOG] [extract_emails.js] Extracted: INBOX-uid-6520.json
2026-04-19T01:31:10.652Z [LOG] [extract_emails.js] Extracted: INBOX-uid-6519.json
2026-04-19T01:31:10.652Z [LOG] [extract_emails.js] Extracted: INBOX-uid-6518.json
2026-04-19T01:31:10.652Z [LOG] [extract_emails.js] Extracted: INBOX-uid-6517.json
2026-04-19T01:31:10.652Z [LOG] [extract_emails.js] Extracted: INBOX-uid-6516.json
2026-04-19T01:31:10.652Z [LOG] [extract_emails.js] Extracted: INBOX-uid-6515.json
2026-04-19T01:31:10.652Z [LOG] [extract_emails.js] Extracted: INBOX-uid-6514.json
2026-04-19T01:31:10.652Z [LOG] [extract_emails.js] Extracted: INBOX-uid-6513.json
2026-04-19T01:31:10.652Z [LOG] [extract_emails.js] Extracted: INBOX-uid-6512.json
2026-04-19T01:31:10.652Z [LOG] [extract_emails.js] Extracted: INBOX-uid-6511.json
2026-04-19T01:31:10.652Z [LOG] [extract_emails.js] Extracted: INBOX-uid-6510.json
2026-04-19T01:31:10.652Z [LOG] [extract_emails.js] Extracted: INBOX-uid-6509.json
2026-04-19T01:31:10.652Z [LOG] [extract_emails.js] Extracted: INBOX-uid-6508.json
2026-04-19T01:31:10.652Z [LOG] [extract_emails.js] Extracted: INBOX-uid-6507.json
2026-04-19T01:31:10.652Z [LOG] [extract_emails.js] Extracted: INBOX-uid-6506.json
2026-04-19T01:31:10.652Z [LOG] [extract_emails.js] Extracted: INBOX-uid-6505.json
2026-04-19T01:31:10.652Z [LOG] [extract_emails.js] Extracted: INBOX-uid-6504.json
2026-04-19T01:31:10.652Z [LOG] [extract_emails.js] Extracted: INBOX-uid-6503.json
2026-04-19T01:31:10.652Z [LOG] [extract_emails.js] Extracted: INBOX-uid-6502.json
2026-04-19T01:31:10.652Z [LOG] [extract_emails.js] Extracted: INBOX-uid-6501.json
2026-04-19T01:31:10.652Z [LOG] [extract_emails.js] Extracted: INBOX-uid-6500.json
2026-04-19T01:31:10.652Z [LOG] [extract_emails.js] Extracted: INBOX-uid-6499.json
2026-04-19T01:31:10.652Z [LOG] [extract_emails.js] Extracted: INBOX-uid-6498.json
2026-04-19T01:31:10.652Z [LOG] [extract_emails.js] Extracted: INBOX-uid-6497.json
2026-04-19T01:31:10.652Z [LOG] [extract_emails.js] Extracted: INBOX-uid-6496.json
2026-04-19T01:31:10.652Z [LOG] [extract_emails.js] Extracted: INBOX-uid-6495.json
2026-04-19T01:31:10.652Z [LOG] [extract_emails.js] Extracted: INBOX-uid-6494.json
2026-04-19T01:31:10.652Z [LOG] [extract_emails.js] Extracted: INBOX-uid-6493.json
2026-04-19T01:31:10.652Z [LOG] [extract_emails.js] Extracted: INBOX-uid-6492.json
2026-04-19T01:31:10.652Z [LOG] [extract_emails.js] Extracted: INBOX-uid-6491.json
2026-04-19T01:31:10.652Z [LOG] [extract_emails.js] Extracted: INBOX-uid-6490.json
2026-04-19T01:31:10.652Z [LOG] [extract_emails.js] Extracted: INBOX-uid-6489.json
2026-04-19T01:31:10.652Z [LOG] [extract_emails.js] Extracted: INBOX-uid-6488.json
2026-04-19T01:31:10.652Z [LOG] [extract_emails.js] Extracted: INBOX-uid-6487.json
2026-04-19T01:31:10.652Z [LOG] [extract_emails.js] Extracted: INBOX-uid-6486.json
2026-04-19T01:31:10.652Z [LOG] [extract_emails.js] Extracted: INBOX-uid-6485.json
2026-04-19T01:31:10.652Z [LOG] [extract_emails.js] Extracted: INBOX-uid-6484.json
2026-04-19T01:31:10.652Z [LOG] [extract_emails.js] Extracted: INBOX-uid-6483.json
2026-04-19T01:31:10.652Z [LOG] [extract_emails.js] Extracted: INBOX-uid-6482.json
2026-04-19T01:31:10.652Z [LOG] [extract_emails.js] Extracted: INBOX-uid-6481.json
2026-04-19T01:31:10.652Z [LOG] [extract_emails.js] Extracted: INBOX-uid-6480.json
2026-04-19T01:31:10.652Z [LOG] [extract_emails.js] Extracted: INBOX-uid-6479.json
2026-04-19T01:31:10.652Z [LOG] [extract_emails.js] Extracted: INBOX-uid-6478.json
2026-04-19T01:31:10.652Z [LOG] [extract_emails.js] Extracted: INBOX-uid-6477.json
2026-04-19T01:31:10.652Z [LOG] [extract_emails.js] Extracted: INBOX-uid-6476.json
2026-04-19T01:31:10.652Z [LOG] [extract_emails.js] Extracted: INBOX-uid-6475.json
2026-04-19T01:31:10.652Z [LOG] [extract_emails.js] Extracted: INBOX-uid-6474.json
2026-04-19T01:31:10.652Z [LOG] [extract_emails.js] Extracted: INBOX-uid-6473.json
2026-04-19T01:31:10.652Z [LOG] [extract_emails.js] Extracted: INBOX-uid-6472.json
2026-04-19T01:31:10.652Z [LOG] [extract_emails.js] Extracted: INBOX-uid-6471.json
2026-04-19T01:31:10.652Z [LOG] [extract_emails.js] Extracted: INBOX-uid-6470.json
2026-04-19T01:31:10.652Z [LOG] [extract_emails.js] Extracted: INBOX-uid-6469.json
2026-04-19T01:31:10.652Z [LOG] [extract_emails.js] Extracted: INBOX-uid-6468.json
2026-04-19T01:31:10.652Z [LOG] [extract_emails.js] Extracted: INBOX-uid-6467.json
2026-04-19T01:31:10.652Z [LOG] [extract_emails.js] Extracted: INBOX-uid-6466.json
2026-04-19T01:31:10.652Z [LOG] [extract_emails.js] Extracted: INBOX-uid-6465.json
2026-04-19T01:31:10.652Z [LOG] [extract_emails.js] Extracted: INBOX-uid-6464.json
2026-04-19T01:31:10.652Z [LOG] [extract_emails.js] Extracted: INBOX-uid-6463.json
2026-04-19T01:31:10.652Z [LOG] [extract_emails.js] Extracted: INBOX-uid-6462.json
2026-04-19T01:31:10.652Z [LOG] [extract_emails.js] Extracted: INBOX-uid-6461.json
2026-04-19T01:31:10.652Z [LOG] [extract_emails.js] Extracted: INBOX-uid-6460.json
2026-04-19T01:31:10.652Z [LOG] [extract_emails.js] Extracted: INBOX-uid-6459.json
2026-04-19T01:31:10.652Z [LOG] [extract_emails.js] Extracted: INBOX-uid-6458.json
2026-04-19T01:31:10.652Z [LOG] [extract_emails.js] Extracted: INBOX-uid-6457.json
2026-04-19T01:31:10.652Z [LOG] [extract_emails.js] Extracted: INBOX-uid-6456.json
2026-04-19T01:31:10.652Z [LOG] [extract_emails.js] Extracted: INBOX-uid-6455.json
2026-04-19T01:31:10.652Z [LOG] [extract_emails.js] Extracted: INBOX-uid-6454.json
2026-04-19T01:31:10.652Z [LOG] [extract_emails.js] Extracted: INBOX-uid-6453.json
2026-04-19T01:31:10.652Z [LOG] [extract_emails.js] Extracted: INBOX-uid-6452.json
2026-04-19T01:31:10.652Z [LOG] [extract_emails.js] Extracted: INBOX-uid-6451.json
2026-04-19T01:31:10.652Z [LOG] [extract_emails.js] Extracted: INBOX-uid-6450.json
2026-04-19T01:31:10.652Z [LOG] [extract_emails.js] Extracted: INBOX-uid-6449.json
2026-04-19T01:31:10.652Z [LOG] [extract_emails.js] Extracted: INBOX-uid-6448.json
2026-04-19T01:31:10.652Z [LOG] [extract_emails.js] Extracted: INBOX-uid-6447.json
2026-04-19T01:31:10.652Z [LOG] [extract_emails.js] Extracted: INBOX-uid-6446.json
2026-04-19T01:31:10.652Z [LOG] [extract_emails.js] Extracted: INBOX-uid-6445.json
2026-04-19T01:31:10.652Z [LOG] [extract_emails.js] Extracted: INBOX-uid-6444.json
2026-04-19T01:31:10.652Z [LOG] [extract_emails.js] Extracted: INBOX-uid-6443.json
2026-04-19T01:31:10.652Z [LOG] [extract_emails.js] Extracted: INBOX-uid-6442.json
2026-04-19T01:31:10.652Z [LOG] [extract_emails.js] Extracted: INBOX-uid-6441.json
2026-04-19T01:31:10.652Z [LOG] [extract_emails.js] Extracted: INBOX-uid-6440.json
2026-04-19T01:31:10.652Z [LOG] [extract_emails.js] Extracted: INBOX-uid-6439.json
2026-04-19T01:31:10.652Z [LOG] [extract_emails.js] Extracted: INBOX-uid-6438.json
2026-04-19T01:31:10.652Z [LOG] [extract_emails.js] Extracted: INBOX-uid-6437.json
2026-04-19T01:31:10.652Z [LOG] [extract_emails.js] Extracted: INBOX-uid-6436.json
2026-04-19T01:31:10.652Z [LOG] [extract_emails.js] Extracted: INBOX-uid-6435.json
2026-04-19T01:31:10.652Z [LOG] [extract_emails.js] Extracted: INBOX-uid-6434.json
2026-04-19T01:31:10.652Z [LOG] [extract_emails.js] Extracted: INBOX-uid-6433.json
2026-04-19T01:31:10.653Z [LOG] [extract_emails.js] Extracted: INBOX-uid-6432.json
2026-04-19T01:31:10.653Z [LOG] [extract_emails.js] Extracted: INBOX-uid-6431.json
2026-04-19T01:31:10.653Z [LOG] [extract_emails.js] Extracted: INBOX-uid-6430.json
2026-04-19T01:31:10.653Z [LOG] [extract_emails.js] Extracted: INBOX-uid-6429.json
2026-04-19T01:31:10.653Z [LOG] [extract_emails.js] Extracted: INBOX-uid-6428.json
2026-04-19T01:31:10.653Z [LOG] [extract_emails.js] Extracted: INBOX-uid-6427.json
2026-04-19T01:31:10.653Z [LOG] [extract_emails.js] Extracted: INBOX-uid-6426.json
2026-04-19T01:31:10.653Z [LOG] [extract_emails.js] Extracted: INBOX-uid-6425.json
2026-04-19T01:31:10.653Z [LOG] [extract_emails.js] Extracted: INBOX-uid-6424.json
2026-04-19T01:31:10.653Z [LOG] [extract_emails.js] Extracted: INBOX-uid-6423.json
2026-04-19T01:31:10.653Z [LOG] [extract_emails.js] Extracted: INBOX-uid-6422.json
2026-04-19T01:31:10.653Z [LOG] [extract_emails.js] Extracted: INBOX-uid-6421.json
2026-04-19T01:31:10.653Z [LOG] [extract_emails.js] Extracted: INBOX-uid-6420.json
2026-04-19T01:31:10.653Z [LOG] [extract_emails.js] Extracted: INBOX-uid-6419.json
2026-04-19T01:31:10.653Z [LOG] [extract_emails.js] Extracted: INBOX-uid-6418.json
2026-04-19T01:31:10.653Z [LOG] [extract_emails.js] Extracted: INBOX-uid-6417.json
2026-04-19T01:31:10.653Z [LOG] [extract_emails.js] Extracted: INBOX-uid-6416.json
2026-04-19T01:31:10.653Z [LOG] [extract_emails.js] Extracted: INBOX-uid-6415.json
2026-04-19T01:31:10.653Z [LOG] [extract_emails.js] Extracted: INBOX-uid-6414.json
2026-04-19T01:31:10.653Z [LOG] [extract_emails.js] Extracted: INBOX-uid-6413.json
2026-04-19T01:31:10.653Z [LOG] [extract_emails.js] Extracted: INBOX-uid-6412.json
2026-04-19T01:31:10.653Z [LOG] [extract_emails.js] Extracted: INBOX-uid-6411.json
2026-04-19T01:31:10.653Z [LOG] [extract_emails.js] Extracted: INBOX-uid-6410.json
2026-04-19T01:31:10.653Z [LOG] [extract_emails.js] Extracted: INBOX-uid-6409.json
2026-04-19T01:31:10.653Z [LOG] [extract_emails.js] Extracted: INBOX-uid-6408.json
2026-04-19T01:31:10.653Z [LOG] [extract_emails.js] Extracted: INBOX-uid-6407.json
2026-04-19T01:31:10.653Z [LOG] [extract_emails.js] Extracted: INBOX-uid-6406.json
2026-04-19T01:31:10.653Z [LOG] [extract_emails.js] Extracted: INBOX-uid-6405.json
2026-04-19T01:31:10.653Z [LOG] [extract_emails.js] Extracted: INBOX-uid-6404.json
2026-04-19T01:31:10.653Z [LOG] [extract_emails.js] Extracted: INBOX-uid-6403.json
2026-04-19T01:31:10.653Z [LOG] [extract_emails.js] Extracted: INBOX-uid-6402.json
2026-04-19T01:31:10.653Z [LOG] [extract_emails.js] Extracted: INBOX-uid-6401.json
2026-04-19T01:31:10.653Z [LOG] [extract_emails.js] Extracted: INBOX-uid-6400.json
2026-04-19T01:31:10.653Z [LOG] [extract_emails.js] Extracted: INBOX-uid-6399.json
2026-04-19T01:31:10.653Z [LOG] [extract_emails.js] Extracted: INBOX-uid-6398.json
2026-04-19T01:31:10.653Z [LOG] [extract_emails.js] Extracted: INBOX-uid-6397.json
2026-04-19T01:31:10.653Z [LOG] [extract_emails.js] Extracted: INBOX-uid-6396.json
2026-04-19T01:31:10.653Z [LOG] [extract_emails.js] Extracted: INBOX-uid-6395.json
2026-04-19T01:31:10.653Z [LOG] [extract_emails.js] Extracted: INBOX-uid-6394.json
2026-04-19T01:31:10.653Z [LOG] [extract_emails.js] Extracted: INBOX-uid-6393.json
2026-04-19T01:31:10.653Z [LOG] [extract_emails.js] Extracted: INBOX-uid-6392.json
2026-04-19T01:31:10.653Z [LOG] [extract_emails.js] Extracted: INBOX-uid-6391.json
2026-04-19T01:31:10.653Z [LOG] [extract_emails.js] Extracted: INBOX-uid-6390.json
2026-04-19T01:31:10.653Z [LOG] [extract_emails.js] Extracted: INBOX-uid-6389.json
2026-04-19T01:31:10.653Z [LOG] [extract_emails.js] Extracted: INBOX-uid-6388.json
2026-04-19T01:31:10.653Z [LOG] [extract_emails.js] Extracted: INBOX-uid-6387.json
2026-04-19T01:31:10.653Z [LOG] [extract_emails.js] Extracted: INBOX-uid-6386.json
2026-04-19T01:31:10.653Z [LOG] [extract_emails.js] Extracted: INBOX-uid-6385.json
2026-04-19T01:31:10.653Z [LOG] [extract_emails.js] Extracted: INBOX-uid-6384.json
2026-04-19T01:31:10.653Z [LOG] [extract_emails.js] Extracted: INBOX-uid-6383.json
2026-04-19T01:31:10.382Z [LOG] reached EXTRACT_EMAIL_LIMIT=500; stopping this run
2026-04-19T01:31:10.382Z [LOG] extracted 500 email(s) this run
2026-04-19T01:31:10.640Z [LOG] extraction finished
2026-04-19T01:31:10.653Z [LOG] [extract_emails.js] done
2026-04-19T01:31:10.653Z [LOG] [pipeline #1] new emails extracted: 500
2026-04-19T01:31:10.653Z [LOG] [parse_extracted_emails.js] starting…
2026-04-19T01:31:15.446Z [LOG] [parse_extracted_emails.js] Parsed: parsed-INBOX-uid-6383.json
2026-04-19T01:31:15.446Z [LOG] [parse_extracted_emails.js] Parsed: parsed-INBOX-uid-6384.json
2026-04-19T01:31:15.446Z [LOG] [parse_extracted_emails.js] Parsed: parsed-INBOX-uid-6395.json
2026-04-19T01:31:15.446Z [LOG] [parse_extracted_emails.js] Parsed: parsed-INBOX-uid-6423.json
2026-04-19T01:31:15.446Z [LOG] [parse_extracted_emails.js] Parsed: parsed-INBOX-uid-6428.json
2026-04-19T01:31:15.446Z [LOG] [parse_extracted_emails.js] Parsed: parsed-INBOX-uid-6429.json
2026-04-19T01:31:15.446Z [LOG] [parse_extracted_emails.js] Parsed: parsed-INBOX-uid-6430.json
2026-04-19T01:31:15.447Z [LOG] [parse_extracted_emails.js] Parsed: parsed-INBOX-uid-6431.json
2026-04-19T01:31:15.447Z [LOG] [parse_extracted_emails.js] Parsed: parsed-INBOX-uid-6433.json
2026-04-19T01:31:15.447Z [LOG] [parse_extracted_emails.js] Parsed: parsed-INBOX-uid-6436.json
2026-04-19T01:31:15.447Z [LOG] [parse_extracted_emails.js] Parsed: parsed-INBOX-uid-6437.json
2026-04-19T01:31:15.447Z [LOG] [parse_extracted_emails.js] Parsed: parsed-INBOX-uid-6438.json
2026-04-19T01:31:15.447Z [LOG] [parse_extracted_emails.js] Parsed: parsed-INBOX-uid-6439.json
2026-04-19T01:31:15.447Z [LOG] [parse_extracted_emails.js] Parsed: parsed-INBOX-uid-6440.json
2026-04-19T01:31:15.447Z [LOG] [parse_extracted_emails.js] Parsed: parsed-INBOX-uid-6441.json
2026-04-19T01:31:15.447Z [LOG] [parse_extracted_emails.js] Parsed: parsed-INBOX-uid-6442.json
2026-04-19T01:31:15.447Z [LOG] [parse_extracted_emails.js] Parsed: parsed-INBOX-uid-6443.json
2026-04-19T01:31:15.447Z [LOG] [parse_extracted_emails.js] Parsed: parsed-INBOX-uid-6444.json
2026-04-19T01:31:15.447Z [LOG] [parse_extracted_emails.js] Parsed: parsed-INBOX-uid-6445.json
2026-04-19T01:31:15.447Z [LOG] [parse_extracted_emails.js] Parsed: parsed-INBOX-uid-6446.json
2026-04-19T01:31:15.447Z [LOG] [parse_extracted_emails.js] Parsed: parsed-INBOX-uid-6447.json
2026-04-19T01:31:15.447Z [LOG] [parse_extracted_emails.js] Parsed: parsed-INBOX-uid-6448.json
2026-04-19T01:31:15.447Z [LOG] [parse_extracted_emails.js] Parsed: parsed-INBOX-uid-6449.json
2026-04-19T01:31:15.447Z [LOG] [parse_extracted_emails.js] Parsed: parsed-INBOX-uid-6450.json
2026-04-19T01:31:15.447Z [LOG] [parse_extracted_emails.js] Parsed: parsed-INBOX-uid-6451.json
2026-04-19T01:31:15.447Z [LOG] [parse_extracted_emails.js] Parsed: parsed-INBOX-uid-6452.json
2026-04-19T01:31:15.447Z [LOG] [parse_extracted_emails.js] Parsed: parsed-INBOX-uid-6453.json
2026-04-19T01:31:15.447Z [LOG] [parse_extracted_emails.js] Parsed: parsed-INBOX-uid-6456.json
2026-04-19T01:31:15.447Z [LOG] [parse_extracted_emails.js] Parsed: parsed-INBOX-uid-6457.json
2026-04-19T01:31:15.447Z [LOG] [parse_extracted_emails.js] Parsed: parsed-INBOX-uid-6459.json
2026-04-19T01:31:15.447Z [LOG] [parse_extracted_emails.js] Parsed: parsed-INBOX-uid-6460.json
2026-04-19T01:31:15.447Z [LOG] [parse_extracted_emails.js] Parsed: parsed-INBOX-uid-6461.json
2026-04-19T01:31:15.447Z [LOG] [parse_extracted_emails.js] Parsed: parsed-INBOX-uid-6462.json
2026-04-19T01:31:15.447Z [LOG] [parse_extracted_emails.js] Parsed: parsed-INBOX-uid-6463.json
2026-04-19T01:31:15.447Z [LOG] [parse_extracted_emails.js] Parsed: parsed-INBOX-uid-6464.json
2026-04-19T01:31:15.447Z [LOG] [parse_extracted_emails.js] Parsed: parsed-INBOX-uid-6465.json
2026-04-19T01:31:15.447Z [LOG] [parse_extracted_emails.js] Parsed: parsed-INBOX-uid-6466.json
2026-04-19T01:31:15.447Z [LOG] [parse_extracted_emails.js] Parsed: parsed-INBOX-uid-6467.json
2026-04-19T01:31:15.447Z [LOG] [parse_extracted_emails.js] Parsed: parsed-INBOX-uid-6468.json
2026-04-19T01:31:15.447Z [LOG] [parse_extracted_emails.js] Parsed: parsed-INBOX-uid-6469.json
2026-04-19T01:31:15.447Z [LOG] [parse_extracted_emails.js] Parsed: parsed-INBOX-uid-6470.json
2026-04-19T01:31:15.447Z [LOG] [parse_extracted_emails.js] Parsed: parsed-INBOX-uid-6471.json
2026-04-19T01:31:15.447Z [LOG] [parse_extracted_emails.js] Parsed: parsed-INBOX-uid-6472.json
2026-04-19T01:31:15.447Z [LOG] [parse_extracted_emails.js] Parsed: parsed-INBOX-uid-6473.json
2026-04-19T01:31:15.447Z [LOG] [parse_extracted_emails.js] Parsed: parsed-INBOX-uid-6474.json
2026-04-19T01:31:15.447Z [LOG] [parse_extracted_emails.js] Parsed: parsed-INBOX-uid-6475.json
2026-04-19T01:31:15.447Z [LOG] [parse_extracted_emails.js] Parsed: parsed-INBOX-uid-6476.json
2026-04-19T01:31:15.447Z [LOG] [parse_extracted_emails.js] Parsed: parsed-INBOX-uid-6477.json
2026-04-19T01:31:15.447Z [LOG] [parse_extracted_emails.js] Parsed: parsed-INBOX-uid-6478.json
2026-04-19T01:31:15.447Z [LOG] [parse_extracted_emails.js] Parsed: parsed-INBOX-uid-6479.json
2026-04-19T01:31:15.447Z [LOG] [parse_extracted_emails.js] Parsed: parsed-INBOX-uid-6480.json
2026-04-19T01:31:15.447Z [LOG] [parse_extracted_emails.js] Parsed: parsed-INBOX-uid-6481.json
2026-04-19T01:31:15.447Z [LOG] [parse_extracted_emails.js] Parsed: parsed-INBOX-uid-6482.json
2026-04-19T01:31:15.447Z [LOG] [parse_extracted_emails.js] Parsed: parsed-INBOX-uid-6483.json
2026-04-19T01:31:15.447Z [LOG] [parse_extracted_emails.js] Parsed: parsed-INBOX-uid-6484.json
2026-04-19T01:31:15.447Z [LOG] [parse_extracted_emails.js] Parsed: parsed-INBOX-uid-6485.json
2026-04-19T01:31:15.447Z [LOG] [parse_extracted_emails.js] Parsed: parsed-INBOX-uid-6486.json
2026-04-19T01:31:15.447Z [LOG] [parse_extracted_emails.js] Parsed: parsed-INBOX-uid-6487.json
2026-04-19T01:31:15.447Z [LOG] [parse_extracted_emails.js] Parsed: parsed-INBOX-uid-6488.json
2026-04-19T01:31:15.447Z [LOG] [parse_extracted_emails.js] Parsed: parsed-INBOX-uid-6489.json
2026-04-19T01:31:15.447Z [LOG] [parse_extracted_emails.js] Parsed: parsed-INBOX-uid-6490.json
2026-04-19T01:31:15.447Z [LOG] [parse_extracted_emails.js] Parsed: parsed-INBOX-uid-6491.json
2026-04-19T01:31:15.447Z [LOG] [parse_extracted_emails.js] Parsed: parsed-INBOX-uid-6492.json
2026-04-19T01:31:15.447Z [LOG] [parse_extracted_emails.js] Parsed: parsed-INBOX-uid-6493.json
2026-04-19T01:31:15.447Z [LOG] [parse_extracted_emails.js] Parsed: parsed-INBOX-uid-6494.json
2026-04-19T01:31:15.447Z [LOG] [parse_extracted_emails.js] Parsed: parsed-INBOX-uid-6495.json
2026-04-19T01:31:15.447Z [LOG] [parse_extracted_emails.js] Parsed: parsed-INBOX-uid-6515.json
2026-04-19T01:31:15.447Z [LOG] [parse_extracted_emails.js] Parsed: parsed-INBOX-uid-6516.json
2026-04-19T01:31:15.447Z [LOG] [parse_extracted_emails.js] Parsed: parsed-INBOX-uid-6517.json
2026-04-19T01:31:15.447Z [LOG] [parse_extracted_emails.js] Parsed: parsed-INBOX-uid-6518.json
2026-04-19T01:31:15.447Z [LOG] [parse_extracted_emails.js] Parsed: parsed-INBOX-uid-6519.json
2026-04-19T01:31:15.447Z [LOG] [parse_extracted_emails.js] Parsed: parsed-INBOX-uid-6520.json
2026-04-19T01:31:15.447Z [LOG] [parse_extracted_emails.js] Parsed: parsed-INBOX-uid-6521.json
2026-04-19T01:31:15.447Z [LOG] [parse_extracted_emails.js] Parsed: parsed-INBOX-uid-6522.json
2026-04-19T01:31:15.447Z [LOG] [parse_extracted_emails.js] Parsed: parsed-INBOX-uid-6523.json
2026-04-19T01:31:15.447Z [LOG] [parse_extracted_emails.js] Parsed: parsed-INBOX-uid-6524.json
2026-04-19T01:31:15.447Z [LOG] [parse_extracted_emails.js] Parsed: parsed-INBOX-uid-6525.json
2026-04-19T01:31:15.447Z [LOG] [parse_extracted_emails.js] Parsed: parsed-INBOX-uid-6526.json
2026-04-19T01:31:15.447Z [LOG] [parse_extracted_emails.js] Parsed: parsed-INBOX-uid-6527.json
2026-04-19T01:31:15.447Z [LOG] [parse_extracted_emails.js] Parsed: parsed-INBOX-uid-6528.json
2026-04-19T01:31:15.447Z [LOG] [parse_extracted_emails.js] Parsed: parsed-INBOX-uid-6529.json
2026-04-19T01:31:15.447Z [LOG] [parse_extracted_emails.js] Parsed: parsed-INBOX-uid-6530.json
2026-04-19T01:31:15.447Z [LOG] [parse_extracted_emails.js] Parsed: parsed-INBOX-uid-6531.json
2026-04-19T01:31:15.447Z [LOG] [parse_extracted_emails.js] Parsed: parsed-INBOX-uid-6532.json
2026-04-19T01:31:15.447Z [LOG] [parse_extracted_emails.js] Parsed: parsed-INBOX-uid-6533.json
2026-04-19T01:31:15.447Z [LOG] [parse_extracted_emails.js] Parsed: parsed-INBOX-uid-6534.json
2026-04-19T01:31:15.447Z [LOG] [parse_extracted_emails.js] Parsed: parsed-INBOX-uid-6535.json
2026-04-19T01:31:15.447Z [LOG] [parse_extracted_emails.js] Parsed: parsed-INBOX-uid-6536.json
2026-04-19T01:31:15.447Z [LOG] [parse_extracted_emails.js] Parsed: parsed-INBOX-uid-6537.json
2026-04-19T01:31:15.447Z [LOG] [parse_extracted_emails.js] Parsed: parsed-INBOX-uid-6538.json
2026-04-19T01:31:15.447Z [LOG] [parse_extracted_emails.js] Parsed: parsed-INBOX-uid-6539.json
2026-04-19T01:31:15.447Z [LOG] [parse_extracted_emails.js] Parsed: parsed-INBOX-uid-6540.json
2026-04-19T01:31:15.447Z [LOG] [parse_extracted_emails.js] Parsed: parsed-INBOX-uid-6541.json
2026-04-19T01:31:15.447Z [LOG] [parse_extracted_emails.js] Parsed: parsed-INBOX-uid-6542.json
2026-04-19T01:31:15.447Z [LOG] [parse_extracted_emails.js] Parsed: parsed-INBOX-uid-6543.json
2026-04-19T01:31:15.447Z [LOG] [parse_extracted_emails.js] Parsed: parsed-INBOX-uid-6544.json
2026-04-19T01:31:15.447Z [LOG] [parse_extracted_emails.js] Parsed: parsed-INBOX-uid-6545.json
2026-04-19T01:31:15.447Z [LOG] [parse_extracted_emails.js] Parsed: parsed-INBOX-uid-6546.json
2026-04-19T01:31:15.447Z [LOG] [parse_extracted_emails.js] Parsed: parsed-INBOX-uid-6547.json
2026-04-19T01:31:15.447Z [LOG] [parse_extracted_emails.js] Parsed: parsed-INBOX-uid-6548.json
2026-04-19T01:31:15.447Z [LOG] [parse_extracted_emails.js] Parsed: parsed-INBOX-uid-6549.json
2026-04-19T01:31:15.447Z [LOG] [parse_extracted_emails.js] Parsed: parsed-INBOX-uid-6550.json
2026-04-19T01:31:15.447Z [LOG] [parse_extracted_emails.js] Parsed: parsed-INBOX-uid-6551.json
2026-04-19T01:31:15.447Z [LOG] [parse_extracted_emails.js] Parsed: parsed-INBOX-uid-6552.json
2026-04-19T01:31:15.447Z [LOG] [parse_extracted_emails.js] Parsed: parsed-INBOX-uid-6553.json
2026-04-19T01:31:15.447Z [LOG] [parse_extracted_emails.js] Parsed: parsed-INBOX-uid-6554.json
2026-04-19T01:31:15.447Z [LOG] [parse_extracted_emails.js] Parsed: parsed-INBOX-uid-6555.json
2026-04-19T01:31:15.447Z [LOG] [parse_extracted_emails.js] Parsed: parsed-INBOX-uid-6556.json
2026-04-19T01:31:15.447Z [LOG] [parse_extracted_emails.js] Parsed: parsed-INBOX-uid-6557.json
2026-04-19T01:31:15.447Z [LOG] [parse_extracted_emails.js] Parsed: parsed-INBOX-uid-6558.json
2026-04-19T01:31:15.447Z [LOG] [parse_extracted_emails.js] Parsed: parsed-INBOX-uid-6559.json
2026-04-19T01:31:15.447Z [LOG] [parse_extracted_emails.js] Parsed: parsed-INBOX-uid-6560.json
2026-04-19T01:31:15.447Z [LOG] [parse_extracted_emails.js] Parsed: parsed-INBOX-uid-6561.json
2026-04-19T01:31:15.447Z [LOG] [parse_extracted_emails.js] Parsed: parsed-INBOX-uid-6562.json
2026-04-19T01:31:15.447Z [LOG] [parse_extracted_emails.js] Parsed: parsed-INBOX-uid-6563.json
2026-04-19T01:31:15.447Z [LOG] [parse_extracted_emails.js] Parsed: parsed-INBOX-uid-6564.json
2026-04-19T01:31:15.447Z [LOG] [parse_extracted_emails.js] Parsed: parsed-INBOX-uid-6565.json
2026-04-19T01:31:15.447Z [LOG] [parse_extracted_emails.js] Parsed: parsed-INBOX-uid-6566.json
2026-04-19T01:31:15.447Z [LOG] [parse_extracted_emails.js] Parsed: parsed-INBOX-uid-6567.json
2026-04-19T01:31:15.447Z [LOG] [parse_extracted_emails.js] Parsed: parsed-INBOX-uid-6568.json
2026-04-19T01:31:15.447Z [LOG] [parse_extracted_emails.js] Parsed: parsed-INBOX-uid-6569.json
2026-04-19T01:31:15.447Z [LOG] [parse_extracted_emails.js] Parsed: parsed-INBOX-uid-6570.json
2026-04-19T01:31:15.447Z [LOG] [parse_extracted_emails.js] Parsed: parsed-INBOX-uid-6571.json
2026-04-19T01:31:15.447Z [LOG] [parse_extracted_emails.js] Parsed: parsed-INBOX-uid-6572.json
2026-04-19T01:31:15.447Z [LOG] [parse_extracted_emails.js] Parsed: parsed-INBOX-uid-6573.json
2026-04-19T01:31:15.447Z [LOG] [parse_extracted_emails.js] Parsed: parsed-INBOX-uid-6574.json
2026-04-19T01:31:15.447Z [LOG] [parse_extracted_emails.js] Parsed: parsed-INBOX-uid-6575.json
2026-04-19T01:31:15.447Z [LOG] [parse_extracted_emails.js] Parsed: parsed-INBOX-uid-6576.json
2026-04-19T01:31:15.447Z [LOG] [parse_extracted_emails.js] Parsed: parsed-INBOX-uid-6577.json
2026-04-19T01:31:15.447Z [LOG] [parse_extracted_emails.js] Parsed: parsed-INBOX-uid-6578.json
2026-04-19T01:31:15.447Z [LOG] [parse_extracted_emails.js] Parsed: parsed-INBOX-uid-6579.json
2026-04-19T01:31:15.447Z [LOG] [parse_extracted_emails.js] Parsed: parsed-INBOX-uid-6580.json
2026-04-19T01:31:15.447Z [LOG] [parse_extracted_emails.js] Parsed: parsed-INBOX-uid-6581.json
2026-04-19T01:31:15.447Z [LOG] [parse_extracted_emails.js] Parsed: parsed-INBOX-uid-6582.json
2026-04-19T01:31:15.447Z [LOG] [parse_extracted_emails.js] Parsed: parsed-INBOX-uid-6583.json
2026-04-19T01:31:15.447Z [LOG] [parse_extracted_emails.js] Parsed: parsed-INBOX-uid-6584.json
2026-04-19T01:31:15.447Z [LOG] [parse_extracted_emails.js] Parsed: parsed-INBOX-uid-6585.json
2026-04-19T01:31:15.447Z [LOG] [parse_extracted_emails.js] Parsed: parsed-INBOX-uid-6586.json
2026-04-19T01:31:15.447Z [LOG] [parse_extracted_emails.js] Parsed: parsed-INBOX-uid-6587.json
2026-04-19T01:31:15.447Z [LOG] [parse_extracted_emails.js] Parsed: parsed-INBOX-uid-6588.json
2026-04-19T01:31:15.447Z [LOG] [parse_extracted_emails.js] Parsed: parsed-INBOX-uid-6589.json
2026-04-19T01:31:15.447Z [LOG] [parse_extracted_emails.js] Parsed: parsed-INBOX-uid-6590.json
2026-04-19T01:31:15.447Z [LOG] [parse_extracted_emails.js] Parsed: parsed-INBOX-uid-6591.json
2026-04-19T01:31:15.447Z [LOG] [parse_extracted_emails.js] Parsed: parsed-INBOX-uid-6592.json
2026-04-19T01:31:15.447Z [LOG] [parse_extracted_emails.js] Parsed: parsed-INBOX-uid-6593.json
2026-04-19T01:31:15.447Z [LOG] [parse_extracted_emails.js] Parsed: parsed-INBOX-uid-6594.json
2026-04-19T01:31:15.448Z [LOG] [parse_extracted_emails.js] Parsed: parsed-INBOX-uid-6595.json
2026-04-19T01:31:15.448Z [LOG] [parse_extracted_emails.js] Parsed: parsed-INBOX-uid-6596.json
2026-04-19T01:31:15.448Z [LOG] [parse_extracted_emails.js] Parsed: parsed-INBOX-uid-6605.json
2026-04-19T01:31:15.448Z [LOG] [parse_extracted_emails.js] Parsed: parsed-INBOX-uid-6608.json
2026-04-19T01:31:15.448Z [LOG] [parse_extracted_emails.js] Parsed: parsed-INBOX-uid-6609.json
2026-04-19T01:31:15.448Z [LOG] [parse_extracted_emails.js] Parsed: parsed-INBOX-uid-6610.json
2026-04-19T01:31:15.448Z [LOG] [parse_extracted_emails.js] Parsed: parsed-INBOX-uid-6611.json
2026-04-19T01:31:15.448Z [LOG] [parse_extracted_emails.js] Parsed: parsed-INBOX-uid-6612.json
2026-04-19T01:31:15.448Z [LOG] [parse_extracted_emails.js] Parsed: parsed-INBOX-uid-6613.json
2026-04-19T01:31:15.448Z [LOG] [parse_extracted_emails.js] Parsed: parsed-INBOX-uid-6614.json
2026-04-19T01:31:15.448Z [LOG] [parse_extracted_emails.js] Parsed: parsed-INBOX-uid-6615.json
2026-04-19T01:31:15.448Z [LOG] [parse_extracted_emails.js] Parsed: parsed-INBOX-uid-6616.json
2026-04-19T01:31:15.448Z [LOG] [parse_extracted_emails.js] Parsed: parsed-INBOX-uid-6617.json
2026-04-19T01:31:15.448Z [LOG] [parse_extracted_emails.js] Parsed: parsed-INBOX-uid-6618.json
2026-04-19T01:31:15.448Z [LOG] [parse_extracted_emails.js] Parsed: parsed-INBOX-uid-6619.json
2026-04-19T01:31:15.448Z [LOG] [parse_extracted_emails.js] Parsed: parsed-INBOX-uid-6620.json
2026-04-19T01:31:15.448Z [LOG] [parse_extracted_emails.js] Parsed: parsed-INBOX-uid-6621.json
2026-04-19T01:31:15.448Z [LOG] [parse_extracted_emails.js] Parsed: parsed-INBOX-uid-6622.json
2026-04-19T01:31:15.448Z [LOG] [parse_extracted_emails.js] Parsed: parsed-INBOX-uid-6627.json
2026-04-19T01:31:15.448Z [LOG] [parse_extracted_emails.js] Parsed: parsed-INBOX-uid-6633.json
2026-04-19T01:31:15.448Z [LOG] [parse_extracted_emails.js] Parsed: parsed-INBOX-uid-6634.json
2026-04-19T01:31:15.448Z [LOG] [parse_extracted_emails.js] Parsed: parsed-INBOX-uid-6635.json
2026-04-19T01:31:15.448Z [LOG] [parse_extracted_emails.js] Parsed: parsed-INBOX-uid-6636.json
2026-04-19T01:31:15.448Z [LOG] [parse_extracted_emails.js] Parsed: parsed-INBOX-uid-6637.json
2026-04-19T01:31:15.448Z [LOG] [parse_extracted_emails.js] Parsed: parsed-INBOX-uid-6638.json
2026-04-19T01:31:15.448Z [LOG] [parse_extracted_emails.js] Parsed: parsed-INBOX-uid-6639.json
2026-04-19T01:31:15.448Z [LOG] [parse_extracted_emails.js] Parsed: parsed-INBOX-uid-6640.json
2026-04-19T01:31:15.448Z [LOG] [parse_extracted_emails.js] Parsed: parsed-INBOX-uid-6641.json
2026-04-19T01:31:15.448Z [LOG] [parse_extracted_emails.js] Parsed: parsed-INBOX-uid-6647.json
2026-04-19T01:31:15.448Z [LOG] [parse_extracted_emails.js] Parsed: parsed-INBOX-uid-6648.json
2026-04-19T01:31:15.448Z [LOG] [parse_extracted_emails.js] Parsed: parsed-INBOX-uid-6649.json
2026-04-19T01:31:15.448Z [LOG] [parse_extracted_emails.js] Parsed: parsed-INBOX-uid-6650.json
2026-04-19T01:31:15.448Z [LOG] [parse_extracted_emails.js] Parsed: parsed-INBOX-uid-6652.json
2026-04-19T01:31:15.448Z [LOG] [parse_extracted_emails.js] Parsed: parsed-INBOX-uid-6653.json
2026-04-19T01:31:15.448Z [LOG] [parse_extracted_emails.js] Parsed: parsed-INBOX-uid-6654.json
2026-04-19T01:31:15.448Z [LOG] [parse_extracted_emails.js] Parsed: parsed-INBOX-uid-6655.json
2026-04-19T01:31:15.448Z [LOG] [parse_extracted_emails.js] Parsed: parsed-INBOX-uid-6664.json
2026-04-19T01:31:15.448Z [LOG] [parse_extracted_emails.js] Parsed: parsed-INBOX-uid-6666.json
2026-04-19T01:31:15.448Z [LOG] [parse_extracted_emails.js] Parsed: parsed-INBOX-uid-6667.json
2026-04-19T01:31:15.448Z [LOG] [parse_extracted_emails.js] Parsed: parsed-INBOX-uid-6668.json
2026-04-19T01:31:15.448Z [LOG] [parse_extracted_emails.js] Parsed: parsed-INBOX-uid-6669.json
2026-04-19T01:31:15.448Z [LOG] [parse_extracted_emails.js] Parsed: parsed-INBOX-uid-6670.json
2026-04-19T01:31:15.448Z [LOG] [parse_extracted_emails.js] Parsed: parsed-INBOX-uid-6671.json
2026-04-19T01:31:15.448Z [LOG] [parse_extracted_emails.js] Parsed: parsed-INBOX-uid-6672.json
2026-04-19T01:31:15.448Z [LOG] [parse_extracted_emails.js] Parsed: parsed-INBOX-uid-6673.json
2026-04-19T01:31:15.448Z [LOG] [parse_extracted_emails.js] Parsed: parsed-INBOX-uid-6674.json
2026-04-19T01:31:15.448Z [LOG] [parse_extracted_emails.js] Parsed: parsed-INBOX-uid-6675.json
2026-04-19T01:31:15.448Z [LOG] [parse_extracted_emails.js] Parsed: parsed-INBOX-uid-6676.json
2026-04-19T01:31:15.448Z [LOG] [parse_extracted_emails.js] Parsed: parsed-INBOX-uid-6677.json
2026-04-19T01:31:15.448Z [LOG] [parse_extracted_emails.js] Parsed: parsed-INBOX-uid-6678.json
2026-04-19T01:31:15.448Z [LOG] [parse_extracted_emails.js] Parsed: parsed-INBOX-uid-6679.json
2026-04-19T01:31:15.448Z [LOG] [parse_extracted_emails.js] Parsed: parsed-INBOX-uid-6680.json
2026-04-19T01:31:15.448Z [LOG] [parse_extracted_emails.js] Parsed: parsed-INBOX-uid-6681.json
2026-04-19T01:31:15.448Z [LOG] [parse_extracted_emails.js] Parsed: parsed-INBOX-uid-6682.json
2026-04-19T01:31:15.448Z [LOG] [parse_extracted_emails.js] Parsed: parsed-INBOX-uid-6683.json
2026-04-19T01:31:15.448Z [LOG] [parse_extracted_emails.js] Parsed: parsed-INBOX-uid-6684.json
2026-04-19T01:31:15.448Z [LOG] [parse_extracted_emails.js] Parsed: parsed-INBOX-uid-6685.json
2026-04-19T01:31:15.448Z [LOG] [parse_extracted_emails.js] Parsed: parsed-INBOX-uid-6686.json
2026-04-19T01:31:15.448Z [LOG] [parse_extracted_emails.js] Parsed: parsed-INBOX-uid-6687.json
2026-04-19T01:31:15.448Z [LOG] [parse_extracted_emails.js] Parsed: parsed-INBOX-uid-6688.json
2026-04-19T01:31:15.448Z [LOG] [parse_extracted_emails.js] Parsed: parsed-INBOX-uid-6689.json
2026-04-19T01:31:15.448Z [LOG] [parse_extracted_emails.js] Parsed: parsed-INBOX-uid-6690.json
2026-04-19T01:31:15.448Z [LOG] [parse_extracted_emails.js] Parsed: parsed-INBOX-uid-6692.json
2026-04-19T01:31:15.448Z [LOG] [parse_extracted_emails.js] Parsed: parsed-INBOX-uid-6693.json
2026-04-19T01:31:15.448Z [LOG] [parse_extracted_emails.js] Parsed: parsed-INBOX-uid-6694.json
2026-04-19T01:31:15.448Z [LOG] [parse_extracted_emails.js] Parsed: parsed-INBOX-uid-6695.json
2026-04-19T01:31:15.448Z [LOG] [parse_extracted_emails.js] Parsed: parsed-INBOX-uid-6696.json
2026-04-19T01:31:15.448Z [LOG] [parse_extracted_emails.js] Parsed: parsed-INBOX-uid-6697.json
2026-04-19T01:31:15.448Z [LOG] [parse_extracted_emails.js] Parsed: parsed-INBOX-uid-6698.json
2026-04-19T01:31:15.448Z [LOG] [parse_extracted_emails.js] Parsed: parsed-INBOX-uid-6699.json
2026-04-19T01:31:15.448Z [LOG] [parse_extracted_emails.js] Parsed: parsed-INBOX-uid-6700.json
2026-04-19T01:31:15.448Z [LOG] [parse_extracted_emails.js] Parsed: parsed-INBOX-uid-6701.json
2026-04-19T01:31:15.448Z [LOG] [parse_extracted_emails.js] Parsed: parsed-INBOX-uid-6702.json
2026-04-19T01:31:15.448Z [LOG] [parse_extracted_emails.js] Parsed: parsed-INBOX-uid-6703.json
2026-04-19T01:31:15.448Z [LOG] [parse_extracted_emails.js] Parsed: parsed-INBOX-uid-6704.json
2026-04-19T01:31:15.448Z [LOG] [parse_extracted_emails.js] Parsed: parsed-INBOX-uid-6705.json
2026-04-19T01:31:15.448Z [LOG] [parse_extracted_emails.js] Parsed: parsed-INBOX-uid-6706.json
2026-04-19T01:31:15.448Z [LOG] [parse_extracted_emails.js] Parsed: parsed-INBOX-uid-6707.json
2026-04-19T01:31:15.448Z [LOG] [parse_extracted_emails.js] Parsed: parsed-INBOX-uid-6708.json
2026-04-19T01:31:15.448Z [LOG] [parse_extracted_emails.js] Parsed: parsed-INBOX-uid-6709.json
2026-04-19T01:31:15.448Z [LOG] [parse_extracted_emails.js] Parsed: parsed-INBOX-uid-6710.json
2026-04-19T01:31:15.448Z [LOG] [parse_extracted_emails.js] Parsed: parsed-INBOX-uid-6711.json
2026-04-19T01:31:15.448Z [LOG] [parse_extracted_emails.js] Parsed: parsed-INBOX-uid-6718.json
2026-04-19T01:31:15.448Z [LOG] [parse_extracted_emails.js] Parsed: parsed-INBOX-uid-6722.json
2026-04-19T01:31:15.448Z [LOG] [parse_extracted_emails.js] Parsed: parsed-INBOX-uid-6723.json
2026-04-19T01:31:15.448Z [LOG] [parse_extracted_emails.js] Parsed: parsed-INBOX-uid-6725.json
2026-04-19T01:31:15.448Z [LOG] [parse_extracted_emails.js] Parsed: parsed-INBOX-uid-6726.json
2026-04-19T01:31:15.448Z [LOG] [parse_extracted_emails.js] Parsed: parsed-INBOX-uid-6729.json
2026-04-19T01:31:15.448Z [LOG] [parse_extracted_emails.js] Parsed: parsed-INBOX-uid-6730.json
2026-04-19T01:31:15.448Z [LOG] [parse_extracted_emails.js] Parsed: parsed-INBOX-uid-6732.json
2026-04-19T01:31:15.448Z [LOG] [parse_extracted_emails.js] Parsed: parsed-INBOX-uid-6733.json
2026-04-19T01:31:15.448Z [LOG] [parse_extracted_emails.js] Parsed: parsed-INBOX-uid-6734.json
2026-04-19T01:31:15.448Z [LOG] [parse_extracted_emails.js] Parsed: parsed-INBOX-uid-6735.json
2026-04-19T01:31:15.448Z [LOG] [parse_extracted_emails.js] Parsed: parsed-INBOX-uid-6736.json
2026-04-19T01:31:15.448Z [LOG] [parse_extracted_emails.js] Parsed: parsed-INBOX-uid-6737.json
2026-04-19T01:31:15.448Z [LOG] [parse_extracted_emails.js] Parsed: parsed-INBOX-uid-6738.json
2026-04-19T01:31:15.448Z [LOG] [parse_extracted_emails.js] Parsed: parsed-INBOX-uid-6748.json
2026-04-19T01:31:15.448Z [LOG] [parse_extracted_emails.js] Parsed: parsed-INBOX-uid-6749.json
2026-04-19T01:31:15.448Z [LOG] [parse_extracted_emails.js] Parsed: parsed-INBOX-uid-6750.json
2026-04-19T01:31:15.448Z [LOG] [parse_extracted_emails.js] Parsed: parsed-INBOX-uid-6751.json
2026-04-19T01:31:15.448Z [LOG] [parse_extracted_emails.js] Parsed: parsed-INBOX-uid-6752.json
2026-04-19T01:31:15.448Z [LOG] [parse_extracted_emails.js] Parsed: parsed-INBOX-uid-6753.json
2026-04-19T01:31:15.448Z [LOG] [parse_extracted_emails.js] Parsed: parsed-INBOX-uid-6754.json
2026-04-19T01:31:15.448Z [LOG] [parse_extracted_emails.js] Parsed: parsed-INBOX-uid-6755.json
2026-04-19T01:31:15.448Z [LOG] [parse_extracted_emails.js] Parsed: parsed-INBOX-uid-6756.json
2026-04-19T01:31:15.448Z [LOG] [parse_extracted_emails.js] Parsed: parsed-INBOX-uid-6757.json
2026-04-19T01:31:15.448Z [LOG] [parse_extracted_emails.js] Parsed: parsed-INBOX-uid-6758.json
2026-04-19T01:31:15.448Z [LOG] [parse_extracted_emails.js] Parsed: parsed-INBOX-uid-6759.json
2026-04-19T01:31:15.448Z [LOG] [parse_extracted_emails.js] Parsed: parsed-INBOX-uid-6760.json
2026-04-19T01:31:15.448Z [LOG] [parse_extracted_emails.js] Parsed: parsed-INBOX-uid-6761.json
2026-04-19T01:31:15.448Z [LOG] [parse_extracted_emails.js] Parsed: parsed-INBOX-uid-6762.json
2026-04-19T01:31:15.448Z [LOG] [parse_extracted_emails.js] Parsed: parsed-INBOX-uid-6763.json
2026-04-19T01:31:15.448Z [LOG] [parse_extracted_emails.js] Parsed: parsed-INBOX-uid-6764.json
2026-04-19T01:31:15.448Z [LOG] [parse_extracted_emails.js] Parsed: parsed-INBOX-uid-6765.json
2026-04-19T01:31:15.448Z [LOG] [parse_extracted_emails.js] Parsed: parsed-INBOX-uid-6766.json
2026-04-19T01:31:15.448Z [LOG] [parse_extracted_emails.js] Parsed: parsed-INBOX-uid-6767.json
2026-04-19T01:31:15.448Z [LOG] [parse_extracted_emails.js] Parsed: parsed-INBOX-uid-6768.json
2026-04-19T01:31:15.448Z [LOG] [parse_extracted_emails.js] Parsed: parsed-INBOX-uid-6769.json
2026-04-19T01:31:15.448Z [LOG] [parse_extracted_emails.js] Parsed: parsed-INBOX-uid-6770.json
2026-04-19T01:31:15.448Z [LOG] [parse_extracted_emails.js] Parsed: parsed-INBOX-uid-6771.json
2026-04-19T01:31:15.448Z [LOG] [parse_extracted_emails.js] Parsed: parsed-INBOX-uid-6772.json
2026-04-19T01:31:15.448Z [LOG] [parse_extracted_emails.js] Parsed: parsed-INBOX-uid-6773.json
2026-04-19T01:31:15.448Z [LOG] [parse_extracted_emails.js] Parsed: parsed-INBOX-uid-6774.json
2026-04-19T01:31:15.448Z [LOG] [parse_extracted_emails.js] Parsed: parsed-INBOX-uid-6775.json
2026-04-19T01:31:15.448Z [LOG] [parse_extracted_emails.js] Parsed: parsed-INBOX-uid-6776.json
2026-04-19T01:31:15.448Z [LOG] [parse_extracted_emails.js] Parsed: parsed-INBOX-uid-6777.json
2026-04-19T01:31:15.448Z [LOG] [parse_extracted_emails.js] Parsed: parsed-INBOX-uid-6778.json
2026-04-19T01:31:15.448Z [LOG] [parse_extracted_emails.js] Parsed: parsed-INBOX-uid-6779.json
2026-04-19T01:31:15.448Z [LOG] [parse_extracted_emails.js] Parsed: parsed-INBOX-uid-6780.json
2026-04-19T01:31:15.448Z [LOG] [parse_extracted_emails.js] Parsed: parsed-INBOX-uid-6781.json
2026-04-19T01:31:15.448Z [LOG] [parse_extracted_emails.js] Parsed: parsed-INBOX-uid-6782.json
2026-04-19T01:31:15.448Z [LOG] [parse_extracted_emails.js] Parsed: parsed-INBOX-uid-6783.json
2026-04-19T01:31:15.448Z [LOG] [parse_extracted_emails.js] Parsed: parsed-INBOX-uid-6784.json
2026-04-19T01:31:15.448Z [LOG] [parse_extracted_emails.js] Parsed: parsed-INBOX-uid-6785.json
2026-04-19T01:31:15.448Z [LOG] [parse_extracted_emails.js] Parsed: parsed-INBOX-uid-6786.json
2026-04-19T01:31:15.448Z [LOG] [parse_extracted_emails.js] Parsed: parsed-INBOX-uid-6787.json
2026-04-19T01:31:15.448Z [LOG] [parse_extracted_emails.js] Parsed: parsed-INBOX-uid-6788.json
2026-04-19T01:31:15.448Z [LOG] [parse_extracted_emails.js] Parsed: parsed-INBOX-uid-6789.json
2026-04-19T01:31:15.448Z [LOG] [parse_extracted_emails.js] Parsed: parsed-INBOX-uid-6790.json
2026-04-19T01:31:15.448Z [LOG] [parse_extracted_emails.js] Parsed: parsed-INBOX-uid-6791.json
2026-04-19T01:31:15.448Z [LOG] [parse_extracted_emails.js] Parsed: parsed-INBOX-uid-6792.json
2026-04-19T01:31:15.448Z [LOG] [parse_extracted_emails.js] Parsed: parsed-INBOX-uid-6793.json
2026-04-19T01:31:15.448Z [LOG] [parse_extracted_emails.js] Parsed: parsed-INBOX-uid-6794.json
2026-04-19T01:31:15.448Z [LOG] [parse_extracted_emails.js] Parsed: parsed-INBOX-uid-6795.json
2026-04-19T01:31:15.448Z [LOG] [parse_extracted_emails.js] Parsed: parsed-INBOX-uid-6796.json
2026-04-19T01:31:15.448Z [LOG] [parse_extracted_emails.js] Parsed: parsed-INBOX-uid-6797.json
2026-04-19T01:31:15.448Z [LOG] [parse_extracted_emails.js] Parsed: parsed-INBOX-uid-6798.json
2026-04-19T01:31:15.448Z [LOG] [parse_extracted_emails.js] Parsed: parsed-INBOX-uid-6799.json
2026-04-19T01:31:15.448Z [LOG] [parse_extracted_emails.js] Parsed: parsed-INBOX-uid-6800.json
2026-04-19T01:31:15.448Z [LOG] [parse_extracted_emails.js] Parsed: parsed-INBOX-uid-6801.json
2026-04-19T01:31:15.448Z [LOG] [parse_extracted_emails.js] Parsed: parsed-INBOX-uid-6802.json
2026-04-19T01:31:15.448Z [LOG] [parse_extracted_emails.js] Parsed: parsed-INBOX-uid-6803.json
2026-04-19T01:31:15.448Z [LOG] [parse_extracted_emails.js] Parsed: parsed-INBOX-uid-6804.json
2026-04-19T01:31:15.448Z [LOG] [parse_extracted_emails.js] Parsed: parsed-INBOX-uid-6805.json
2026-04-19T01:31:15.448Z [LOG] [parse_extracted_emails.js] Parsed: parsed-INBOX-uid-6806.json
2026-04-19T01:31:15.448Z [LOG] [parse_extracted_emails.js] Parsed: parsed-INBOX-uid-6807.json
2026-04-19T01:31:15.448Z [LOG] [parse_extracted_emails.js] Parsed: parsed-INBOX-uid-6808.json
2026-04-19T01:31:15.448Z [LOG] [parse_extracted_emails.js] Parsed: parsed-INBOX-uid-6809.json
2026-04-19T01:31:15.448Z [LOG] [parse_extracted_emails.js] Parsed: parsed-INBOX-uid-6810.json
2026-04-19T01:31:15.448Z [LOG] [parse_extracted_emails.js] Parsed: parsed-INBOX-uid-6811.json
2026-04-19T01:31:15.448Z [LOG] [parse_extracted_emails.js] Parsed: parsed-INBOX-uid-6812.json
2026-04-19T01:31:15.448Z [LOG] [parse_extracted_emails.js] Parsed: parsed-INBOX-uid-6813.json
2026-04-19T01:31:15.448Z [LOG] [parse_extracted_emails.js] Parsed: parsed-INBOX-uid-6814.json
2026-04-19T01:31:15.448Z [LOG] [parse_extracted_emails.js] Parsed: parsed-INBOX-uid-6815.json
2026-04-19T01:31:15.448Z [LOG] [parse_extracted_emails.js] Parsed: parsed-INBOX-uid-6816.json
2026-04-19T01:31:15.448Z [LOG] [parse_extracted_emails.js] Parsed: parsed-INBOX-uid-6817.json
2026-04-19T01:31:15.449Z [LOG] [parse_extracted_emails.js] Parsed: parsed-INBOX-uid-6818.json
2026-04-19T01:31:15.449Z [LOG] [parse_extracted_emails.js] Parsed: parsed-INBOX-uid-6819.json
2026-04-19T01:31:15.449Z [LOG] [parse_extracted_emails.js] Parsed: parsed-INBOX-uid-6820.json
2026-04-19T01:31:15.449Z [LOG] [parse_extracted_emails.js] Parsed: parsed-INBOX-uid-6821.json
2026-04-19T01:31:15.449Z [LOG] [parse_extracted_emails.js] Parsed: parsed-INBOX-uid-6822.json
2026-04-19T01:31:15.449Z [LOG] [parse_extracted_emails.js] Parsed: parsed-INBOX-uid-6823.json
2026-04-19T01:31:15.449Z [LOG] [parse_extracted_emails.js] Parsed: parsed-INBOX-uid-6824.json
2026-04-19T01:31:15.449Z [LOG] [parse_extracted_emails.js] Parsed: parsed-INBOX-uid-6825.json
2026-04-19T01:31:15.449Z [LOG] [parse_extracted_emails.js] Parsed: parsed-INBOX-uid-6826.json
2026-04-19T01:31:15.449Z [LOG] [parse_extracted_emails.js] Parsed: parsed-INBOX-uid-6827.json
2026-04-19T01:31:15.449Z [LOG] [parse_extracted_emails.js] Parsed: parsed-INBOX-uid-6828.json
2026-04-19T01:31:15.449Z [LOG] [parse_extracted_emails.js] Parsed: parsed-INBOX-uid-6829.json
2026-04-19T01:31:15.449Z [LOG] [parse_extracted_emails.js] Parsed: parsed-INBOX-uid-6830.json
2026-04-19T01:31:15.449Z [LOG] [parse_extracted_emails.js] Parsed: parsed-INBOX-uid-6831.json
2026-04-19T01:31:15.449Z [LOG] [parse_extracted_emails.js] Parsed: parsed-INBOX-uid-6832.json
2026-04-19T01:31:15.449Z [LOG] [parse_extracted_emails.js] Parsed: parsed-INBOX-uid-6833.json
2026-04-19T01:31:15.449Z [LOG] [parse_extracted_emails.js] Parsed: parsed-INBOX-uid-6834.json
2026-04-19T01:31:15.449Z [LOG] [parse_extracted_emails.js] Parsed: parsed-INBOX-uid-6835.json
2026-04-19T01:31:15.449Z [LOG] [parse_extracted_emails.js] Parsed: parsed-INBOX-uid-6836.json
2026-04-19T01:31:15.449Z [LOG] [parse_extracted_emails.js] Parsed: parsed-INBOX-uid-6837.json
2026-04-19T01:31:15.449Z [LOG] [parse_extracted_emails.js] Parsed: parsed-INBOX-uid-6838.json
2026-04-19T01:31:15.449Z [LOG] [parse_extracted_emails.js] Parsed: parsed-INBOX-uid-6839.json
2026-04-19T01:31:15.449Z [LOG] [parse_extracted_emails.js] Parsed: parsed-INBOX-uid-6840.json
2026-04-19T01:31:15.449Z [LOG] [parse_extracted_emails.js] Parsed: parsed-INBOX-uid-6841.json
2026-04-19T01:31:15.449Z [LOG] [parse_extracted_emails.js] Parsed: parsed-INBOX-uid-6842.json
2026-04-19T01:31:15.449Z [LOG] [parse_extracted_emails.js] Parsed: parsed-INBOX-uid-6843.json
2026-04-19T01:31:15.449Z [LOG] [parse_extracted_emails.js] Parsed: parsed-INBOX-uid-6844.json
2026-04-19T01:31:15.449Z [LOG] [parse_extracted_emails.js] Parsed: parsed-INBOX-uid-6845.json
2026-04-19T01:31:15.449Z [LOG] [parse_extracted_emails.js] Parsed: parsed-INBOX-uid-6846.json
2026-04-19T01:31:15.449Z [LOG] [parse_extracted_emails.js] Parsed: parsed-INBOX-uid-6847.json
2026-04-19T01:31:15.449Z [LOG] [parse_extracted_emails.js] Parsed: parsed-INBOX-uid-6848.json
2026-04-19T01:31:15.449Z [LOG] [parse_extracted_emails.js] Parsed: parsed-INBOX-uid-6849.json
2026-04-19T01:31:15.449Z [LOG] [parse_extracted_emails.js] Parsed: parsed-INBOX-uid-6850.json
2026-04-19T01:31:15.449Z [LOG] [parse_extracted_emails.js] Parsed: parsed-INBOX-uid-6851.json
2026-04-19T01:31:15.449Z [LOG] [parse_extracted_emails.js] Parsed: parsed-INBOX-uid-6852.json
2026-04-19T01:31:15.449Z [LOG] [parse_extracted_emails.js] Parsed: parsed-INBOX-uid-6853.json
2026-04-19T01:31:15.449Z [LOG] [parse_extracted_emails.js] Parsed: parsed-INBOX-uid-6854.json
2026-04-19T01:31:15.449Z [LOG] [parse_extracted_emails.js] Parsed: parsed-INBOX-uid-6855.json
2026-04-19T01:31:15.449Z [LOG] [parse_extracted_emails.js] Parsed: parsed-INBOX-uid-6856.json
2026-04-19T01:31:15.449Z [LOG] [parse_extracted_emails.js] Parsed: parsed-INBOX-uid-6857.json
2026-04-19T01:31:15.449Z [LOG] [parse_extracted_emails.js] Parsed: parsed-INBOX-uid-6858.json
2026-04-19T01:31:15.449Z [LOG] [parse_extracted_emails.js] Parsed: parsed-INBOX-uid-6859.json
2026-04-19T01:31:15.449Z [LOG] [parse_extracted_emails.js] Parsed: parsed-INBOX-uid-6860.json
2026-04-19T01:31:15.449Z [LOG] [parse_extracted_emails.js] Parsed: parsed-INBOX-uid-6861.json
2026-04-19T01:31:15.449Z [LOG] [parse_extracted_emails.js] Parsed: parsed-INBOX-uid-6862.json
2026-04-19T01:31:15.449Z [LOG] [parse_extracted_emails.js] Parsed: parsed-INBOX-uid-6863.json
2026-04-19T01:31:15.449Z [LOG] [parse_extracted_emails.js] Parsed: parsed-INBOX-uid-6864.json
2026-04-19T01:31:15.449Z [LOG] [parse_extracted_emails.js] Parsed: parsed-INBOX-uid-6865.json
2026-04-19T01:31:15.449Z [LOG] [parse_extracted_emails.js] Parsed: parsed-INBOX-uid-6866.json
2026-04-19T01:31:15.449Z [LOG] [parse_extracted_emails.js] Parsed: parsed-INBOX-uid-6867.json
2026-04-19T01:31:15.449Z [LOG] [parse_extracted_emails.js] Parsed: parsed-INBOX-uid-6868.json
2026-04-19T01:31:15.449Z [LOG] [parse_extracted_emails.js] Parsed: parsed-INBOX-uid-6869.json
2026-04-19T01:31:15.449Z [LOG] [parse_extracted_emails.js] Parsed: parsed-INBOX-uid-6870.json
2026-04-19T01:31:15.449Z [LOG] [parse_extracted_emails.js] Parsed: parsed-INBOX-uid-6871.json
2026-04-19T01:31:15.449Z [LOG] [parse_extracted_emails.js] Parsed: parsed-INBOX-uid-6872.json
2026-04-19T01:31:15.449Z [LOG] [parse_extracted_emails.js] Parsed: parsed-INBOX-uid-6873.json
2026-04-19T01:31:15.449Z [LOG] [parse_extracted_emails.js] Parsed: parsed-INBOX-uid-6874.json
2026-04-19T01:31:15.449Z [LOG] [parse_extracted_emails.js] Parsed: parsed-INBOX-uid-6875.json
2026-04-19T01:31:15.443Z [LOG] parse summary: total=500, parsed=370, alreadyParsed=0, missingFields=130, invalidMessageType=0, missingParser=0, parseErrors=0
2026-04-19T01:31:15.449Z [LOG] [parse_extracted_emails.js] done
2026-04-19T01:31:15.449Z [LOG] [pipeline #1] new emails parsed: 370
2026-04-19T01:31:15.449Z [LOG] [build_cfs_csv_mawb.js] starting…
2026-04-19T01:31:15.511Z [LOG] Written 71 rows to CFS_mawb.csv
2026-04-19T01:31:15.513Z [LOG]   Rows with no FFM match (no flight data): 1
2026-04-19T01:31:15.516Z [LOG] [build_cfs_csv_mawb.js] done
2026-04-19T01:31:15.516Z [LOG] [build_cfs_csv_uld.js] starting…
2026-04-19T01:31:15.582Z [LOG] [build_cfs_csv_uld.js] Written 125 rows to /home/wesleywu9/tolead/NCAParser/server/data/outputs/parsed_tables/CFS_uld.csv
2026-04-19T01:31:15.582Z [LOG] [build_cfs_csv_uld.js]   Rows with no FFM match: 1
2026-04-19T01:31:15.582Z [LOG] [build_cfs_csv_uld.js]   Extra rows from MAWBs split across multiple ULDs: 54
2026-04-19T01:31:15.582Z [LOG] [build_cfs_csv_uld.js] done
2026-04-19T01:31:15.582Z [LOG] [build_cfs_csv_hawb.js] starting…
2026-04-19T01:31:15.640Z [LOG] Written 102 rows to CFS_hawb.csv
2026-04-19T01:31:15.642Z [LOG]   HAWB rows: 86
2026-04-19T01:31:15.642Z [LOG]   MAWB-only rows: 16
2026-04-19T01:31:15.642Z [LOG]   Rows with no FFM match (no flight data): 1
2026-04-19T01:31:15.645Z [LOG] [build_cfs_csv_hawb.js] done
2026-04-19T01:31:15.645Z [LOG] [upload_tables_to_sheets.js] starting…
2026-04-19T01:31:15.699Z [LOG] [mawb] Clearing 'CFS_by_MAWB'!A:AH …
2026-04-19T01:31:16.585Z [LOG] [mawb] Writing 72 rows → 'CFS_by_MAWB'!A1 …
2026-04-19T01:31:18.958Z [LOG] [mawb] Applied sheet formatting and sorting
2026-04-19T01:31:18.958Z [LOG] [mawb] Done — 71 data rows uploaded.
2026-04-19T01:31:18.959Z [LOG] [uld] Clearing 'CFS_by_ULD'!A:AH …
2026-04-19T01:31:19.658Z [LOG] [uld] Writing 126 rows → 'CFS_by_ULD'!A1 …
2026-04-19T01:31:21.081Z [LOG] [uld] Applied sheet formatting and sorting
2026-04-19T01:31:21.081Z [LOG] [uld] Done — 125 data rows uploaded.
2026-04-19T01:31:21.081Z [LOG] [hawb] Clearing 'CFS_by_HAWB'!A:AH …
2026-04-19T01:31:21.560Z [LOG] [hawb] Writing 103 rows → 'CFS_by_HAWB'!A1 …
2026-04-19T01:31:23.138Z [LOG] [hawb] Applied sheet formatting and sorting
2026-04-19T01:31:23.138Z [LOG] [hawb] Done — 102 data rows uploaded.
2026-04-19T01:31:23.143Z [LOG] [upload_tables_to_sheets.js] done
2026-04-19T01:31:23.143Z [LOG] [pipeline #1] pipeline complete
2026-04-19T01:36:29.607Z [LOG] Pipeline polling every 600s. Press Ctrl+C to stop.
2026-04-19T01:36:29.609Z [LOG] ────────────────────────────────────────────────────────────
2026-04-19T01:36:29.609Z [LOG] [pipeline #1] 2026-04-19T01:36:29.609Z
2026-04-19T01:36:29.609Z [LOG] [extract_emails.js] starting…
