2026-04-21T00:01:04.504Z [LOG] ────────────────────────────────────────────────────────────
2026-04-21T00:01:04.504Z [LOG] [pipeline #64] 2026-04-21T00:01:04.504Z
2026-04-21T00:01:04.504Z [LOG] [extract_emails.js] starting…
2026-04-21T00:01:08.130Z [LOG] extracted 0 email(s) this run
2026-04-21T00:01:08.389Z [LOG] extraction finished
2026-04-21T00:01:08.396Z [LOG] [extract_emails.js] done
2026-04-21T00:01:08.396Z [LOG] [pipeline #64] new emails extracted: 0
2026-04-21T00:01:08.396Z [LOG] [parse_extracted_emails.js] starting…
2026-04-21T00:01:08.441Z [LOG] parse summary: total=1864, parsed=0, alreadyParsed=1621, missingFields=243, invalidMessageType=0, missingParser=0, parseErrors=0
2026-04-21T00:01:08.446Z [LOG] [parse_extracted_emails.js] done
2026-04-21T00:01:08.446Z [LOG] [pipeline #64] new emails parsed: 0
2026-04-21T00:01:08.446Z [LOG] [pipeline #64] no new data — skipping CSV rebuild and Sheets upload
2026-04-21T00:06:04.508Z [LOG] ────────────────────────────────────────────────────────────
2026-04-21T00:06:04.508Z [LOG] [pipeline #65] 2026-04-21T00:06:04.508Z
2026-04-21T00:06:04.508Z [LOG] [extract_emails.js] starting…
2026-04-21T00:06:07.936Z [LOG] extracted 0 email(s) this run
2026-04-21T00:06:08.161Z [LOG] extraction finished
2026-04-21T00:06:08.168Z [LOG] [extract_emails.js] done
2026-04-21T00:06:08.168Z [LOG] [pipeline #65] new emails extracted: 0
2026-04-21T00:06:08.168Z [LOG] [parse_extracted_emails.js] starting…
2026-04-21T00:06:08.209Z [LOG] parse summary: total=1864, parsed=0, alreadyParsed=1621, missingFields=243, invalidMessageType=0, missingParser=0, parseErrors=0
2026-04-21T00:06:08.213Z [LOG] [parse_extracted_emails.js] done
2026-04-21T00:06:08.213Z [LOG] [pipeline #65] new emails parsed: 0
2026-04-21T00:06:08.213Z [LOG] [pipeline #65] no new data — skipping CSV rebuild and Sheets upload
2026-04-21T00:11:04.508Z [LOG] ────────────────────────────────────────────────────────────
2026-04-21T00:11:04.509Z [LOG] [pipeline #66] 2026-04-21T00:11:04.509Z
2026-04-21T00:11:04.509Z [LOG] [extract_emails.js] starting…
2026-04-21T00:11:08.114Z [LOG] extracted 0 email(s) this run
2026-04-21T00:11:08.380Z [LOG] extraction finished
2026-04-21T00:11:08.387Z [LOG] [extract_emails.js] done
2026-04-21T00:11:08.387Z [LOG] [pipeline #66] new emails extracted: 0
2026-04-21T00:11:08.387Z [LOG] [parse_extracted_emails.js] starting…
2026-04-21T00:11:08.429Z [LOG] parse summary: total=1864, parsed=0, alreadyParsed=1621, missingFields=243, invalidMessageType=0, missingParser=0, parseErrors=0
2026-04-21T00:11:08.432Z [LOG] [parse_extracted_emails.js] done
2026-04-21T00:11:08.432Z [LOG] [pipeline #66] new emails parsed: 0
2026-04-21T00:11:08.432Z [LOG] [pipeline #66] no new data — skipping CSV rebuild and Sheets upload
2026-04-21T00:16:04.512Z [LOG] ────────────────────────────────────────────────────────────
2026-04-21T00:16:04.512Z [LOG] [pipeline #67] 2026-04-21T00:16:04.512Z
2026-04-21T00:16:04.512Z [LOG] [extract_emails.js] starting…
2026-04-21T00:16:08.379Z [LOG] extracted 0 email(s) this run
2026-04-21T00:16:08.647Z [LOG] extraction finished
2026-04-21T00:16:08.653Z [LOG] [extract_emails.js] done
2026-04-21T00:16:08.653Z [LOG] [pipeline #67] new emails extracted: 0
2026-04-21T00:16:08.653Z [LOG] [parse_extracted_emails.js] starting…
2026-04-21T00:16:08.696Z [LOG] parse summary: total=1864, parsed=0, alreadyParsed=1621, missingFields=243, invalidMessageType=0, missingParser=0, parseErrors=0
2026-04-21T00:16:08.700Z [LOG] [parse_extracted_emails.js] done
2026-04-21T00:16:08.700Z [LOG] [pipeline #67] new emails parsed: 0
2026-04-21T00:16:08.700Z [LOG] [pipeline #67] no new data — skipping CSV rebuild and Sheets upload
2026-04-21T00:21:04.514Z [LOG] ────────────────────────────────────────────────────────────
2026-04-21T00:21:04.514Z [LOG] [pipeline #68] 2026-04-21T00:21:04.514Z
2026-04-21T00:21:04.514Z [LOG] [extract_emails.js] starting…
2026-04-21T00:21:09.652Z [LOG] [extract_emails.js] Extracted: INBOX-uid-7071.json
2026-04-21T00:21:09.652Z [LOG] [extract_emails.js] Extracted: INBOX-uid-7070.json
2026-04-21T00:21:09.405Z [LOG] extracted 2 email(s) this run
2026-04-21T00:21:09.645Z [LOG] extraction finished
2026-04-21T00:21:09.652Z [LOG] [extract_emails.js] done
2026-04-21T00:21:09.652Z [LOG] [pipeline #68] new emails extracted: 2
2026-04-21T00:21:09.652Z [LOG] [parse_extracted_emails.js] starting…
2026-04-21T00:21:09.698Z [LOG] parse summary: total=1866, parsed=0, alreadyParsed=1621, missingFields=245, invalidMessageType=0, missingParser=0, parseErrors=0
2026-04-21T00:21:09.704Z [LOG] [parse_extracted_emails.js] done
2026-04-21T00:21:09.704Z [LOG] [pipeline #68] new emails parsed: 0
2026-04-21T00:21:09.704Z [LOG] [build_cfs_csv_mawb.js] starting…
2026-04-21T00:21:09.922Z [LOG] Written 401 rows to CFS_mawb.csv
2026-04-21T00:21:09.925Z [LOG]   Rows with no FFM match (no flight data): 3
2026-04-21T00:21:09.930Z [LOG] [build_cfs_csv_mawb.js] done
2026-04-21T00:21:09.930Z [LOG] [build_cfs_csv_uld.js] starting…
2026-04-21T00:21:10.113Z [LOG] [build_cfs_csv_uld.js] Written 721 rows to /home/wesleywu9/tolead/NCAParser/server/data/outputs/parsed_tables/CFS_uld.csv
2026-04-21T00:21:10.114Z [LOG] [build_cfs_csv_uld.js]   Rows with no FFM match: 3
2026-04-21T00:21:10.114Z [LOG] [build_cfs_csv_uld.js]   Extra rows from MAWBs split across multiple ULDs: 320
2026-04-21T00:21:10.114Z [LOG] [build_cfs_csv_uld.js] done
2026-04-21T00:21:10.114Z [LOG] [build_cfs_csv_hawb.js] starting…
2026-04-21T00:21:10.299Z [LOG] Written 812 rows to CFS_hawb.csv
2026-04-21T00:21:10.301Z [LOG]   HAWB rows: 719
2026-04-21T00:21:10.301Z [LOG]   MAWB-only rows: 93
2026-04-21T00:21:10.305Z [LOG] [build_cfs_csv_hawb.js] done
2026-04-21T00:21:10.305Z [LOG] [upload_tables_to_sheets.js] starting…
2026-04-21T00:21:10.357Z [LOG] [mawb] Clearing 'CFS_by_MAWB'!A:AH …
2026-04-21T00:21:11.161Z [LOG] [mawb] Writing 402 rows → 'CFS_by_MAWB'!A1 …
2026-04-21T00:21:13.720Z [LOG] [mawb] Applied sheet formatting and sorting
2026-04-21T00:21:13.720Z [LOG] [mawb] Done — 401 data rows uploaded.
2026-04-21T00:21:13.722Z [LOG] [uld] Clearing 'CFS_by_ULD'!A:AH …
2026-04-21T00:21:14.248Z [LOG] [uld] Writing 722 rows → 'CFS_by_ULD'!A1 …
2026-04-21T00:21:17.302Z [LOG] [uld] Applied sheet formatting and sorting
2026-04-21T00:21:18.436Z [LOG] [uld] Applied ULD grouping formatting (641 ULD blocks)
2026-04-21T00:21:18.437Z [LOG] [uld] Done — 721 data rows uploaded.
2026-04-21T00:21:18.440Z [LOG] [hawb] Clearing 'CFS_by_HAWB'!A:AH …
2026-04-21T00:21:18.838Z [LOG] [hawb] Writing 813 rows → 'CFS_by_HAWB'!A1 …
2026-04-21T00:21:21.091Z [LOG] [hawb] Applied sheet formatting and sorting
2026-04-21T00:21:21.809Z [LOG] [hawb] Applied MAWB grouping formatting (402 MAWB blocks)
2026-04-21T00:21:21.809Z [LOG] [hawb] Done — 812 data rows uploaded.
2026-04-21T00:21:21.817Z [LOG] [upload_tables_to_sheets.js] done
2026-04-21T00:21:21.817Z [LOG] [pipeline #68] pipeline complete
2026-04-21T00:26:04.521Z [LOG] ────────────────────────────────────────────────────────────
2026-04-21T00:26:04.521Z [LOG] [pipeline #69] 2026-04-21T00:26:04.521Z
2026-04-21T00:26:04.521Z [LOG] [extract_emails.js] starting…
2026-04-21T00:26:07.957Z [LOG] extracted 0 email(s) this run
2026-04-21T00:26:08.235Z [LOG] extraction finished
2026-04-21T00:26:08.242Z [LOG] [extract_emails.js] done
2026-04-21T00:26:08.242Z [LOG] [pipeline #69] new emails extracted: 0
2026-04-21T00:26:08.242Z [LOG] [parse_extracted_emails.js] starting…
2026-04-21T00:26:08.281Z [LOG] parse summary: total=1866, parsed=0, alreadyParsed=1621, missingFields=245, invalidMessageType=0, missingParser=0, parseErrors=0
2026-04-21T00:26:08.285Z [LOG] [parse_extracted_emails.js] done
2026-04-21T00:26:08.285Z [LOG] [pipeline #69] new emails parsed: 0
2026-04-21T00:26:08.285Z [LOG] [pipeline #69] no new data — skipping CSV rebuild and Sheets upload
2026-04-21T00:31:04.523Z [LOG] ────────────────────────────────────────────────────────────
2026-04-21T00:31:04.523Z [LOG] [pipeline #70] 2026-04-21T00:31:04.523Z
2026-04-21T00:31:04.523Z [LOG] [extract_emails.js] starting…
2026-04-21T00:31:08.008Z [LOG] extracted 0 email(s) this run
2026-04-21T00:31:08.279Z [LOG] extraction finished
2026-04-21T00:31:08.286Z [LOG] [extract_emails.js] done
2026-04-21T00:31:08.286Z [LOG] [pipeline #70] new emails extracted: 0
2026-04-21T00:31:08.286Z [LOG] [parse_extracted_emails.js] starting…
2026-04-21T00:31:08.327Z [LOG] parse summary: total=1866, parsed=0, alreadyParsed=1621, missingFields=245, invalidMessageType=0, missingParser=0, parseErrors=0
2026-04-21T00:31:08.331Z [LOG] [parse_extracted_emails.js] done
2026-04-21T00:31:08.331Z [LOG] [pipeline #70] new emails parsed: 0
2026-04-21T00:31:08.331Z [LOG] [pipeline #70] no new data — skipping CSV rebuild and Sheets upload
2026-04-21T00:36:04.527Z [LOG] ────────────────────────────────────────────────────────────
2026-04-21T00:36:04.527Z [LOG] [pipeline #71] 2026-04-21T00:36:04.527Z
2026-04-21T00:36:04.527Z [LOG] [extract_emails.js] starting…
2026-04-21T00:36:08.540Z [LOG] extracted 0 email(s) this run
2026-04-21T00:36:08.773Z [LOG] extraction finished
2026-04-21T00:36:08.781Z [LOG] [extract_emails.js] done
2026-04-21T00:36:08.781Z [LOG] [pipeline #71] new emails extracted: 0
2026-04-21T00:36:08.781Z [LOG] [parse_extracted_emails.js] starting…
2026-04-21T00:36:08.821Z [LOG] parse summary: total=1866, parsed=0, alreadyParsed=1621, missingFields=245, invalidMessageType=0, missingParser=0, parseErrors=0
2026-04-21T00:36:08.825Z [LOG] [parse_extracted_emails.js] done
2026-04-21T00:36:08.825Z [LOG] [pipeline #71] new emails parsed: 0
2026-04-21T00:36:08.825Z [LOG] [pipeline #71] no new data — skipping CSV rebuild and Sheets upload
2026-04-21T00:41:04.530Z [LOG] ────────────────────────────────────────────────────────────
2026-04-21T00:41:04.531Z [LOG] [pipeline #72] 2026-04-21T00:41:04.531Z
2026-04-21T00:41:04.531Z [LOG] [extract_emails.js] starting…
2026-04-21T00:41:08.375Z [LOG] extracted 0 email(s) this run
2026-04-21T00:41:08.608Z [LOG] extraction finished
2026-04-21T00:41:08.615Z [LOG] [extract_emails.js] done
2026-04-21T00:41:08.615Z [LOG] [pipeline #72] new emails extracted: 0
2026-04-21T00:41:08.615Z [LOG] [parse_extracted_emails.js] starting…
2026-04-21T00:41:08.665Z [LOG] parse summary: total=1866, parsed=0, alreadyParsed=1621, missingFields=245, invalidMessageType=0, missingParser=0, parseErrors=0
2026-04-21T00:41:08.669Z [LOG] [parse_extracted_emails.js] done
2026-04-21T00:41:08.669Z [LOG] [pipeline #72] new emails parsed: 0
2026-04-21T00:41:08.669Z [LOG] [pipeline #72] no new data — skipping CSV rebuild and Sheets upload
2026-04-21T00:46:04.534Z [LOG] ────────────────────────────────────────────────────────────
2026-04-21T00:46:04.535Z [LOG] [pipeline #73] 2026-04-21T00:46:04.535Z
2026-04-21T00:46:04.535Z [LOG] [extract_emails.js] starting…
2026-04-21T00:46:08.263Z [LOG] extracted 0 email(s) this run
2026-04-21T00:46:08.558Z [LOG] extraction finished
2026-04-21T00:46:08.565Z [LOG] [extract_emails.js] done
2026-04-21T00:46:08.565Z [LOG] [pipeline #73] new emails extracted: 0
2026-04-21T00:46:08.565Z [LOG] [parse_extracted_emails.js] starting…
2026-04-21T00:46:08.606Z [LOG] parse summary: total=1866, parsed=0, alreadyParsed=1621, missingFields=245, invalidMessageType=0, missingParser=0, parseErrors=0
2026-04-21T00:46:08.610Z [LOG] [parse_extracted_emails.js] done
2026-04-21T00:46:08.610Z [LOG] [pipeline #73] new emails parsed: 0
2026-04-21T00:46:08.610Z [LOG] [pipeline #73] no new data — skipping CSV rebuild and Sheets upload
2026-04-21T00:51:04.538Z [LOG] ────────────────────────────────────────────────────────────
2026-04-21T00:51:04.539Z [LOG] [pipeline #74] 2026-04-21T00:51:04.539Z
2026-04-21T00:51:04.539Z [LOG] [extract_emails.js] starting…
2026-04-21T00:51:08.005Z [LOG] extracted 0 email(s) this run
2026-04-21T00:51:08.355Z [LOG] extraction finished
2026-04-21T00:51:08.361Z [LOG] [extract_emails.js] done
2026-04-21T00:51:08.361Z [LOG] [pipeline #74] new emails extracted: 0
2026-04-21T00:51:08.361Z [LOG] [parse_extracted_emails.js] starting…
2026-04-21T00:51:08.403Z [LOG] parse summary: total=1866, parsed=0, alreadyParsed=1621, missingFields=245, invalidMessageType=0, missingParser=0, parseErrors=0
2026-04-21T00:51:08.407Z [LOG] [parse_extracted_emails.js] done
2026-04-21T00:51:08.407Z [LOG] [pipeline #74] new emails parsed: 0
2026-04-21T00:51:08.407Z [LOG] [pipeline #74] no new data — skipping CSV rebuild and Sheets upload
2026-04-21T00:56:04.543Z [LOG] ────────────────────────────────────────────────────────────
2026-04-21T00:56:04.543Z [LOG] [pipeline #75] 2026-04-21T00:56:04.543Z
2026-04-21T00:56:04.543Z [LOG] [extract_emails.js] starting…
2026-04-21T00:56:08.103Z [LOG] extracted 0 email(s) this run
2026-04-21T00:56:08.371Z [LOG] extraction finished
2026-04-21T00:56:08.378Z [LOG] [extract_emails.js] done
2026-04-21T00:56:08.378Z [LOG] [pipeline #75] new emails extracted: 0
2026-04-21T00:56:08.378Z [LOG] [parse_extracted_emails.js] starting…
2026-04-21T00:56:08.420Z [LOG] parse summary: total=1866, parsed=0, alreadyParsed=1621, missingFields=245, invalidMessageType=0, missingParser=0, parseErrors=0
2026-04-21T00:56:08.424Z [LOG] [parse_extracted_emails.js] done
2026-04-21T00:56:08.424Z [LOG] [pipeline #75] new emails parsed: 0
2026-04-21T00:56:08.424Z [LOG] [pipeline #75] no new data — skipping CSV rebuild and Sheets upload
2026-04-21T00:59:49.160Z [WARN] Received SIGINT; shutting down pipeline...
2026-04-21T01:00:59.070Z [LOG] ────────────────────────────────────────────────────────────
2026-04-21T01:00:59.071Z [LOG] [pipeline #1] 2026-04-21T01:00:59.071Z
2026-04-21T01:00:59.072Z [LOG] [extract_emails.js] starting…
2026-04-21T01:01:04.516Z [LOG] [extract_emails.js] Extracted: INBOX-uid-7073.json
2026-04-21T01:01:04.516Z [LOG] [extract_emails.js] Extracted: INBOX-uid-7072.json
2026-04-21T01:01:04.242Z [LOG] extracted 2 email(s) this run
2026-04-21T01:01:04.508Z [LOG] extraction finished
2026-04-21T01:01:04.516Z [LOG] [extract_emails.js] done
2026-04-21T01:01:04.517Z [LOG] [pipeline #1] new emails extracted: 2
2026-04-21T01:01:04.517Z [LOG] [parse_extracted_emails.js] starting…
2026-04-21T01:01:32.361Z [LOG] [parse_extracted_emails.js] Parsed: parsed-INBOX-uid-1001.json
2026-04-21T01:01:32.361Z [LOG] [parse_extracted_emails.js] Parsed: parsed-INBOX-uid-1002.json
2026-04-21T01:01:32.361Z [LOG] [parse_extracted_emails.js] Parsed: parsed-INBOX-uid-1004.json
2026-04-21T01:01:32.361Z [LOG] [parse_extracted_emails.js] Parsed: parsed-INBOX-uid-1005.json
2026-04-21T01:01:32.361Z [LOG] [parse_extracted_emails.js] Parsed: parsed-INBOX-uid-1006.json
2026-04-21T01:01:32.361Z [LOG] [parse_extracted_emails.js] Parsed: parsed-INBOX-uid-1007.json
2026-04-21T01:01:32.361Z [LOG] [parse_extracted_emails.js] Parsed: parsed-INBOX-uid-1008.json
2026-04-21T01:01:32.361Z [LOG] [parse_extracted_emails.js] Parsed: parsed-INBOX-uid-1009.json
2026-04-21T01:01:32.361Z [LOG] [parse_extracted_emails.js] Parsed: parsed-INBOX-uid-1010.json
2026-04-21T01:01:32.361Z [LOG] [parse_extracted_emails.js] Parsed: parsed-INBOX-uid-1014.json
2026-04-21T01:01:32.361Z [LOG] [parse_extracted_emails.js] Parsed: parsed-INBOX-uid-1020.json
2026-04-21T01:01:32.361Z [LOG] [parse_extracted_emails.js] Parsed: parsed-INBOX-uid-1021.json
2026-04-21T01:01:32.361Z [LOG] [parse_extracted_emails.js] Parsed: parsed-INBOX-uid-1022.json
2026-04-21T01:01:32.361Z [LOG] [parse_extracted_emails.js] Parsed: parsed-INBOX-uid-1023.json
2026-04-21T01:01:32.361Z [LOG] [parse_extracted_emails.js] Parsed: parsed-INBOX-uid-1264.json
2026-04-21T01:01:32.361Z [LOG] [parse_extracted_emails.js] Parsed: parsed-INBOX-uid-1265.json
2026-04-21T01:01:32.361Z [LOG] [parse_extracted_emails.js] Parsed: parsed-INBOX-uid-1266.json
2026-04-21T01:01:32.361Z [LOG] [parse_extracted_emails.js] Parsed: parsed-INBOX-uid-1339.json
2026-04-21T01:01:32.361Z [LOG] [parse_extracted_emails.js] Parsed: parsed-INBOX-uid-1340.json
2026-04-21T01:01:32.361Z [LOG] [parse_extracted_emails.js] Parsed: parsed-INBOX-uid-1341.json
2026-04-21T01:01:32.361Z [LOG] [parse_extracted_emails.js] Parsed: parsed-INBOX-uid-1342.json
2026-04-21T01:01:32.361Z [LOG] [parse_extracted_emails.js] Parsed: parsed-INBOX-uid-1343.json
2026-04-21T01:01:32.361Z [LOG] [parse_extracted_emails.js] Parsed: parsed-INBOX-uid-1344.json
2026-04-21T01:01:32.361Z [LOG] [parse_extracted_emails.js] Parsed: parsed-INBOX-uid-1345.json
2026-04-21T01:01:32.361Z [LOG] [parse_extracted_emails.js] Parsed: parsed-INBOX-uid-1346.json
2026-04-21T01:01:32.361Z [LOG] [parse_extracted_emails.js] Parsed: parsed-INBOX-uid-1347.json
2026-04-21T01:01:32.361Z [LOG] [parse_extracted_emails.js] Parsed: parsed-INBOX-uid-1348.json
2026-04-21T01:01:32.361Z [LOG] [parse_extracted_emails.js] Parsed: parsed-INBOX-uid-1349.json
2026-04-21T01:01:32.361Z [LOG] [parse_extracted_emails.js] Parsed: parsed-INBOX-uid-1350.json
2026-04-21T01:01:32.361Z [LOG] [parse_extracted_emails.js] Parsed: parsed-INBOX-uid-1351.json
2026-04-21T01:01:32.361Z [LOG] [parse_extracted_emails.js] Parsed: parsed-INBOX-uid-1352.json
2026-04-21T01:01:32.361Z [LOG] [parse_extracted_emails.js] Parsed: parsed-INBOX-uid-1353.json
2026-04-21T01:01:32.361Z [LOG] [parse_extracted_emails.js] Parsed: parsed-INBOX-uid-1354.json
2026-04-21T01:01:32.361Z [LOG] [parse_extracted_emails.js] Parsed: parsed-INBOX-uid-1407.json
2026-04-21T01:01:32.361Z [LOG] [parse_extracted_emails.js] Parsed: parsed-INBOX-uid-1408.json
2026-04-21T01:01:32.361Z [LOG] [parse_extracted_emails.js] Parsed: parsed-INBOX-uid-1409.json
2026-04-21T01:01:32.361Z [LOG] [parse_extracted_emails.js] Parsed: parsed-INBOX-uid-1410.json
2026-04-21T01:01:32.361Z [LOG] [parse_extracted_emails.js] Parsed: parsed-INBOX-uid-1411.json
2026-04-21T01:01:32.361Z [LOG] [parse_extracted_emails.js] Parsed: parsed-INBOX-uid-1412.json
2026-04-21T01:01:32.362Z [LOG] [parse_extracted_emails.js] Parsed: parsed-INBOX-uid-1413.json
2026-04-21T01:01:32.362Z [LOG] [parse_extracted_emails.js] Parsed: parsed-INBOX-uid-1414.json
2026-04-21T01:01:32.362Z [LOG] [parse_extracted_emails.js] Parsed: parsed-INBOX-uid-1415.json
2026-04-21T01:01:32.362Z [LOG] [parse_extracted_emails.js] Parsed: parsed-INBOX-uid-1416.json
2026-04-21T01:01:32.362Z [LOG] [parse_extracted_emails.js] Parsed: parsed-INBOX-uid-1417.json
2026-04-21T01:01:32.362Z [LOG] [parse_extracted_emails.js] Parsed: parsed-INBOX-uid-1923.json
2026-04-21T01:01:32.362Z [LOG] [parse_extracted_emails.js] Parsed: parsed-INBOX-uid-1924.json
2026-04-21T01:01:32.362Z [LOG] [parse_extracted_emails.js] Parsed: parsed-INBOX-uid-1925.json
2026-04-21T01:01:32.362Z [LOG] [parse_extracted_emails.js] Parsed: parsed-INBOX-uid-1926.json
2026-04-21T01:01:32.362Z [LOG] [parse_extracted_emails.js] Parsed: parsed-INBOX-uid-1927.json
2026-04-21T01:01:32.362Z [LOG] [parse_extracted_emails.js] Parsed: parsed-INBOX-uid-1939.json
2026-04-21T01:01:32.362Z [LOG] [parse_extracted_emails.js] Parsed: parsed-INBOX-uid-1940.json
2026-04-21T01:01:32.362Z [LOG] [parse_extracted_emails.js] Parsed: parsed-INBOX-uid-1941.json
2026-04-21T01:01:32.362Z [LOG] [parse_extracted_emails.js] Parsed: parsed-INBOX-uid-1942.json
2026-04-21T01:01:32.362Z [LOG] [parse_extracted_emails.js] Parsed: parsed-INBOX-uid-1943.json
2026-04-21T01:01:32.362Z [LOG] [parse_extracted_emails.js] Parsed: parsed-INBOX-uid-1945.json
2026-04-21T01:01:32.362Z [LOG] [parse_extracted_emails.js] Parsed: parsed-INBOX-uid-1946.json
2026-04-21T01:01:32.362Z [LOG] [parse_extracted_emails.js] Parsed: parsed-INBOX-uid-1947.json
2026-04-21T01:01:32.362Z [LOG] [parse_extracted_emails.js] Parsed: parsed-INBOX-uid-1948.json
2026-04-21T01:01:32.362Z [LOG] [parse_extracted_emails.js] Parsed: parsed-INBOX-uid-1949.json
2026-04-21T01:01:32.362Z [LOG] [parse_extracted_emails.js] Parsed: parsed-INBOX-uid-1950.json
2026-04-21T01:01:32.362Z [LOG] [parse_extracted_emails.js] Parsed: parsed-INBOX-uid-1951.json
2026-04-21T01:01:32.362Z [LOG] [parse_extracted_emails.js] Parsed: parsed-INBOX-uid-1952.json
2026-04-21T01:01:32.362Z [LOG] [parse_extracted_emails.js] Parsed: parsed-INBOX-uid-1953.json
2026-04-21T01:01:32.362Z [LOG] [parse_extracted_emails.js] Parsed: parsed-INBOX-uid-1954.json
2026-04-21T01:01:32.362Z [LOG] [parse_extracted_emails.js] Parsed: parsed-INBOX-uid-1955.json
2026-04-21T01:01:32.362Z [LOG] [parse_extracted_emails.js] Parsed: parsed-INBOX-uid-1956.json
2026-04-21T01:01:32.362Z [LOG] [parse_extracted_emails.js] Parsed: parsed-INBOX-uid-1957.json
2026-04-21T01:01:32.362Z [LOG] [parse_extracted_emails.js] Parsed: parsed-INBOX-uid-1958.json
2026-04-21T01:01:32.362Z [LOG] [parse_extracted_emails.js] Parsed: parsed-INBOX-uid-1959.json
2026-04-21T01:01:32.362Z [LOG] [parse_extracted_emails.js] Parsed: parsed-INBOX-uid-1960.json
2026-04-21T01:01:32.362Z [LOG] [parse_extracted_emails.js] Parsed: parsed-INBOX-uid-1961.json
2026-04-21T01:01:32.362Z [LOG] [parse_extracted_emails.js] Parsed: parsed-INBOX-uid-1962.json
2026-04-21T01:01:32.362Z [LOG] [parse_extracted_emails.js] Parsed: parsed-INBOX-uid-1963.json
2026-04-21T01:01:32.362Z [LOG] [parse_extracted_emails.js] Parsed: parsed-INBOX-uid-1964.json
2026-04-21T01:01:32.362Z [LOG] [parse_extracted_emails.js] Parsed: parsed-INBOX-uid-1965.json
2026-04-21T01:01:32.362Z [LOG] [parse_extracted_emails.js] Parsed: parsed-INBOX-uid-1966.json
2026-04-21T01:01:32.362Z [LOG] [parse_extracted_emails.js] Parsed: parsed-INBOX-uid-1967.json
2026-04-21T01:01:32.362Z [LOG] [parse_extracted_emails.js] Parsed: parsed-INBOX-uid-1968.json
2026-04-21T01:01:32.362Z [LOG] [parse_extracted_emails.js] Parsed: parsed-INBOX-uid-1969.json
2026-04-21T01:01:32.362Z [LOG] [parse_extracted_emails.js] Parsed: parsed-INBOX-uid-1970.json
2026-04-21T01:01:32.362Z [LOG] [parse_extracted_emails.js] Parsed: parsed-INBOX-uid-1971.json
2026-04-21T01:01:32.362Z [LOG] [parse_extracted_emails.js] Parsed: parsed-INBOX-uid-1972.json
2026-04-21T01:01:32.362Z [LOG] [parse_extracted_emails.js] Parsed: parsed-INBOX-uid-1973.json
2026-04-21T01:01:32.362Z [LOG] [parse_extracted_emails.js] Parsed: parsed-INBOX-uid-3287.json
2026-04-21T01:01:32.362Z [LOG] [parse_extracted_emails.js] Parsed: parsed-INBOX-uid-3478.json
2026-04-21T01:01:32.362Z [LOG] [parse_extracted_emails.js] Parsed: parsed-INBOX-uid-3479.json
2026-04-21T01:01:32.362Z [LOG] [parse_extracted_emails.js] Parsed: parsed-INBOX-uid-3480.json
2026-04-21T01:01:32.362Z [LOG] [parse_extracted_emails.js] Parsed: parsed-INBOX-uid-3481.json
2026-04-21T01:01:32.362Z [LOG] [parse_extracted_emails.js] Parsed: parsed-INBOX-uid-3482.json
2026-04-21T01:01:32.362Z [LOG] [parse_extracted_emails.js] Parsed: parsed-INBOX-uid-3483.json
2026-04-21T01:01:32.362Z [LOG] [parse_extracted_emails.js] Parsed: parsed-INBOX-uid-3484.json
2026-04-21T01:01:32.362Z [LOG] [parse_extracted_emails.js] Parsed: parsed-INBOX-uid-3485.json
2026-04-21T01:01:32.362Z [LOG] [parse_extracted_emails.js] Parsed: parsed-INBOX-uid-3486.json
2026-04-21T01:01:32.362Z [LOG] [parse_extracted_emails.js] Parsed: parsed-INBOX-uid-3487.json
2026-04-21T01:01:32.362Z [LOG] [parse_extracted_emails.js] Parsed: parsed-INBOX-uid-3488.json
2026-04-21T01:01:32.362Z [LOG] [parse_extracted_emails.js] Parsed: parsed-INBOX-uid-3489.json
2026-04-21T01:01:32.362Z [LOG] [parse_extracted_emails.js] Parsed: parsed-INBOX-uid-3490.json
2026-04-21T01:01:32.362Z [LOG] [parse_extracted_emails.js] Parsed: parsed-INBOX-uid-3491.json
2026-04-21T01:01:32.362Z [LOG] [parse_extracted_emails.js] Parsed: parsed-INBOX-uid-3492.json
2026-04-21T01:01:32.362Z [LOG] [parse_extracted_emails.js] Parsed: parsed-INBOX-uid-3493.json
2026-04-21T01:01:32.362Z [LOG] [parse_extracted_emails.js] Parsed: parsed-INBOX-uid-3494.json
2026-04-21T01:01:32.362Z [LOG] [parse_extracted_emails.js] Parsed: parsed-INBOX-uid-3495.json
2026-04-21T01:01:32.362Z [LOG] [parse_extracted_emails.js] Parsed: parsed-INBOX-uid-3496.json
2026-04-21T01:01:32.362Z [LOG] [parse_extracted_emails.js] Parsed: parsed-INBOX-uid-3497.json
2026-04-21T01:01:32.362Z [LOG] [parse_extracted_emails.js] Parsed: parsed-INBOX-uid-4267.json
2026-04-21T01:01:32.362Z [LOG] [parse_extracted_emails.js] Parsed: parsed-INBOX-uid-4268.json
2026-04-21T01:01:32.362Z [LOG] [parse_extracted_emails.js] Parsed: parsed-INBOX-uid-4269.json
2026-04-21T01:01:32.362Z [LOG] [parse_extracted_emails.js] Parsed: parsed-INBOX-uid-4270.json
2026-04-21T01:01:32.362Z [LOG] [parse_extracted_emails.js] Parsed: parsed-INBOX-uid-4271.json
2026-04-21T01:01:32.362Z [LOG] [parse_extracted_emails.js] Parsed: parsed-INBOX-uid-4272.json
2026-04-21T01:01:32.362Z [LOG] [parse_extracted_emails.js] Parsed: parsed-INBOX-uid-4273.json
2026-04-21T01:01:32.362Z [LOG] [parse_extracted_emails.js] Parsed: parsed-INBOX-uid-4274.json
2026-04-21T01:01:32.362Z [LOG] [parse_extracted_emails.js] Parsed: parsed-INBOX-uid-4275.json
2026-04-21T01:01:32.362Z [LOG] [parse_extracted_emails.js] Parsed: parsed-INBOX-uid-4276.json
2026-04-21T01:01:32.362Z [LOG] [parse_extracted_emails.js] Parsed: parsed-INBOX-uid-4277.json
2026-04-21T01:01:32.362Z [LOG] [parse_extracted_emails.js] Parsed: parsed-INBOX-uid-4278.json
2026-04-21T01:01:32.362Z [LOG] [parse_extracted_emails.js] Parsed: parsed-INBOX-uid-4279.json
2026-04-21T01:01:32.362Z [LOG] [parse_extracted_emails.js] Parsed: parsed-INBOX-uid-4280.json
2026-04-21T01:01:32.362Z [LOG] [parse_extracted_emails.js] Parsed: parsed-INBOX-uid-4281.json
2026-04-21T01:01:32.362Z [LOG] [parse_extracted_emails.js] Parsed: parsed-INBOX-uid-4282.json
2026-04-21T01:01:32.362Z [LOG] [parse_extracted_emails.js] Parsed: parsed-INBOX-uid-4310.json
2026-04-21T01:01:32.362Z [LOG] [parse_extracted_emails.js] Parsed: parsed-INBOX-uid-4311.json
2026-04-21T01:01:32.362Z [LOG] [parse_extracted_emails.js] Parsed: parsed-INBOX-uid-4312.json
2026-04-21T01:01:32.362Z [LOG] [parse_extracted_emails.js] Parsed: parsed-INBOX-uid-4313.json
2026-04-21T01:01:32.362Z [LOG] [parse_extracted_emails.js] Parsed: parsed-INBOX-uid-4314.json
2026-04-21T01:01:32.362Z [LOG] [parse_extracted_emails.js] Parsed: parsed-INBOX-uid-4315.json
2026-04-21T01:01:32.362Z [LOG] [parse_extracted_emails.js] Parsed: parsed-INBOX-uid-4316.json
2026-04-21T01:01:32.362Z [LOG] [parse_extracted_emails.js] Parsed: parsed-INBOX-uid-4317.json
2026-04-21T01:01:32.362Z [LOG] [parse_extracted_emails.js] Parsed: parsed-INBOX-uid-4318.json
2026-04-21T01:01:32.362Z [LOG] [parse_extracted_emails.js] Parsed: parsed-INBOX-uid-4319.json
2026-04-21T01:01:32.362Z [LOG] [parse_extracted_emails.js] Parsed: parsed-INBOX-uid-4320.json
2026-04-21T01:01:32.362Z [LOG] [parse_extracted_emails.js] Parsed: parsed-INBOX-uid-4321.json
2026-04-21T01:01:32.362Z [LOG] [parse_extracted_emails.js] Parsed: parsed-INBOX-uid-4322.json
2026-04-21T01:01:32.362Z [LOG] [parse_extracted_emails.js] Parsed: parsed-INBOX-uid-4323.json
2026-04-21T01:01:32.362Z [LOG] [parse_extracted_emails.js] Parsed: parsed-INBOX-uid-4324.json
2026-04-21T01:01:32.362Z [LOG] [parse_extracted_emails.js] Parsed: parsed-INBOX-uid-4325.json
2026-04-21T01:01:32.363Z [LOG] [parse_extracted_emails.js] Parsed: parsed-INBOX-uid-4326.json
2026-04-21T01:01:32.363Z [LOG] [parse_extracted_emails.js] Parsed: parsed-INBOX-uid-4327.json
2026-04-21T01:01:32.363Z [LOG] [parse_extracted_emails.js] Parsed: parsed-INBOX-uid-4328.json
2026-04-21T01:01:32.363Z [LOG] [parse_extracted_emails.js] Parsed: parsed-INBOX-uid-4329.json
2026-04-21T01:01:32.363Z [LOG] [parse_extracted_emails.js] Parsed: parsed-INBOX-uid-4330.json
2026-04-21T01:01:32.363Z [LOG] [parse_extracted_emails.js] Parsed: parsed-INBOX-uid-4331.json
2026-04-21T01:01:32.363Z [LOG] [parse_extracted_emails.js] Parsed: parsed-INBOX-uid-4332.json
2026-04-21T01:01:32.363Z [LOG] [parse_extracted_emails.js] Parsed: parsed-INBOX-uid-4333.json
2026-04-21T01:01:32.363Z [LOG] [parse_extracted_emails.js] Parsed: parsed-INBOX-uid-4334.json
2026-04-21T01:01:32.363Z [LOG] [parse_extracted_emails.js] Parsed: parsed-INBOX-uid-4335.json
2026-04-21T01:01:32.363Z [LOG] [parse_extracted_emails.js] Parsed: parsed-INBOX-uid-4336.json
2026-04-21T01:01:32.363Z [LOG] [parse_extracted_emails.js] Parsed: parsed-INBOX-uid-4337.json
2026-04-21T01:01:32.363Z [LOG] [parse_extracted_emails.js] Parsed: parsed-INBOX-uid-4338.json
2026-04-21T01:01:32.363Z [LOG] [parse_extracted_emails.js] Parsed: parsed-INBOX-uid-4339.json
2026-04-21T01:01:32.363Z [LOG] [parse_extracted_emails.js] Parsed: parsed-INBOX-uid-4340.json
2026-04-21T01:01:32.363Z [LOG] [parse_extracted_emails.js] Parsed: parsed-INBOX-uid-4341.json
2026-04-21T01:01:32.363Z [LOG] [parse_extracted_emails.js] Parsed: parsed-INBOX-uid-4342.json
2026-04-21T01:01:32.363Z [LOG] [parse_extracted_emails.js] Parsed: parsed-INBOX-uid-4343.json
2026-04-21T01:01:32.363Z [LOG] [parse_extracted_emails.js] Parsed: parsed-INBOX-uid-4344.json
2026-04-21T01:01:32.363Z [LOG] [parse_extracted_emails.js] Parsed: parsed-INBOX-uid-4345.json
2026-04-21T01:01:32.363Z [LOG] [parse_extracted_emails.js] Parsed: parsed-INBOX-uid-4577.json
2026-04-21T01:01:32.363Z [LOG] [parse_extracted_emails.js] Parsed: parsed-INBOX-uid-4578.json
2026-04-21T01:01:32.363Z [LOG] [parse_extracted_emails.js] Parsed: parsed-INBOX-uid-4579.json
2026-04-21T01:01:32.363Z [LOG] [parse_extracted_emails.js] Parsed: parsed-INBOX-uid-4580.json
2026-04-21T01:01:32.363Z [LOG] [parse_extracted_emails.js] Parsed: parsed-INBOX-uid-4581.json
2026-04-21T01:01:32.363Z [LOG] [parse_extracted_emails.js] Parsed: parsed-INBOX-uid-4582.json
2026-04-21T01:01:32.363Z [LOG] [parse_extracted_emails.js] Parsed: parsed-INBOX-uid-4583.json
2026-04-21T01:01:32.363Z [LOG] [parse_extracted_emails.js] Parsed: parsed-INBOX-uid-4584.json
2026-04-21T01:01:32.363Z [LOG] [parse_extracted_emails.js] Parsed: parsed-INBOX-uid-4585.json
2026-04-21T01:01:32.363Z [LOG] [parse_extracted_emails.js] Parsed: parsed-INBOX-uid-4586.json
2026-04-21T01:01:32.363Z [LOG] [parse_extracted_emails.js] Parsed: parsed-INBOX-uid-4587.json
2026-04-21T01:01:32.363Z [LOG] [parse_extracted_emails.js] Parsed: parsed-INBOX-uid-4588.json
2026-04-21T01:01:32.363Z [LOG] [parse_extracted_emails.js] Parsed: parsed-INBOX-uid-4589.json
2026-04-21T01:01:32.363Z [LOG] [parse_extracted_emails.js] Parsed: parsed-INBOX-uid-4590.json
2026-04-21T01:01:32.363Z [LOG] [parse_extracted_emails.js] Parsed: parsed-INBOX-uid-4591.json
2026-04-21T01:01:32.363Z [LOG] [parse_extracted_emails.js] Parsed: parsed-INBOX-uid-4592.json
2026-04-21T01:01:32.363Z [LOG] [parse_extracted_emails.js] Parsed: parsed-INBOX-uid-4593.json
2026-04-21T01:01:32.363Z [LOG] [parse_extracted_emails.js] Parsed: parsed-INBOX-uid-4594.json
2026-04-21T01:01:32.363Z [LOG] [parse_extracted_emails.js] Parsed: parsed-INBOX-uid-4595.json
2026-04-21T01:01:32.363Z [LOG] [parse_extracted_emails.js] Parsed: parsed-INBOX-uid-4596.json
2026-04-21T01:01:32.363Z [LOG] [parse_extracted_emails.js] Parsed: parsed-INBOX-uid-4597.json
2026-04-21T01:01:32.363Z [LOG] [parse_extracted_emails.js] Parsed: parsed-INBOX-uid-4598.json
2026-04-21T01:01:32.363Z [LOG] [parse_extracted_emails.js] Parsed: parsed-INBOX-uid-4650.json
2026-04-21T01:01:32.363Z [LOG] [parse_extracted_emails.js] Parsed: parsed-INBOX-uid-4651.json
2026-04-21T01:01:32.363Z [LOG] [parse_extracted_emails.js] Parsed: parsed-INBOX-uid-4652.json
2026-04-21T01:01:32.363Z [LOG] [parse_extracted_emails.js] Parsed: parsed-INBOX-uid-4653.json
2026-04-21T01:01:32.363Z [LOG] [parse_extracted_emails.js] Parsed: parsed-INBOX-uid-4654.json
2026-04-21T01:01:32.363Z [LOG] [parse_extracted_emails.js] Parsed: parsed-INBOX-uid-4655.json
2026-04-21T01:01:32.363Z [LOG] [parse_extracted_emails.js] Parsed: parsed-INBOX-uid-4656.json
2026-04-21T01:01:32.363Z [LOG] [parse_extracted_emails.js] Parsed: parsed-INBOX-uid-4657.json
2026-04-21T01:01:32.363Z [LOG] [parse_extracted_emails.js] Parsed: parsed-INBOX-uid-4658.json
2026-04-21T01:01:32.363Z [LOG] [parse_extracted_emails.js] Parsed: parsed-INBOX-uid-4659.json
2026-04-21T01:01:32.363Z [LOG] [parse_extracted_emails.js] Parsed: parsed-INBOX-uid-4660.json
2026-04-21T01:01:32.363Z [LOG] [parse_extracted_emails.js] Parsed: parsed-INBOX-uid-4661.json
2026-04-21T01:01:32.363Z [LOG] [parse_extracted_emails.js] Parsed: parsed-INBOX-uid-4662.json
2026-04-21T01:01:32.363Z [LOG] [parse_extracted_emails.js] Parsed: parsed-INBOX-uid-4663.json
2026-04-21T01:01:32.363Z [LOG] [parse_extracted_emails.js] Parsed: parsed-INBOX-uid-4664.json
2026-04-21T01:01:32.363Z [LOG] [parse_extracted_emails.js] Parsed: parsed-INBOX-uid-4665.json
2026-04-21T01:01:32.363Z [LOG] [parse_extracted_emails.js] Parsed: parsed-INBOX-uid-4666.json
2026-04-21T01:01:32.363Z [LOG] [parse_extracted_emails.js] Parsed: parsed-INBOX-uid-4667.json
2026-04-21T01:01:32.363Z [LOG] [parse_extracted_emails.js] Parsed: parsed-INBOX-uid-4668.json
2026-04-21T01:01:32.363Z [LOG] [parse_extracted_emails.js] Parsed: parsed-INBOX-uid-4669.json
2026-04-21T01:01:32.363Z [LOG] [parse_extracted_emails.js] Parsed: parsed-INBOX-uid-4670.json
2026-04-21T01:01:32.363Z [LOG] [parse_extracted_emails.js] Parsed: parsed-INBOX-uid-5417.json
2026-04-21T01:01:32.363Z [LOG] [parse_extracted_emails.js] Parsed: parsed-INBOX-uid-5418.json
2026-04-21T01:01:32.363Z [LOG] [parse_extracted_emails.js] Parsed: parsed-INBOX-uid-5419.json
2026-04-21T01:01:32.363Z [LOG] [parse_extracted_emails.js] Parsed: parsed-INBOX-uid-5420.json
2026-04-21T01:01:32.363Z [LOG] [parse_extracted_emails.js] Parsed: parsed-INBOX-uid-5421.json
2026-04-21T01:01:32.363Z [LOG] [parse_extracted_emails.js] Parsed: parsed-INBOX-uid-5422.json
2026-04-21T01:01:32.364Z [LOG] [parse_extracted_emails.js] Parsed: parsed-INBOX-uid-5423.json
2026-04-21T01:01:32.364Z [LOG] [parse_extracted_emails.js] Parsed: parsed-INBOX-uid-5424.json
2026-04-21T01:01:32.364Z [LOG] [parse_extracted_emails.js] Parsed: parsed-INBOX-uid-5425.json
2026-04-21T01:01:32.364Z [LOG] [parse_extracted_emails.js] Parsed: parsed-INBOX-uid-5426.json
2026-04-21T01:01:32.364Z [LOG] [parse_extracted_emails.js] Parsed: parsed-INBOX-uid-5427.json
2026-04-21T01:01:32.364Z [LOG] [parse_extracted_emails.js] Parsed: parsed-INBOX-uid-5428.json
2026-04-21T01:01:32.364Z [LOG] [parse_extracted_emails.js] Parsed: parsed-INBOX-uid-5429.json
2026-04-21T01:01:32.364Z [LOG] [parse_extracted_emails.js] Parsed: parsed-INBOX-uid-5430.json
2026-04-21T01:01:32.364Z [LOG] [parse_extracted_emails.js] Parsed: parsed-INBOX-uid-5431.json
2026-04-21T01:01:32.364Z [LOG] [parse_extracted_emails.js] Parsed: parsed-INBOX-uid-5432.json
2026-04-21T01:01:32.364Z [LOG] [parse_extracted_emails.js] Parsed: parsed-INBOX-uid-5433.json
2026-04-21T01:01:32.364Z [LOG] [parse_extracted_emails.js] Parsed: parsed-INBOX-uid-5434.json
2026-04-21T01:01:32.364Z [LOG] [parse_extracted_emails.js] Parsed: parsed-INBOX-uid-5435.json
2026-04-21T01:01:32.364Z [LOG] [parse_extracted_emails.js] Parsed: parsed-INBOX-uid-5436.json
2026-04-21T01:01:32.364Z [LOG] [parse_extracted_emails.js] Parsed: parsed-INBOX-uid-5437.json
2026-04-21T01:01:32.364Z [LOG] [parse_extracted_emails.js] Parsed: parsed-INBOX-uid-5438.json
2026-04-21T01:01:32.364Z [LOG] [parse_extracted_emails.js] Parsed: parsed-INBOX-uid-5439.json
2026-04-21T01:01:32.364Z [LOG] [parse_extracted_emails.js] Parsed: parsed-INBOX-uid-5440.json
2026-04-21T01:01:32.364Z [LOG] [parse_extracted_emails.js] Parsed: parsed-INBOX-uid-5441.json
2026-04-21T01:01:32.364Z [LOG] [parse_extracted_emails.js] Parsed: parsed-INBOX-uid-5442.json
2026-04-21T01:01:32.364Z [LOG] [parse_extracted_emails.js] Parsed: parsed-INBOX-uid-5443.json
2026-04-21T01:01:32.364Z [LOG] [parse_extracted_emails.js] Parsed: parsed-INBOX-uid-5444.json
2026-04-21T01:01:32.364Z [LOG] [parse_extracted_emails.js] Parsed: parsed-INBOX-uid-5445.json
2026-04-21T01:01:32.364Z [LOG] [parse_extracted_emails.js] Parsed: parsed-INBOX-uid-5446.json
2026-04-21T01:01:32.364Z [LOG] [parse_extracted_emails.js] Parsed: parsed-INBOX-uid-5447.json
2026-04-21T01:01:32.364Z [LOG] [parse_extracted_emails.js] Parsed: parsed-INBOX-uid-5448.json
2026-04-21T01:01:32.364Z [LOG] [parse_extracted_emails.js] Parsed: parsed-INBOX-uid-5449.json
2026-04-21T01:01:32.364Z [LOG] [parse_extracted_emails.js] Parsed: parsed-INBOX-uid-5450.json
2026-04-21T01:01:32.364Z [LOG] [parse_extracted_emails.js] Parsed: parsed-INBOX-uid-5451.json
2026-04-21T01:01:32.364Z [LOG] [parse_extracted_emails.js] Parsed: parsed-INBOX-uid-5452.json
2026-04-21T01:01:32.364Z [LOG] [parse_extracted_emails.js] Parsed: parsed-INBOX-uid-5453.json
2026-04-21T01:01:32.364Z [LOG] [parse_extracted_emails.js] Parsed: parsed-INBOX-uid-5454.json
2026-04-21T01:01:32.364Z [LOG] [parse_extracted_emails.js] Parsed: parsed-INBOX-uid-5455.json
2026-04-21T01:01:32.364Z [LOG] [parse_extracted_emails.js] Parsed: parsed-INBOX-uid-5456.json
2026-04-21T01:01:32.364Z [LOG] [parse_extracted_emails.js] Parsed: parsed-INBOX-uid-5457.json
2026-04-21T01:01:32.364Z [LOG] [parse_extracted_emails.js] Parsed: parsed-INBOX-uid-5458.json
2026-04-21T01:01:32.364Z [LOG] [parse_extracted_emails.js] Parsed: parsed-INBOX-uid-5459.json
2026-04-21T01:01:32.364Z [LOG] [parse_extracted_emails.js] Parsed: parsed-INBOX-uid-5460.json
2026-04-21T01:01:32.364Z [LOG] [parse_extracted_emails.js] Parsed: parsed-INBOX-uid-5461.json
2026-04-21T01:01:32.364Z [LOG] [parse_extracted_emails.js] Parsed: parsed-INBOX-uid-5462.json
2026-04-21T01:01:32.364Z [LOG] [parse_extracted_emails.js] Parsed: parsed-INBOX-uid-5463.json
2026-04-21T01:01:32.364Z [LOG] [parse_extracted_emails.js] Parsed: parsed-INBOX-uid-5464.json
2026-04-21T01:01:32.364Z [LOG] [parse_extracted_emails.js] Parsed: parsed-INBOX-uid-5465.json
2026-04-21T01:01:32.364Z [LOG] [parse_extracted_emails.js] Parsed: parsed-INBOX-uid-5466.json
2026-04-21T01:01:32.364Z [LOG] [parse_extracted_emails.js] Parsed: parsed-INBOX-uid-5467.json
2026-04-21T01:01:32.364Z [LOG] [parse_extracted_emails.js] Parsed: parsed-INBOX-uid-5468.json
2026-04-21T01:01:32.364Z [LOG] [parse_extracted_emails.js] Parsed: parsed-INBOX-uid-5469.json
2026-04-21T01:01:32.364Z [LOG] [parse_extracted_emails.js] Parsed: parsed-INBOX-uid-5470.json
2026-04-21T01:01:32.364Z [LOG] [parse_extracted_emails.js] Parsed: parsed-INBOX-uid-5471.json
2026-04-21T01:01:32.364Z [LOG] [parse_extracted_emails.js] Parsed: parsed-INBOX-uid-5472.json
2026-04-21T01:01:32.364Z [LOG] [parse_extracted_emails.js] Parsed: parsed-INBOX-uid-5473.json
2026-04-21T01:01:32.364Z [LOG] [parse_extracted_emails.js] Parsed: parsed-INBOX-uid-5474.json
2026-04-21T01:01:32.364Z [LOG] [parse_extracted_emails.js] Parsed: parsed-INBOX-uid-5475.json
2026-04-21T01:01:32.364Z [LOG] [parse_extracted_emails.js] Parsed: parsed-INBOX-uid-5476.json
2026-04-21T01:01:32.364Z [LOG] [parse_extracted_emails.js] Parsed: parsed-INBOX-uid-5477.json
2026-04-21T01:01:32.364Z [LOG] [parse_extracted_emails.js] Parsed: parsed-INBOX-uid-5478.json
2026-04-21T01:01:32.364Z [LOG] [parse_extracted_emails.js] Parsed: parsed-INBOX-uid-5479.json
2026-04-21T01:01:32.364Z [LOG] [parse_extracted_emails.js] Parsed: parsed-INBOX-uid-5480.json
2026-04-21T01:01:32.364Z [LOG] [parse_extracted_emails.js] Parsed: parsed-INBOX-uid-5481.json
2026-04-21T01:01:32.364Z [LOG] [parse_extracted_emails.js] Parsed: parsed-INBOX-uid-5482.json
2026-04-21T01:01:32.364Z [LOG] [parse_extracted_emails.js] Parsed: parsed-INBOX-uid-5483.json
2026-04-21T01:01:32.364Z [LOG] [parse_extracted_emails.js] Parsed: parsed-INBOX-uid-5484.json
2026-04-21T01:01:32.364Z [LOG] [parse_extracted_emails.js] Parsed: parsed-INBOX-uid-5485.json
2026-04-21T01:01:32.364Z [LOG] [parse_extracted_emails.js] Parsed: parsed-INBOX-uid-5486.json
2026-04-21T01:01:32.364Z [LOG] [parse_extracted_emails.js] Parsed: parsed-INBOX-uid-5487.json
2026-04-21T01:01:32.364Z [LOG] [parse_extracted_emails.js] Parsed: parsed-INBOX-uid-5488.json
2026-04-21T01:01:32.364Z [LOG] [parse_extracted_emails.js] Parsed: parsed-INBOX-uid-5489.json
2026-04-21T01:01:32.364Z [LOG] [parse_extracted_emails.js] Parsed: parsed-INBOX-uid-5490.json
2026-04-21T01:01:32.364Z [LOG] [parse_extracted_emails.js] Parsed: parsed-INBOX-uid-5491.json
2026-04-21T01:01:32.364Z [LOG] [parse_extracted_emails.js] Parsed: parsed-INBOX-uid-5492.json
2026-04-21T01:01:32.364Z [LOG] [parse_extracted_emails.js] Parsed: parsed-INBOX-uid-5493.json
2026-04-21T01:01:32.364Z [LOG] [parse_extracted_emails.js] Parsed: parsed-INBOX-uid-5494.json
2026-04-21T01:01:32.364Z [LOG] [parse_extracted_emails.js] Parsed: parsed-INBOX-uid-5495.json
2026-04-21T01:01:32.364Z [LOG] [parse_extracted_emails.js] Parsed: parsed-INBOX-uid-5496.json
2026-04-21T01:01:32.364Z [LOG] [parse_extracted_emails.js] Parsed: parsed-INBOX-uid-5497.json
2026-04-21T01:01:32.364Z [LOG] [parse_extracted_emails.js] Parsed: parsed-INBOX-uid-5498.json
2026-04-21T01:01:32.364Z [LOG] [parse_extracted_emails.js] Parsed: parsed-INBOX-uid-5499.json
2026-04-21T01:01:32.364Z [LOG] [parse_extracted_emails.js] Parsed: parsed-INBOX-uid-5500.json
2026-04-21T01:01:32.364Z [LOG] [parse_extracted_emails.js] Parsed: parsed-INBOX-uid-5501.json
2026-04-21T01:01:32.364Z [LOG] [parse_extracted_emails.js] Parsed: parsed-INBOX-uid-5502.json
2026-04-21T01:01:32.364Z [LOG] [parse_extracted_emails.js] Parsed: parsed-INBOX-uid-5503.json
2026-04-21T01:01:32.364Z [LOG] [parse_extracted_emails.js] Parsed: parsed-INBOX-uid-5504.json
2026-04-21T01:01:32.364Z [LOG] [parse_extracted_emails.js] Parsed: parsed-INBOX-uid-5505.json
2026-04-21T01:01:32.364Z [LOG] [parse_extracted_emails.js] Parsed: parsed-INBOX-uid-5506.json
2026-04-21T01:01:32.364Z [LOG] [parse_extracted_emails.js] Parsed: parsed-INBOX-uid-5507.json
2026-04-21T01:01:32.364Z [LOG] [parse_extracted_emails.js] Parsed: parsed-INBOX-uid-5508.json
2026-04-21T01:01:32.364Z [LOG] [parse_extracted_emails.js] Parsed: parsed-INBOX-uid-5509.json
2026-04-21T01:01:32.364Z [LOG] [parse_extracted_emails.js] Parsed: parsed-INBOX-uid-5510.json
2026-04-21T01:01:32.364Z [LOG] [parse_extracted_emails.js] Parsed: parsed-INBOX-uid-5511.json
2026-04-21T01:01:32.364Z [LOG] [parse_extracted_emails.js] Parsed: parsed-INBOX-uid-5512.json
2026-04-21T01:01:32.364Z [LOG] [parse_extracted_emails.js] Parsed: parsed-INBOX-uid-5513.json
2026-04-21T01:01:32.364Z [LOG] [parse_extracted_emails.js] Parsed: parsed-INBOX-uid-5514.json
2026-04-21T01:01:32.364Z [LOG] [parse_extracted_emails.js] Parsed: parsed-INBOX-uid-5515.json
2026-04-21T01:01:32.364Z [LOG] [parse_extracted_emails.js] Parsed: parsed-INBOX-uid-5516.json
2026-04-21T01:01:32.364Z [LOG] [parse_extracted_emails.js] Parsed: parsed-INBOX-uid-5517.json
2026-04-21T01:01:32.364Z [LOG] [parse_extracted_emails.js] Parsed: parsed-INBOX-uid-5518.json
2026-04-21T01:01:32.364Z [LOG] [parse_extracted_emails.js] Parsed: parsed-INBOX-uid-5519.json
2026-04-21T01:01:32.364Z [LOG] [parse_extracted_emails.js] Parsed: parsed-INBOX-uid-5520.json
2026-04-21T01:01:32.364Z [LOG] [parse_extracted_emails.js] Parsed: parsed-INBOX-uid-5521.json
2026-04-21T01:01:32.364Z [LOG] [parse_extracted_emails.js] Parsed: parsed-INBOX-uid-5522.json
2026-04-21T01:01:32.364Z [LOG] [parse_extracted_emails.js] Parsed: parsed-INBOX-uid-5523.json
2026-04-21T01:01:32.364Z [LOG] [parse_extracted_emails.js] Parsed: parsed-INBOX-uid-5524.json
2026-04-21T01:01:32.364Z [LOG] [parse_extracted_emails.js] Parsed: parsed-INBOX-uid-5525.json
2026-04-21T01:01:32.364Z [LOG] [parse_extracted_emails.js] Parsed: parsed-INBOX-uid-5526.json
2026-04-21T01:01:32.364Z [LOG] [parse_extracted_emails.js] Parsed: parsed-INBOX-uid-5527.json
2026-04-21T01:01:32.364Z [LOG] [parse_extracted_emails.js] Parsed: parsed-INBOX-uid-5528.json
2026-04-21T01:01:32.364Z [LOG] [parse_extracted_emails.js] Parsed: parsed-INBOX-uid-5529.json
2026-04-21T01:01:32.364Z [LOG] [parse_extracted_emails.js] Parsed: parsed-INBOX-uid-5530.json
2026-04-21T01:01:32.364Z [LOG] [parse_extracted_emails.js] Parsed: parsed-INBOX-uid-5531.json
2026-04-21T01:01:32.364Z [LOG] [parse_extracted_emails.js] Parsed: parsed-INBOX-uid-5532.json
2026-04-21T01:01:32.364Z [LOG] [parse_extracted_emails.js] Parsed: parsed-INBOX-uid-5533.json
2026-04-21T01:01:32.364Z [LOG] [parse_extracted_emails.js] Parsed: parsed-INBOX-uid-5534.json
2026-04-21T01:01:32.364Z [LOG] [parse_extracted_emails.js] Parsed: parsed-INBOX-uid-5535.json
2026-04-21T01:01:32.364Z [LOG] [parse_extracted_emails.js] Parsed: parsed-INBOX-uid-5536.json
2026-04-21T01:01:32.364Z [LOG] [parse_extracted_emails.js] Parsed: parsed-INBOX-uid-5537.json
2026-04-21T01:01:32.364Z [LOG] [parse_extracted_emails.js] Parsed: parsed-INBOX-uid-5538.json
2026-04-21T01:01:32.364Z [LOG] [parse_extracted_emails.js] Parsed: parsed-INBOX-uid-5539.json
2026-04-21T01:01:32.364Z [LOG] [parse_extracted_emails.js] Parsed: parsed-INBOX-uid-5540.json
2026-04-21T01:01:32.364Z [LOG] [parse_extracted_emails.js] Parsed: parsed-INBOX-uid-5541.json
2026-04-21T01:01:32.364Z [LOG] [parse_extracted_emails.js] Parsed: parsed-INBOX-uid-5542.json
2026-04-21T01:01:32.364Z [LOG] [parse_extracted_emails.js] Parsed: parsed-INBOX-uid-5543.json
2026-04-21T01:01:32.364Z [LOG] [parse_extracted_emails.js] Parsed: parsed-INBOX-uid-5544.json
2026-04-21T01:01:32.364Z [LOG] [parse_extracted_emails.js] Parsed: parsed-INBOX-uid-5545.json
2026-04-21T01:01:32.364Z [LOG] [parse_extracted_emails.js] Parsed: parsed-INBOX-uid-5546.json
2026-04-21T01:01:32.364Z [LOG] [parse_extracted_emails.js] Parsed: parsed-INBOX-uid-5547.json
2026-04-21T01:01:32.364Z [LOG] [parse_extracted_emails.js] Parsed: parsed-INBOX-uid-5548.json
2026-04-21T01:01:32.364Z [LOG] [parse_extracted_emails.js] Parsed: parsed-INBOX-uid-5549.json
2026-04-21T01:01:32.364Z [LOG] [parse_extracted_emails.js] Parsed: parsed-INBOX-uid-5550.json
2026-04-21T01:01:32.364Z [LOG] [parse_extracted_emails.js] Parsed: parsed-INBOX-uid-5551.json
2026-04-21T01:01:32.364Z [LOG] [parse_extracted_emails.js] Parsed: parsed-INBOX-uid-5552.json
2026-04-21T01:01:32.365Z [LOG] [parse_extracted_emails.js] Parsed: parsed-INBOX-uid-5553.json
2026-04-21T01:01:32.365Z [LOG] [parse_extracted_emails.js] Parsed: parsed-INBOX-uid-5554.json
2026-04-21T01:01:32.365Z [LOG] [parse_extracted_emails.js] Parsed: parsed-INBOX-uid-5555.json
2026-04-21T01:01:32.365Z [LOG] [parse_extracted_emails.js] Parsed: parsed-INBOX-uid-5556.json
2026-04-21T01:01:32.365Z [LOG] [parse_extracted_emails.js] Parsed: parsed-INBOX-uid-5557.json
2026-04-21T01:01:32.365Z [LOG] [parse_extracted_emails.js] Parsed: parsed-INBOX-uid-5558.json
2026-04-21T01:01:32.365Z [LOG] [parse_extracted_emails.js] Parsed: parsed-INBOX-uid-5559.json
2026-04-21T01:01:32.365Z [LOG] [parse_extracted_emails.js] Parsed: parsed-INBOX-uid-5560.json
2026-04-21T01:01:32.365Z [LOG] [parse_extracted_emails.js] Parsed: parsed-INBOX-uid-5561.json
2026-04-21T01:01:32.365Z [LOG] [parse_extracted_emails.js] Parsed: parsed-INBOX-uid-5562.json
2026-04-21T01:01:32.365Z [LOG] [parse_extracted_emails.js] Parsed: parsed-INBOX-uid-5563.json
2026-04-21T01:01:32.365Z [LOG] [parse_extracted_emails.js] Parsed: parsed-INBOX-uid-5564.json
2026-04-21T01:01:32.365Z [LOG] [parse_extracted_emails.js] Parsed: parsed-INBOX-uid-5565.json
2026-04-21T01:01:32.365Z [LOG] [parse_extracted_emails.js] Parsed: parsed-INBOX-uid-5566.json
2026-04-21T01:01:32.365Z [LOG] [parse_extracted_emails.js] Parsed: parsed-INBOX-uid-5567.json
2026-04-21T01:01:32.365Z [LOG] [parse_extracted_emails.js] Parsed: parsed-INBOX-uid-5568.json
2026-04-21T01:01:32.365Z [LOG] [parse_extracted_emails.js] Parsed: parsed-INBOX-uid-5569.json
2026-04-21T01:01:32.365Z [LOG] [parse_extracted_emails.js] Parsed: parsed-INBOX-uid-5570.json
2026-04-21T01:01:32.365Z [LOG] [parse_extracted_emails.js] Parsed: parsed-INBOX-uid-5571.json
2026-04-21T01:01:32.365Z [LOG] [parse_extracted_emails.js] Parsed: parsed-INBOX-uid-5572.json
2026-04-21T01:01:32.365Z [LOG] [parse_extracted_emails.js] Parsed: parsed-INBOX-uid-5573.json
2026-04-21T01:01:32.365Z [LOG] [parse_extracted_emails.js] Parsed: parsed-INBOX-uid-5574.json
2026-04-21T01:01:32.365Z [LOG] [parse_extracted_emails.js] Parsed: parsed-INBOX-uid-5575.json
2026-04-21T01:01:32.365Z [LOG] [parse_extracted_emails.js] Parsed: parsed-INBOX-uid-5576.json
2026-04-21T01:01:32.365Z [LOG] [parse_extracted_emails.js] Parsed: parsed-INBOX-uid-5577.json
2026-04-21T01:01:32.365Z [LOG] [parse_extracted_emails.js] Parsed: parsed-INBOX-uid-5578.json
2026-04-21T01:01:32.365Z [LOG] [parse_extracted_emails.js] Parsed: parsed-INBOX-uid-5579.json
2026-04-21T01:01:32.365Z [LOG] [parse_extracted_emails.js] Parsed: parsed-INBOX-uid-5580.json
2026-04-21T01:01:32.365Z [LOG] [parse_extracted_emails.js] Parsed: parsed-INBOX-uid-5581.json
2026-04-21T01:01:32.365Z [LOG] [parse_extracted_emails.js] Parsed: parsed-INBOX-uid-5582.json
2026-04-21T01:01:32.365Z [LOG] [parse_extracted_emails.js] Parsed: parsed-INBOX-uid-5583.json
2026-04-21T01:01:32.365Z [LOG] [parse_extracted_emails.js] Parsed: parsed-INBOX-uid-5584.json
2026-04-21T01:01:32.365Z [LOG] [parse_extracted_emails.js] Parsed: parsed-INBOX-uid-5585.json
2026-04-21T01:01:32.365Z [LOG] [parse_extracted_emails.js] Parsed: parsed-INBOX-uid-5586.json
2026-04-21T01:01:32.365Z [LOG] [parse_extracted_emails.js] Parsed: parsed-INBOX-uid-5587.json
2026-04-21T01:01:32.365Z [LOG] [parse_extracted_emails.js] Parsed: parsed-INBOX-uid-5588.json
2026-04-21T01:01:32.365Z [LOG] [parse_extracted_emails.js] Parsed: parsed-INBOX-uid-5589.json
2026-04-21T01:01:32.365Z [LOG] [parse_extracted_emails.js] Parsed: parsed-INBOX-uid-5590.json
2026-04-21T01:01:32.365Z [LOG] [parse_extracted_emails.js] Parsed: parsed-INBOX-uid-5591.json
2026-04-21T01:01:32.365Z [LOG] [parse_extracted_emails.js] Parsed: parsed-INBOX-uid-5592.json
2026-04-21T01:01:32.365Z [LOG] [parse_extracted_emails.js] Parsed: parsed-INBOX-uid-5593.json
2026-04-21T01:01:32.365Z [LOG] [parse_extracted_emails.js] Parsed: parsed-INBOX-uid-5594.json
2026-04-21T01:01:32.365Z [LOG] [parse_extracted_emails.js] Parsed: parsed-INBOX-uid-5595.json
2026-04-21T01:01:32.365Z [LOG] [parse_extracted_emails.js] Parsed: parsed-INBOX-uid-5596.json
2026-04-21T01:01:32.365Z [LOG] [parse_extracted_emails.js] Parsed: parsed-INBOX-uid-5597.json
2026-04-21T01:01:32.365Z [LOG] [parse_extracted_emails.js] Parsed: parsed-INBOX-uid-5598.json
2026-04-21T01:01:32.365Z [LOG] [parse_extracted_emails.js] Parsed: parsed-INBOX-uid-5599.json
2026-04-21T01:01:32.365Z [LOG] [parse_extracted_emails.js] Parsed: parsed-INBOX-uid-5600.json
2026-04-21T01:01:32.365Z [LOG] [parse_extracted_emails.js] Parsed: parsed-INBOX-uid-5601.json
2026-04-21T01:01:32.365Z [LOG] [parse_extracted_emails.js] Parsed: parsed-INBOX-uid-5602.json
2026-04-21T01:01:32.365Z [LOG] [parse_extracted_emails.js] Parsed: parsed-INBOX-uid-5603.json
2026-04-21T01:01:32.365Z [LOG] [parse_extracted_emails.js] Parsed: parsed-INBOX-uid-5604.json
2026-04-21T01:01:32.365Z [LOG] [parse_extracted_emails.js] Parsed: parsed-INBOX-uid-5605.json
2026-04-21T01:01:32.365Z [LOG] [parse_extracted_emails.js] Parsed: parsed-INBOX-uid-5606.json
2026-04-21T01:01:32.365Z [LOG] [parse_extracted_emails.js] Parsed: parsed-INBOX-uid-5607.json
2026-04-21T01:01:32.365Z [LOG] [parse_extracted_emails.js] Parsed: parsed-INBOX-uid-5608.json
2026-04-21T01:01:32.365Z [LOG] [parse_extracted_emails.js] Parsed: parsed-INBOX-uid-5609.json
2026-04-21T01:01:32.365Z [LOG] [parse_extracted_emails.js] Parsed: parsed-INBOX-uid-5610.json
2026-04-21T01:01:32.365Z [LOG] [parse_extracted_emails.js] Parsed: parsed-INBOX-uid-5611.json
2026-04-21T01:01:32.365Z [LOG] [parse_extracted_emails.js] Parsed: parsed-INBOX-uid-5612.json
2026-04-21T01:01:32.365Z [LOG] [parse_extracted_emails.js] Parsed: parsed-INBOX-uid-5613.json
2026-04-21T01:01:32.365Z [LOG] [parse_extracted_emails.js] Parsed: parsed-INBOX-uid-5614.json
2026-04-21T01:01:32.365Z [LOG] [parse_extracted_emails.js] Parsed: parsed-INBOX-uid-5615.json
2026-04-21T01:01:32.365Z [LOG] [parse_extracted_emails.js] Parsed: parsed-INBOX-uid-5616.json
2026-04-21T01:01:32.365Z [LOG] [parse_extracted_emails.js] Parsed: parsed-INBOX-uid-5617.json
2026-04-21T01:01:32.365Z [LOG] [parse_extracted_emails.js] Parsed: parsed-INBOX-uid-5618.json
2026-04-21T01:01:32.365Z [LOG] [parse_extracted_emails.js] Parsed: parsed-INBOX-uid-5619.json
2026-04-21T01:01:32.365Z [LOG] [parse_extracted_emails.js] Parsed: parsed-INBOX-uid-5620.json
2026-04-21T01:01:32.365Z [LOG] [parse_extracted_emails.js] Parsed: parsed-INBOX-uid-5621.json
2026-04-21T01:01:32.365Z [LOG] [parse_extracted_emails.js] Parsed: parsed-INBOX-uid-5622.json
2026-04-21T01:01:32.365Z [LOG] [parse_extracted_emails.js] Parsed: parsed-INBOX-uid-5623.json
2026-04-21T01:01:32.365Z [LOG] [parse_extracted_emails.js] Parsed: parsed-INBOX-uid-5624.json
2026-04-21T01:01:32.365Z [LOG] [parse_extracted_emails.js] Parsed: parsed-INBOX-uid-5625.json
2026-04-21T01:01:32.365Z [LOG] [parse_extracted_emails.js] Parsed: parsed-INBOX-uid-5626.json
2026-04-21T01:01:32.365Z [LOG] [parse_extracted_emails.js] Parsed: parsed-INBOX-uid-5627.json
2026-04-21T01:01:32.365Z [LOG] [parse_extracted_emails.js] Parsed: parsed-INBOX-uid-5628.json
2026-04-21T01:01:32.365Z [LOG] [parse_extracted_emails.js] Parsed: parsed-INBOX-uid-5629.json
2026-04-21T01:01:32.365Z [LOG] [parse_extracted_emails.js] Parsed: parsed-INBOX-uid-5630.json
2026-04-21T01:01:32.365Z [LOG] [parse_extracted_emails.js] Parsed: parsed-INBOX-uid-5631.json
2026-04-21T01:01:32.365Z [LOG] [parse_extracted_emails.js] Parsed: parsed-INBOX-uid-5632.json
2026-04-21T01:01:32.365Z [LOG] [parse_extracted_emails.js] Parsed: parsed-INBOX-uid-5633.json
2026-04-21T01:01:32.365Z [LOG] [parse_extracted_emails.js] Parsed: parsed-INBOX-uid-5634.json
2026-04-21T01:01:32.365Z [LOG] [parse_extracted_emails.js] Parsed: parsed-INBOX-uid-5635.json
2026-04-21T01:01:32.365Z [LOG] [parse_extracted_emails.js] Parsed: parsed-INBOX-uid-5636.json
2026-04-21T01:01:32.365Z [LOG] [parse_extracted_emails.js] Parsed: parsed-INBOX-uid-5637.json
2026-04-21T01:01:32.365Z [LOG] [parse_extracted_emails.js] Parsed: parsed-INBOX-uid-5638.json
2026-04-21T01:01:32.365Z [LOG] [parse_extracted_emails.js] Parsed: parsed-INBOX-uid-5639.json
2026-04-21T01:01:32.365Z [LOG] [parse_extracted_emails.js] Parsed: parsed-INBOX-uid-5640.json
2026-04-21T01:01:32.365Z [LOG] [parse_extracted_emails.js] Parsed: parsed-INBOX-uid-5641.json
2026-04-21T01:01:32.365Z [LOG] [parse_extracted_emails.js] Parsed: parsed-INBOX-uid-5642.json
2026-04-21T01:01:32.365Z [LOG] [parse_extracted_emails.js] Parsed: parsed-INBOX-uid-5643.json
2026-04-21T01:01:32.365Z [LOG] [parse_extracted_emails.js] Parsed: parsed-INBOX-uid-5644.json
2026-04-21T01:01:32.365Z [LOG] [parse_extracted_emails.js] Parsed: parsed-INBOX-uid-5645.json
2026-04-21T01:01:32.365Z [LOG] [parse_extracted_emails.js] Parsed: parsed-INBOX-uid-5646.json
2026-04-21T01:01:32.365Z [LOG] [parse_extracted_emails.js] Parsed: parsed-INBOX-uid-5647.json
2026-04-21T01:01:32.365Z [LOG] [parse_extracted_emails.js] Parsed: parsed-INBOX-uid-5648.json
2026-04-21T01:01:32.365Z [LOG] [parse_extracted_emails.js] Parsed: parsed-INBOX-uid-5649.json
2026-04-21T01:01:32.365Z [LOG] [parse_extracted_emails.js] Parsed: parsed-INBOX-uid-5650.json
2026-04-21T01:01:32.365Z [LOG] [parse_extracted_emails.js] Parsed: parsed-INBOX-uid-5651.json
2026-04-21T01:01:32.365Z [LOG] [parse_extracted_emails.js] Parsed: parsed-INBOX-uid-5652.json
2026-04-21T01:01:32.365Z [LOG] [parse_extracted_emails.js] Parsed: parsed-INBOX-uid-5653.json
2026-04-21T01:01:32.365Z [LOG] [parse_extracted_emails.js] Parsed: parsed-INBOX-uid-5654.json
2026-04-21T01:01:32.365Z [LOG] [parse_extracted_emails.js] Parsed: parsed-INBOX-uid-5655.json
2026-04-21T01:01:32.365Z [LOG] [parse_extracted_emails.js] Parsed: parsed-INBOX-uid-5656.json
2026-04-21T01:01:32.365Z [LOG] [parse_extracted_emails.js] Parsed: parsed-INBOX-uid-5657.json
2026-04-21T01:01:32.366Z [LOG] [parse_extracted_emails.js] Parsed: parsed-INBOX-uid-5658.json
2026-04-21T01:01:32.366Z [LOG] [parse_extracted_emails.js] Parsed: parsed-INBOX-uid-5659.json
2026-04-21T01:01:32.366Z [LOG] [parse_extracted_emails.js] Parsed: parsed-INBOX-uid-5660.json
2026-04-21T01:01:32.366Z [LOG] [parse_extracted_emails.js] Parsed: parsed-INBOX-uid-5661.json
2026-04-21T01:01:32.366Z [LOG] [parse_extracted_emails.js] Parsed: parsed-INBOX-uid-5662.json
2026-04-21T01:01:32.366Z [LOG] [parse_extracted_emails.js] Parsed: parsed-INBOX-uid-5663.json
2026-04-21T01:01:32.366Z [LOG] [parse_extracted_emails.js] Parsed: parsed-INBOX-uid-5664.json
2026-04-21T01:01:32.366Z [LOG] [parse_extracted_emails.js] Parsed: parsed-INBOX-uid-5665.json
2026-04-21T01:01:32.366Z [LOG] [parse_extracted_emails.js] Parsed: parsed-INBOX-uid-5666.json
2026-04-21T01:01:32.366Z [LOG] [parse_extracted_emails.js] Parsed: parsed-INBOX-uid-5667.json
2026-04-21T01:01:32.366Z [LOG] [parse_extracted_emails.js] Parsed: parsed-INBOX-uid-5668.json
2026-04-21T01:01:32.366Z [LOG] [parse_extracted_emails.js] Parsed: parsed-INBOX-uid-5669.json
2026-04-21T01:01:32.366Z [LOG] [parse_extracted_emails.js] Parsed: parsed-INBOX-uid-5670.json
2026-04-21T01:01:32.366Z [LOG] [parse_extracted_emails.js] Parsed: parsed-INBOX-uid-5671.json
2026-04-21T01:01:32.366Z [LOG] [parse_extracted_emails.js] Parsed: parsed-INBOX-uid-5672.json
2026-04-21T01:01:32.366Z [LOG] [parse_extracted_emails.js] Parsed: parsed-INBOX-uid-5673.json
2026-04-21T01:01:32.366Z [LOG] [parse_extracted_emails.js] Parsed: parsed-INBOX-uid-5674.json
2026-04-21T01:01:32.366Z [LOG] [parse_extracted_emails.js] Parsed: parsed-INBOX-uid-5675.json
2026-04-21T01:01:32.366Z [LOG] [parse_extracted_emails.js] Parsed: parsed-INBOX-uid-5676.json
2026-04-21T01:01:32.366Z [LOG] [parse_extracted_emails.js] Parsed: parsed-INBOX-uid-5677.json
2026-04-21T01:01:32.366Z [LOG] [parse_extracted_emails.js] Parsed: parsed-INBOX-uid-5678.json
2026-04-21T01:01:32.366Z [LOG] [parse_extracted_emails.js] Parsed: parsed-INBOX-uid-5679.json
2026-04-21T01:01:32.366Z [LOG] [parse_extracted_emails.js] Parsed: parsed-INBOX-uid-5680.json
2026-04-21T01:01:32.366Z [LOG] [parse_extracted_emails.js] Parsed: parsed-INBOX-uid-5681.json
2026-04-21T01:01:32.366Z [LOG] [parse_extracted_emails.js] Parsed: parsed-INBOX-uid-5682.json
2026-04-21T01:01:32.366Z [LOG] [parse_extracted_emails.js] Parsed: parsed-INBOX-uid-5683.json
2026-04-21T01:01:32.366Z [LOG] [parse_extracted_emails.js] Parsed: parsed-INBOX-uid-5684.json
2026-04-21T01:01:32.366Z [LOG] [parse_extracted_emails.js] Parsed: parsed-INBOX-uid-5685.json
2026-04-21T01:01:32.366Z [LOG] [parse_extracted_emails.js] Parsed: parsed-INBOX-uid-5686.json
2026-04-21T01:01:32.366Z [LOG] [parse_extracted_emails.js] Parsed: parsed-INBOX-uid-5687.json
2026-04-21T01:01:32.366Z [LOG] [parse_extracted_emails.js] Parsed: parsed-INBOX-uid-5688.json
2026-04-21T01:01:32.366Z [LOG] [parse_extracted_emails.js] Parsed: parsed-INBOX-uid-5689.json
2026-04-21T01:01:32.366Z [LOG] [parse_extracted_emails.js] Parsed: parsed-INBOX-uid-5690.json
2026-04-21T01:01:32.366Z [LOG] [parse_extracted_emails.js] Parsed: parsed-INBOX-uid-5691.json
2026-04-21T01:01:32.366Z [LOG] [parse_extracted_emails.js] Parsed: parsed-INBOX-uid-5692.json
2026-04-21T01:01:32.366Z [LOG] [parse_extracted_emails.js] Parsed: parsed-INBOX-uid-5693.json
2026-04-21T01:01:32.366Z [LOG] [parse_extracted_emails.js] Parsed: parsed-INBOX-uid-5694.json
2026-04-21T01:01:32.366Z [LOG] [parse_extracted_emails.js] Parsed: parsed-INBOX-uid-5695.json
2026-04-21T01:01:32.366Z [LOG] [parse_extracted_emails.js] Parsed: parsed-INBOX-uid-5696.json
2026-04-21T01:01:32.366Z [LOG] [parse_extracted_emails.js] Parsed: parsed-INBOX-uid-5697.json
2026-04-21T01:01:32.366Z [LOG] [parse_extracted_emails.js] Parsed: parsed-INBOX-uid-5698.json
2026-04-21T01:01:32.366Z [LOG] [parse_extracted_emails.js] Parsed: parsed-INBOX-uid-5699.json
2026-04-21T01:01:32.366Z [LOG] [parse_extracted_emails.js] Parsed: parsed-INBOX-uid-5700.json
2026-04-21T01:01:32.366Z [LOG] [parse_extracted_emails.js] Parsed: parsed-INBOX-uid-5701.json
2026-04-21T01:01:32.366Z [LOG] [parse_extracted_emails.js] Parsed: parsed-INBOX-uid-5702.json
2026-04-21T01:01:32.366Z [LOG] [parse_extracted_emails.js] Parsed: parsed-INBOX-uid-5703.json
2026-04-21T01:01:32.366Z [LOG] [parse_extracted_emails.js] Parsed: parsed-INBOX-uid-5704.json
2026-04-21T01:01:32.366Z [LOG] [parse_extracted_emails.js] Parsed: parsed-INBOX-uid-5705.json
2026-04-21T01:01:32.366Z [LOG] [parse_extracted_emails.js] Parsed: parsed-INBOX-uid-5706.json
2026-04-21T01:01:32.366Z [LOG] [parse_extracted_emails.js] Parsed: parsed-INBOX-uid-5707.json
2026-04-21T01:01:32.366Z [LOG] [parse_extracted_emails.js] Parsed: parsed-INBOX-uid-5708.json
2026-04-21T01:01:32.366Z [LOG] [parse_extracted_emails.js] Parsed: parsed-INBOX-uid-5709.json
2026-04-21T01:01:32.366Z [LOG] [parse_extracted_emails.js] Parsed: parsed-INBOX-uid-5710.json
2026-04-21T01:01:32.366Z [LOG] [parse_extracted_emails.js] Parsed: parsed-INBOX-uid-5711.json
2026-04-21T01:01:32.366Z [LOG] [parse_extracted_emails.js] Parsed: parsed-INBOX-uid-5712.json
2026-04-21T01:01:32.366Z [LOG] [parse_extracted_emails.js] Parsed: parsed-INBOX-uid-5713.json
2026-04-21T01:01:32.366Z [LOG] [parse_extracted_emails.js] Parsed: parsed-INBOX-uid-5714.json
2026-04-21T01:01:32.366Z [LOG] [parse_extracted_emails.js] Parsed: parsed-INBOX-uid-5715.json
2026-04-21T01:01:32.366Z [LOG] [parse_extracted_emails.js] Parsed: parsed-INBOX-uid-5716.json
2026-04-21T01:01:32.366Z [LOG] [parse_extracted_emails.js] Parsed: parsed-INBOX-uid-5717.json
2026-04-21T01:01:32.366Z [LOG] [parse_extracted_emails.js] Parsed: parsed-INBOX-uid-5718.json
2026-04-21T01:01:32.366Z [LOG] [parse_extracted_emails.js] Parsed: parsed-INBOX-uid-5719.json
2026-04-21T01:01:32.366Z [LOG] [parse_extracted_emails.js] Parsed: parsed-INBOX-uid-5720.json
2026-04-21T01:01:32.366Z [LOG] [parse_extracted_emails.js] Parsed: parsed-INBOX-uid-5721.json
2026-04-21T01:01:32.366Z [LOG] [parse_extracted_emails.js] Parsed: parsed-INBOX-uid-5722.json
2026-04-21T01:01:32.366Z [LOG] [parse_extracted_emails.js] Parsed: parsed-INBOX-uid-5723.json
2026-04-21T01:01:32.366Z [LOG] [parse_extracted_emails.js] Parsed: parsed-INBOX-uid-5724.json
2026-04-21T01:01:32.366Z [LOG] [parse_extracted_emails.js] Parsed: parsed-INBOX-uid-5725.json
2026-04-21T01:01:32.366Z [LOG] [parse_extracted_emails.js] Parsed: parsed-INBOX-uid-5726.json
2026-04-21T01:01:32.366Z [LOG] [parse_extracted_emails.js] Parsed: parsed-INBOX-uid-5727.json
2026-04-21T01:01:32.366Z [LOG] [parse_extracted_emails.js] Parsed: parsed-INBOX-uid-5728.json
2026-04-21T01:01:32.366Z [LOG] [parse_extracted_emails.js] Parsed: parsed-INBOX-uid-5729.json
2026-04-21T01:01:32.366Z [LOG] [parse_extracted_emails.js] Parsed: parsed-INBOX-uid-5730.json
2026-04-21T01:01:32.366Z [LOG] [parse_extracted_emails.js] Parsed: parsed-INBOX-uid-5731.json
2026-04-21T01:01:32.366Z [LOG] [parse_extracted_emails.js] Parsed: parsed-INBOX-uid-5732.json
2026-04-21T01:01:32.366Z [LOG] [parse_extracted_emails.js] Parsed: parsed-INBOX-uid-5733.json
2026-04-21T01:01:32.366Z [LOG] [parse_extracted_emails.js] Parsed: parsed-INBOX-uid-5734.json
2026-04-21T01:01:32.366Z [LOG] [parse_extracted_emails.js] Parsed: parsed-INBOX-uid-5735.json
2026-04-21T01:01:32.366Z [LOG] [parse_extracted_emails.js] Parsed: parsed-INBOX-uid-5736.json
2026-04-21T01:01:32.366Z [LOG] [parse_extracted_emails.js] Parsed: parsed-INBOX-uid-5737.json
2026-04-21T01:01:32.366Z [LOG] [parse_extracted_emails.js] Parsed: parsed-INBOX-uid-5738.json
2026-04-21T01:01:32.366Z [LOG] [parse_extracted_emails.js] Parsed: parsed-INBOX-uid-5739.json
2026-04-21T01:01:32.366Z [LOG] [parse_extracted_emails.js] Parsed: parsed-INBOX-uid-5740.json
2026-04-21T01:01:32.366Z [LOG] [parse_extracted_emails.js] Parsed: parsed-INBOX-uid-5741.json
2026-04-21T01:01:32.366Z [LOG] [parse_extracted_emails.js] Parsed: parsed-INBOX-uid-5742.json
2026-04-21T01:01:32.366Z [LOG] [parse_extracted_emails.js] Parsed: parsed-INBOX-uid-5743.json
2026-04-21T01:01:32.366Z [LOG] [parse_extracted_emails.js] Parsed: parsed-INBOX-uid-5744.json
2026-04-21T01:01:32.366Z [LOG] [parse_extracted_emails.js] Parsed: parsed-INBOX-uid-5745.json
2026-04-21T01:01:32.366Z [LOG] [parse_extracted_emails.js] Parsed: parsed-INBOX-uid-5746.json
2026-04-21T01:01:32.366Z [LOG] [parse_extracted_emails.js] Parsed: parsed-INBOX-uid-5747.json
2026-04-21T01:01:32.367Z [LOG] [parse_extracted_emails.js] Parsed: parsed-INBOX-uid-5748.json
2026-04-21T01:01:32.367Z [LOG] [parse_extracted_emails.js] Parsed: parsed-INBOX-uid-5749.json
2026-04-21T01:01:32.367Z [LOG] [parse_extracted_emails.js] Parsed: parsed-INBOX-uid-5750.json
2026-04-21T01:01:32.367Z [LOG] [parse_extracted_emails.js] Parsed: parsed-INBOX-uid-5751.json
2026-04-21T01:01:32.367Z [LOG] [parse_extracted_emails.js] Parsed: parsed-INBOX-uid-5752.json
2026-04-21T01:01:32.367Z [LOG] [parse_extracted_emails.js] Parsed: parsed-INBOX-uid-5753.json
2026-04-21T01:01:32.367Z [LOG] [parse_extracted_emails.js] Parsed: parsed-INBOX-uid-5754.json
2026-04-21T01:01:32.367Z [LOG] [parse_extracted_emails.js] Parsed: parsed-INBOX-uid-5755.json
2026-04-21T01:01:32.367Z [LOG] [parse_extracted_emails.js] Parsed: parsed-INBOX-uid-5756.json
2026-04-21T01:01:32.367Z [LOG] [parse_extracted_emails.js] Parsed: parsed-INBOX-uid-5757.json
2026-04-21T01:01:32.367Z [LOG] [parse_extracted_emails.js] Parsed: parsed-INBOX-uid-5758.json
2026-04-21T01:01:32.367Z [LOG] [parse_extracted_emails.js] Parsed: parsed-INBOX-uid-5759.json
2026-04-21T01:01:32.367Z [LOG] [parse_extracted_emails.js] Parsed: parsed-INBOX-uid-5760.json
2026-04-21T01:01:32.367Z [LOG] [parse_extracted_emails.js] Parsed: parsed-INBOX-uid-5761.json
2026-04-21T01:01:32.367Z [LOG] [parse_extracted_emails.js] Parsed: parsed-INBOX-uid-5762.json
2026-04-21T01:01:32.367Z [LOG] [parse_extracted_emails.js] Parsed: parsed-INBOX-uid-5763.json
2026-04-21T01:01:32.367Z [LOG] [parse_extracted_emails.js] Parsed: parsed-INBOX-uid-5764.json
2026-04-21T01:01:32.367Z [LOG] [parse_extracted_emails.js] Parsed: parsed-INBOX-uid-5765.json
2026-04-21T01:01:32.367Z [LOG] [parse_extracted_emails.js] Parsed: parsed-INBOX-uid-5766.json
2026-04-21T01:01:32.367Z [LOG] [parse_extracted_emails.js] Parsed: parsed-INBOX-uid-5767.json
2026-04-21T01:01:32.367Z [LOG] [parse_extracted_emails.js] Parsed: parsed-INBOX-uid-5768.json
2026-04-21T01:01:32.367Z [LOG] [parse_extracted_emails.js] Parsed: parsed-INBOX-uid-5769.json
2026-04-21T01:01:32.367Z [LOG] [parse_extracted_emails.js] Parsed: parsed-INBOX-uid-5770.json
2026-04-21T01:01:32.367Z [LOG] [parse_extracted_emails.js] Parsed: parsed-INBOX-uid-5771.json
2026-04-21T01:01:32.367Z [LOG] [parse_extracted_emails.js] Parsed: parsed-INBOX-uid-5772.json
2026-04-21T01:01:32.367Z [LOG] [parse_extracted_emails.js] Parsed: parsed-INBOX-uid-5773.json
2026-04-21T01:01:32.367Z [LOG] [parse_extracted_emails.js] Parsed: parsed-INBOX-uid-5774.json
2026-04-21T01:01:32.367Z [LOG] [parse_extracted_emails.js] Parsed: parsed-INBOX-uid-5775.json
2026-04-21T01:01:32.367Z [LOG] [parse_extracted_emails.js] Parsed: parsed-INBOX-uid-5776.json
2026-04-21T01:01:32.367Z [LOG] [parse_extracted_emails.js] Parsed: parsed-INBOX-uid-5777.json
2026-04-21T01:01:32.367Z [LOG] [parse_extracted_emails.js] Parsed: parsed-INBOX-uid-5778.json
2026-04-21T01:01:32.367Z [LOG] [parse_extracted_emails.js] Parsed: parsed-INBOX-uid-5779.json
2026-04-21T01:01:32.367Z [LOG] [parse_extracted_emails.js] Parsed: parsed-INBOX-uid-5780.json
2026-04-21T01:01:32.367Z [LOG] [parse_extracted_emails.js] Parsed: parsed-INBOX-uid-5781.json
2026-04-21T01:01:32.367Z [LOG] [parse_extracted_emails.js] Parsed: parsed-INBOX-uid-5782.json
2026-04-21T01:01:32.367Z [LOG] [parse_extracted_emails.js] Parsed: parsed-INBOX-uid-5783.json
2026-04-21T01:01:32.367Z [LOG] [parse_extracted_emails.js] Parsed: parsed-INBOX-uid-5784.json
2026-04-21T01:01:32.367Z [LOG] [parse_extracted_emails.js] Parsed: parsed-INBOX-uid-5785.json
2026-04-21T01:01:32.367Z [LOG] [parse_extracted_emails.js] Parsed: parsed-INBOX-uid-5786.json
2026-04-21T01:01:32.367Z [LOG] [parse_extracted_emails.js] Parsed: parsed-INBOX-uid-5787.json
2026-04-21T01:01:32.367Z [LOG] [parse_extracted_emails.js] Parsed: parsed-INBOX-uid-5788.json
2026-04-21T01:01:32.367Z [LOG] [parse_extracted_emails.js] Parsed: parsed-INBOX-uid-5789.json
2026-04-21T01:01:32.367Z [LOG] [parse_extracted_emails.js] Parsed: parsed-INBOX-uid-5790.json
2026-04-21T01:01:32.367Z [LOG] [parse_extracted_emails.js] Parsed: parsed-INBOX-uid-5791.json
2026-04-21T01:01:32.367Z [LOG] [parse_extracted_emails.js] Parsed: parsed-INBOX-uid-5792.json
2026-04-21T01:01:32.367Z [LOG] [parse_extracted_emails.js] Parsed: parsed-INBOX-uid-5793.json
2026-04-21T01:01:32.367Z [LOG] [parse_extracted_emails.js] Parsed: parsed-INBOX-uid-5794.json
2026-04-21T01:01:32.367Z [LOG] [parse_extracted_emails.js] Parsed: parsed-INBOX-uid-5795.json
2026-04-21T01:01:32.367Z [LOG] [parse_extracted_emails.js] Parsed: parsed-INBOX-uid-5796.json
2026-04-21T01:01:32.367Z [LOG] [parse_extracted_emails.js] Parsed: parsed-INBOX-uid-5797.json
2026-04-21T01:01:32.367Z [LOG] [parse_extracted_emails.js] Parsed: parsed-INBOX-uid-5798.json
2026-04-21T01:01:32.367Z [LOG] [parse_extracted_emails.js] Parsed: parsed-INBOX-uid-5799.json
2026-04-21T01:01:32.367Z [LOG] [parse_extracted_emails.js] Parsed: parsed-INBOX-uid-5800.json
2026-04-21T01:01:32.367Z [LOG] [parse_extracted_emails.js] Parsed: parsed-INBOX-uid-5801.json
2026-04-21T01:01:32.367Z [LOG] [parse_extracted_emails.js] Parsed: parsed-INBOX-uid-5802.json
2026-04-21T01:01:32.367Z [LOG] [parse_extracted_emails.js] Parsed: parsed-INBOX-uid-5803.json
2026-04-21T01:01:32.367Z [LOG] [parse_extracted_emails.js] Parsed: parsed-INBOX-uid-5804.json
2026-04-21T01:01:32.367Z [LOG] [parse_extracted_emails.js] Parsed: parsed-INBOX-uid-5805.json
2026-04-21T01:01:32.367Z [LOG] [parse_extracted_emails.js] Parsed: parsed-INBOX-uid-5806.json
2026-04-21T01:01:32.367Z [LOG] [parse_extracted_emails.js] Parsed: parsed-INBOX-uid-5807.json
2026-04-21T01:01:32.367Z [LOG] [parse_extracted_emails.js] Parsed: parsed-INBOX-uid-5808.json
2026-04-21T01:01:32.367Z [LOG] [parse_extracted_emails.js] Parsed: parsed-INBOX-uid-5809.json
2026-04-21T01:01:32.367Z [LOG] [parse_extracted_emails.js] Parsed: parsed-INBOX-uid-5810.json
2026-04-21T01:01:32.367Z [LOG] [parse_extracted_emails.js] Parsed: parsed-INBOX-uid-5811.json
2026-04-21T01:01:32.367Z [LOG] [parse_extracted_emails.js] Parsed: parsed-INBOX-uid-5812.json
2026-04-21T01:01:32.367Z [LOG] [parse_extracted_emails.js] Parsed: parsed-INBOX-uid-5813.json
2026-04-21T01:01:32.367Z [LOG] [parse_extracted_emails.js] Parsed: parsed-INBOX-uid-5814.json
2026-04-21T01:01:32.367Z [LOG] [parse_extracted_emails.js] Parsed: parsed-INBOX-uid-5815.json
2026-04-21T01:01:32.367Z [LOG] [parse_extracted_emails.js] Parsed: parsed-INBOX-uid-5816.json
2026-04-21T01:01:32.367Z [LOG] [parse_extracted_emails.js] Parsed: parsed-INBOX-uid-5817.json
2026-04-21T01:01:32.367Z [LOG] [parse_extracted_emails.js] Parsed: parsed-INBOX-uid-5818.json
2026-04-21T01:01:32.367Z [LOG] [parse_extracted_emails.js] Parsed: parsed-INBOX-uid-5819.json
2026-04-21T01:01:32.367Z [LOG] [parse_extracted_emails.js] Parsed: parsed-INBOX-uid-5820.json
2026-04-21T01:01:32.367Z [LOG] [parse_extracted_emails.js] Parsed: parsed-INBOX-uid-5821.json
2026-04-21T01:01:32.367Z [LOG] [parse_extracted_emails.js] Parsed: parsed-INBOX-uid-5822.json
2026-04-21T01:01:32.367Z [LOG] [parse_extracted_emails.js] Parsed: parsed-INBOX-uid-5823.json
2026-04-21T01:01:32.367Z [LOG] [parse_extracted_emails.js] Parsed: parsed-INBOX-uid-5824.json
2026-04-21T01:01:32.367Z [LOG] [parse_extracted_emails.js] Parsed: parsed-INBOX-uid-5825.json
2026-04-21T01:01:32.367Z [LOG] [parse_extracted_emails.js] Parsed: parsed-INBOX-uid-5826.json
2026-04-21T01:01:32.367Z [LOG] [parse_extracted_emails.js] Parsed: parsed-INBOX-uid-5827.json
2026-04-21T01:01:32.367Z [LOG] [parse_extracted_emails.js] Parsed: parsed-INBOX-uid-5828.json
2026-04-21T01:01:32.367Z [LOG] [parse_extracted_emails.js] Parsed: parsed-INBOX-uid-5829.json
2026-04-21T01:01:32.367Z [LOG] [parse_extracted_emails.js] Parsed: parsed-INBOX-uid-5830.json
2026-04-21T01:01:32.367Z [LOG] [parse_extracted_emails.js] Parsed: parsed-INBOX-uid-5831.json
2026-04-21T01:01:32.367Z [LOG] [parse_extracted_emails.js] Parsed: parsed-INBOX-uid-5832.json
2026-04-21T01:01:32.367Z [LOG] [parse_extracted_emails.js] Parsed: parsed-INBOX-uid-5833.json
2026-04-21T01:01:32.367Z [LOG] [parse_extracted_emails.js] Parsed: parsed-INBOX-uid-5834.json
2026-04-21T01:01:32.367Z [LOG] [parse_extracted_emails.js] Parsed: parsed-INBOX-uid-5835.json
2026-04-21T01:01:32.367Z [LOG] [parse_extracted_emails.js] Parsed: parsed-INBOX-uid-5836.json
2026-04-21T01:01:32.367Z [LOG] [parse_extracted_emails.js] Parsed: parsed-INBOX-uid-5837.json
2026-04-21T01:01:32.367Z [LOG] [parse_extracted_emails.js] Parsed: parsed-INBOX-uid-5838.json
2026-04-21T01:01:32.367Z [LOG] [parse_extracted_emails.js] Parsed: parsed-INBOX-uid-5839.json
2026-04-21T01:01:32.367Z [LOG] [parse_extracted_emails.js] Parsed: parsed-INBOX-uid-5840.json
2026-04-21T01:01:32.367Z [LOG] [parse_extracted_emails.js] Parsed: parsed-INBOX-uid-5841.json
2026-04-21T01:01:32.367Z [LOG] [parse_extracted_emails.js] Parsed: parsed-INBOX-uid-5842.json
2026-04-21T01:01:32.367Z [LOG] [parse_extracted_emails.js] Parsed: parsed-INBOX-uid-5843.json
2026-04-21T01:01:32.367Z [LOG] [parse_extracted_emails.js] Parsed: parsed-INBOX-uid-5844.json
2026-04-21T01:01:32.367Z [LOG] [parse_extracted_emails.js] Parsed: parsed-INBOX-uid-5845.json
2026-04-21T01:01:32.367Z [LOG] [parse_extracted_emails.js] Parsed: parsed-INBOX-uid-5846.json
2026-04-21T01:01:32.367Z [LOG] [parse_extracted_emails.js] Parsed: parsed-INBOX-uid-5847.json
2026-04-21T01:01:32.367Z [LOG] [parse_extracted_emails.js] Parsed: parsed-INBOX-uid-5848.json
2026-04-21T01:01:32.367Z [LOG] [parse_extracted_emails.js] Parsed: parsed-INBOX-uid-5849.json
2026-04-21T01:01:32.367Z [LOG] [parse_extracted_emails.js] Parsed: parsed-INBOX-uid-5850.json
2026-04-21T01:01:32.367Z [LOG] [parse_extracted_emails.js] Parsed: parsed-INBOX-uid-5851.json
2026-04-21T01:01:32.367Z [LOG] [parse_extracted_emails.js] Parsed: parsed-INBOX-uid-5852.json
2026-04-21T01:01:32.367Z [LOG] [parse_extracted_emails.js] Parsed: parsed-INBOX-uid-5853.json
2026-04-21T01:01:32.367Z [LOG] [parse_extracted_emails.js] Parsed: parsed-INBOX-uid-5854.json
2026-04-21T01:01:32.367Z [LOG] [parse_extracted_emails.js] Parsed: parsed-INBOX-uid-5855.json
2026-04-21T01:01:32.367Z [LOG] [parse_extracted_emails.js] Parsed: parsed-INBOX-uid-5856.json
2026-04-21T01:01:32.367Z [LOG] [parse_extracted_emails.js] Parsed: parsed-INBOX-uid-5857.json
2026-04-21T01:01:32.367Z [LOG] [parse_extracted_emails.js] Parsed: parsed-INBOX-uid-5858.json
2026-04-21T01:01:32.367Z [LOG] [parse_extracted_emails.js] Parsed: parsed-INBOX-uid-5859.json
2026-04-21T01:01:32.367Z [LOG] [parse_extracted_emails.js] Parsed: parsed-INBOX-uid-5860.json
2026-04-21T01:01:32.367Z [LOG] [parse_extracted_emails.js] Parsed: parsed-INBOX-uid-5861.json
2026-04-21T01:01:32.367Z [LOG] [parse_extracted_emails.js] Parsed: parsed-INBOX-uid-5862.json
2026-04-21T01:01:32.367Z [LOG] [parse_extracted_emails.js] Parsed: parsed-INBOX-uid-5863.json
2026-04-21T01:01:32.367Z [LOG] [parse_extracted_emails.js] Parsed: parsed-INBOX-uid-5864.json
2026-04-21T01:01:32.367Z [LOG] [parse_extracted_emails.js] Parsed: parsed-INBOX-uid-5865.json
2026-04-21T01:01:32.367Z [LOG] [parse_extracted_emails.js] Parsed: parsed-INBOX-uid-5866.json
2026-04-21T01:01:32.367Z [LOG] [parse_extracted_emails.js] Parsed: parsed-INBOX-uid-5867.json
2026-04-21T01:01:32.367Z [LOG] [parse_extracted_emails.js] Parsed: parsed-INBOX-uid-5868.json
2026-04-21T01:01:32.367Z [LOG] [parse_extracted_emails.js] Parsed: parsed-INBOX-uid-5869.json
2026-04-21T01:01:32.367Z [LOG] [parse_extracted_emails.js] Parsed: parsed-INBOX-uid-5870.json
2026-04-21T01:01:32.367Z [LOG] [parse_extracted_emails.js] Parsed: parsed-INBOX-uid-5871.json
2026-04-21T01:01:32.367Z [LOG] [parse_extracted_emails.js] Parsed: parsed-INBOX-uid-5872.json
2026-04-21T01:01:32.367Z [LOG] [parse_extracted_emails.js] Parsed: parsed-INBOX-uid-5873.json
2026-04-21T01:01:32.367Z [LOG] [parse_extracted_emails.js] Parsed: parsed-INBOX-uid-5874.json
2026-04-21T01:01:32.367Z [LOG] [parse_extracted_emails.js] Parsed: parsed-INBOX-uid-5875.json
2026-04-21T01:01:32.367Z [LOG] [parse_extracted_emails.js] Parsed: parsed-INBOX-uid-5876.json
2026-04-21T01:01:32.367Z [LOG] [parse_extracted_emails.js] Parsed: parsed-INBOX-uid-5877.json
2026-04-21T01:01:32.367Z [LOG] [parse_extracted_emails.js] Parsed: parsed-INBOX-uid-5878.json
2026-04-21T01:01:32.367Z [LOG] [parse_extracted_emails.js] Parsed: parsed-INBOX-uid-5879.json
2026-04-21T01:01:32.367Z [LOG] [parse_extracted_emails.js] Parsed: parsed-INBOX-uid-5880.json
2026-04-21T01:01:32.367Z [LOG] [parse_extracted_emails.js] Parsed: parsed-INBOX-uid-5881.json
2026-04-21T01:01:32.367Z [LOG] [parse_extracted_emails.js] Parsed: parsed-INBOX-uid-5882.json
2026-04-21T01:01:32.367Z [LOG] [parse_extracted_emails.js] Parsed: parsed-INBOX-uid-5883.json
2026-04-21T01:01:32.367Z [LOG] [parse_extracted_emails.js] Parsed: parsed-INBOX-uid-5884.json
2026-04-21T01:01:32.367Z [LOG] [parse_extracted_emails.js] Parsed: parsed-INBOX-uid-5885.json
2026-04-21T01:01:32.367Z [LOG] [parse_extracted_emails.js] Parsed: parsed-INBOX-uid-5886.json
2026-04-21T01:01:32.367Z [LOG] [parse_extracted_emails.js] Parsed: parsed-INBOX-uid-5887.json
2026-04-21T01:01:32.367Z [LOG] [parse_extracted_emails.js] Parsed: parsed-INBOX-uid-5888.json
2026-04-21T01:01:32.367Z [LOG] [parse_extracted_emails.js] Parsed: parsed-INBOX-uid-5889.json
2026-04-21T01:01:32.367Z [LOG] [parse_extracted_emails.js] Parsed: parsed-INBOX-uid-5890.json
2026-04-21T01:01:32.367Z [LOG] [parse_extracted_emails.js] Parsed: parsed-INBOX-uid-5891.json
2026-04-21T01:01:32.367Z [LOG] [parse_extracted_emails.js] Parsed: parsed-INBOX-uid-5892.json
2026-04-21T01:01:32.367Z [LOG] [parse_extracted_emails.js] Parsed: parsed-INBOX-uid-5893.json
2026-04-21T01:01:32.367Z [LOG] [parse_extracted_emails.js] Parsed: parsed-INBOX-uid-5894.json
2026-04-21T01:01:32.367Z [LOG] [parse_extracted_emails.js] Parsed: parsed-INBOX-uid-5895.json
2026-04-21T01:01:32.367Z [LOG] [parse_extracted_emails.js] Parsed: parsed-INBOX-uid-5896.json
2026-04-21T01:01:32.367Z [LOG] [parse_extracted_emails.js] Parsed: parsed-INBOX-uid-5897.json
2026-04-21T01:01:32.367Z [LOG] [parse_extracted_emails.js] Parsed: parsed-INBOX-uid-5898.json
2026-04-21T01:01:32.367Z [LOG] [parse_extracted_emails.js] Parsed: parsed-INBOX-uid-5899.json
2026-04-21T01:01:32.367Z [LOG] [parse_extracted_emails.js] Parsed: parsed-INBOX-uid-5900.json
2026-04-21T01:01:32.368Z [LOG] [parse_extracted_emails.js] Parsed: parsed-INBOX-uid-5901.json
2026-04-21T01:01:32.368Z [LOG] [parse_extracted_emails.js] Parsed: parsed-INBOX-uid-5902.json
2026-04-21T01:01:32.368Z [LOG] [parse_extracted_emails.js] Parsed: parsed-INBOX-uid-5903.json
2026-04-21T01:01:32.368Z [LOG] [parse_extracted_emails.js] Parsed: parsed-INBOX-uid-5904.json
2026-04-21T01:01:32.368Z [LOG] [parse_extracted_emails.js] Parsed: parsed-INBOX-uid-5905.json
2026-04-21T01:01:32.368Z [LOG] [parse_extracted_emails.js] Parsed: parsed-INBOX-uid-5906.json
2026-04-21T01:01:32.368Z [LOG] [parse_extracted_emails.js] Parsed: parsed-INBOX-uid-5907.json
2026-04-21T01:01:32.368Z [LOG] [parse_extracted_emails.js] Parsed: parsed-INBOX-uid-5911.json
2026-04-21T01:01:32.368Z [LOG] [parse_extracted_emails.js] Parsed: parsed-INBOX-uid-5912.json
2026-04-21T01:01:32.368Z [LOG] [parse_extracted_emails.js] Parsed: parsed-INBOX-uid-5913.json
2026-04-21T01:01:32.368Z [LOG] [parse_extracted_emails.js] Parsed: parsed-INBOX-uid-5914.json
2026-04-21T01:01:32.368Z [LOG] [parse_extracted_emails.js] Parsed: parsed-INBOX-uid-5915.json
2026-04-21T01:01:32.368Z [LOG] [parse_extracted_emails.js] Parsed: parsed-INBOX-uid-5916.json
2026-04-21T01:01:32.368Z [LOG] [parse_extracted_emails.js] Parsed: parsed-INBOX-uid-5917.json
2026-04-21T01:01:32.368Z [LOG] [parse_extracted_emails.js] Parsed: parsed-INBOX-uid-5918.json
2026-04-21T01:01:32.368Z [LOG] [parse_extracted_emails.js] Parsed: parsed-INBOX-uid-5919.json
2026-04-21T01:01:32.368Z [LOG] [parse_extracted_emails.js] Parsed: parsed-INBOX-uid-5920.json
2026-04-21T01:01:32.368Z [LOG] [parse_extracted_emails.js] Parsed: parsed-INBOX-uid-5921.json
2026-04-21T01:01:32.368Z [LOG] [parse_extracted_emails.js] Parsed: parsed-INBOX-uid-5922.json
2026-04-21T01:01:32.368Z [LOG] [parse_extracted_emails.js] Parsed: parsed-INBOX-uid-5923.json
2026-04-21T01:01:32.368Z [LOG] [parse_extracted_emails.js] Parsed: parsed-INBOX-uid-5924.json
2026-04-21T01:01:32.368Z [LOG] [parse_extracted_emails.js] Parsed: parsed-INBOX-uid-5925.json
2026-04-21T01:01:32.368Z [LOG] [parse_extracted_emails.js] Parsed: parsed-INBOX-uid-5926.json
2026-04-21T01:01:32.368Z [LOG] [parse_extracted_emails.js] Parsed: parsed-INBOX-uid-5927.json
2026-04-21T01:01:32.368Z [LOG] [parse_extracted_emails.js] Parsed: parsed-INBOX-uid-5928.json
2026-04-21T01:01:32.368Z [LOG] [parse_extracted_emails.js] Parsed: parsed-INBOX-uid-5929.json
2026-04-21T01:01:32.368Z [LOG] [parse_extracted_emails.js] Parsed: parsed-INBOX-uid-5930.json
2026-04-21T01:01:32.368Z [LOG] [parse_extracted_emails.js] Parsed: parsed-INBOX-uid-5931.json
2026-04-21T01:01:32.368Z [LOG] [parse_extracted_emails.js] Parsed: parsed-INBOX-uid-5932.json
2026-04-21T01:01:32.368Z [LOG] [parse_extracted_emails.js] Parsed: parsed-INBOX-uid-5934.json
2026-04-21T01:01:32.368Z [LOG] [parse_extracted_emails.js] Parsed: parsed-INBOX-uid-5935.json
2026-04-21T01:01:32.368Z [LOG] [parse_extracted_emails.js] Parsed: parsed-INBOX-uid-5936.json
2026-04-21T01:01:32.368Z [LOG] [parse_extracted_emails.js] Parsed: parsed-INBOX-uid-5937.json
2026-04-21T01:01:32.368Z [LOG] [parse_extracted_emails.js] Parsed: parsed-INBOX-uid-5938.json
2026-04-21T01:01:32.368Z [LOG] [parse_extracted_emails.js] Parsed: parsed-INBOX-uid-5939.json
2026-04-21T01:01:32.368Z [LOG] [parse_extracted_emails.js] Parsed: parsed-INBOX-uid-5940.json
2026-04-21T01:01:32.368Z [LOG] [parse_extracted_emails.js] Parsed: parsed-INBOX-uid-5941.json
2026-04-21T01:01:32.368Z [LOG] [parse_extracted_emails.js] Parsed: parsed-INBOX-uid-5942.json
2026-04-21T01:01:32.368Z [LOG] [parse_extracted_emails.js] Parsed: parsed-INBOX-uid-5943.json
2026-04-21T01:01:32.368Z [LOG] [parse_extracted_emails.js] Parsed: parsed-INBOX-uid-5944.json
2026-04-21T01:01:32.368Z [LOG] [parse_extracted_emails.js] Parsed: parsed-INBOX-uid-5945.json
2026-04-21T01:01:32.368Z [LOG] [parse_extracted_emails.js] Parsed: parsed-INBOX-uid-5946.json
2026-04-21T01:01:32.368Z [LOG] [parse_extracted_emails.js] Parsed: parsed-INBOX-uid-5948.json
2026-04-21T01:01:32.368Z [LOG] [parse_extracted_emails.js] Parsed: parsed-INBOX-uid-5949.json
2026-04-21T01:01:32.368Z [LOG] [parse_extracted_emails.js] Parsed: parsed-INBOX-uid-5950.json
2026-04-21T01:01:32.368Z [LOG] [parse_extracted_emails.js] Parsed: parsed-INBOX-uid-5951.json
2026-04-21T01:01:32.368Z [LOG] [parse_extracted_emails.js] Parsed: parsed-INBOX-uid-5952.json
2026-04-21T01:01:32.368Z [LOG] [parse_extracted_emails.js] Parsed: parsed-INBOX-uid-5953.json
2026-04-21T01:01:32.368Z [LOG] [parse_extracted_emails.js] Parsed: parsed-INBOX-uid-5954.json
2026-04-21T01:01:32.368Z [LOG] [parse_extracted_emails.js] Parsed: parsed-INBOX-uid-5955.json
2026-04-21T01:01:32.368Z [LOG] [parse_extracted_emails.js] Parsed: parsed-INBOX-uid-5956.json
2026-04-21T01:01:32.368Z [LOG] [parse_extracted_emails.js] Parsed: parsed-INBOX-uid-5957.json
2026-04-21T01:01:32.368Z [LOG] [parse_extracted_emails.js] Parsed: parsed-INBOX-uid-5958.json
2026-04-21T01:01:32.368Z [LOG] [parse_extracted_emails.js] Parsed: parsed-INBOX-uid-5959.json
2026-04-21T01:01:32.368Z [LOG] [parse_extracted_emails.js] Parsed: parsed-INBOX-uid-5960.json
2026-04-21T01:01:32.368Z [LOG] [parse_extracted_emails.js] Parsed: parsed-INBOX-uid-5961.json
2026-04-21T01:01:32.368Z [LOG] [parse_extracted_emails.js] Parsed: parsed-INBOX-uid-5962.json
2026-04-21T01:01:32.368Z [LOG] [parse_extracted_emails.js] Parsed: parsed-INBOX-uid-5963.json
2026-04-21T01:01:32.368Z [LOG] [parse_extracted_emails.js] Parsed: parsed-INBOX-uid-5964.json
2026-04-21T01:01:32.368Z [LOG] [parse_extracted_emails.js] Parsed: parsed-INBOX-uid-5965.json
2026-04-21T01:01:32.368Z [LOG] [parse_extracted_emails.js] Parsed: parsed-INBOX-uid-5966.json
2026-04-21T01:01:32.368Z [LOG] [parse_extracted_emails.js] Parsed: parsed-INBOX-uid-5967.json
2026-04-21T01:01:32.368Z [LOG] [parse_extracted_emails.js] Parsed: parsed-INBOX-uid-5968.json
2026-04-21T01:01:32.368Z [LOG] [parse_extracted_emails.js] Parsed: parsed-INBOX-uid-5969.json
2026-04-21T01:01:32.368Z [LOG] [parse_extracted_emails.js] Parsed: parsed-INBOX-uid-5970.json
2026-04-21T01:01:32.368Z [LOG] [parse_extracted_emails.js] Parsed: parsed-INBOX-uid-5971.json
2026-04-21T01:01:32.368Z [LOG] [parse_extracted_emails.js] Parsed: parsed-INBOX-uid-5972.json
2026-04-21T01:01:32.368Z [LOG] [parse_extracted_emails.js] Parsed: parsed-INBOX-uid-5973.json
2026-04-21T01:01:32.368Z [LOG] [parse_extracted_emails.js] Parsed: parsed-INBOX-uid-5974.json
2026-04-21T01:01:32.368Z [LOG] [parse_extracted_emails.js] Parsed: parsed-INBOX-uid-5975.json
2026-04-21T01:01:32.368Z [LOG] [parse_extracted_emails.js] Parsed: parsed-INBOX-uid-5976.json
2026-04-21T01:01:32.368Z [LOG] [parse_extracted_emails.js] Parsed: parsed-INBOX-uid-5977.json
2026-04-21T01:01:32.368Z [LOG] [parse_extracted_emails.js] Parsed: parsed-INBOX-uid-5978.json
2026-04-21T01:01:32.368Z [LOG] [parse_extracted_emails.js] Parsed: parsed-INBOX-uid-5979.json
2026-04-21T01:01:32.368Z [LOG] [parse_extracted_emails.js] Parsed: parsed-INBOX-uid-5980.json
2026-04-21T01:01:32.368Z [LOG] [parse_extracted_emails.js] Parsed: parsed-INBOX-uid-5981.json
2026-04-21T01:01:32.368Z [LOG] [parse_extracted_emails.js] Parsed: parsed-INBOX-uid-5982.json
2026-04-21T01:01:32.368Z [LOG] [parse_extracted_emails.js] Parsed: parsed-INBOX-uid-5983.json
2026-04-21T01:01:32.368Z [LOG] [parse_extracted_emails.js] Parsed: parsed-INBOX-uid-6005.json
2026-04-21T01:01:32.368Z [LOG] [parse_extracted_emails.js] Parsed: parsed-INBOX-uid-6006.json
2026-04-21T01:01:32.368Z [LOG] [parse_extracted_emails.js] Parsed: parsed-INBOX-uid-6007.json
2026-04-21T01:01:32.368Z [LOG] [parse_extracted_emails.js] Parsed: parsed-INBOX-uid-6008.json
2026-04-21T01:01:32.368Z [LOG] [parse_extracted_emails.js] Parsed: parsed-INBOX-uid-6009.json
2026-04-21T01:01:32.368Z [LOG] [parse_extracted_emails.js] Parsed: parsed-INBOX-uid-6010.json
2026-04-21T01:01:32.368Z [LOG] [parse_extracted_emails.js] Parsed: parsed-INBOX-uid-6011.json
2026-04-21T01:01:32.368Z [LOG] [parse_extracted_emails.js] Parsed: parsed-INBOX-uid-6012.json
2026-04-21T01:01:32.369Z [LOG] [parse_extracted_emails.js] Parsed: parsed-INBOX-uid-6013.json
2026-04-21T01:01:32.369Z [LOG] [parse_extracted_emails.js] Parsed: parsed-INBOX-uid-6014.json
2026-04-21T01:01:32.369Z [LOG] [parse_extracted_emails.js] Parsed: parsed-INBOX-uid-6015.json
2026-04-21T01:01:32.369Z [LOG] [parse_extracted_emails.js] Parsed: parsed-INBOX-uid-6016.json
2026-04-21T01:01:32.369Z [LOG] [parse_extracted_emails.js] Parsed: parsed-INBOX-uid-6017.json
2026-04-21T01:01:32.369Z [LOG] [parse_extracted_emails.js] Parsed: parsed-INBOX-uid-6018.json
2026-04-21T01:01:32.369Z [LOG] [parse_extracted_emails.js] Parsed: parsed-INBOX-uid-6019.json
2026-04-21T01:01:32.369Z [LOG] [parse_extracted_emails.js] Parsed: parsed-INBOX-uid-6020.json
2026-04-21T01:01:32.369Z [LOG] [parse_extracted_emails.js] Parsed: parsed-INBOX-uid-6021.json
2026-04-21T01:01:32.369Z [LOG] [parse_extracted_emails.js] Parsed: parsed-INBOX-uid-6022.json
2026-04-21T01:01:32.369Z [LOG] [parse_extracted_emails.js] Parsed: parsed-INBOX-uid-6023.json
2026-04-21T01:01:32.369Z [LOG] [parse_extracted_emails.js] Parsed: parsed-INBOX-uid-6024.json
2026-04-21T01:01:32.369Z [LOG] [parse_extracted_emails.js] Parsed: parsed-INBOX-uid-6025.json
2026-04-21T01:01:32.369Z [LOG] [parse_extracted_emails.js] Parsed: parsed-INBOX-uid-6026.json
2026-04-21T01:01:32.369Z [LOG] [parse_extracted_emails.js] Parsed: parsed-INBOX-uid-6027.json
2026-04-21T01:01:32.369Z [LOG] [parse_extracted_emails.js] Parsed: parsed-INBOX-uid-6028.json
2026-04-21T01:01:32.369Z [LOG] [parse_extracted_emails.js] Parsed: parsed-INBOX-uid-6029.json
2026-04-21T01:01:32.369Z [LOG] [parse_extracted_emails.js] Parsed: parsed-INBOX-uid-6030.json
2026-04-21T01:01:32.369Z [LOG] [parse_extracted_emails.js] Parsed: parsed-INBOX-uid-6031.json
2026-04-21T01:01:32.369Z [LOG] [parse_extracted_emails.js] Parsed: parsed-INBOX-uid-6032.json
2026-04-21T01:01:32.369Z [LOG] [parse_extracted_emails.js] Parsed: parsed-INBOX-uid-6033.json
2026-04-21T01:01:32.369Z [LOG] [parse_extracted_emails.js] Parsed: parsed-INBOX-uid-6034.json
2026-04-21T01:01:32.369Z [LOG] [parse_extracted_emails.js] Parsed: parsed-INBOX-uid-6035.json
2026-04-21T01:01:32.369Z [LOG] [parse_extracted_emails.js] Parsed: parsed-INBOX-uid-6036.json
2026-04-21T01:01:32.369Z [LOG] [parse_extracted_emails.js] Parsed: parsed-INBOX-uid-6037.json
2026-04-21T01:01:32.369Z [LOG] [parse_extracted_emails.js] Parsed: parsed-INBOX-uid-6038.json
2026-04-21T01:01:32.369Z [LOG] [parse_extracted_emails.js] Parsed: parsed-INBOX-uid-6039.json
2026-04-21T01:01:32.369Z [LOG] [parse_extracted_emails.js] Parsed: parsed-INBOX-uid-6040.json
2026-04-21T01:01:32.369Z [LOG] [parse_extracted_emails.js] Parsed: parsed-INBOX-uid-6041.json
2026-04-21T01:01:32.369Z [LOG] [parse_extracted_emails.js] Parsed: parsed-INBOX-uid-6042.json
2026-04-21T01:01:32.369Z [LOG] [parse_extracted_emails.js] Parsed: parsed-INBOX-uid-6043.json
2026-04-21T01:01:32.369Z [LOG] [parse_extracted_emails.js] Parsed: parsed-INBOX-uid-6044.json
2026-04-21T01:01:32.369Z [LOG] [parse_extracted_emails.js] Parsed: parsed-INBOX-uid-6045.json
2026-04-21T01:01:32.369Z [LOG] [parse_extracted_emails.js] Parsed: parsed-INBOX-uid-6046.json
2026-04-21T01:01:32.369Z [LOG] [parse_extracted_emails.js] Parsed: parsed-INBOX-uid-6047.json
2026-04-21T01:01:32.369Z [LOG] [parse_extracted_emails.js] Parsed: parsed-INBOX-uid-6048.json
2026-04-21T01:01:32.369Z [LOG] [parse_extracted_emails.js] Parsed: parsed-INBOX-uid-6049.json
2026-04-21T01:01:32.369Z [LOG] [parse_extracted_emails.js] Parsed: parsed-INBOX-uid-6050.json
2026-04-21T01:01:32.369Z [LOG] [parse_extracted_emails.js] Parsed: parsed-INBOX-uid-6051.json
2026-04-21T01:01:32.369Z [LOG] [parse_extracted_emails.js] Parsed: parsed-INBOX-uid-6052.json
2026-04-21T01:01:32.369Z [LOG] [parse_extracted_emails.js] Parsed: parsed-INBOX-uid-6053.json
2026-04-21T01:01:32.369Z [LOG] [parse_extracted_emails.js] Parsed: parsed-INBOX-uid-6054.json
2026-04-21T01:01:32.369Z [LOG] [parse_extracted_emails.js] Parsed: parsed-INBOX-uid-6055.json
2026-04-21T01:01:32.369Z [LOG] [parse_extracted_emails.js] Parsed: parsed-INBOX-uid-6056.json
2026-04-21T01:01:32.369Z [LOG] [parse_extracted_emails.js] Parsed: parsed-INBOX-uid-6057.json
2026-04-21T01:01:32.369Z [LOG] [parse_extracted_emails.js] Parsed: parsed-INBOX-uid-6058.json
2026-04-21T01:01:32.369Z [LOG] [parse_extracted_emails.js] Parsed: parsed-INBOX-uid-6059.json
2026-04-21T01:01:32.369Z [LOG] [parse_extracted_emails.js] Parsed: parsed-INBOX-uid-6060.json
2026-04-21T01:01:32.369Z [LOG] [parse_extracted_emails.js] Parsed: parsed-INBOX-uid-6061.json
2026-04-21T01:01:32.369Z [LOG] [parse_extracted_emails.js] Parsed: parsed-INBOX-uid-6062.json
2026-04-21T01:01:32.369Z [LOG] [parse_extracted_emails.js] Parsed: parsed-INBOX-uid-6063.json
2026-04-21T01:01:32.369Z [LOG] [parse_extracted_emails.js] Parsed: parsed-INBOX-uid-6064.json
2026-04-21T01:01:32.369Z [LOG] [parse_extracted_emails.js] Parsed: parsed-INBOX-uid-6065.json
2026-04-21T01:01:32.369Z [LOG] [parse_extracted_emails.js] Parsed: parsed-INBOX-uid-6066.json
2026-04-21T01:01:32.369Z [LOG] [parse_extracted_emails.js] Parsed: parsed-INBOX-uid-6067.json
2026-04-21T01:01:32.369Z [LOG] [parse_extracted_emails.js] Parsed: parsed-INBOX-uid-6068.json
2026-04-21T01:01:32.369Z [LOG] [parse_extracted_emails.js] Parsed: parsed-INBOX-uid-6069.json
2026-04-21T01:01:32.369Z [LOG] [parse_extracted_emails.js] Parsed: parsed-INBOX-uid-6070.json
2026-04-21T01:01:32.369Z [LOG] [parse_extracted_emails.js] Parsed: parsed-INBOX-uid-6071.json
2026-04-21T01:01:32.369Z [LOG] [parse_extracted_emails.js] Parsed: parsed-INBOX-uid-6072.json
2026-04-21T01:01:32.369Z [LOG] [parse_extracted_emails.js] Parsed: parsed-INBOX-uid-6073.json
2026-04-21T01:01:32.369Z [LOG] [parse_extracted_emails.js] Parsed: parsed-INBOX-uid-6074.json
2026-04-21T01:01:32.369Z [LOG] [parse_extracted_emails.js] Parsed: parsed-INBOX-uid-6075.json
2026-04-21T01:01:32.369Z [LOG] [parse_extracted_emails.js] Parsed: parsed-INBOX-uid-6076.json
2026-04-21T01:01:32.369Z [LOG] [parse_extracted_emails.js] Parsed: parsed-INBOX-uid-6077.json
2026-04-21T01:01:32.369Z [LOG] [parse_extracted_emails.js] Parsed: parsed-INBOX-uid-6078.json
2026-04-21T01:01:32.369Z [LOG] [parse_extracted_emails.js] Parsed: parsed-INBOX-uid-6079.json
2026-04-21T01:01:32.369Z [LOG] [parse_extracted_emails.js] Parsed: parsed-INBOX-uid-6080.json
2026-04-21T01:01:32.369Z [LOG] [parse_extracted_emails.js] Parsed: parsed-INBOX-uid-6081.json
2026-04-21T01:01:32.369Z [LOG] [parse_extracted_emails.js] Parsed: parsed-INBOX-uid-6082.json
2026-04-21T01:01:32.369Z [LOG] [parse_extracted_emails.js] Parsed: parsed-INBOX-uid-6083.json
2026-04-21T01:01:32.369Z [LOG] [parse_extracted_emails.js] Parsed: parsed-INBOX-uid-6084.json
2026-04-21T01:01:32.369Z [LOG] [parse_extracted_emails.js] Parsed: parsed-INBOX-uid-6085.json
2026-04-21T01:01:32.369Z [LOG] [parse_extracted_emails.js] Parsed: parsed-INBOX-uid-6086.json
2026-04-21T01:01:32.369Z [LOG] [parse_extracted_emails.js] Parsed: parsed-INBOX-uid-6087.json
2026-04-21T01:01:32.369Z [LOG] [parse_extracted_emails.js] Parsed: parsed-INBOX-uid-6088.json
2026-04-21T01:01:32.369Z [LOG] [parse_extracted_emails.js] Parsed: parsed-INBOX-uid-6089.json
2026-04-21T01:01:32.369Z [LOG] [parse_extracted_emails.js] Parsed: parsed-INBOX-uid-6090.json
2026-04-21T01:01:32.369Z [LOG] [parse_extracted_emails.js] Parsed: parsed-INBOX-uid-6091.json
2026-04-21T01:01:32.369Z [LOG] [parse_extracted_emails.js] Parsed: parsed-INBOX-uid-6092.json
2026-04-21T01:01:32.369Z [LOG] [parse_extracted_emails.js] Parsed: parsed-INBOX-uid-6093.json
2026-04-21T01:01:32.369Z [LOG] [parse_extracted_emails.js] Parsed: parsed-INBOX-uid-6094.json
2026-04-21T01:01:32.369Z [LOG] [parse_extracted_emails.js] Parsed: parsed-INBOX-uid-6095.json
2026-04-21T01:01:32.369Z [LOG] [parse_extracted_emails.js] Parsed: parsed-INBOX-uid-6096.json
2026-04-21T01:01:32.369Z [LOG] [parse_extracted_emails.js] Parsed: parsed-INBOX-uid-6097.json
2026-04-21T01:01:32.369Z [LOG] [parse_extracted_emails.js] Parsed: parsed-INBOX-uid-6098.json
2026-04-21T01:01:32.369Z [LOG] [parse_extracted_emails.js] Parsed: parsed-INBOX-uid-6099.json
2026-04-21T01:01:32.369Z [LOG] [parse_extracted_emails.js] Parsed: parsed-INBOX-uid-6100.json
2026-04-21T01:01:32.369Z [LOG] [parse_extracted_emails.js] Parsed: parsed-INBOX-uid-6101.json
2026-04-21T01:01:32.369Z [LOG] [parse_extracted_emails.js] Parsed: parsed-INBOX-uid-6102.json
2026-04-21T01:01:32.369Z [LOG] [parse_extracted_emails.js] Parsed: parsed-INBOX-uid-6103.json
2026-04-21T01:01:32.369Z [LOG] [parse_extracted_emails.js] Parsed: parsed-INBOX-uid-6104.json
2026-04-21T01:01:32.369Z [LOG] [parse_extracted_emails.js] Parsed: parsed-INBOX-uid-6105.json
2026-04-21T01:01:32.369Z [LOG] [parse_extracted_emails.js] Parsed: parsed-INBOX-uid-6106.json
2026-04-21T01:01:32.369Z [LOG] [parse_extracted_emails.js] Parsed: parsed-INBOX-uid-6107.json
2026-04-21T01:01:32.369Z [LOG] [parse_extracted_emails.js] Parsed: parsed-INBOX-uid-6108.json
2026-04-21T01:01:32.369Z [LOG] [parse_extracted_emails.js] Parsed: parsed-INBOX-uid-6109.json
2026-04-21T01:01:32.369Z [LOG] [parse_extracted_emails.js] Parsed: parsed-INBOX-uid-6110.json
2026-04-21T01:01:32.369Z [LOG] [parse_extracted_emails.js] Parsed: parsed-INBOX-uid-6111.json
2026-04-21T01:01:32.369Z [LOG] [parse_extracted_emails.js] Parsed: parsed-INBOX-uid-6112.json
2026-04-21T01:01:32.369Z [LOG] [parse_extracted_emails.js] Parsed: parsed-INBOX-uid-6113.json
2026-04-21T01:01:32.369Z [LOG] [parse_extracted_emails.js] Parsed: parsed-INBOX-uid-6114.json
2026-04-21T01:01:32.369Z [LOG] [parse_extracted_emails.js] Parsed: parsed-INBOX-uid-6115.json
2026-04-21T01:01:32.369Z [LOG] [parse_extracted_emails.js] Parsed: parsed-INBOX-uid-6116.json
2026-04-21T01:01:32.369Z [LOG] [parse_extracted_emails.js] Parsed: parsed-INBOX-uid-6117.json
2026-04-21T01:01:32.369Z [LOG] [parse_extracted_emails.js] Parsed: parsed-INBOX-uid-6118.json
2026-04-21T01:01:32.369Z [LOG] [parse_extracted_emails.js] Parsed: parsed-INBOX-uid-6119.json
2026-04-21T01:01:32.369Z [LOG] [parse_extracted_emails.js] Parsed: parsed-INBOX-uid-6120.json
2026-04-21T01:01:32.369Z [LOG] [parse_extracted_emails.js] Parsed: parsed-INBOX-uid-6121.json
2026-04-21T01:01:32.369Z [LOG] [parse_extracted_emails.js] Parsed: parsed-INBOX-uid-6122.json
2026-04-21T01:01:32.369Z [LOG] [parse_extracted_emails.js] Parsed: parsed-INBOX-uid-6123.json
2026-04-21T01:01:32.369Z [LOG] [parse_extracted_emails.js] Parsed: parsed-INBOX-uid-6124.json
2026-04-21T01:01:32.369Z [LOG] [parse_extracted_emails.js] Parsed: parsed-INBOX-uid-6125.json
2026-04-21T01:01:32.369Z [LOG] [parse_extracted_emails.js] Parsed: parsed-INBOX-uid-6126.json
2026-04-21T01:01:32.369Z [LOG] [parse_extracted_emails.js] Parsed: parsed-INBOX-uid-6127.json
2026-04-21T01:01:32.369Z [LOG] [parse_extracted_emails.js] Parsed: parsed-INBOX-uid-6128.json
2026-04-21T01:01:32.369Z [LOG] [parse_extracted_emails.js] Parsed: parsed-INBOX-uid-6129.json
2026-04-21T01:01:32.369Z [LOG] [parse_extracted_emails.js] Parsed: parsed-INBOX-uid-6130.json
2026-04-21T01:01:32.369Z [LOG] [parse_extracted_emails.js] Parsed: parsed-INBOX-uid-6131.json
2026-04-21T01:01:32.369Z [LOG] [parse_extracted_emails.js] Parsed: parsed-INBOX-uid-6132.json
2026-04-21T01:01:32.369Z [LOG] [parse_extracted_emails.js] Parsed: parsed-INBOX-uid-6133.json
2026-04-21T01:01:32.369Z [LOG] [parse_extracted_emails.js] Parsed: parsed-INBOX-uid-6134.json
2026-04-21T01:01:32.369Z [LOG] [parse_extracted_emails.js] Parsed: parsed-INBOX-uid-6135.json
2026-04-21T01:01:32.369Z [LOG] [parse_extracted_emails.js] Parsed: parsed-INBOX-uid-6136.json
2026-04-21T01:01:32.369Z [LOG] [parse_extracted_emails.js] Parsed: parsed-INBOX-uid-6137.json
2026-04-21T01:01:32.369Z [LOG] [parse_extracted_emails.js] Parsed: parsed-INBOX-uid-6138.json
2026-04-21T01:01:32.369Z [LOG] [parse_extracted_emails.js] Parsed: parsed-INBOX-uid-6139.json
2026-04-21T01:01:32.369Z [LOG] [parse_extracted_emails.js] Parsed: parsed-INBOX-uid-6140.json
2026-04-21T01:01:32.369Z [LOG] [parse_extracted_emails.js] Parsed: parsed-INBOX-uid-6141.json
2026-04-21T01:01:32.369Z [LOG] [parse_extracted_emails.js] Parsed: parsed-INBOX-uid-6142.json
2026-04-21T01:01:32.369Z [LOG] [parse_extracted_emails.js] Parsed: parsed-INBOX-uid-6143.json
2026-04-21T01:01:32.369Z [LOG] [parse_extracted_emails.js] Parsed: parsed-INBOX-uid-6144.json
2026-04-21T01:01:32.369Z [LOG] [parse_extracted_emails.js] Parsed: parsed-INBOX-uid-6145.json
2026-04-21T01:01:32.369Z [LOG] [parse_extracted_emails.js] Parsed: parsed-INBOX-uid-6146.json
2026-04-21T01:01:32.369Z [LOG] [parse_extracted_emails.js] Parsed: parsed-INBOX-uid-6147.json
2026-04-21T01:01:32.369Z [LOG] [parse_extracted_emails.js] Parsed: parsed-INBOX-uid-6148.json
2026-04-21T01:01:32.369Z [LOG] [parse_extracted_emails.js] Parsed: parsed-INBOX-uid-6149.json
2026-04-21T01:01:32.369Z [LOG] [parse_extracted_emails.js] Parsed: parsed-INBOX-uid-6150.json
2026-04-21T01:01:32.369Z [LOG] [parse_extracted_emails.js] Parsed: parsed-INBOX-uid-6151.json
2026-04-21T01:01:32.369Z [LOG] [parse_extracted_emails.js] Parsed: parsed-INBOX-uid-6152.json
2026-04-21T01:01:32.369Z [LOG] [parse_extracted_emails.js] Parsed: parsed-INBOX-uid-6156.json
2026-04-21T01:01:32.369Z [LOG] [parse_extracted_emails.js] Parsed: parsed-INBOX-uid-6157.json
2026-04-21T01:01:32.369Z [LOG] [parse_extracted_emails.js] Parsed: parsed-INBOX-uid-6158.json
2026-04-21T01:01:32.369Z [LOG] [parse_extracted_emails.js] Parsed: parsed-INBOX-uid-6159.json
2026-04-21T01:01:32.369Z [LOG] [parse_extracted_emails.js] Parsed: parsed-INBOX-uid-6160.json
2026-04-21T01:01:32.369Z [LOG] [parse_extracted_emails.js] Parsed: parsed-INBOX-uid-6161.json
2026-04-21T01:01:32.369Z [LOG] [parse_extracted_emails.js] Parsed: parsed-INBOX-uid-6162.json
2026-04-21T01:01:32.369Z [LOG] [parse_extracted_emails.js] Parsed: parsed-INBOX-uid-6163.json
2026-04-21T01:01:32.370Z [LOG] [parse_extracted_emails.js] Parsed: parsed-INBOX-uid-6164.json
2026-04-21T01:01:32.370Z [LOG] [parse_extracted_emails.js] Parsed: parsed-INBOX-uid-6165.json
2026-04-21T01:01:32.370Z [LOG] [parse_extracted_emails.js] Parsed: parsed-INBOX-uid-6166.json
2026-04-21T01:01:32.370Z [LOG] [parse_extracted_emails.js] Parsed: parsed-INBOX-uid-6167.json
2026-04-21T01:01:32.370Z [LOG] [parse_extracted_emails.js] Parsed: parsed-INBOX-uid-6168.json
2026-04-21T01:01:32.370Z [LOG] [parse_extracted_emails.js] Parsed: parsed-INBOX-uid-6169.json
2026-04-21T01:01:32.370Z [LOG] [parse_extracted_emails.js] Parsed: parsed-INBOX-uid-6170.json
2026-04-21T01:01:32.370Z [LOG] [parse_extracted_emails.js] Parsed: parsed-INBOX-uid-6171.json
2026-04-21T01:01:32.370Z [LOG] [parse_extracted_emails.js] Parsed: parsed-INBOX-uid-6172.json
2026-04-21T01:01:32.370Z [LOG] [parse_extracted_emails.js] Parsed: parsed-INBOX-uid-6173.json
2026-04-21T01:01:32.370Z [LOG] [parse_extracted_emails.js] Parsed: parsed-INBOX-uid-6174.json
2026-04-21T01:01:32.370Z [LOG] [parse_extracted_emails.js] Parsed: parsed-INBOX-uid-6175.json
2026-04-21T01:01:32.370Z [LOG] [parse_extracted_emails.js] Parsed: parsed-INBOX-uid-6176.json
2026-04-21T01:01:32.370Z [LOG] [parse_extracted_emails.js] Parsed: parsed-INBOX-uid-6177.json
2026-04-21T01:01:32.370Z [LOG] [parse_extracted_emails.js] Parsed: parsed-INBOX-uid-6178.json
2026-04-21T01:01:32.370Z [LOG] [parse_extracted_emails.js] Parsed: parsed-INBOX-uid-6179.json
2026-04-21T01:01:32.370Z [LOG] [parse_extracted_emails.js] Parsed: parsed-INBOX-uid-6180.json
2026-04-21T01:01:32.370Z [LOG] [parse_extracted_emails.js] Parsed: parsed-INBOX-uid-6181.json
2026-04-21T01:01:32.370Z [LOG] [parse_extracted_emails.js] Parsed: parsed-INBOX-uid-6182.json
2026-04-21T01:01:32.370Z [LOG] [parse_extracted_emails.js] Parsed: parsed-INBOX-uid-6183.json
2026-04-21T01:01:32.370Z [LOG] [parse_extracted_emails.js] Parsed: parsed-INBOX-uid-6184.json
2026-04-21T01:01:32.370Z [LOG] [parse_extracted_emails.js] Parsed: parsed-INBOX-uid-6185.json
2026-04-21T01:01:32.370Z [LOG] [parse_extracted_emails.js] Parsed: parsed-INBOX-uid-6186.json
2026-04-21T01:01:32.370Z [LOG] [parse_extracted_emails.js] Parsed: parsed-INBOX-uid-6187.json
2026-04-21T01:01:32.370Z [LOG] [parse_extracted_emails.js] Parsed: parsed-INBOX-uid-6188.json
2026-04-21T01:01:32.370Z [LOG] [parse_extracted_emails.js] Parsed: parsed-INBOX-uid-6189.json
2026-04-21T01:01:32.370Z [LOG] [parse_extracted_emails.js] Parsed: parsed-INBOX-uid-6190.json
2026-04-21T01:01:32.370Z [LOG] [parse_extracted_emails.js] Parsed: parsed-INBOX-uid-6191.json
2026-04-21T01:01:32.370Z [LOG] [parse_extracted_emails.js] Parsed: parsed-INBOX-uid-6192.json
2026-04-21T01:01:32.370Z [LOG] [parse_extracted_emails.js] Parsed: parsed-INBOX-uid-6193.json
2026-04-21T01:01:32.370Z [LOG] [parse_extracted_emails.js] Parsed: parsed-INBOX-uid-6194.json
2026-04-21T01:01:32.370Z [LOG] [parse_extracted_emails.js] Parsed: parsed-INBOX-uid-6195.json
2026-04-21T01:01:32.370Z [LOG] [parse_extracted_emails.js] Parsed: parsed-INBOX-uid-6196.json
2026-04-21T01:01:32.370Z [LOG] [parse_extracted_emails.js] Parsed: parsed-INBOX-uid-6197.json
2026-04-21T01:01:32.370Z [LOG] [parse_extracted_emails.js] Parsed: parsed-INBOX-uid-6198.json
2026-04-21T01:01:32.370Z [LOG] [parse_extracted_emails.js] Parsed: parsed-INBOX-uid-6199.json
2026-04-21T01:01:32.370Z [LOG] [parse_extracted_emails.js] Parsed: parsed-INBOX-uid-6200.json
2026-04-21T01:01:32.370Z [LOG] [parse_extracted_emails.js] Parsed: parsed-INBOX-uid-6201.json
2026-04-21T01:01:32.370Z [LOG] [parse_extracted_emails.js] Parsed: parsed-INBOX-uid-6202.json
2026-04-21T01:01:32.370Z [LOG] [parse_extracted_emails.js] Parsed: parsed-INBOX-uid-6203.json
2026-04-21T01:01:32.370Z [LOG] [parse_extracted_emails.js] Parsed: parsed-INBOX-uid-6204.json
2026-04-21T01:01:32.370Z [LOG] [parse_extracted_emails.js] Parsed: parsed-INBOX-uid-6205.json
2026-04-21T01:01:32.370Z [LOG] [parse_extracted_emails.js] Parsed: parsed-INBOX-uid-6206.json
2026-04-21T01:01:32.370Z [LOG] [parse_extracted_emails.js] Parsed: parsed-INBOX-uid-6207.json
2026-04-21T01:01:32.370Z [LOG] [parse_extracted_emails.js] Parsed: parsed-INBOX-uid-6208.json
2026-04-21T01:01:32.370Z [LOG] [parse_extracted_emails.js] Parsed: parsed-INBOX-uid-6209.json
2026-04-21T01:01:32.370Z [LOG] [parse_extracted_emails.js] Parsed: parsed-INBOX-uid-6210.json
2026-04-21T01:01:32.370Z [LOG] [parse_extracted_emails.js] Parsed: parsed-INBOX-uid-6211.json
2026-04-21T01:01:32.370Z [LOG] [parse_extracted_emails.js] Parsed: parsed-INBOX-uid-6212.json
2026-04-21T01:01:32.370Z [LOG] [parse_extracted_emails.js] Parsed: parsed-INBOX-uid-6213.json
2026-04-21T01:01:32.370Z [LOG] [parse_extracted_emails.js] Parsed: parsed-INBOX-uid-6214.json
2026-04-21T01:01:32.370Z [LOG] [parse_extracted_emails.js] Parsed: parsed-INBOX-uid-6215.json
2026-04-21T01:01:32.370Z [LOG] [parse_extracted_emails.js] Parsed: parsed-INBOX-uid-6216.json
2026-04-21T01:01:32.370Z [LOG] [parse_extracted_emails.js] Parsed: parsed-INBOX-uid-6217.json
2026-04-21T01:01:32.370Z [LOG] [parse_extracted_emails.js] Parsed: parsed-INBOX-uid-6218.json
2026-04-21T01:01:32.370Z [LOG] [parse_extracted_emails.js] Parsed: parsed-INBOX-uid-6219.json
2026-04-21T01:01:32.370Z [LOG] [parse_extracted_emails.js] Parsed: parsed-INBOX-uid-6220.json
2026-04-21T01:01:32.370Z [LOG] [parse_extracted_emails.js] Parsed: parsed-INBOX-uid-6221.json
2026-04-21T01:01:32.370Z [LOG] [parse_extracted_emails.js] Parsed: parsed-INBOX-uid-6222.json
2026-04-21T01:01:32.370Z [LOG] [parse_extracted_emails.js] Parsed: parsed-INBOX-uid-6223.json
2026-04-21T01:01:32.370Z [LOG] [parse_extracted_emails.js] Parsed: parsed-INBOX-uid-6224.json
2026-04-21T01:01:32.370Z [LOG] [parse_extracted_emails.js] Parsed: parsed-INBOX-uid-6225.json
2026-04-21T01:01:32.370Z [LOG] [parse_extracted_emails.js] Parsed: parsed-INBOX-uid-6226.json
2026-04-21T01:01:32.370Z [LOG] [parse_extracted_emails.js] Parsed: parsed-INBOX-uid-6227.json
2026-04-21T01:01:32.370Z [LOG] [parse_extracted_emails.js] Parsed: parsed-INBOX-uid-6228.json
2026-04-21T01:01:32.370Z [LOG] [parse_extracted_emails.js] Parsed: parsed-INBOX-uid-6229.json
2026-04-21T01:01:32.370Z [LOG] [parse_extracted_emails.js] Parsed: parsed-INBOX-uid-6230.json
2026-04-21T01:01:32.370Z [LOG] [parse_extracted_emails.js] Parsed: parsed-INBOX-uid-6231.json
2026-04-21T01:01:32.370Z [LOG] [parse_extracted_emails.js] Parsed: parsed-INBOX-uid-6232.json
2026-04-21T01:01:32.370Z [LOG] [parse_extracted_emails.js] Parsed: parsed-INBOX-uid-6233.json
2026-04-21T01:01:32.370Z [LOG] [parse_extracted_emails.js] Parsed: parsed-INBOX-uid-6234.json
2026-04-21T01:01:32.370Z [LOG] [parse_extracted_emails.js] Parsed: parsed-INBOX-uid-6235.json
2026-04-21T01:01:32.370Z [LOG] [parse_extracted_emails.js] Parsed: parsed-INBOX-uid-6236.json
2026-04-21T01:01:32.370Z [LOG] [parse_extracted_emails.js] Parsed: parsed-INBOX-uid-6237.json
2026-04-21T01:01:32.370Z [LOG] [parse_extracted_emails.js] Parsed: parsed-INBOX-uid-6238.json
2026-04-21T01:01:32.370Z [LOG] [parse_extracted_emails.js] Parsed: parsed-INBOX-uid-6239.json
2026-04-21T01:01:32.370Z [LOG] [parse_extracted_emails.js] Parsed: parsed-INBOX-uid-6240.json
2026-04-21T01:01:32.370Z [LOG] [parse_extracted_emails.js] Parsed: parsed-INBOX-uid-6241.json
2026-04-21T01:01:32.370Z [LOG] [parse_extracted_emails.js] Parsed: parsed-INBOX-uid-6242.json
2026-04-21T01:01:32.370Z [LOG] [parse_extracted_emails.js] Parsed: parsed-INBOX-uid-6243.json
2026-04-21T01:01:32.370Z [LOG] [parse_extracted_emails.js] Parsed: parsed-INBOX-uid-6244.json
2026-04-21T01:01:32.370Z [LOG] [parse_extracted_emails.js] Parsed: parsed-INBOX-uid-6245.json
2026-04-21T01:01:32.370Z [LOG] [parse_extracted_emails.js] Parsed: parsed-INBOX-uid-6246.json
2026-04-21T01:01:32.370Z [LOG] [parse_extracted_emails.js] Parsed: parsed-INBOX-uid-6247.json
2026-04-21T01:01:32.370Z [LOG] [parse_extracted_emails.js] Parsed: parsed-INBOX-uid-6248.json
2026-04-21T01:01:32.370Z [LOG] [parse_extracted_emails.js] Parsed: parsed-INBOX-uid-6249.json
2026-04-21T01:01:32.370Z [LOG] [parse_extracted_emails.js] Parsed: parsed-INBOX-uid-6250.json
2026-04-21T01:01:32.370Z [LOG] [parse_extracted_emails.js] Parsed: parsed-INBOX-uid-6251.json
2026-04-21T01:01:32.370Z [LOG] [parse_extracted_emails.js] Parsed: parsed-INBOX-uid-6252.json
2026-04-21T01:01:32.370Z [LOG] [parse_extracted_emails.js] Parsed: parsed-INBOX-uid-6253.json
2026-04-21T01:01:32.370Z [LOG] [parse_extracted_emails.js] Parsed: parsed-INBOX-uid-6254.json
2026-04-21T01:01:32.370Z [LOG] [parse_extracted_emails.js] Parsed: parsed-INBOX-uid-6255.json
2026-04-21T01:01:32.370Z [LOG] [parse_extracted_emails.js] Parsed: parsed-INBOX-uid-6256.json
2026-04-21T01:01:32.370Z [LOG] [parse_extracted_emails.js] Parsed: parsed-INBOX-uid-6257.json
2026-04-21T01:01:32.370Z [LOG] [parse_extracted_emails.js] Parsed: parsed-INBOX-uid-6258.json
2026-04-21T01:01:32.370Z [LOG] [parse_extracted_emails.js] Parsed: parsed-INBOX-uid-6259.json
2026-04-21T01:01:32.370Z [LOG] [parse_extracted_emails.js] Parsed: parsed-INBOX-uid-6260.json
2026-04-21T01:01:32.370Z [LOG] [parse_extracted_emails.js] Parsed: parsed-INBOX-uid-6261.json
2026-04-21T01:01:32.370Z [LOG] [parse_extracted_emails.js] Parsed: parsed-INBOX-uid-6262.json
2026-04-21T01:01:32.370Z [LOG] [parse_extracted_emails.js] Parsed: parsed-INBOX-uid-6263.json
2026-04-21T01:01:32.370Z [LOG] [parse_extracted_emails.js] Parsed: parsed-INBOX-uid-6264.json
2026-04-21T01:01:32.370Z [LOG] [parse_extracted_emails.js] Parsed: parsed-INBOX-uid-6265.json
2026-04-21T01:01:32.370Z [LOG] [parse_extracted_emails.js] Parsed: parsed-INBOX-uid-6266.json
2026-04-21T01:01:32.370Z [LOG] [parse_extracted_emails.js] Parsed: parsed-INBOX-uid-6267.json
2026-04-21T01:01:32.370Z [LOG] [parse_extracted_emails.js] Parsed: parsed-INBOX-uid-6268.json
2026-04-21T01:01:32.370Z [LOG] [parse_extracted_emails.js] Parsed: parsed-INBOX-uid-6269.json
2026-04-21T01:01:32.370Z [LOG] [parse_extracted_emails.js] Parsed: parsed-INBOX-uid-6270.json
2026-04-21T01:01:32.370Z [LOG] [parse_extracted_emails.js] Parsed: parsed-INBOX-uid-6271.json
2026-04-21T01:01:32.370Z [LOG] [parse_extracted_emails.js] Parsed: parsed-INBOX-uid-6272.json
2026-04-21T01:01:32.370Z [LOG] [parse_extracted_emails.js] Parsed: parsed-INBOX-uid-6273.json
2026-04-21T01:01:32.370Z [LOG] [parse_extracted_emails.js] Parsed: parsed-INBOX-uid-6274.json
2026-04-21T01:01:32.370Z [LOG] [parse_extracted_emails.js] Parsed: parsed-INBOX-uid-6275.json
2026-04-21T01:01:32.370Z [LOG] [parse_extracted_emails.js] Parsed: parsed-INBOX-uid-6276.json
2026-04-21T01:01:32.370Z [LOG] [parse_extracted_emails.js] Parsed: parsed-INBOX-uid-6277.json
2026-04-21T01:01:32.370Z [LOG] [parse_extracted_emails.js] Parsed: parsed-INBOX-uid-6278.json
2026-04-21T01:01:32.370Z [LOG] [parse_extracted_emails.js] Parsed: parsed-INBOX-uid-6279.json
2026-04-21T01:01:32.370Z [LOG] [parse_extracted_emails.js] Parsed: parsed-INBOX-uid-6280.json
2026-04-21T01:01:32.370Z [LOG] [parse_extracted_emails.js] Parsed: parsed-INBOX-uid-6281.json
2026-04-21T01:01:32.370Z [LOG] [parse_extracted_emails.js] Parsed: parsed-INBOX-uid-6282.json
2026-04-21T01:01:32.370Z [LOG] [parse_extracted_emails.js] Parsed: parsed-INBOX-uid-6283.json
2026-04-21T01:01:32.370Z [LOG] [parse_extracted_emails.js] Parsed: parsed-INBOX-uid-6284.json
2026-04-21T01:01:32.370Z [LOG] [parse_extracted_emails.js] Parsed: parsed-INBOX-uid-6285.json
2026-04-21T01:01:32.370Z [LOG] [parse_extracted_emails.js] Parsed: parsed-INBOX-uid-6286.json
2026-04-21T01:01:32.370Z [LOG] [parse_extracted_emails.js] Parsed: parsed-INBOX-uid-6287.json
2026-04-21T01:01:32.370Z [LOG] [parse_extracted_emails.js] Parsed: parsed-INBOX-uid-6288.json
2026-04-21T01:01:32.370Z [LOG] [parse_extracted_emails.js] Parsed: parsed-INBOX-uid-6289.json
2026-04-21T01:01:32.370Z [LOG] [parse_extracted_emails.js] Parsed: parsed-INBOX-uid-6290.json
2026-04-21T01:01:32.370Z [LOG] [parse_extracted_emails.js] Parsed: parsed-INBOX-uid-6291.json
2026-04-21T01:01:32.370Z [LOG] [parse_extracted_emails.js] Parsed: parsed-INBOX-uid-6292.json
2026-04-21T01:01:32.370Z [LOG] [parse_extracted_emails.js] Parsed: parsed-INBOX-uid-6293.json
2026-04-21T01:01:32.370Z [LOG] [parse_extracted_emails.js] Parsed: parsed-INBOX-uid-6296.json
2026-04-21T01:01:32.370Z [LOG] [parse_extracted_emails.js] Parsed: parsed-INBOX-uid-6297.json
2026-04-21T01:01:32.370Z [LOG] [parse_extracted_emails.js] Parsed: parsed-INBOX-uid-6298.json
2026-04-21T01:01:32.370Z [LOG] [parse_extracted_emails.js] Parsed: parsed-INBOX-uid-6299.json
2026-04-21T01:01:32.370Z [LOG] [parse_extracted_emails.js] Parsed: parsed-INBOX-uid-6300.json
2026-04-21T01:01:32.370Z [LOG] [parse_extracted_emails.js] Parsed: parsed-INBOX-uid-6301.json
2026-04-21T01:01:32.370Z [LOG] [parse_extracted_emails.js] Parsed: parsed-INBOX-uid-6302.json
2026-04-21T01:01:32.370Z [LOG] [parse_extracted_emails.js] Parsed: parsed-INBOX-uid-6303.json
2026-04-21T01:01:32.370Z [LOG] [parse_extracted_emails.js] Parsed: parsed-INBOX-uid-6304.json
2026-04-21T01:01:32.370Z [LOG] [parse_extracted_emails.js] Parsed: parsed-INBOX-uid-6305.json
2026-04-21T01:01:32.370Z [LOG] [parse_extracted_emails.js] Parsed: parsed-INBOX-uid-6306.json
2026-04-21T01:01:32.370Z [LOG] [parse_extracted_emails.js] Parsed: parsed-INBOX-uid-6307.json
2026-04-21T01:01:32.370Z [LOG] [parse_extracted_emails.js] Parsed: parsed-INBOX-uid-6308.json
2026-04-21T01:01:32.370Z [LOG] [parse_extracted_emails.js] Parsed: parsed-INBOX-uid-6309.json
2026-04-21T01:01:32.370Z [LOG] [parse_extracted_emails.js] Parsed: parsed-INBOX-uid-6310.json
2026-04-21T01:01:32.370Z [LOG] [parse_extracted_emails.js] Parsed: parsed-INBOX-uid-6311.json
2026-04-21T01:01:32.370Z [LOG] [parse_extracted_emails.js] Parsed: parsed-INBOX-uid-6312.json
2026-04-21T01:01:32.371Z [LOG] [parse_extracted_emails.js] Parsed: parsed-INBOX-uid-6313.json
2026-04-21T01:01:32.371Z [LOG] [parse_extracted_emails.js] Parsed: parsed-INBOX-uid-6314.json
2026-04-21T01:01:32.371Z [LOG] [parse_extracted_emails.js] Parsed: parsed-INBOX-uid-6315.json
2026-04-21T01:01:32.371Z [LOG] [parse_extracted_emails.js] Parsed: parsed-INBOX-uid-6316.json
2026-04-21T01:01:32.371Z [LOG] [parse_extracted_emails.js] Parsed: parsed-INBOX-uid-6317.json
2026-04-21T01:01:32.371Z [LOG] [parse_extracted_emails.js] Parsed: parsed-INBOX-uid-6318.json
2026-04-21T01:01:32.371Z [LOG] [parse_extracted_emails.js] Parsed: parsed-INBOX-uid-6319.json
2026-04-21T01:01:32.371Z [LOG] [parse_extracted_emails.js] Parsed: parsed-INBOX-uid-6320.json
2026-04-21T01:01:32.371Z [LOG] [parse_extracted_emails.js] Parsed: parsed-INBOX-uid-6321.json
2026-04-21T01:01:32.371Z [LOG] [parse_extracted_emails.js] Parsed: parsed-INBOX-uid-6322.json
2026-04-21T01:01:32.371Z [LOG] [parse_extracted_emails.js] Parsed: parsed-INBOX-uid-6323.json
2026-04-21T01:01:32.371Z [LOG] [parse_extracted_emails.js] Parsed: parsed-INBOX-uid-6324.json
2026-04-21T01:01:32.371Z [LOG] [parse_extracted_emails.js] Parsed: parsed-INBOX-uid-6325.json
2026-04-21T01:01:32.371Z [LOG] [parse_extracted_emails.js] Parsed: parsed-INBOX-uid-6326.json
2026-04-21T01:01:32.371Z [LOG] [parse_extracted_emails.js] Parsed: parsed-INBOX-uid-6327.json
2026-04-21T01:01:32.371Z [LOG] [parse_extracted_emails.js] Parsed: parsed-INBOX-uid-6328.json
2026-04-21T01:01:32.371Z [LOG] [parse_extracted_emails.js] Parsed: parsed-INBOX-uid-6329.json
2026-04-21T01:01:32.371Z [LOG] [parse_extracted_emails.js] Parsed: parsed-INBOX-uid-6330.json
2026-04-21T01:01:32.371Z [LOG] [parse_extracted_emails.js] Parsed: parsed-INBOX-uid-6331.json
2026-04-21T01:01:32.371Z [LOG] [parse_extracted_emails.js] Parsed: parsed-INBOX-uid-6332.json
2026-04-21T01:01:32.371Z [LOG] [parse_extracted_emails.js] Parsed: parsed-INBOX-uid-6333.json
2026-04-21T01:01:32.371Z [LOG] [parse_extracted_emails.js] Parsed: parsed-INBOX-uid-6334.json
2026-04-21T01:01:32.371Z [LOG] [parse_extracted_emails.js] Parsed: parsed-INBOX-uid-6335.json
2026-04-21T01:01:32.371Z [LOG] [parse_extracted_emails.js] Parsed: parsed-INBOX-uid-6336.json
2026-04-21T01:01:32.371Z [LOG] [parse_extracted_emails.js] Parsed: parsed-INBOX-uid-6337.json
2026-04-21T01:01:32.371Z [LOG] [parse_extracted_emails.js] Parsed: parsed-INBOX-uid-6338.json
2026-04-21T01:01:32.371Z [LOG] [parse_extracted_emails.js] Parsed: parsed-INBOX-uid-6339.json
2026-04-21T01:01:32.371Z [LOG] [parse_extracted_emails.js] Parsed: parsed-INBOX-uid-6340.json
2026-04-21T01:01:32.371Z [LOG] [parse_extracted_emails.js] Parsed: parsed-INBOX-uid-6341.json
2026-04-21T01:01:32.371Z [LOG] [parse_extracted_emails.js] Parsed: parsed-INBOX-uid-6342.json
2026-04-21T01:01:32.371Z [LOG] [parse_extracted_emails.js] Parsed: parsed-INBOX-uid-6343.json
2026-04-21T01:01:32.371Z [LOG] [parse_extracted_emails.js] Parsed: parsed-INBOX-uid-6344.json
2026-04-21T01:01:32.371Z [LOG] [parse_extracted_emails.js] Parsed: parsed-INBOX-uid-6345.json
2026-04-21T01:01:32.371Z [LOG] [parse_extracted_emails.js] Parsed: parsed-INBOX-uid-6346.json
2026-04-21T01:01:32.371Z [LOG] [parse_extracted_emails.js] Parsed: parsed-INBOX-uid-6347.json
2026-04-21T01:01:32.371Z [LOG] [parse_extracted_emails.js] Parsed: parsed-INBOX-uid-6348.json
2026-04-21T01:01:32.371Z [LOG] [parse_extracted_emails.js] Parsed: parsed-INBOX-uid-6349.json
2026-04-21T01:01:32.371Z [LOG] [parse_extracted_emails.js] Parsed: parsed-INBOX-uid-6350.json
2026-04-21T01:01:32.371Z [LOG] [parse_extracted_emails.js] Parsed: parsed-INBOX-uid-6351.json
2026-04-21T01:01:32.371Z [LOG] [parse_extracted_emails.js] Parsed: parsed-INBOX-uid-6352.json
2026-04-21T01:01:32.371Z [LOG] [parse_extracted_emails.js] Parsed: parsed-INBOX-uid-6353.json
2026-04-21T01:01:32.371Z [LOG] [parse_extracted_emails.js] Parsed: parsed-INBOX-uid-6354.json
2026-04-21T01:01:32.371Z [LOG] [parse_extracted_emails.js] Parsed: parsed-INBOX-uid-6355.json
2026-04-21T01:01:32.371Z [LOG] [parse_extracted_emails.js] Parsed: parsed-INBOX-uid-6356.json
2026-04-21T01:01:32.371Z [LOG] [parse_extracted_emails.js] Parsed: parsed-INBOX-uid-6365.json
2026-04-21T01:01:32.371Z [LOG] [parse_extracted_emails.js] Parsed: parsed-INBOX-uid-6366.json
2026-04-21T01:01:32.371Z [LOG] [parse_extracted_emails.js] Parsed: parsed-INBOX-uid-6367.json
2026-04-21T01:01:32.371Z [LOG] [parse_extracted_emails.js] Parsed: parsed-INBOX-uid-6368.json
2026-04-21T01:01:32.371Z [LOG] [parse_extracted_emails.js] Parsed: parsed-INBOX-uid-6371.json
2026-04-21T01:01:32.371Z [LOG] [parse_extracted_emails.js] Parsed: parsed-INBOX-uid-6376.json
2026-04-21T01:01:32.371Z [LOG] [parse_extracted_emails.js] Parsed: parsed-INBOX-uid-6377.json
2026-04-21T01:01:32.371Z [LOG] [parse_extracted_emails.js] Parsed: parsed-INBOX-uid-6378.json
2026-04-21T01:01:32.371Z [LOG] [parse_extracted_emails.js] Parsed: parsed-INBOX-uid-6383.json
2026-04-21T01:01:32.371Z [LOG] [parse_extracted_emails.js] Parsed: parsed-INBOX-uid-6384.json
2026-04-21T01:01:32.371Z [LOG] [parse_extracted_emails.js] Parsed: parsed-INBOX-uid-6395.json
2026-04-21T01:01:32.371Z [LOG] [parse_extracted_emails.js] Parsed: parsed-INBOX-uid-6423.json
2026-04-21T01:01:32.371Z [LOG] [parse_extracted_emails.js] Parsed: parsed-INBOX-uid-6428.json
2026-04-21T01:01:32.371Z [LOG] [parse_extracted_emails.js] Parsed: parsed-INBOX-uid-6429.json
2026-04-21T01:01:32.371Z [LOG] [parse_extracted_emails.js] Parsed: parsed-INBOX-uid-6430.json
2026-04-21T01:01:32.371Z [LOG] [parse_extracted_emails.js] Parsed: parsed-INBOX-uid-6431.json
2026-04-21T01:01:32.371Z [LOG] [parse_extracted_emails.js] Parsed: parsed-INBOX-uid-6433.json
2026-04-21T01:01:32.371Z [LOG] [parse_extracted_emails.js] Parsed: parsed-INBOX-uid-6436.json
2026-04-21T01:01:32.371Z [LOG] [parse_extracted_emails.js] Parsed: parsed-INBOX-uid-6437.json
2026-04-21T01:01:32.371Z [LOG] [parse_extracted_emails.js] Parsed: parsed-INBOX-uid-6438.json
2026-04-21T01:01:32.371Z [LOG] [parse_extracted_emails.js] Parsed: parsed-INBOX-uid-6439.json
2026-04-21T01:01:32.371Z [LOG] [parse_extracted_emails.js] Parsed: parsed-INBOX-uid-6440.json
2026-04-21T01:01:32.371Z [LOG] [parse_extracted_emails.js] Parsed: parsed-INBOX-uid-6441.json
2026-04-21T01:01:32.371Z [LOG] [parse_extracted_emails.js] Parsed: parsed-INBOX-uid-6442.json
2026-04-21T01:01:32.371Z [LOG] [parse_extracted_emails.js] Parsed: parsed-INBOX-uid-6443.json
2026-04-21T01:01:32.371Z [LOG] [parse_extracted_emails.js] Parsed: parsed-INBOX-uid-6444.json
2026-04-21T01:01:32.371Z [LOG] [parse_extracted_emails.js] Parsed: parsed-INBOX-uid-6445.json
2026-04-21T01:01:32.371Z [LOG] [parse_extracted_emails.js] Parsed: parsed-INBOX-uid-6446.json
2026-04-21T01:01:32.371Z [LOG] [parse_extracted_emails.js] Parsed: parsed-INBOX-uid-6447.json
2026-04-21T01:01:32.371Z [LOG] [parse_extracted_emails.js] Parsed: parsed-INBOX-uid-6448.json
2026-04-21T01:01:32.371Z [LOG] [parse_extracted_emails.js] Parsed: parsed-INBOX-uid-6449.json
2026-04-21T01:01:32.371Z [LOG] [parse_extracted_emails.js] Parsed: parsed-INBOX-uid-6450.json
2026-04-21T01:01:32.371Z [LOG] [parse_extracted_emails.js] Parsed: parsed-INBOX-uid-6451.json
2026-04-21T01:01:32.371Z [LOG] [parse_extracted_emails.js] Parsed: parsed-INBOX-uid-6452.json
2026-04-21T01:01:32.371Z [LOG] [parse_extracted_emails.js] Parsed: parsed-INBOX-uid-6453.json
2026-04-21T01:01:32.371Z [LOG] [parse_extracted_emails.js] Parsed: parsed-INBOX-uid-6456.json
2026-04-21T01:01:32.371Z [LOG] [parse_extracted_emails.js] Parsed: parsed-INBOX-uid-6457.json
2026-04-21T01:01:32.371Z [LOG] [parse_extracted_emails.js] Parsed: parsed-INBOX-uid-6459.json
2026-04-21T01:01:32.371Z [LOG] [parse_extracted_emails.js] Parsed: parsed-INBOX-uid-6460.json
2026-04-21T01:01:32.371Z [LOG] [parse_extracted_emails.js] Parsed: parsed-INBOX-uid-6461.json
2026-04-21T01:01:32.371Z [LOG] [parse_extracted_emails.js] Parsed: parsed-INBOX-uid-6462.json
2026-04-21T01:01:32.371Z [LOG] [parse_extracted_emails.js] Parsed: parsed-INBOX-uid-6463.json
2026-04-21T01:01:32.371Z [LOG] [parse_extracted_emails.js] Parsed: parsed-INBOX-uid-6464.json
2026-04-21T01:01:32.371Z [LOG] [parse_extracted_emails.js] Parsed: parsed-INBOX-uid-6465.json
2026-04-21T01:01:32.371Z [LOG] [parse_extracted_emails.js] Parsed: parsed-INBOX-uid-6466.json
2026-04-21T01:01:32.371Z [LOG] [parse_extracted_emails.js] Parsed: parsed-INBOX-uid-6467.json
2026-04-21T01:01:32.371Z [LOG] [parse_extracted_emails.js] Parsed: parsed-INBOX-uid-6468.json
2026-04-21T01:01:32.371Z [LOG] [parse_extracted_emails.js] Parsed: parsed-INBOX-uid-6469.json
2026-04-21T01:01:32.371Z [LOG] [parse_extracted_emails.js] Parsed: parsed-INBOX-uid-6470.json
2026-04-21T01:01:32.371Z [LOG] [parse_extracted_emails.js] Parsed: parsed-INBOX-uid-6471.json
2026-04-21T01:01:32.371Z [LOG] [parse_extracted_emails.js] Parsed: parsed-INBOX-uid-6472.json
2026-04-21T01:01:32.371Z [LOG] [parse_extracted_emails.js] Parsed: parsed-INBOX-uid-6473.json
2026-04-21T01:01:32.371Z [LOG] [parse_extracted_emails.js] Parsed: parsed-INBOX-uid-6474.json
2026-04-21T01:01:32.371Z [LOG] [parse_extracted_emails.js] Parsed: parsed-INBOX-uid-6475.json
2026-04-21T01:01:32.371Z [LOG] [parse_extracted_emails.js] Parsed: parsed-INBOX-uid-6476.json
2026-04-21T01:01:32.371Z [LOG] [parse_extracted_emails.js] Parsed: parsed-INBOX-uid-6477.json
2026-04-21T01:01:32.371Z [LOG] [parse_extracted_emails.js] Parsed: parsed-INBOX-uid-6478.json
2026-04-21T01:01:32.371Z [LOG] [parse_extracted_emails.js] Parsed: parsed-INBOX-uid-6479.json
2026-04-21T01:01:32.371Z [LOG] [parse_extracted_emails.js] Parsed: parsed-INBOX-uid-6480.json
2026-04-21T01:01:32.371Z [LOG] [parse_extracted_emails.js] Parsed: parsed-INBOX-uid-6481.json
2026-04-21T01:01:32.371Z [LOG] [parse_extracted_emails.js] Parsed: parsed-INBOX-uid-6482.json
2026-04-21T01:01:32.371Z [LOG] [parse_extracted_emails.js] Parsed: parsed-INBOX-uid-6483.json
2026-04-21T01:01:32.371Z [LOG] [parse_extracted_emails.js] Parsed: parsed-INBOX-uid-6484.json
2026-04-21T01:01:32.371Z [LOG] [parse_extracted_emails.js] Parsed: parsed-INBOX-uid-6485.json
2026-04-21T01:01:32.371Z [LOG] [parse_extracted_emails.js] Parsed: parsed-INBOX-uid-6486.json
2026-04-21T01:01:32.371Z [LOG] [parse_extracted_emails.js] Parsed: parsed-INBOX-uid-6487.json
2026-04-21T01:01:32.371Z [LOG] [parse_extracted_emails.js] Parsed: parsed-INBOX-uid-6488.json
2026-04-21T01:01:32.371Z [LOG] [parse_extracted_emails.js] Parsed: parsed-INBOX-uid-6489.json
2026-04-21T01:01:32.371Z [LOG] [parse_extracted_emails.js] Parsed: parsed-INBOX-uid-6490.json
2026-04-21T01:01:32.371Z [LOG] [parse_extracted_emails.js] Parsed: parsed-INBOX-uid-6491.json
2026-04-21T01:01:32.371Z [LOG] [parse_extracted_emails.js] Parsed: parsed-INBOX-uid-6492.json
2026-04-21T01:01:32.371Z [LOG] [parse_extracted_emails.js] Parsed: parsed-INBOX-uid-6493.json
2026-04-21T01:01:32.371Z [LOG] [parse_extracted_emails.js] Parsed: parsed-INBOX-uid-6494.json
2026-04-21T01:01:32.371Z [LOG] [parse_extracted_emails.js] Parsed: parsed-INBOX-uid-6495.json
2026-04-21T01:01:32.371Z [LOG] [parse_extracted_emails.js] Parsed: parsed-INBOX-uid-6515.json
2026-04-21T01:01:32.371Z [LOG] [parse_extracted_emails.js] Parsed: parsed-INBOX-uid-6516.json
2026-04-21T01:01:32.371Z [LOG] [parse_extracted_emails.js] Parsed: parsed-INBOX-uid-6517.json
2026-04-21T01:01:32.371Z [LOG] [parse_extracted_emails.js] Parsed: parsed-INBOX-uid-6518.json
2026-04-21T01:01:32.371Z [LOG] [parse_extracted_emails.js] Parsed: parsed-INBOX-uid-6519.json
2026-04-21T01:01:32.371Z [LOG] [parse_extracted_emails.js] Parsed: parsed-INBOX-uid-6520.json
2026-04-21T01:01:32.371Z [LOG] [parse_extracted_emails.js] Parsed: parsed-INBOX-uid-6521.json
2026-04-21T01:01:32.371Z [LOG] [parse_extracted_emails.js] Parsed: parsed-INBOX-uid-6522.json
2026-04-21T01:01:32.371Z [LOG] [parse_extracted_emails.js] Parsed: parsed-INBOX-uid-6523.json
2026-04-21T01:01:32.371Z [LOG] [parse_extracted_emails.js] Parsed: parsed-INBOX-uid-6524.json
2026-04-21T01:01:32.371Z [LOG] [parse_extracted_emails.js] Parsed: parsed-INBOX-uid-6525.json
2026-04-21T01:01:32.371Z [LOG] [parse_extracted_emails.js] Parsed: parsed-INBOX-uid-6526.json
2026-04-21T01:01:32.372Z [LOG] [parse_extracted_emails.js] Parsed: parsed-INBOX-uid-6527.json
2026-04-21T01:01:32.372Z [LOG] [parse_extracted_emails.js] Parsed: parsed-INBOX-uid-6528.json
2026-04-21T01:01:32.372Z [LOG] [parse_extracted_emails.js] Parsed: parsed-INBOX-uid-6529.json
2026-04-21T01:01:32.372Z [LOG] [parse_extracted_emails.js] Parsed: parsed-INBOX-uid-6530.json
2026-04-21T01:01:32.372Z [LOG] [parse_extracted_emails.js] Parsed: parsed-INBOX-uid-6531.json
2026-04-21T01:01:32.372Z [LOG] [parse_extracted_emails.js] Parsed: parsed-INBOX-uid-6532.json
2026-04-21T01:01:32.372Z [LOG] [parse_extracted_emails.js] Parsed: parsed-INBOX-uid-6533.json
2026-04-21T01:01:32.372Z [LOG] [parse_extracted_emails.js] Parsed: parsed-INBOX-uid-6534.json
2026-04-21T01:01:32.372Z [LOG] [parse_extracted_emails.js] Parsed: parsed-INBOX-uid-6535.json
2026-04-21T01:01:32.372Z [LOG] [parse_extracted_emails.js] Parsed: parsed-INBOX-uid-6536.json
2026-04-21T01:01:32.372Z [LOG] [parse_extracted_emails.js] Parsed: parsed-INBOX-uid-6537.json
2026-04-21T01:01:32.372Z [LOG] [parse_extracted_emails.js] Parsed: parsed-INBOX-uid-6538.json
2026-04-21T01:01:32.372Z [LOG] [parse_extracted_emails.js] Parsed: parsed-INBOX-uid-6539.json
2026-04-21T01:01:32.372Z [LOG] [parse_extracted_emails.js] Parsed: parsed-INBOX-uid-6540.json
2026-04-21T01:01:32.372Z [LOG] [parse_extracted_emails.js] Parsed: parsed-INBOX-uid-6541.json
2026-04-21T01:01:32.372Z [LOG] [parse_extracted_emails.js] Parsed: parsed-INBOX-uid-6542.json
2026-04-21T01:01:32.372Z [LOG] [parse_extracted_emails.js] Parsed: parsed-INBOX-uid-6543.json
2026-04-21T01:01:32.372Z [LOG] [parse_extracted_emails.js] Parsed: parsed-INBOX-uid-6544.json
2026-04-21T01:01:32.372Z [LOG] [parse_extracted_emails.js] Parsed: parsed-INBOX-uid-6545.json
2026-04-21T01:01:32.372Z [LOG] [parse_extracted_emails.js] Parsed: parsed-INBOX-uid-6546.json
2026-04-21T01:01:32.372Z [LOG] [parse_extracted_emails.js] Parsed: parsed-INBOX-uid-6547.json
2026-04-21T01:01:32.372Z [LOG] [parse_extracted_emails.js] Parsed: parsed-INBOX-uid-6548.json
2026-04-21T01:01:32.372Z [LOG] [parse_extracted_emails.js] Parsed: parsed-INBOX-uid-6549.json
2026-04-21T01:01:32.372Z [LOG] [parse_extracted_emails.js] Parsed: parsed-INBOX-uid-6550.json
2026-04-21T01:01:32.372Z [LOG] [parse_extracted_emails.js] Parsed: parsed-INBOX-uid-6551.json
2026-04-21T01:01:32.372Z [LOG] [parse_extracted_emails.js] Parsed: parsed-INBOX-uid-6552.json
2026-04-21T01:01:32.372Z [LOG] [parse_extracted_emails.js] Parsed: parsed-INBOX-uid-6553.json
2026-04-21T01:01:32.372Z [LOG] [parse_extracted_emails.js] Parsed: parsed-INBOX-uid-6554.json
2026-04-21T01:01:32.372Z [LOG] [parse_extracted_emails.js] Parsed: parsed-INBOX-uid-6555.json
2026-04-21T01:01:32.372Z [LOG] [parse_extracted_emails.js] Parsed: parsed-INBOX-uid-6556.json
2026-04-21T01:01:32.372Z [LOG] [parse_extracted_emails.js] Parsed: parsed-INBOX-uid-6557.json
2026-04-21T01:01:32.372Z [LOG] [parse_extracted_emails.js] Parsed: parsed-INBOX-uid-6558.json
2026-04-21T01:01:32.372Z [LOG] [parse_extracted_emails.js] Parsed: parsed-INBOX-uid-6559.json
2026-04-21T01:01:32.372Z [LOG] [parse_extracted_emails.js] Parsed: parsed-INBOX-uid-6560.json
2026-04-21T01:01:32.372Z [LOG] [parse_extracted_emails.js] Parsed: parsed-INBOX-uid-6561.json
2026-04-21T01:01:32.372Z [LOG] [parse_extracted_emails.js] Parsed: parsed-INBOX-uid-6562.json
2026-04-21T01:01:32.372Z [LOG] [parse_extracted_emails.js] Parsed: parsed-INBOX-uid-6563.json
2026-04-21T01:01:32.372Z [LOG] [parse_extracted_emails.js] Parsed: parsed-INBOX-uid-6564.json
2026-04-21T01:01:32.372Z [LOG] [parse_extracted_emails.js] Parsed: parsed-INBOX-uid-6565.json
2026-04-21T01:01:32.372Z [LOG] [parse_extracted_emails.js] Parsed: parsed-INBOX-uid-6566.json
2026-04-21T01:01:32.372Z [LOG] [parse_extracted_emails.js] Parsed: parsed-INBOX-uid-6567.json
2026-04-21T01:01:32.372Z [LOG] [parse_extracted_emails.js] Parsed: parsed-INBOX-uid-6568.json
2026-04-21T01:01:32.372Z [LOG] [parse_extracted_emails.js] Parsed: parsed-INBOX-uid-6569.json
2026-04-21T01:01:32.372Z [LOG] [parse_extracted_emails.js] Parsed: parsed-INBOX-uid-6570.json
2026-04-21T01:01:32.372Z [LOG] [parse_extracted_emails.js] Parsed: parsed-INBOX-uid-6571.json
2026-04-21T01:01:32.372Z [LOG] [parse_extracted_emails.js] Parsed: parsed-INBOX-uid-6572.json
2026-04-21T01:01:32.372Z [LOG] [parse_extracted_emails.js] Parsed: parsed-INBOX-uid-6573.json
2026-04-21T01:01:32.372Z [LOG] [parse_extracted_emails.js] Parsed: parsed-INBOX-uid-6574.json
2026-04-21T01:01:32.372Z [LOG] [parse_extracted_emails.js] Parsed: parsed-INBOX-uid-6575.json
2026-04-21T01:01:32.372Z [LOG] [parse_extracted_emails.js] Parsed: parsed-INBOX-uid-6576.json
2026-04-21T01:01:32.372Z [LOG] [parse_extracted_emails.js] Parsed: parsed-INBOX-uid-6577.json
2026-04-21T01:01:32.372Z [LOG] [parse_extracted_emails.js] Parsed: parsed-INBOX-uid-6578.json
2026-04-21T01:01:32.372Z [LOG] [parse_extracted_emails.js] Parsed: parsed-INBOX-uid-6579.json
2026-04-21T01:01:32.372Z [LOG] [parse_extracted_emails.js] Parsed: parsed-INBOX-uid-6580.json
2026-04-21T01:01:32.372Z [LOG] [parse_extracted_emails.js] Parsed: parsed-INBOX-uid-6581.json
2026-04-21T01:01:32.372Z [LOG] [parse_extracted_emails.js] Parsed: parsed-INBOX-uid-6582.json
2026-04-21T01:01:32.372Z [LOG] [parse_extracted_emails.js] Parsed: parsed-INBOX-uid-6583.json
2026-04-21T01:01:32.372Z [LOG] [parse_extracted_emails.js] Parsed: parsed-INBOX-uid-6584.json
2026-04-21T01:01:32.372Z [LOG] [parse_extracted_emails.js] Parsed: parsed-INBOX-uid-6585.json
2026-04-21T01:01:32.372Z [LOG] [parse_extracted_emails.js] Parsed: parsed-INBOX-uid-6586.json
2026-04-21T01:01:32.372Z [LOG] [parse_extracted_emails.js] Parsed: parsed-INBOX-uid-6587.json
2026-04-21T01:01:32.372Z [LOG] [parse_extracted_emails.js] Parsed: parsed-INBOX-uid-6588.json
2026-04-21T01:01:32.372Z [LOG] [parse_extracted_emails.js] Parsed: parsed-INBOX-uid-6589.json
2026-04-21T01:01:32.372Z [LOG] [parse_extracted_emails.js] Parsed: parsed-INBOX-uid-6590.json
2026-04-21T01:01:32.372Z [LOG] [parse_extracted_emails.js] Parsed: parsed-INBOX-uid-6591.json
2026-04-21T01:01:32.372Z [LOG] [parse_extracted_emails.js] Parsed: parsed-INBOX-uid-6592.json
2026-04-21T01:01:32.372Z [LOG] [parse_extracted_emails.js] Parsed: parsed-INBOX-uid-6593.json
2026-04-21T01:01:32.372Z [LOG] [parse_extracted_emails.js] Parsed: parsed-INBOX-uid-6594.json
2026-04-21T01:01:32.372Z [LOG] [parse_extracted_emails.js] Parsed: parsed-INBOX-uid-6595.json
2026-04-21T01:01:32.372Z [LOG] [parse_extracted_emails.js] Parsed: parsed-INBOX-uid-6596.json
2026-04-21T01:01:32.372Z [LOG] [parse_extracted_emails.js] Parsed: parsed-INBOX-uid-6605.json
2026-04-21T01:01:32.372Z [LOG] [parse_extracted_emails.js] Parsed: parsed-INBOX-uid-6608.json
2026-04-21T01:01:32.372Z [LOG] [parse_extracted_emails.js] Parsed: parsed-INBOX-uid-6609.json
2026-04-21T01:01:32.372Z [LOG] [parse_extracted_emails.js] Parsed: parsed-INBOX-uid-6610.json
2026-04-21T01:01:32.372Z [LOG] [parse_extracted_emails.js] Parsed: parsed-INBOX-uid-6611.json
2026-04-21T01:01:32.372Z [LOG] [parse_extracted_emails.js] Parsed: parsed-INBOX-uid-6612.json
2026-04-21T01:01:32.372Z [LOG] [parse_extracted_emails.js] Parsed: parsed-INBOX-uid-6613.json
2026-04-21T01:01:32.372Z [LOG] [parse_extracted_emails.js] Parsed: parsed-INBOX-uid-6614.json
2026-04-21T01:01:32.372Z [LOG] [parse_extracted_emails.js] Parsed: parsed-INBOX-uid-6615.json
2026-04-21T01:01:32.372Z [LOG] [parse_extracted_emails.js] Parsed: parsed-INBOX-uid-6616.json
2026-04-21T01:01:32.372Z [LOG] [parse_extracted_emails.js] Parsed: parsed-INBOX-uid-6617.json
2026-04-21T01:01:32.372Z [LOG] [parse_extracted_emails.js] Parsed: parsed-INBOX-uid-6618.json
2026-04-21T01:01:32.372Z [LOG] [parse_extracted_emails.js] Parsed: parsed-INBOX-uid-6619.json
2026-04-21T01:01:32.372Z [LOG] [parse_extracted_emails.js] Parsed: parsed-INBOX-uid-6620.json
2026-04-21T01:01:32.372Z [LOG] [parse_extracted_emails.js] Parsed: parsed-INBOX-uid-6621.json
2026-04-21T01:01:32.372Z [LOG] [parse_extracted_emails.js] Parsed: parsed-INBOX-uid-6622.json
2026-04-21T01:01:32.372Z [LOG] [parse_extracted_emails.js] Parsed: parsed-INBOX-uid-6627.json
2026-04-21T01:01:32.372Z [LOG] [parse_extracted_emails.js] Parsed: parsed-INBOX-uid-6633.json
2026-04-21T01:01:32.372Z [LOG] [parse_extracted_emails.js] Parsed: parsed-INBOX-uid-6634.json
2026-04-21T01:01:32.372Z [LOG] [parse_extracted_emails.js] Parsed: parsed-INBOX-uid-6635.json
2026-04-21T01:01:32.372Z [LOG] [parse_extracted_emails.js] Parsed: parsed-INBOX-uid-6636.json
2026-04-21T01:01:32.372Z [LOG] [parse_extracted_emails.js] Parsed: parsed-INBOX-uid-6637.json
2026-04-21T01:01:32.372Z [LOG] [parse_extracted_emails.js] Parsed: parsed-INBOX-uid-6638.json
2026-04-21T01:01:32.372Z [LOG] [parse_extracted_emails.js] Parsed: parsed-INBOX-uid-6639.json
2026-04-21T01:01:32.372Z [LOG] [parse_extracted_emails.js] Parsed: parsed-INBOX-uid-6640.json
2026-04-21T01:01:32.372Z [LOG] [parse_extracted_emails.js] Parsed: parsed-INBOX-uid-6641.json
2026-04-21T01:01:32.372Z [LOG] [parse_extracted_emails.js] Parsed: parsed-INBOX-uid-6647.json
2026-04-21T01:01:32.372Z [LOG] [parse_extracted_emails.js] Parsed: parsed-INBOX-uid-6648.json
2026-04-21T01:01:32.372Z [LOG] [parse_extracted_emails.js] Parsed: parsed-INBOX-uid-6649.json
2026-04-21T01:01:32.372Z [LOG] [parse_extracted_emails.js] Parsed: parsed-INBOX-uid-6650.json
2026-04-21T01:01:32.372Z [LOG] [parse_extracted_emails.js] Parsed: parsed-INBOX-uid-6652.json
2026-04-21T01:01:32.372Z [LOG] [parse_extracted_emails.js] Parsed: parsed-INBOX-uid-6653.json
2026-04-21T01:01:32.372Z [LOG] [parse_extracted_emails.js] Parsed: parsed-INBOX-uid-6654.json
2026-04-21T01:01:32.372Z [LOG] [parse_extracted_emails.js] Parsed: parsed-INBOX-uid-6655.json
2026-04-21T01:01:32.372Z [LOG] [parse_extracted_emails.js] Parsed: parsed-INBOX-uid-6664.json
2026-04-21T01:01:32.372Z [LOG] [parse_extracted_emails.js] Parsed: parsed-INBOX-uid-6666.json
2026-04-21T01:01:32.372Z [LOG] [parse_extracted_emails.js] Parsed: parsed-INBOX-uid-6667.json
2026-04-21T01:01:32.372Z [LOG] [parse_extracted_emails.js] Parsed: parsed-INBOX-uid-6668.json
2026-04-21T01:01:32.372Z [LOG] [parse_extracted_emails.js] Parsed: parsed-INBOX-uid-6669.json
2026-04-21T01:01:32.372Z [LOG] [parse_extracted_emails.js] Parsed: parsed-INBOX-uid-6670.json
2026-04-21T01:01:32.372Z [LOG] [parse_extracted_emails.js] Parsed: parsed-INBOX-uid-6671.json
2026-04-21T01:01:32.372Z [LOG] [parse_extracted_emails.js] Parsed: parsed-INBOX-uid-6672.json
2026-04-21T01:01:32.372Z [LOG] [parse_extracted_emails.js] Parsed: parsed-INBOX-uid-6673.json
2026-04-21T01:01:32.372Z [LOG] [parse_extracted_emails.js] Parsed: parsed-INBOX-uid-6674.json
2026-04-21T01:01:32.372Z [LOG] [parse_extracted_emails.js] Parsed: parsed-INBOX-uid-6675.json
2026-04-21T01:01:32.372Z [LOG] [parse_extracted_emails.js] Parsed: parsed-INBOX-uid-6676.json
2026-04-21T01:01:32.372Z [LOG] [parse_extracted_emails.js] Parsed: parsed-INBOX-uid-6677.json
2026-04-21T01:01:32.372Z [LOG] [parse_extracted_emails.js] Parsed: parsed-INBOX-uid-6678.json
2026-04-21T01:01:32.372Z [LOG] [parse_extracted_emails.js] Parsed: parsed-INBOX-uid-6679.json
2026-04-21T01:01:32.372Z [LOG] [parse_extracted_emails.js] Parsed: parsed-INBOX-uid-6680.json
2026-04-21T01:01:32.372Z [LOG] [parse_extracted_emails.js] Parsed: parsed-INBOX-uid-6681.json
2026-04-21T01:01:32.372Z [LOG] [parse_extracted_emails.js] Parsed: parsed-INBOX-uid-6682.json
2026-04-21T01:01:32.372Z [LOG] [parse_extracted_emails.js] Parsed: parsed-INBOX-uid-6683.json
2026-04-21T01:01:32.372Z [LOG] [parse_extracted_emails.js] Parsed: parsed-INBOX-uid-6684.json
2026-04-21T01:01:32.372Z [LOG] [parse_extracted_emails.js] Parsed: parsed-INBOX-uid-6685.json
2026-04-21T01:01:32.372Z [LOG] [parse_extracted_emails.js] Parsed: parsed-INBOX-uid-6686.json
2026-04-21T01:01:32.372Z [LOG] [parse_extracted_emails.js] Parsed: parsed-INBOX-uid-6687.json
2026-04-21T01:01:32.372Z [LOG] [parse_extracted_emails.js] Parsed: parsed-INBOX-uid-6688.json
2026-04-21T01:01:32.372Z [LOG] [parse_extracted_emails.js] Parsed: parsed-INBOX-uid-6689.json
2026-04-21T01:01:32.372Z [LOG] [parse_extracted_emails.js] Parsed: parsed-INBOX-uid-6690.json
2026-04-21T01:01:32.372Z [LOG] [parse_extracted_emails.js] Parsed: parsed-INBOX-uid-6692.json
2026-04-21T01:01:32.372Z [LOG] [parse_extracted_emails.js] Parsed: parsed-INBOX-uid-6693.json
2026-04-21T01:01:32.372Z [LOG] [parse_extracted_emails.js] Parsed: parsed-INBOX-uid-6694.json
2026-04-21T01:01:32.372Z [LOG] [parse_extracted_emails.js] Parsed: parsed-INBOX-uid-6695.json
2026-04-21T01:01:32.372Z [LOG] [parse_extracted_emails.js] Parsed: parsed-INBOX-uid-6696.json
2026-04-21T01:01:32.372Z [LOG] [parse_extracted_emails.js] Parsed: parsed-INBOX-uid-6697.json
2026-04-21T01:01:32.372Z [LOG] [parse_extracted_emails.js] Parsed: parsed-INBOX-uid-6698.json
2026-04-21T01:01:32.372Z [LOG] [parse_extracted_emails.js] Parsed: parsed-INBOX-uid-6699.json
2026-04-21T01:01:32.372Z [LOG] [parse_extracted_emails.js] Parsed: parsed-INBOX-uid-6700.json
2026-04-21T01:01:32.372Z [LOG] [parse_extracted_emails.js] Parsed: parsed-INBOX-uid-6701.json
2026-04-21T01:01:32.372Z [LOG] [parse_extracted_emails.js] Parsed: parsed-INBOX-uid-6702.json
2026-04-21T01:01:32.372Z [LOG] [parse_extracted_emails.js] Parsed: parsed-INBOX-uid-6703.json
2026-04-21T01:01:32.372Z [LOG] [parse_extracted_emails.js] Parsed: parsed-INBOX-uid-6704.json
2026-04-21T01:01:32.372Z [LOG] [parse_extracted_emails.js] Parsed: parsed-INBOX-uid-6705.json
2026-04-21T01:01:32.372Z [LOG] [parse_extracted_emails.js] Parsed: parsed-INBOX-uid-6706.json
2026-04-21T01:01:32.372Z [LOG] [parse_extracted_emails.js] Parsed: parsed-INBOX-uid-6707.json
2026-04-21T01:01:32.372Z [LOG] [parse_extracted_emails.js] Parsed: parsed-INBOX-uid-6708.json
2026-04-21T01:01:32.372Z [LOG] [parse_extracted_emails.js] Parsed: parsed-INBOX-uid-6709.json
2026-04-21T01:01:32.372Z [LOG] [parse_extracted_emails.js] Parsed: parsed-INBOX-uid-6710.json
2026-04-21T01:01:32.372Z [LOG] [parse_extracted_emails.js] Parsed: parsed-INBOX-uid-6711.json
2026-04-21T01:01:32.372Z [LOG] [parse_extracted_emails.js] Parsed: parsed-INBOX-uid-6718.json
2026-04-21T01:01:32.372Z [LOG] [parse_extracted_emails.js] Parsed: parsed-INBOX-uid-6722.json
2026-04-21T01:01:32.372Z [LOG] [parse_extracted_emails.js] Parsed: parsed-INBOX-uid-6723.json
2026-04-21T01:01:32.372Z [LOG] [parse_extracted_emails.js] Parsed: parsed-INBOX-uid-6725.json
2026-04-21T01:01:32.372Z [LOG] [parse_extracted_emails.js] Parsed: parsed-INBOX-uid-6726.json
2026-04-21T01:01:32.372Z [LOG] [parse_extracted_emails.js] Parsed: parsed-INBOX-uid-6729.json
2026-04-21T01:01:32.372Z [LOG] [parse_extracted_emails.js] Parsed: parsed-INBOX-uid-6730.json
2026-04-21T01:01:32.372Z [LOG] [parse_extracted_emails.js] Parsed: parsed-INBOX-uid-6732.json
2026-04-21T01:01:32.372Z [LOG] [parse_extracted_emails.js] Parsed: parsed-INBOX-uid-6733.json
2026-04-21T01:01:32.372Z [LOG] [parse_extracted_emails.js] Parsed: parsed-INBOX-uid-6734.json
2026-04-21T01:01:32.372Z [LOG] [parse_extracted_emails.js] Parsed: parsed-INBOX-uid-6735.json
2026-04-21T01:01:32.372Z [LOG] [parse_extracted_emails.js] Parsed: parsed-INBOX-uid-6736.json
2026-04-21T01:01:32.372Z [LOG] [parse_extracted_emails.js] Parsed: parsed-INBOX-uid-6737.json
2026-04-21T01:01:32.372Z [LOG] [parse_extracted_emails.js] Parsed: parsed-INBOX-uid-6738.json
2026-04-21T01:01:32.372Z [LOG] [parse_extracted_emails.js] Parsed: parsed-INBOX-uid-6748.json
2026-04-21T01:01:32.372Z [LOG] [parse_extracted_emails.js] Parsed: parsed-INBOX-uid-6749.json
2026-04-21T01:01:32.372Z [LOG] [parse_extracted_emails.js] Parsed: parsed-INBOX-uid-6750.json
2026-04-21T01:01:32.372Z [LOG] [parse_extracted_emails.js] Parsed: parsed-INBOX-uid-6751.json
2026-04-21T01:01:32.372Z [LOG] [parse_extracted_emails.js] Parsed: parsed-INBOX-uid-6752.json
2026-04-21T01:01:32.372Z [LOG] [parse_extracted_emails.js] Parsed: parsed-INBOX-uid-6753.json
2026-04-21T01:01:32.372Z [LOG] [parse_extracted_emails.js] Parsed: parsed-INBOX-uid-6754.json
2026-04-21T01:01:32.372Z [LOG] [parse_extracted_emails.js] Parsed: parsed-INBOX-uid-6755.json
2026-04-21T01:01:32.372Z [LOG] [parse_extracted_emails.js] Parsed: parsed-INBOX-uid-6756.json
2026-04-21T01:01:32.372Z [LOG] [parse_extracted_emails.js] Parsed: parsed-INBOX-uid-6757.json
2026-04-21T01:01:32.372Z [LOG] [parse_extracted_emails.js] Parsed: parsed-INBOX-uid-6758.json
2026-04-21T01:01:32.372Z [LOG] [parse_extracted_emails.js] Parsed: parsed-INBOX-uid-6759.json
2026-04-21T01:01:32.372Z [LOG] [parse_extracted_emails.js] Parsed: parsed-INBOX-uid-6760.json
2026-04-21T01:01:32.372Z [LOG] [parse_extracted_emails.js] Parsed: parsed-INBOX-uid-6761.json
2026-04-21T01:01:32.372Z [LOG] [parse_extracted_emails.js] Parsed: parsed-INBOX-uid-6762.json
2026-04-21T01:01:32.373Z [LOG] [parse_extracted_emails.js] Parsed: parsed-INBOX-uid-6763.json
2026-04-21T01:01:32.373Z [LOG] [parse_extracted_emails.js] Parsed: parsed-INBOX-uid-6764.json
2026-04-21T01:01:32.373Z [LOG] [parse_extracted_emails.js] Parsed: parsed-INBOX-uid-6765.json
2026-04-21T01:01:32.373Z [LOG] [parse_extracted_emails.js] Parsed: parsed-INBOX-uid-6766.json
2026-04-21T01:01:32.373Z [LOG] [parse_extracted_emails.js] Parsed: parsed-INBOX-uid-6767.json
2026-04-21T01:01:32.373Z [LOG] [parse_extracted_emails.js] Parsed: parsed-INBOX-uid-6768.json
2026-04-21T01:01:32.373Z [LOG] [parse_extracted_emails.js] Parsed: parsed-INBOX-uid-6769.json
2026-04-21T01:01:32.373Z [LOG] [parse_extracted_emails.js] Parsed: parsed-INBOX-uid-6770.json
2026-04-21T01:01:32.373Z [LOG] [parse_extracted_emails.js] Parsed: parsed-INBOX-uid-6771.json
2026-04-21T01:01:32.373Z [LOG] [parse_extracted_emails.js] Parsed: parsed-INBOX-uid-6772.json
2026-04-21T01:01:32.373Z [LOG] [parse_extracted_emails.js] Parsed: parsed-INBOX-uid-6773.json
2026-04-21T01:01:32.373Z [LOG] [parse_extracted_emails.js] Parsed: parsed-INBOX-uid-6774.json
2026-04-21T01:01:32.373Z [LOG] [parse_extracted_emails.js] Parsed: parsed-INBOX-uid-6775.json
2026-04-21T01:01:32.373Z [LOG] [parse_extracted_emails.js] Parsed: parsed-INBOX-uid-6776.json
2026-04-21T01:01:32.373Z [LOG] [parse_extracted_emails.js] Parsed: parsed-INBOX-uid-6777.json
2026-04-21T01:01:32.373Z [LOG] [parse_extracted_emails.js] Parsed: parsed-INBOX-uid-6778.json
2026-04-21T01:01:32.373Z [LOG] [parse_extracted_emails.js] Parsed: parsed-INBOX-uid-6779.json
2026-04-21T01:01:32.373Z [LOG] [parse_extracted_emails.js] Parsed: parsed-INBOX-uid-6780.json
2026-04-21T01:01:32.373Z [LOG] [parse_extracted_emails.js] Parsed: parsed-INBOX-uid-6781.json
2026-04-21T01:01:32.373Z [LOG] [parse_extracted_emails.js] Parsed: parsed-INBOX-uid-6782.json
2026-04-21T01:01:32.373Z [LOG] [parse_extracted_emails.js] Parsed: parsed-INBOX-uid-6783.json
2026-04-21T01:01:32.373Z [LOG] [parse_extracted_emails.js] Parsed: parsed-INBOX-uid-6784.json
2026-04-21T01:01:32.373Z [LOG] [parse_extracted_emails.js] Parsed: parsed-INBOX-uid-6785.json
2026-04-21T01:01:32.373Z [LOG] [parse_extracted_emails.js] Parsed: parsed-INBOX-uid-6786.json
2026-04-21T01:01:32.373Z [LOG] [parse_extracted_emails.js] Parsed: parsed-INBOX-uid-6787.json
2026-04-21T01:01:32.373Z [LOG] [parse_extracted_emails.js] Parsed: parsed-INBOX-uid-6788.json
2026-04-21T01:01:32.373Z [LOG] [parse_extracted_emails.js] Parsed: parsed-INBOX-uid-6789.json
2026-04-21T01:01:32.373Z [LOG] [parse_extracted_emails.js] Parsed: parsed-INBOX-uid-6790.json
2026-04-21T01:01:32.373Z [LOG] [parse_extracted_emails.js] Parsed: parsed-INBOX-uid-6791.json
2026-04-21T01:01:32.373Z [LOG] [parse_extracted_emails.js] Parsed: parsed-INBOX-uid-6792.json
2026-04-21T01:01:32.373Z [LOG] [parse_extracted_emails.js] Parsed: parsed-INBOX-uid-6793.json
2026-04-21T01:01:32.373Z [LOG] [parse_extracted_emails.js] Parsed: parsed-INBOX-uid-6794.json
2026-04-21T01:01:32.373Z [LOG] [parse_extracted_emails.js] Parsed: parsed-INBOX-uid-6795.json
2026-04-21T01:01:32.373Z [LOG] [parse_extracted_emails.js] Parsed: parsed-INBOX-uid-6796.json
2026-04-21T01:01:32.373Z [LOG] [parse_extracted_emails.js] Parsed: parsed-INBOX-uid-6797.json
2026-04-21T01:01:32.373Z [LOG] [parse_extracted_emails.js] Parsed: parsed-INBOX-uid-6798.json
2026-04-21T01:01:32.373Z [LOG] [parse_extracted_emails.js] Parsed: parsed-INBOX-uid-6799.json
2026-04-21T01:01:32.373Z [LOG] [parse_extracted_emails.js] Parsed: parsed-INBOX-uid-6800.json
2026-04-21T01:01:32.373Z [LOG] [parse_extracted_emails.js] Parsed: parsed-INBOX-uid-6801.json
2026-04-21T01:01:32.373Z [LOG] [parse_extracted_emails.js] Parsed: parsed-INBOX-uid-6802.json
2026-04-21T01:01:32.373Z [LOG] [parse_extracted_emails.js] Parsed: parsed-INBOX-uid-6803.json
2026-04-21T01:01:32.373Z [LOG] [parse_extracted_emails.js] Parsed: parsed-INBOX-uid-6804.json
2026-04-21T01:01:32.373Z [LOG] [parse_extracted_emails.js] Parsed: parsed-INBOX-uid-6805.json
2026-04-21T01:01:32.373Z [LOG] [parse_extracted_emails.js] Parsed: parsed-INBOX-uid-6806.json
2026-04-21T01:01:32.373Z [LOG] [parse_extracted_emails.js] Parsed: parsed-INBOX-uid-6807.json
2026-04-21T01:01:32.373Z [LOG] [parse_extracted_emails.js] Parsed: parsed-INBOX-uid-6808.json
2026-04-21T01:01:32.373Z [LOG] [parse_extracted_emails.js] Parsed: parsed-INBOX-uid-6809.json
2026-04-21T01:01:32.373Z [LOG] [parse_extracted_emails.js] Parsed: parsed-INBOX-uid-6810.json
2026-04-21T01:01:32.373Z [LOG] [parse_extracted_emails.js] Parsed: parsed-INBOX-uid-6811.json
2026-04-21T01:01:32.373Z [LOG] [parse_extracted_emails.js] Parsed: parsed-INBOX-uid-6812.json
2026-04-21T01:01:32.373Z [LOG] [parse_extracted_emails.js] Parsed: parsed-INBOX-uid-6813.json
2026-04-21T01:01:32.373Z [LOG] [parse_extracted_emails.js] Parsed: parsed-INBOX-uid-6814.json
2026-04-21T01:01:32.373Z [LOG] [parse_extracted_emails.js] Parsed: parsed-INBOX-uid-6815.json
2026-04-21T01:01:32.373Z [LOG] [parse_extracted_emails.js] Parsed: parsed-INBOX-uid-6816.json
2026-04-21T01:01:32.373Z [LOG] [parse_extracted_emails.js] Parsed: parsed-INBOX-uid-6817.json
2026-04-21T01:01:32.373Z [LOG] [parse_extracted_emails.js] Parsed: parsed-INBOX-uid-6818.json
2026-04-21T01:01:32.373Z [LOG] [parse_extracted_emails.js] Parsed: parsed-INBOX-uid-6819.json
2026-04-21T01:01:32.373Z [LOG] [parse_extracted_emails.js] Parsed: parsed-INBOX-uid-6820.json
2026-04-21T01:01:32.373Z [LOG] [parse_extracted_emails.js] Parsed: parsed-INBOX-uid-6821.json
2026-04-21T01:01:32.373Z [LOG] [parse_extracted_emails.js] Parsed: parsed-INBOX-uid-6822.json
2026-04-21T01:01:32.373Z [LOG] [parse_extracted_emails.js] Parsed: parsed-INBOX-uid-6823.json
2026-04-21T01:01:32.373Z [LOG] [parse_extracted_emails.js] Parsed: parsed-INBOX-uid-6824.json
2026-04-21T01:01:32.373Z [LOG] [parse_extracted_emails.js] Parsed: parsed-INBOX-uid-6825.json
2026-04-21T01:01:32.373Z [LOG] [parse_extracted_emails.js] Parsed: parsed-INBOX-uid-6826.json
2026-04-21T01:01:32.373Z [LOG] [parse_extracted_emails.js] Parsed: parsed-INBOX-uid-6827.json
2026-04-21T01:01:32.373Z [LOG] [parse_extracted_emails.js] Parsed: parsed-INBOX-uid-6828.json
2026-04-21T01:01:32.373Z [LOG] [parse_extracted_emails.js] Parsed: parsed-INBOX-uid-6829.json
2026-04-21T01:01:32.373Z [LOG] [parse_extracted_emails.js] Parsed: parsed-INBOX-uid-6830.json
2026-04-21T01:01:32.373Z [LOG] [parse_extracted_emails.js] Parsed: parsed-INBOX-uid-6831.json
2026-04-21T01:01:32.373Z [LOG] [parse_extracted_emails.js] Parsed: parsed-INBOX-uid-6832.json
2026-04-21T01:01:32.373Z [LOG] [parse_extracted_emails.js] Parsed: parsed-INBOX-uid-6833.json
2026-04-21T01:01:32.373Z [LOG] [parse_extracted_emails.js] Parsed: parsed-INBOX-uid-6834.json
2026-04-21T01:01:32.373Z [LOG] [parse_extracted_emails.js] Parsed: parsed-INBOX-uid-6835.json
2026-04-21T01:01:32.373Z [LOG] [parse_extracted_emails.js] Parsed: parsed-INBOX-uid-6836.json
2026-04-21T01:01:32.373Z [LOG] [parse_extracted_emails.js] Parsed: parsed-INBOX-uid-6837.json
2026-04-21T01:01:32.373Z [LOG] [parse_extracted_emails.js] Parsed: parsed-INBOX-uid-6838.json
2026-04-21T01:01:32.373Z [LOG] [parse_extracted_emails.js] Parsed: parsed-INBOX-uid-6839.json
2026-04-21T01:01:32.373Z [LOG] [parse_extracted_emails.js] Parsed: parsed-INBOX-uid-6840.json
2026-04-21T01:01:32.373Z [LOG] [parse_extracted_emails.js] Parsed: parsed-INBOX-uid-6841.json
2026-04-21T01:01:32.373Z [LOG] [parse_extracted_emails.js] Parsed: parsed-INBOX-uid-6842.json
2026-04-21T01:01:32.373Z [LOG] [parse_extracted_emails.js] Parsed: parsed-INBOX-uid-6843.json
2026-04-21T01:01:32.373Z [LOG] [parse_extracted_emails.js] Parsed: parsed-INBOX-uid-6844.json
2026-04-21T01:01:32.373Z [LOG] [parse_extracted_emails.js] Parsed: parsed-INBOX-uid-6845.json
2026-04-21T01:01:32.373Z [LOG] [parse_extracted_emails.js] Parsed: parsed-INBOX-uid-6846.json
2026-04-21T01:01:32.373Z [LOG] [parse_extracted_emails.js] Parsed: parsed-INBOX-uid-6847.json
2026-04-21T01:01:32.373Z [LOG] [parse_extracted_emails.js] Parsed: parsed-INBOX-uid-6848.json
2026-04-21T01:01:32.373Z [LOG] [parse_extracted_emails.js] Parsed: parsed-INBOX-uid-6849.json
2026-04-21T01:01:32.373Z [LOG] [parse_extracted_emails.js] Parsed: parsed-INBOX-uid-6850.json
2026-04-21T01:01:32.373Z [LOG] [parse_extracted_emails.js] Parsed: parsed-INBOX-uid-6851.json
2026-04-21T01:01:32.373Z [LOG] [parse_extracted_emails.js] Parsed: parsed-INBOX-uid-6852.json
2026-04-21T01:01:32.373Z [LOG] [parse_extracted_emails.js] Parsed: parsed-INBOX-uid-6853.json
2026-04-21T01:01:32.373Z [LOG] [parse_extracted_emails.js] Parsed: parsed-INBOX-uid-6854.json
2026-04-21T01:01:32.373Z [LOG] [parse_extracted_emails.js] Parsed: parsed-INBOX-uid-6855.json
2026-04-21T01:01:32.373Z [LOG] [parse_extracted_emails.js] Parsed: parsed-INBOX-uid-6856.json
2026-04-21T01:01:32.373Z [LOG] [parse_extracted_emails.js] Parsed: parsed-INBOX-uid-6857.json
2026-04-21T01:01:32.373Z [LOG] [parse_extracted_emails.js] Parsed: parsed-INBOX-uid-6858.json
2026-04-21T01:01:32.373Z [LOG] [parse_extracted_emails.js] Parsed: parsed-INBOX-uid-6859.json
2026-04-21T01:01:32.373Z [LOG] [parse_extracted_emails.js] Parsed: parsed-INBOX-uid-6860.json
2026-04-21T01:01:32.373Z [LOG] [parse_extracted_emails.js] Parsed: parsed-INBOX-uid-6861.json
2026-04-21T01:01:32.373Z [LOG] [parse_extracted_emails.js] Parsed: parsed-INBOX-uid-6862.json
2026-04-21T01:01:32.373Z [LOG] [parse_extracted_emails.js] Parsed: parsed-INBOX-uid-6863.json
2026-04-21T01:01:32.373Z [LOG] [parse_extracted_emails.js] Parsed: parsed-INBOX-uid-6864.json
2026-04-21T01:01:32.374Z [LOG] [parse_extracted_emails.js] Parsed: parsed-INBOX-uid-6865.json
2026-04-21T01:01:32.374Z [LOG] [parse_extracted_emails.js] Parsed: parsed-INBOX-uid-6866.json
2026-04-21T01:01:32.374Z [LOG] [parse_extracted_emails.js] Parsed: parsed-INBOX-uid-6867.json
2026-04-21T01:01:32.374Z [LOG] [parse_extracted_emails.js] Parsed: parsed-INBOX-uid-6868.json
2026-04-21T01:01:32.374Z [LOG] [parse_extracted_emails.js] Parsed: parsed-INBOX-uid-6869.json
2026-04-21T01:01:32.374Z [LOG] [parse_extracted_emails.js] Parsed: parsed-INBOX-uid-6870.json
2026-04-21T01:01:32.374Z [LOG] [parse_extracted_emails.js] Parsed: parsed-INBOX-uid-6871.json
2026-04-21T01:01:32.374Z [LOG] [parse_extracted_emails.js] Parsed: parsed-INBOX-uid-6872.json
2026-04-21T01:01:32.374Z [LOG] [parse_extracted_emails.js] Parsed: parsed-INBOX-uid-6873.json
2026-04-21T01:01:32.374Z [LOG] [parse_extracted_emails.js] Parsed: parsed-INBOX-uid-6874.json
2026-04-21T01:01:32.374Z [LOG] [parse_extracted_emails.js] Parsed: parsed-INBOX-uid-6875.json
2026-04-21T01:01:32.374Z [LOG] [parse_extracted_emails.js] Parsed: parsed-INBOX-uid-6907.json
2026-04-21T01:01:32.374Z [LOG] [parse_extracted_emails.js] Parsed: parsed-INBOX-uid-6908.json
2026-04-21T01:01:32.374Z [LOG] [parse_extracted_emails.js] Parsed: parsed-INBOX-uid-6909.json
2026-04-21T01:01:32.374Z [LOG] [parse_extracted_emails.js] Parsed: parsed-INBOX-uid-6910.json
2026-04-21T01:01:32.374Z [LOG] [parse_extracted_emails.js] Parsed: parsed-INBOX-uid-6911.json
2026-04-21T01:01:32.374Z [LOG] [parse_extracted_emails.js] Parsed: parsed-INBOX-uid-6912.json
2026-04-21T01:01:32.374Z [LOG] [parse_extracted_emails.js] Parsed: parsed-INBOX-uid-6913.json
2026-04-21T01:01:32.374Z [LOG] [parse_extracted_emails.js] Parsed: parsed-INBOX-uid-6914.json
2026-04-21T01:01:32.374Z [LOG] [parse_extracted_emails.js] Parsed: parsed-INBOX-uid-6915.json
2026-04-21T01:01:32.374Z [LOG] [parse_extracted_emails.js] Parsed: parsed-INBOX-uid-6916.json
2026-04-21T01:01:32.374Z [LOG] [parse_extracted_emails.js] Parsed: parsed-INBOX-uid-6917.json
2026-04-21T01:01:32.374Z [LOG] [parse_extracted_emails.js] Parsed: parsed-INBOX-uid-6918.json
2026-04-21T01:01:32.374Z [LOG] [parse_extracted_emails.js] Parsed: parsed-INBOX-uid-6919.json
2026-04-21T01:01:32.374Z [LOG] [parse_extracted_emails.js] Parsed: parsed-INBOX-uid-6920.json
2026-04-21T01:01:32.374Z [LOG] [parse_extracted_emails.js] Parsed: parsed-INBOX-uid-6921.json
2026-04-21T01:01:32.374Z [LOG] [parse_extracted_emails.js] Parsed: parsed-INBOX-uid-6922.json
2026-04-21T01:01:32.374Z [LOG] [parse_extracted_emails.js] Parsed: parsed-INBOX-uid-6923.json
2026-04-21T01:01:32.374Z [LOG] [parse_extracted_emails.js] Parsed: parsed-INBOX-uid-6924.json
2026-04-21T01:01:32.374Z [LOG] [parse_extracted_emails.js] Parsed: parsed-INBOX-uid-6925.json
2026-04-21T01:01:32.374Z [LOG] [parse_extracted_emails.js] Parsed: parsed-INBOX-uid-6926.json
2026-04-21T01:01:32.374Z [LOG] [parse_extracted_emails.js] Parsed: parsed-INBOX-uid-6927.json
2026-04-21T01:01:32.374Z [LOG] [parse_extracted_emails.js] Parsed: parsed-INBOX-uid-6928.json
2026-04-21T01:01:32.374Z [LOG] [parse_extracted_emails.js] Parsed: parsed-INBOX-uid-6929.json
2026-04-21T01:01:32.374Z [LOG] [parse_extracted_emails.js] Parsed: parsed-INBOX-uid-6930.json
2026-04-21T01:01:32.374Z [LOG] [parse_extracted_emails.js] Parsed: parsed-INBOX-uid-6931.json
2026-04-21T01:01:32.374Z [LOG] [parse_extracted_emails.js] Parsed: parsed-INBOX-uid-6932.json
2026-04-21T01:01:32.374Z [LOG] [parse_extracted_emails.js] Parsed: parsed-INBOX-uid-6933.json
2026-04-21T01:01:32.374Z [LOG] [parse_extracted_emails.js] Parsed: parsed-INBOX-uid-6934.json
2026-04-21T01:01:32.374Z [LOG] [parse_extracted_emails.js] Parsed: parsed-INBOX-uid-6935.json
2026-04-21T01:01:32.374Z [LOG] [parse_extracted_emails.js] Parsed: parsed-INBOX-uid-6936.json
2026-04-21T01:01:32.374Z [LOG] [parse_extracted_emails.js] Parsed: parsed-INBOX-uid-6937.json
2026-04-21T01:01:32.374Z [LOG] [parse_extracted_emails.js] Parsed: parsed-INBOX-uid-6938.json
2026-04-21T01:01:32.374Z [LOG] [parse_extracted_emails.js] Parsed: parsed-INBOX-uid-6939.json
2026-04-21T01:01:32.374Z [LOG] [parse_extracted_emails.js] Parsed: parsed-INBOX-uid-6940.json
2026-04-21T01:01:32.374Z [LOG] [parse_extracted_emails.js] Parsed: parsed-INBOX-uid-6941.json
2026-04-21T01:01:32.374Z [LOG] [parse_extracted_emails.js] Parsed: parsed-INBOX-uid-6942.json
2026-04-21T01:01:32.374Z [LOG] [parse_extracted_emails.js] Parsed: parsed-INBOX-uid-6943.json
2026-04-21T01:01:32.374Z [LOG] [parse_extracted_emails.js] Parsed: parsed-INBOX-uid-6945.json
2026-04-21T01:01:32.374Z [LOG] [parse_extracted_emails.js] Parsed: parsed-INBOX-uid-6946.json
2026-04-21T01:01:32.374Z [LOG] [parse_extracted_emails.js] Parsed: parsed-INBOX-uid-6947.json
2026-04-21T01:01:32.374Z [LOG] [parse_extracted_emails.js] Parsed: parsed-INBOX-uid-6948.json
2026-04-21T01:01:32.374Z [LOG] [parse_extracted_emails.js] Parsed: parsed-INBOX-uid-6949.json
2026-04-21T01:01:32.374Z [LOG] [parse_extracted_emails.js] Parsed: parsed-INBOX-uid-6950.json
2026-04-21T01:01:32.374Z [LOG] [parse_extracted_emails.js] Parsed: parsed-INBOX-uid-6951.json
2026-04-21T01:01:32.374Z [LOG] [parse_extracted_emails.js] Parsed: parsed-INBOX-uid-6952.json
2026-04-21T01:01:32.374Z [LOG] [parse_extracted_emails.js] Parsed: parsed-INBOX-uid-6953.json
2026-04-21T01:01:32.374Z [LOG] [parse_extracted_emails.js] Parsed: parsed-INBOX-uid-6954.json
2026-04-21T01:01:32.374Z [LOG] [parse_extracted_emails.js] Parsed: parsed-INBOX-uid-6955.json
2026-04-21T01:01:32.374Z [LOG] [parse_extracted_emails.js] Parsed: parsed-INBOX-uid-6956.json
2026-04-21T01:01:32.374Z [LOG] [parse_extracted_emails.js] Parsed: parsed-INBOX-uid-6957.json
2026-04-21T01:01:32.374Z [LOG] [parse_extracted_emails.js] Parsed: parsed-INBOX-uid-6958.json
2026-04-21T01:01:32.374Z [LOG] [parse_extracted_emails.js] Parsed: parsed-INBOX-uid-6959.json
2026-04-21T01:01:32.374Z [LOG] [parse_extracted_emails.js] Parsed: parsed-INBOX-uid-6960.json
2026-04-21T01:01:32.374Z [LOG] [parse_extracted_emails.js] Parsed: parsed-INBOX-uid-6961.json
2026-04-21T01:01:32.374Z [LOG] [parse_extracted_emails.js] Parsed: parsed-INBOX-uid-6962.json
2026-04-21T01:01:32.374Z [LOG] [parse_extracted_emails.js] Parsed: parsed-INBOX-uid-6963.json
2026-04-21T01:01:32.374Z [LOG] [parse_extracted_emails.js] Parsed: parsed-INBOX-uid-6964.json
2026-04-21T01:01:32.374Z [LOG] [parse_extracted_emails.js] Parsed: parsed-INBOX-uid-6965.json
2026-04-21T01:01:32.374Z [LOG] [parse_extracted_emails.js] Parsed: parsed-INBOX-uid-6966.json
2026-04-21T01:01:32.374Z [LOG] [parse_extracted_emails.js] Parsed: parsed-INBOX-uid-6967.json
2026-04-21T01:01:32.374Z [LOG] [parse_extracted_emails.js] Parsed: parsed-INBOX-uid-6968.json
2026-04-21T01:01:32.374Z [LOG] [parse_extracted_emails.js] Parsed: parsed-INBOX-uid-6969.json
2026-04-21T01:01:32.374Z [LOG] [parse_extracted_emails.js] Parsed: parsed-INBOX-uid-6970.json
2026-04-21T01:01:32.374Z [LOG] [parse_extracted_emails.js] Parsed: parsed-INBOX-uid-6971.json
2026-04-21T01:01:32.374Z [LOG] [parse_extracted_emails.js] Parsed: parsed-INBOX-uid-6972.json
2026-04-21T01:01:32.374Z [LOG] [parse_extracted_emails.js] Parsed: parsed-INBOX-uid-6973.json
2026-04-21T01:01:32.374Z [LOG] [parse_extracted_emails.js] Parsed: parsed-INBOX-uid-6974.json
2026-04-21T01:01:32.374Z [LOG] [parse_extracted_emails.js] Parsed: parsed-INBOX-uid-6975.json
2026-04-21T01:01:32.374Z [LOG] [parse_extracted_emails.js] Parsed: parsed-INBOX-uid-6976.json
2026-04-21T01:01:32.374Z [LOG] [parse_extracted_emails.js] Parsed: parsed-INBOX-uid-6977.json
2026-04-21T01:01:32.374Z [LOG] [parse_extracted_emails.js] Parsed: parsed-INBOX-uid-6978.json
2026-04-21T01:01:32.374Z [LOG] [parse_extracted_emails.js] Parsed: parsed-INBOX-uid-6979.json
2026-04-21T01:01:32.374Z [LOG] [parse_extracted_emails.js] Parsed: parsed-INBOX-uid-6980.json
2026-04-21T01:01:32.374Z [LOG] [parse_extracted_emails.js] Parsed: parsed-INBOX-uid-6981.json
2026-04-21T01:01:32.374Z [LOG] [parse_extracted_emails.js] Parsed: parsed-INBOX-uid-6982.json
2026-04-21T01:01:32.374Z [LOG] [parse_extracted_emails.js] Parsed: parsed-INBOX-uid-6983.json
2026-04-21T01:01:32.374Z [LOG] [parse_extracted_emails.js] Parsed: parsed-INBOX-uid-6984.json
2026-04-21T01:01:32.374Z [LOG] [parse_extracted_emails.js] Parsed: parsed-INBOX-uid-6985.json
2026-04-21T01:01:32.374Z [LOG] [parse_extracted_emails.js] Parsed: parsed-INBOX-uid-6986.json
2026-04-21T01:01:32.374Z [LOG] [parse_extracted_emails.js] Parsed: parsed-INBOX-uid-6987.json
2026-04-21T01:01:32.374Z [LOG] [parse_extracted_emails.js] Parsed: parsed-INBOX-uid-6988.json
2026-04-21T01:01:32.374Z [LOG] [parse_extracted_emails.js] Parsed: parsed-INBOX-uid-6989.json
2026-04-21T01:01:32.374Z [LOG] [parse_extracted_emails.js] Parsed: parsed-INBOX-uid-6990.json
2026-04-21T01:01:32.374Z [LOG] [parse_extracted_emails.js] Parsed: parsed-INBOX-uid-6991.json
2026-04-21T01:01:32.374Z [LOG] [parse_extracted_emails.js] Parsed: parsed-INBOX-uid-6992.json
2026-04-21T01:01:32.374Z [LOG] [parse_extracted_emails.js] Parsed: parsed-INBOX-uid-6993.json
2026-04-21T01:01:32.374Z [LOG] [parse_extracted_emails.js] Parsed: parsed-INBOX-uid-6996.json
2026-04-21T01:01:32.374Z [LOG] [parse_extracted_emails.js] Parsed: parsed-INBOX-uid-7006.json
2026-04-21T01:01:32.374Z [LOG] [parse_extracted_emails.js] Parsed: parsed-INBOX-uid-7007.json
2026-04-21T01:01:32.374Z [LOG] [parse_extracted_emails.js] Parsed: parsed-INBOX-uid-7008.json
2026-04-21T01:01:32.374Z [LOG] [parse_extracted_emails.js] Parsed: parsed-INBOX-uid-7009.json
2026-04-21T01:01:32.374Z [LOG] [parse_extracted_emails.js] Parsed: parsed-INBOX-uid-7010.json
2026-04-21T01:01:32.374Z [LOG] [parse_extracted_emails.js] Parsed: parsed-INBOX-uid-7011.json
2026-04-21T01:01:32.374Z [LOG] [parse_extracted_emails.js] Parsed: parsed-INBOX-uid-7012.json
2026-04-21T01:01:32.374Z [LOG] [parse_extracted_emails.js] Parsed: parsed-INBOX-uid-7013.json
2026-04-21T01:01:32.374Z [LOG] [parse_extracted_emails.js] Parsed: parsed-INBOX-uid-7014.json
2026-04-21T01:01:32.374Z [LOG] [parse_extracted_emails.js] Parsed: parsed-INBOX-uid-7015.json
2026-04-21T01:01:32.374Z [LOG] [parse_extracted_emails.js] Parsed: parsed-INBOX-uid-7016.json
2026-04-21T01:01:32.374Z [LOG] [parse_extracted_emails.js] Parsed: parsed-INBOX-uid-7017.json
2026-04-21T01:01:32.374Z [LOG] [parse_extracted_emails.js] Parsed: parsed-INBOX-uid-7018.json
2026-04-21T01:01:32.374Z [LOG] [parse_extracted_emails.js] Parsed: parsed-INBOX-uid-7019.json
2026-04-21T01:01:32.374Z [LOG] [parse_extracted_emails.js] Parsed: parsed-INBOX-uid-7020.json
2026-04-21T01:01:32.374Z [LOG] [parse_extracted_emails.js] Parsed: parsed-INBOX-uid-7021.json
2026-04-21T01:01:32.374Z [LOG] [parse_extracted_emails.js] Parsed: parsed-INBOX-uid-7022.json
2026-04-21T01:01:32.374Z [LOG] [parse_extracted_emails.js] Parsed: parsed-INBOX-uid-7023.json
2026-04-21T01:01:32.374Z [LOG] [parse_extracted_emails.js] Parsed: parsed-INBOX-uid-7024.json
2026-04-21T01:01:32.374Z [LOG] [parse_extracted_emails.js] Parsed: parsed-INBOX-uid-7025.json
2026-04-21T01:01:32.374Z [LOG] [parse_extracted_emails.js] Parsed: parsed-INBOX-uid-7026.json
2026-04-21T01:01:32.374Z [LOG] [parse_extracted_emails.js] Parsed: parsed-INBOX-uid-7028.json
2026-04-21T01:01:32.374Z [LOG] [parse_extracted_emails.js] Parsed: parsed-INBOX-uid-7029.json
2026-04-21T01:01:32.374Z [LOG] [parse_extracted_emails.js] Parsed: parsed-INBOX-uid-7030.json
2026-04-21T01:01:32.374Z [LOG] [parse_extracted_emails.js] Parsed: parsed-INBOX-uid-7031.json
2026-04-21T01:01:32.374Z [LOG] [parse_extracted_emails.js] Parsed: parsed-INBOX-uid-7032.json
2026-04-21T01:01:32.374Z [LOG] [parse_extracted_emails.js] Parsed: parsed-INBOX-uid-7033.json
2026-04-21T01:01:32.374Z [LOG] [parse_extracted_emails.js] Parsed: parsed-INBOX-uid-7034.json
2026-04-21T01:01:32.374Z [LOG] [parse_extracted_emails.js] Parsed: parsed-INBOX-uid-7035.json
2026-04-21T01:01:32.374Z [LOG] [parse_extracted_emails.js] Parsed: parsed-INBOX-uid-7036.json
2026-04-21T01:01:32.374Z [LOG] [parse_extracted_emails.js] Parsed: parsed-INBOX-uid-7037.json
2026-04-21T01:01:32.374Z [LOG] [parse_extracted_emails.js] Parsed: parsed-INBOX-uid-7038.json
2026-04-21T01:01:32.374Z [LOG] [parse_extracted_emails.js] Parsed: parsed-INBOX-uid-7040.json
2026-04-21T01:01:32.374Z [LOG] [parse_extracted_emails.js] Parsed: parsed-INBOX-uid-7049.json
2026-04-21T01:01:32.374Z [LOG] [parse_extracted_emails.js] Parsed: parsed-INBOX-uid-7050.json
2026-04-21T01:01:32.374Z [LOG] [parse_extracted_emails.js] Parsed: parsed-INBOX-uid-7051.json
2026-04-21T01:01:32.374Z [LOG] [parse_extracted_emails.js] Parsed: parsed-INBOX-uid-7052.json
2026-04-21T01:01:32.374Z [LOG] [parse_extracted_emails.js] Parsed: parsed-INBOX-uid-7053.json
2026-04-21T01:01:32.374Z [LOG] [parse_extracted_emails.js] Parsed: parsed-INBOX-uid-7054.json
2026-04-21T01:01:32.374Z [LOG] [parse_extracted_emails.js] Parsed: parsed-INBOX-uid-7055.json
2026-04-21T01:01:32.374Z [LOG] [parse_extracted_emails.js] Parsed: parsed-INBOX-uid-7056.json
2026-04-21T01:01:32.374Z [LOG] [parse_extracted_emails.js] Parsed: parsed-INBOX-uid-7057.json
2026-04-21T01:01:32.374Z [LOG] [parse_extracted_emails.js] Parsed: parsed-INBOX-uid-7058.json
2026-04-21T01:01:32.374Z [LOG] [parse_extracted_emails.js] Parsed: parsed-INBOX-uid-7059.json
2026-04-21T01:01:32.374Z [LOG] [parse_extracted_emails.js] Parsed: parsed-INBOX-uid-7060.json
2026-04-21T01:01:32.374Z [LOG] [parse_extracted_emails.js] Parsed: parsed-INBOX-uid-7061.json
2026-04-21T01:01:32.374Z [LOG] [parse_extracted_emails.js] Parsed: parsed-INBOX-uid-7062.json
2026-04-21T01:01:32.374Z [LOG] [parse_extracted_emails.js] Parsed: parsed-INBOX-uid-7063.json
2026-04-21T01:01:32.356Z [LOG] parse summary: total=1868, parsed=1621, alreadyParsed=0, missingFields=247, invalidMessageType=0, missingParser=0, parseErrors=6
2026-04-21T01:01:32.374Z [LOG] [parse_extracted_emails.js] done
2026-04-21T01:01:32.374Z [LOG] [pipeline #1] new emails parsed: 1621
2026-04-21T01:01:32.374Z [LOG] [build_cfs_csv_mawb.js] starting…
2026-04-21T01:01:32.567Z [LOG] Written 401 rows to CFS_mawb.csv
2026-04-21T01:01:32.570Z [LOG]   Rows with no FFM match (no flight data): 3
2026-04-21T01:01:32.574Z [LOG] [build_cfs_csv_mawb.js] done
2026-04-21T01:01:32.574Z [LOG] [build_cfs_csv_uld.js] starting…
2026-04-21T01:01:32.774Z [LOG] [build_cfs_csv_uld.js] Written 721 rows to /home/wesleywu9/tolead/NCAParser/server/data/outputs/parsed_tables/CFS_uld.csv
2026-04-21T01:01:32.774Z [LOG] [build_cfs_csv_uld.js]   Rows with no FFM match: 3
2026-04-21T01:01:32.774Z [LOG] [build_cfs_csv_uld.js]   Extra rows from MAWBs split across multiple ULDs: 320
2026-04-21T01:01:32.774Z [LOG] [build_cfs_csv_uld.js] done
2026-04-21T01:01:32.774Z [LOG] [build_cfs_csv_hawb.js] starting…
2026-04-21T01:01:32.947Z [LOG] Written 812 rows to CFS_hawb.csv
2026-04-21T01:01:32.950Z [LOG]   HAWB rows: 719
2026-04-21T01:01:32.950Z [LOG]   MAWB-only rows: 93
2026-04-21T01:01:32.954Z [LOG] [build_cfs_csv_hawb.js] done
2026-04-21T01:01:32.954Z [LOG] [upload_tables_to_sheets.js] starting…
2026-04-21T01:01:33.009Z [LOG] [mawb] Clearing 'CFS_by_MAWB'!A:AH …
2026-04-21T01:01:33.795Z [LOG] [mawb] Writing 402 rows → 'CFS_by_MAWB'!A1 …
2026-04-21T01:01:36.246Z [LOG] [mawb] Applied sheet formatting and sorting
2026-04-21T01:01:36.246Z [LOG] [mawb] Done — 401 data rows uploaded.
2026-04-21T01:01:36.248Z [LOG] [uld] Clearing 'CFS_by_ULD'!A:AH …
2026-04-21T01:01:36.774Z [LOG] [uld] Writing 722 rows → 'CFS_by_ULD'!A1 …
2026-04-21T01:01:39.523Z [LOG] [uld] Applied sheet formatting and sorting
2026-04-21T01:01:40.751Z [LOG] [uld] Applied ULD grouping formatting (641 ULD blocks)
2026-04-21T01:01:40.751Z [LOG] [uld] Done — 721 data rows uploaded.
2026-04-21T01:01:40.754Z [LOG] [hawb] Clearing 'CFS_by_HAWB'!A:AH …
2026-04-21T01:01:41.161Z [LOG] [hawb] Writing 813 rows → 'CFS_by_HAWB'!A1 …
2026-04-21T01:01:43.005Z [LOG] [hawb] Applied sheet formatting and sorting
2026-04-21T01:01:43.926Z [LOG] [hawb] Applied MAWB grouping formatting (402 MAWB blocks)
2026-04-21T01:01:43.926Z [LOG] [hawb] Done — 812 data rows uploaded.
2026-04-21T01:01:43.932Z [LOG] [upload_tables_to_sheets.js] done
2026-04-21T01:01:43.932Z [LOG] [pipeline #1] pipeline complete
2026-04-21T01:02:01.150Z [LOG] Pipeline polling every 300s. Press Ctrl+C to stop.
2026-04-21T01:02:01.151Z [LOG] ────────────────────────────────────────────────────────────
2026-04-21T01:02:01.151Z [LOG] [pipeline #1] 2026-04-21T01:02:01.151Z
2026-04-21T01:02:01.151Z [LOG] [extract_emails.js] starting…
2026-04-21T01:02:04.828Z [LOG] extracted 0 email(s) this run
2026-04-21T01:02:05.122Z [LOG] extraction finished
2026-04-21T01:02:05.127Z [LOG] [extract_emails.js] done
2026-04-21T01:02:05.127Z [LOG] [pipeline #1] new emails extracted: 0
2026-04-21T01:02:05.127Z [LOG] [parse_extracted_emails.js] starting…
2026-04-21T01:02:05.166Z [LOG] parse summary: total=1868, parsed=0, alreadyParsed=1621, missingFields=247, invalidMessageType=0, missingParser=0, parseErrors=0
2026-04-21T01:02:05.171Z [LOG] [parse_extracted_emails.js] done
2026-04-21T01:02:05.171Z [LOG] [pipeline #1] new emails parsed: 0
2026-04-21T01:02:05.171Z [LOG] [pipeline #1] no new data — skipping CSV rebuild and Sheets upload
2026-04-21T01:07:05.271Z [LOG] ────────────────────────────────────────────────────────────
2026-04-21T01:07:05.271Z [LOG] [pipeline #2] 2026-04-21T01:07:05.271Z
2026-04-21T01:07:05.271Z [LOG] [extract_emails.js] starting…
2026-04-21T01:07:10.687Z [LOG] [extract_emails.js] Extracted: INBOX-uid-7075.json
2026-04-21T01:07:10.688Z [LOG] [extract_emails.js] Extracted: INBOX-uid-7074.json
2026-04-21T01:07:10.353Z [LOG] extracted 2 email(s) this run
2026-04-21T01:07:10.680Z [LOG] extraction finished
2026-04-21T01:07:10.688Z [LOG] [extract_emails.js] done
2026-04-21T01:07:10.688Z [LOG] [pipeline #2] new emails extracted: 2
2026-04-21T01:07:10.688Z [LOG] [parse_extracted_emails.js] starting…
2026-04-21T01:07:10.738Z [LOG] parse summary: total=1870, parsed=0, alreadyParsed=1621, missingFields=249, invalidMessageType=0, missingParser=0, parseErrors=0
2026-04-21T01:07:10.742Z [LOG] [parse_extracted_emails.js] done
2026-04-21T01:07:10.742Z [LOG] [pipeline #2] new emails parsed: 0
2026-04-21T01:07:10.742Z [LOG] [build_cfs_csv_mawb.js] starting…
2026-04-21T01:07:10.941Z [LOG] Written 401 rows to CFS_mawb.csv
2026-04-21T01:07:10.945Z [LOG]   Rows with no FFM match (no flight data): 3
2026-04-21T01:07:10.951Z [LOG] [build_cfs_csv_mawb.js] done
2026-04-21T01:07:10.951Z [LOG] [build_cfs_csv_uld.js] starting…
2026-04-21T01:07:11.174Z [LOG] [build_cfs_csv_uld.js] Written 721 rows to /home/wesleywu9/tolead/NCAParser/server/data/outputs/parsed_tables/CFS_uld.csv
2026-04-21T01:07:11.175Z [LOG] [build_cfs_csv_uld.js]   Rows with no FFM match: 3
2026-04-21T01:07:11.175Z [LOG] [build_cfs_csv_uld.js]   Extra rows from MAWBs split across multiple ULDs: 320
2026-04-21T01:07:11.175Z [LOG] [build_cfs_csv_uld.js] done
2026-04-21T01:07:11.175Z [LOG] [build_cfs_csv_hawb.js] starting…
2026-04-21T01:07:11.383Z [LOG] Written 812 rows to CFS_hawb.csv
2026-04-21T01:07:11.386Z [LOG]   HAWB rows: 719
2026-04-21T01:07:11.386Z [LOG]   MAWB-only rows: 93
2026-04-21T01:07:11.392Z [LOG] [build_cfs_csv_hawb.js] done
2026-04-21T01:07:11.392Z [LOG] [upload_tables_to_sheets.js] starting…
2026-04-21T01:07:11.454Z [LOG] [mawb] Clearing 'CFS_by_MAWB'!A:AH …
2026-04-21T01:07:12.247Z [LOG] [mawb] Writing 402 rows → 'CFS_by_MAWB'!A1 …
2026-04-21T01:07:14.292Z [LOG] [mawb] Applied sheet formatting and sorting
2026-04-21T01:07:14.292Z [LOG] [mawb] Done — 401 data rows uploaded.
2026-04-21T01:07:14.296Z [LOG] [uld] Clearing 'CFS_by_ULD'!A:AH …
2026-04-21T01:07:14.879Z [LOG] [uld] Writing 722 rows → 'CFS_by_ULD'!A1 …
2026-04-21T01:07:18.271Z [LOG] [uld] Applied sheet formatting and sorting
2026-04-21T01:07:19.487Z [LOG] [uld] Applied ULD grouping formatting (641 ULD blocks)
2026-04-21T01:07:19.488Z [LOG] [uld] Done — 721 data rows uploaded.
2026-04-21T01:07:19.492Z [LOG] [hawb] Clearing 'CFS_by_HAWB'!A:AH …
2026-04-21T01:07:20.101Z [LOG] [hawb] Writing 813 rows → 'CFS_by_HAWB'!A1 …
2026-04-21T01:07:21.948Z [LOG] [hawb] Applied sheet formatting and sorting
2026-04-21T01:07:22.686Z [LOG] [hawb] Applied MAWB grouping formatting (402 MAWB blocks)
2026-04-21T01:07:22.686Z [LOG] [hawb] Done — 812 data rows uploaded.
2026-04-21T01:07:22.693Z [LOG] [upload_tables_to_sheets.js] done
2026-04-21T01:07:22.693Z [LOG] [pipeline #2] pipeline complete
2026-04-21T01:12:05.277Z [LOG] ────────────────────────────────────────────────────────────
2026-04-21T01:12:05.278Z [LOG] [pipeline #3] 2026-04-21T01:12:05.278Z
2026-04-21T01:12:05.278Z [LOG] [extract_emails.js] starting…
2026-04-21T01:12:08.906Z [LOG] extracted 0 email(s) this run
2026-04-21T01:12:09.175Z [LOG] extraction finished
2026-04-21T01:12:09.182Z [LOG] [extract_emails.js] done
2026-04-21T01:12:09.183Z [LOG] [pipeline #3] new emails extracted: 0
2026-04-21T01:12:09.183Z [LOG] [parse_extracted_emails.js] starting…
2026-04-21T01:12:09.229Z [LOG] parse summary: total=1870, parsed=0, alreadyParsed=1621, missingFields=249, invalidMessageType=0, missingParser=0, parseErrors=0
2026-04-21T01:12:09.233Z [LOG] [parse_extracted_emails.js] done
2026-04-21T01:12:09.233Z [LOG] [pipeline #3] new emails parsed: 0
2026-04-21T01:12:09.233Z [LOG] [pipeline #3] no new data — skipping CSV rebuild and Sheets upload
2026-04-21T01:17:05.281Z [LOG] ────────────────────────────────────────────────────────────
2026-04-21T01:17:05.282Z [LOG] [pipeline #4] 2026-04-21T01:17:05.282Z
2026-04-21T01:17:05.282Z [LOG] [extract_emails.js] starting…
2026-04-21T01:17:08.523Z [LOG] extracted 0 email(s) this run
2026-04-21T01:17:08.806Z [LOG] extraction finished
2026-04-21T01:17:08.812Z [LOG] [extract_emails.js] done
2026-04-21T01:17:08.812Z [LOG] [pipeline #4] new emails extracted: 0
2026-04-21T01:17:08.812Z [LOG] [parse_extracted_emails.js] starting…
2026-04-21T01:17:08.858Z [LOG] parse summary: total=1870, parsed=0, alreadyParsed=1621, missingFields=249, invalidMessageType=0, missingParser=0, parseErrors=0
2026-04-21T01:17:08.863Z [LOG] [parse_extracted_emails.js] done
2026-04-21T01:17:08.863Z [LOG] [pipeline #4] new emails parsed: 0
2026-04-21T01:17:08.863Z [LOG] [pipeline #4] no new data — skipping CSV rebuild and Sheets upload
2026-04-21T01:22:05.286Z [LOG] ────────────────────────────────────────────────────────────
2026-04-21T01:22:05.286Z [LOG] [pipeline #5] 2026-04-21T01:22:05.286Z
2026-04-21T01:22:05.286Z [LOG] [extract_emails.js] starting…
2026-04-21T01:22:09.196Z [LOG] extracted 0 email(s) this run
2026-04-21T01:22:09.494Z [LOG] extraction finished
2026-04-21T01:22:09.501Z [LOG] [extract_emails.js] done
2026-04-21T01:22:09.501Z [LOG] [pipeline #5] new emails extracted: 0
2026-04-21T01:22:09.501Z [LOG] [parse_extracted_emails.js] starting…
2026-04-21T01:22:09.551Z [LOG] parse summary: total=1870, parsed=0, alreadyParsed=1621, missingFields=249, invalidMessageType=0, missingParser=0, parseErrors=0
2026-04-21T01:22:09.556Z [LOG] [parse_extracted_emails.js] done
2026-04-21T01:22:09.556Z [LOG] [pipeline #5] new emails parsed: 0
2026-04-21T01:22:09.556Z [LOG] [pipeline #5] no new data — skipping CSV rebuild and Sheets upload
2026-04-21T01:27:05.289Z [LOG] ────────────────────────────────────────────────────────────
2026-04-21T01:27:05.289Z [LOG] [pipeline #6] 2026-04-21T01:27:05.289Z
2026-04-21T01:27:05.289Z [LOG] [extract_emails.js] starting…
2026-04-21T01:27:09.050Z [LOG] extracted 0 email(s) this run
2026-04-21T01:27:09.292Z [LOG] extraction finished
2026-04-21T01:27:09.299Z [LOG] [extract_emails.js] done
2026-04-21T01:27:09.299Z [LOG] [pipeline #6] new emails extracted: 0
2026-04-21T01:27:09.299Z [LOG] [parse_extracted_emails.js] starting…
2026-04-21T01:27:09.348Z [LOG] parse summary: total=1870, parsed=0, alreadyParsed=1621, missingFields=249, invalidMessageType=0, missingParser=0, parseErrors=0
2026-04-21T01:27:09.353Z [LOG] [parse_extracted_emails.js] done
2026-04-21T01:27:09.353Z [LOG] [pipeline #6] new emails parsed: 0
2026-04-21T01:27:09.353Z [LOG] [pipeline #6] no new data — skipping CSV rebuild and Sheets upload
2026-04-21T01:32:05.291Z [LOG] ────────────────────────────────────────────────────────────
2026-04-21T01:32:05.292Z [LOG] [pipeline #7] 2026-04-21T01:32:05.292Z
2026-04-21T01:32:05.292Z [LOG] [extract_emails.js] starting…
2026-04-21T01:32:09.201Z [LOG] extracted 0 email(s) this run
2026-04-21T01:32:09.499Z [LOG] extraction finished
2026-04-21T01:32:09.505Z [LOG] [extract_emails.js] done
2026-04-21T01:32:09.505Z [LOG] [pipeline #7] new emails extracted: 0
2026-04-21T01:32:09.505Z [LOG] [parse_extracted_emails.js] starting…
2026-04-21T01:32:09.578Z [LOG] parse summary: total=1870, parsed=0, alreadyParsed=1621, missingFields=249, invalidMessageType=0, missingParser=0, parseErrors=0
2026-04-21T01:32:09.585Z [LOG] [parse_extracted_emails.js] done
2026-04-21T01:32:09.585Z [LOG] [pipeline #7] new emails parsed: 0
2026-04-21T01:32:09.585Z [LOG] [pipeline #7] no new data — skipping CSV rebuild and Sheets upload
2026-04-21T01:37:05.295Z [LOG] ────────────────────────────────────────────────────────────
2026-04-21T01:37:05.295Z [LOG] [pipeline #8] 2026-04-21T01:37:05.295Z
2026-04-21T01:37:05.295Z [LOG] [extract_emails.js] starting…
2026-04-21T01:37:08.658Z [LOG] extracted 0 email(s) this run
2026-04-21T01:37:08.930Z [LOG] extraction finished
2026-04-21T01:37:08.937Z [LOG] [extract_emails.js] done
2026-04-21T01:37:08.937Z [LOG] [pipeline #8] new emails extracted: 0
2026-04-21T01:37:08.937Z [LOG] [parse_extracted_emails.js] starting…
2026-04-21T01:37:09.007Z [LOG] parse summary: total=1870, parsed=0, alreadyParsed=1621, missingFields=249, invalidMessageType=0, missingParser=0, parseErrors=0
2026-04-21T01:37:09.015Z [LOG] [parse_extracted_emails.js] done
2026-04-21T01:37:09.015Z [LOG] [pipeline #8] new emails parsed: 0
2026-04-21T01:37:09.015Z [LOG] [pipeline #8] no new data — skipping CSV rebuild and Sheets upload
2026-04-21T01:42:05.297Z [LOG] ────────────────────────────────────────────────────────────
2026-04-21T01:42:05.298Z [LOG] [pipeline #9] 2026-04-21T01:42:05.298Z
2026-04-21T01:42:05.298Z [LOG] [extract_emails.js] starting…
2026-04-21T01:42:09.115Z [LOG] extracted 0 email(s) this run
2026-04-21T01:42:09.382Z [LOG] extraction finished
2026-04-21T01:42:09.389Z [LOG] [extract_emails.js] done
2026-04-21T01:42:09.389Z [LOG] [pipeline #9] new emails extracted: 0
2026-04-21T01:42:09.389Z [LOG] [parse_extracted_emails.js] starting…
2026-04-21T01:42:09.432Z [LOG] parse summary: total=1870, parsed=0, alreadyParsed=1621, missingFields=249, invalidMessageType=0, missingParser=0, parseErrors=0
2026-04-21T01:42:09.437Z [LOG] [parse_extracted_emails.js] done
2026-04-21T01:42:09.437Z [LOG] [pipeline #9] new emails parsed: 0
2026-04-21T01:42:09.437Z [LOG] [pipeline #9] no new data — skipping CSV rebuild and Sheets upload
2026-04-21T01:47:05.302Z [LOG] ────────────────────────────────────────────────────────────
2026-04-21T01:47:05.302Z [LOG] [pipeline #10] 2026-04-21T01:47:05.302Z
2026-04-21T01:47:05.302Z [LOG] [extract_emails.js] starting…
2026-04-21T01:47:09.153Z [ERROR] [extract_emails.js] exited with code null
2026-04-21T01:47:09.153Z [WARN] [pipeline #10] extract_emails failed; continuing to parse existing extracted files
2026-04-21T01:47:09.153Z [LOG] [parse_extracted_emails.js] starting…
2026-04-21T01:47:09.199Z [LOG] parse summary: total=1870, parsed=0, alreadyParsed=1621, missingFields=249, invalidMessageType=0, missingParser=0, parseErrors=0
2026-04-21T01:47:09.203Z [LOG] [parse_extracted_emails.js] done
2026-04-21T01:47:09.203Z [LOG] [pipeline #10] new emails parsed: 0
2026-04-21T01:47:09.203Z [LOG] [pipeline #10] no new data — skipping CSV rebuild and Sheets upload
2026-04-21T01:47:09.204Z [WARN] Received SIGINT; shutting down pipeline...
2026-04-21T01:47:12.437Z [LOG] Pipeline polling every 300s. Press Ctrl+C to stop.
2026-04-21T01:47:12.439Z [LOG] ────────────────────────────────────────────────────────────
2026-04-21T01:47:12.439Z [LOG] [pipeline #1] 2026-04-21T01:47:12.439Z
2026-04-21T01:47:12.439Z [LOG] [extract_emails.js] starting…
2026-04-21T01:47:16.626Z [LOG] extracted 0 email(s) this run
2026-04-21T01:47:16.966Z [LOG] extraction finished
2026-04-21T01:47:16.972Z [LOG] [extract_emails.js] done
2026-04-21T01:47:16.972Z [LOG] [pipeline #1] new emails extracted: 0
2026-04-21T01:47:16.972Z [LOG] [parse_extracted_emails.js] starting…
2026-04-21T01:47:17.014Z [LOG] parse summary: total=1870, parsed=0, alreadyParsed=1621, missingFields=249, invalidMessageType=0, missingParser=0, parseErrors=0
2026-04-21T01:47:17.018Z [LOG] [parse_extracted_emails.js] done
2026-04-21T01:47:17.018Z [LOG] [pipeline #1] new emails parsed: 0
2026-04-21T01:47:17.018Z [LOG] [pipeline #1] no new data — skipping CSV rebuild and Sheets upload
2026-04-21T01:49:52.214Z [WARN] Received SIGINT; shutting down pipeline...
2026-04-21T01:49:53.777Z [LOG] ────────────────────────────────────────────────────────────
2026-04-21T01:49:53.779Z [LOG] [pipeline #1] 2026-04-21T01:49:53.779Z
2026-04-21T01:49:53.779Z [LOG] [extract_emails.js] starting…
2026-04-21T01:49:57.401Z [LOG] extracted 0 email(s) this run
2026-04-21T01:49:57.650Z [LOG] extraction finished
2026-04-21T01:49:57.658Z [LOG] [extract_emails.js] done
2026-04-21T01:49:57.658Z [LOG] [pipeline #1] new emails extracted: 0
2026-04-21T01:49:57.658Z [LOG] [parse_extracted_emails.js] starting…
2026-04-21T01:50:24.954Z [LOG] [parse_extracted_emails.js] Parsed: parsed-INBOX-uid-1001.json
2026-04-21T01:50:24.954Z [LOG] [parse_extracted_emails.js] Parsed: parsed-INBOX-uid-1002.json
2026-04-21T01:50:24.954Z [LOG] [parse_extracted_emails.js] Parsed: parsed-INBOX-uid-1004.json
2026-04-21T01:50:24.955Z [LOG] [parse_extracted_emails.js] Parsed: parsed-INBOX-uid-1005.json
2026-04-21T01:50:24.955Z [LOG] [parse_extracted_emails.js] Parsed: parsed-INBOX-uid-1006.json
2026-04-21T01:50:24.955Z [LOG] [parse_extracted_emails.js] Parsed: parsed-INBOX-uid-1007.json
2026-04-21T01:50:24.955Z [LOG] [parse_extracted_emails.js] Parsed: parsed-INBOX-uid-1008.json
2026-04-21T01:50:24.955Z [LOG] [parse_extracted_emails.js] Parsed: parsed-INBOX-uid-1009.json
2026-04-21T01:50:24.955Z [LOG] [parse_extracted_emails.js] Parsed: parsed-INBOX-uid-1010.json
2026-04-21T01:50:24.955Z [LOG] [parse_extracted_emails.js] Parsed: parsed-INBOX-uid-1014.json
2026-04-21T01:50:24.955Z [LOG] [parse_extracted_emails.js] Parsed: parsed-INBOX-uid-1020.json
2026-04-21T01:50:24.955Z [LOG] [parse_extracted_emails.js] Parsed: parsed-INBOX-uid-1021.json
2026-04-21T01:50:24.955Z [LOG] [parse_extracted_emails.js] Parsed: parsed-INBOX-uid-1022.json
2026-04-21T01:50:24.955Z [LOG] [parse_extracted_emails.js] Parsed: parsed-INBOX-uid-1023.json
2026-04-21T01:50:24.955Z [LOG] [parse_extracted_emails.js] Parsed: parsed-INBOX-uid-1264.json
2026-04-21T01:50:24.955Z [LOG] [parse_extracted_emails.js] Parsed: parsed-INBOX-uid-1265.json
2026-04-21T01:50:24.955Z [LOG] [parse_extracted_emails.js] Parsed: parsed-INBOX-uid-1266.json
2026-04-21T01:50:24.955Z [LOG] [parse_extracted_emails.js] Parsed: parsed-INBOX-uid-1339.json
2026-04-21T01:50:24.955Z [LOG] [parse_extracted_emails.js] Parsed: parsed-INBOX-uid-1340.json
2026-04-21T01:50:24.955Z [LOG] [parse_extracted_emails.js] Parsed: parsed-INBOX-uid-1341.json
2026-04-21T01:50:24.955Z [LOG] [parse_extracted_emails.js] Parsed: parsed-INBOX-uid-1342.json
2026-04-21T01:50:24.955Z [LOG] [parse_extracted_emails.js] Parsed: parsed-INBOX-uid-1343.json
2026-04-21T01:50:24.955Z [LOG] [parse_extracted_emails.js] Parsed: parsed-INBOX-uid-1344.json
2026-04-21T01:50:24.955Z [LOG] [parse_extracted_emails.js] Parsed: parsed-INBOX-uid-1345.json
2026-04-21T01:50:24.955Z [LOG] [parse_extracted_emails.js] Parsed: parsed-INBOX-uid-1346.json
2026-04-21T01:50:24.955Z [LOG] [parse_extracted_emails.js] Parsed: parsed-INBOX-uid-1347.json
2026-04-21T01:50:24.955Z [LOG] [parse_extracted_emails.js] Parsed: parsed-INBOX-uid-1348.json
2026-04-21T01:50:24.955Z [LOG] [parse_extracted_emails.js] Parsed: parsed-INBOX-uid-1349.json
2026-04-21T01:50:24.955Z [LOG] [parse_extracted_emails.js] Parsed: parsed-INBOX-uid-1350.json
2026-04-21T01:50:24.955Z [LOG] [parse_extracted_emails.js] Parsed: parsed-INBOX-uid-1351.json
2026-04-21T01:50:24.955Z [LOG] [parse_extracted_emails.js] Parsed: parsed-INBOX-uid-1352.json
2026-04-21T01:50:24.955Z [LOG] [parse_extracted_emails.js] Parsed: parsed-INBOX-uid-1353.json
2026-04-21T01:50:24.955Z [LOG] [parse_extracted_emails.js] Parsed: parsed-INBOX-uid-1354.json
2026-04-21T01:50:24.955Z [LOG] [parse_extracted_emails.js] Parsed: parsed-INBOX-uid-1407.json
2026-04-21T01:50:24.955Z [LOG] [parse_extracted_emails.js] Parsed: parsed-INBOX-uid-1408.json
2026-04-21T01:50:24.955Z [LOG] [parse_extracted_emails.js] Parsed: parsed-INBOX-uid-1409.json
2026-04-21T01:50:24.955Z [LOG] [parse_extracted_emails.js] Parsed: parsed-INBOX-uid-1410.json
2026-04-21T01:50:24.955Z [LOG] [parse_extracted_emails.js] Parsed: parsed-INBOX-uid-1411.json
2026-04-21T01:50:24.955Z [LOG] [parse_extracted_emails.js] Parsed: parsed-INBOX-uid-1412.json
2026-04-21T01:50:24.955Z [LOG] [parse_extracted_emails.js] Parsed: parsed-INBOX-uid-1413.json
2026-04-21T01:50:24.955Z [LOG] [parse_extracted_emails.js] Parsed: parsed-INBOX-uid-1414.json
2026-04-21T01:50:24.955Z [LOG] [parse_extracted_emails.js] Parsed: parsed-INBOX-uid-1415.json
2026-04-21T01:50:24.955Z [LOG] [parse_extracted_emails.js] Parsed: parsed-INBOX-uid-1416.json
2026-04-21T01:50:24.955Z [LOG] [parse_extracted_emails.js] Parsed: parsed-INBOX-uid-1417.json
2026-04-21T01:50:24.955Z [LOG] [parse_extracted_emails.js] Parsed: parsed-INBOX-uid-1923.json
2026-04-21T01:50:24.955Z [LOG] [parse_extracted_emails.js] Parsed: parsed-INBOX-uid-1924.json
2026-04-21T01:50:24.955Z [LOG] [parse_extracted_emails.js] Parsed: parsed-INBOX-uid-1925.json
2026-04-21T01:50:24.955Z [LOG] [parse_extracted_emails.js] Parsed: parsed-INBOX-uid-1926.json
2026-04-21T01:50:24.955Z [LOG] [parse_extracted_emails.js] Parsed: parsed-INBOX-uid-1927.json
2026-04-21T01:50:24.955Z [LOG] [parse_extracted_emails.js] Parsed: parsed-INBOX-uid-1939.json
2026-04-21T01:50:24.955Z [LOG] [parse_extracted_emails.js] Parsed: parsed-INBOX-uid-1940.json
2026-04-21T01:50:24.955Z [LOG] [parse_extracted_emails.js] Parsed: parsed-INBOX-uid-1941.json
2026-04-21T01:50:24.955Z [LOG] [parse_extracted_emails.js] Parsed: parsed-INBOX-uid-1942.json
2026-04-21T01:50:24.955Z [LOG] [parse_extracted_emails.js] Parsed: parsed-INBOX-uid-1943.json
2026-04-21T01:50:24.955Z [LOG] [parse_extracted_emails.js] Parsed: parsed-INBOX-uid-1945.json
2026-04-21T01:50:24.955Z [LOG] [parse_extracted_emails.js] Parsed: parsed-INBOX-uid-1946.json
2026-04-21T01:50:24.955Z [LOG] [parse_extracted_emails.js] Parsed: parsed-INBOX-uid-1947.json
2026-04-21T01:50:24.955Z [LOG] [parse_extracted_emails.js] Parsed: parsed-INBOX-uid-1948.json
2026-04-21T01:50:24.955Z [LOG] [parse_extracted_emails.js] Parsed: parsed-INBOX-uid-1949.json
2026-04-21T01:50:24.955Z [LOG] [parse_extracted_emails.js] Parsed: parsed-INBOX-uid-1950.json
2026-04-21T01:50:24.955Z [LOG] [parse_extracted_emails.js] Parsed: parsed-INBOX-uid-1951.json
2026-04-21T01:50:24.955Z [LOG] [parse_extracted_emails.js] Parsed: parsed-INBOX-uid-1952.json
2026-04-21T01:50:24.955Z [LOG] [parse_extracted_emails.js] Parsed: parsed-INBOX-uid-1953.json
2026-04-21T01:50:24.955Z [LOG] [parse_extracted_emails.js] Parsed: parsed-INBOX-uid-1954.json
2026-04-21T01:50:24.955Z [LOG] [parse_extracted_emails.js] Parsed: parsed-INBOX-uid-1955.json
2026-04-21T01:50:24.955Z [LOG] [parse_extracted_emails.js] Parsed: parsed-INBOX-uid-1956.json
2026-04-21T01:50:24.955Z [LOG] [parse_extracted_emails.js] Parsed: parsed-INBOX-uid-1957.json
2026-04-21T01:50:24.955Z [LOG] [parse_extracted_emails.js] Parsed: parsed-INBOX-uid-1958.json
2026-04-21T01:50:24.955Z [LOG] [parse_extracted_emails.js] Parsed: parsed-INBOX-uid-1959.json
2026-04-21T01:50:24.955Z [LOG] [parse_extracted_emails.js] Parsed: parsed-INBOX-uid-1960.json
2026-04-21T01:50:24.955Z [LOG] [parse_extracted_emails.js] Parsed: parsed-INBOX-uid-1961.json
2026-04-21T01:50:24.955Z [LOG] [parse_extracted_emails.js] Parsed: parsed-INBOX-uid-1962.json
2026-04-21T01:50:24.955Z [LOG] [parse_extracted_emails.js] Parsed: parsed-INBOX-uid-1963.json
2026-04-21T01:50:24.955Z [LOG] [parse_extracted_emails.js] Parsed: parsed-INBOX-uid-1964.json
2026-04-21T01:50:24.955Z [LOG] [parse_extracted_emails.js] Parsed: parsed-INBOX-uid-1965.json
2026-04-21T01:50:24.956Z [LOG] [parse_extracted_emails.js] Parsed: parsed-INBOX-uid-1966.json
2026-04-21T01:50:24.956Z [LOG] [parse_extracted_emails.js] Parsed: parsed-INBOX-uid-1967.json
2026-04-21T01:50:24.956Z [LOG] [parse_extracted_emails.js] Parsed: parsed-INBOX-uid-1968.json
2026-04-21T01:50:24.956Z [LOG] [parse_extracted_emails.js] Parsed: parsed-INBOX-uid-1969.json
2026-04-21T01:50:24.956Z [LOG] [parse_extracted_emails.js] Parsed: parsed-INBOX-uid-1970.json
2026-04-21T01:50:24.956Z [LOG] [parse_extracted_emails.js] Parsed: parsed-INBOX-uid-1971.json
2026-04-21T01:50:24.956Z [LOG] [parse_extracted_emails.js] Parsed: parsed-INBOX-uid-1972.json
2026-04-21T01:50:24.956Z [LOG] [parse_extracted_emails.js] Parsed: parsed-INBOX-uid-1973.json
2026-04-21T01:50:24.956Z [LOG] [parse_extracted_emails.js] Parsed: parsed-INBOX-uid-3287.json
2026-04-21T01:50:24.956Z [LOG] [parse_extracted_emails.js] Parsed: parsed-INBOX-uid-3478.json
2026-04-21T01:50:24.956Z [LOG] [parse_extracted_emails.js] Parsed: parsed-INBOX-uid-3479.json
2026-04-21T01:50:24.956Z [LOG] [parse_extracted_emails.js] Parsed: parsed-INBOX-uid-3480.json
2026-04-21T01:50:24.956Z [LOG] [parse_extracted_emails.js] Parsed: parsed-INBOX-uid-3481.json
2026-04-21T01:50:24.956Z [LOG] [parse_extracted_emails.js] Parsed: parsed-INBOX-uid-3482.json
2026-04-21T01:50:24.956Z [LOG] [parse_extracted_emails.js] Parsed: parsed-INBOX-uid-3483.json
2026-04-21T01:50:24.956Z [LOG] [parse_extracted_emails.js] Parsed: parsed-INBOX-uid-3484.json
2026-04-21T01:50:24.956Z [LOG] [parse_extracted_emails.js] Parsed: parsed-INBOX-uid-3485.json
2026-04-21T01:50:24.956Z [LOG] [parse_extracted_emails.js] Parsed: parsed-INBOX-uid-3486.json
2026-04-21T01:50:24.956Z [LOG] [parse_extracted_emails.js] Parsed: parsed-INBOX-uid-3487.json
2026-04-21T01:50:24.956Z [LOG] [parse_extracted_emails.js] Parsed: parsed-INBOX-uid-3488.json
2026-04-21T01:50:24.956Z [LOG] [parse_extracted_emails.js] Parsed: parsed-INBOX-uid-3489.json
2026-04-21T01:50:24.956Z [LOG] [parse_extracted_emails.js] Parsed: parsed-INBOX-uid-3490.json
2026-04-21T01:50:24.956Z [LOG] [parse_extracted_emails.js] Parsed: parsed-INBOX-uid-3491.json
2026-04-21T01:50:24.956Z [LOG] [parse_extracted_emails.js] Parsed: parsed-INBOX-uid-3492.json
2026-04-21T01:50:24.956Z [LOG] [parse_extracted_emails.js] Parsed: parsed-INBOX-uid-3493.json
2026-04-21T01:50:24.956Z [LOG] [parse_extracted_emails.js] Parsed: parsed-INBOX-uid-3494.json
2026-04-21T01:50:24.956Z [LOG] [parse_extracted_emails.js] Parsed: parsed-INBOX-uid-3495.json
2026-04-21T01:50:24.956Z [LOG] [parse_extracted_emails.js] Parsed: parsed-INBOX-uid-3496.json
2026-04-21T01:50:24.956Z [LOG] [parse_extracted_emails.js] Parsed: parsed-INBOX-uid-3497.json
2026-04-21T01:50:24.956Z [LOG] [parse_extracted_emails.js] Parsed: parsed-INBOX-uid-4267.json
2026-04-21T01:50:24.956Z [LOG] [parse_extracted_emails.js] Parsed: parsed-INBOX-uid-4268.json
2026-04-21T01:50:24.956Z [LOG] [parse_extracted_emails.js] Parsed: parsed-INBOX-uid-4269.json
2026-04-21T01:50:24.956Z [LOG] [parse_extracted_emails.js] Parsed: parsed-INBOX-uid-4270.json
2026-04-21T01:50:24.956Z [LOG] [parse_extracted_emails.js] Parsed: parsed-INBOX-uid-4271.json
2026-04-21T01:50:24.956Z [LOG] [parse_extracted_emails.js] Parsed: parsed-INBOX-uid-4272.json
2026-04-21T01:50:24.956Z [LOG] [parse_extracted_emails.js] Parsed: parsed-INBOX-uid-4273.json
2026-04-21T01:50:24.956Z [LOG] [parse_extracted_emails.js] Parsed: parsed-INBOX-uid-4274.json
2026-04-21T01:50:24.956Z [LOG] [parse_extracted_emails.js] Parsed: parsed-INBOX-uid-4275.json
2026-04-21T01:50:24.956Z [LOG] [parse_extracted_emails.js] Parsed: parsed-INBOX-uid-4276.json
2026-04-21T01:50:24.956Z [LOG] [parse_extracted_emails.js] Parsed: parsed-INBOX-uid-4277.json
2026-04-21T01:50:24.956Z [LOG] [parse_extracted_emails.js] Parsed: parsed-INBOX-uid-4278.json
2026-04-21T01:50:24.956Z [LOG] [parse_extracted_emails.js] Parsed: parsed-INBOX-uid-4279.json
2026-04-21T01:50:24.956Z [LOG] [parse_extracted_emails.js] Parsed: parsed-INBOX-uid-4280.json
2026-04-21T01:50:24.956Z [LOG] [parse_extracted_emails.js] Parsed: parsed-INBOX-uid-4281.json
2026-04-21T01:50:24.956Z [LOG] [parse_extracted_emails.js] Parsed: parsed-INBOX-uid-4282.json
2026-04-21T01:50:24.956Z [LOG] [parse_extracted_emails.js] Parsed: parsed-INBOX-uid-4310.json
2026-04-21T01:50:24.956Z [LOG] [parse_extracted_emails.js] Parsed: parsed-INBOX-uid-4311.json
2026-04-21T01:50:24.956Z [LOG] [parse_extracted_emails.js] Parsed: parsed-INBOX-uid-4312.json
2026-04-21T01:50:24.956Z [LOG] [parse_extracted_emails.js] Parsed: parsed-INBOX-uid-4313.json
2026-04-21T01:50:24.956Z [LOG] [parse_extracted_emails.js] Parsed: parsed-INBOX-uid-4314.json
2026-04-21T01:50:24.956Z [LOG] [parse_extracted_emails.js] Parsed: parsed-INBOX-uid-4315.json
2026-04-21T01:50:24.956Z [LOG] [parse_extracted_emails.js] Parsed: parsed-INBOX-uid-4316.json
2026-04-21T01:50:24.956Z [LOG] [parse_extracted_emails.js] Parsed: parsed-INBOX-uid-4317.json
2026-04-21T01:50:24.956Z [LOG] [parse_extracted_emails.js] Parsed: parsed-INBOX-uid-4318.json
2026-04-21T01:50:24.956Z [LOG] [parse_extracted_emails.js] Parsed: parsed-INBOX-uid-4319.json
2026-04-21T01:50:24.956Z [LOG] [parse_extracted_emails.js] Parsed: parsed-INBOX-uid-4320.json
2026-04-21T01:50:24.956Z [LOG] [parse_extracted_emails.js] Parsed: parsed-INBOX-uid-4321.json
2026-04-21T01:50:24.956Z [LOG] [parse_extracted_emails.js] Parsed: parsed-INBOX-uid-4322.json
2026-04-21T01:50:24.956Z [LOG] [parse_extracted_emails.js] Parsed: parsed-INBOX-uid-4323.json
2026-04-21T01:50:24.956Z [LOG] [parse_extracted_emails.js] Parsed: parsed-INBOX-uid-4324.json
2026-04-21T01:50:24.956Z [LOG] [parse_extracted_emails.js] Parsed: parsed-INBOX-uid-4325.json
2026-04-21T01:50:24.956Z [LOG] [parse_extracted_emails.js] Parsed: parsed-INBOX-uid-4326.json
2026-04-21T01:50:24.957Z [LOG] [parse_extracted_emails.js] Parsed: parsed-INBOX-uid-4327.json
2026-04-21T01:50:24.957Z [LOG] [parse_extracted_emails.js] Parsed: parsed-INBOX-uid-4328.json
2026-04-21T01:50:24.957Z [LOG] [parse_extracted_emails.js] Parsed: parsed-INBOX-uid-4329.json
2026-04-21T01:50:24.957Z [LOG] [parse_extracted_emails.js] Parsed: parsed-INBOX-uid-4330.json
2026-04-21T01:50:24.957Z [LOG] [parse_extracted_emails.js] Parsed: parsed-INBOX-uid-4331.json
2026-04-21T01:50:24.957Z [LOG] [parse_extracted_emails.js] Parsed: parsed-INBOX-uid-4332.json
2026-04-21T01:50:24.957Z [LOG] [parse_extracted_emails.js] Parsed: parsed-INBOX-uid-4333.json
2026-04-21T01:50:24.957Z [LOG] [parse_extracted_emails.js] Parsed: parsed-INBOX-uid-4334.json
2026-04-21T01:50:24.957Z [LOG] [parse_extracted_emails.js] Parsed: parsed-INBOX-uid-4335.json
2026-04-21T01:50:24.957Z [LOG] [parse_extracted_emails.js] Parsed: parsed-INBOX-uid-4336.json
2026-04-21T01:50:24.957Z [LOG] [parse_extracted_emails.js] Parsed: parsed-INBOX-uid-4337.json
2026-04-21T01:50:24.957Z [LOG] [parse_extracted_emails.js] Parsed: parsed-INBOX-uid-4338.json
2026-04-21T01:50:24.957Z [LOG] [parse_extracted_emails.js] Parsed: parsed-INBOX-uid-4339.json
2026-04-21T01:50:24.957Z [LOG] [parse_extracted_emails.js] Parsed: parsed-INBOX-uid-4340.json
2026-04-21T01:50:24.957Z [LOG] [parse_extracted_emails.js] Parsed: parsed-INBOX-uid-4341.json
2026-04-21T01:50:24.957Z [LOG] [parse_extracted_emails.js] Parsed: parsed-INBOX-uid-4342.json
2026-04-21T01:50:24.957Z [LOG] [parse_extracted_emails.js] Parsed: parsed-INBOX-uid-4343.json
2026-04-21T01:50:24.957Z [LOG] [parse_extracted_emails.js] Parsed: parsed-INBOX-uid-4344.json
2026-04-21T01:50:24.957Z [LOG] [parse_extracted_emails.js] Parsed: parsed-INBOX-uid-4345.json
2026-04-21T01:50:24.957Z [LOG] [parse_extracted_emails.js] Parsed: parsed-INBOX-uid-4577.json
2026-04-21T01:50:24.957Z [LOG] [parse_extracted_emails.js] Parsed: parsed-INBOX-uid-4578.json
2026-04-21T01:50:24.957Z [LOG] [parse_extracted_emails.js] Parsed: parsed-INBOX-uid-4579.json
2026-04-21T01:50:24.957Z [LOG] [parse_extracted_emails.js] Parsed: parsed-INBOX-uid-4580.json
2026-04-21T01:50:24.957Z [LOG] [parse_extracted_emails.js] Parsed: parsed-INBOX-uid-4581.json
2026-04-21T01:50:24.957Z [LOG] [parse_extracted_emails.js] Parsed: parsed-INBOX-uid-4582.json
2026-04-21T01:50:24.957Z [LOG] [parse_extracted_emails.js] Parsed: parsed-INBOX-uid-4583.json
2026-04-21T01:50:24.957Z [LOG] [parse_extracted_emails.js] Parsed: parsed-INBOX-uid-4584.json
2026-04-21T01:50:24.957Z [LOG] [parse_extracted_emails.js] Parsed: parsed-INBOX-uid-4585.json
2026-04-21T01:50:24.957Z [LOG] [parse_extracted_emails.js] Parsed: parsed-INBOX-uid-4586.json
2026-04-21T01:50:24.957Z [LOG] [parse_extracted_emails.js] Parsed: parsed-INBOX-uid-4587.json
2026-04-21T01:50:24.957Z [LOG] [parse_extracted_emails.js] Parsed: parsed-INBOX-uid-4588.json
2026-04-21T01:50:24.957Z [LOG] [parse_extracted_emails.js] Parsed: parsed-INBOX-uid-4589.json
2026-04-21T01:50:24.957Z [LOG] [parse_extracted_emails.js] Parsed: parsed-INBOX-uid-4590.json
2026-04-21T01:50:24.957Z [LOG] [parse_extracted_emails.js] Parsed: parsed-INBOX-uid-4591.json
2026-04-21T01:50:24.957Z [LOG] [parse_extracted_emails.js] Parsed: parsed-INBOX-uid-4592.json
2026-04-21T01:50:24.957Z [LOG] [parse_extracted_emails.js] Parsed: parsed-INBOX-uid-4593.json
2026-04-21T01:50:24.957Z [LOG] [parse_extracted_emails.js] Parsed: parsed-INBOX-uid-4594.json
2026-04-21T01:50:24.957Z [LOG] [parse_extracted_emails.js] Parsed: parsed-INBOX-uid-4595.json
2026-04-21T01:50:24.957Z [LOG] [parse_extracted_emails.js] Parsed: parsed-INBOX-uid-4596.json
2026-04-21T01:50:24.957Z [LOG] [parse_extracted_emails.js] Parsed: parsed-INBOX-uid-4597.json
2026-04-21T01:50:24.957Z [LOG] [parse_extracted_emails.js] Parsed: parsed-INBOX-uid-4598.json
2026-04-21T01:50:24.957Z [LOG] [parse_extracted_emails.js] Parsed: parsed-INBOX-uid-4650.json
2026-04-21T01:50:24.957Z [LOG] [parse_extracted_emails.js] Parsed: parsed-INBOX-uid-4651.json
2026-04-21T01:50:24.957Z [LOG] [parse_extracted_emails.js] Parsed: parsed-INBOX-uid-4652.json
2026-04-21T01:50:24.957Z [LOG] [parse_extracted_emails.js] Parsed: parsed-INBOX-uid-4653.json
2026-04-21T01:50:24.957Z [LOG] [parse_extracted_emails.js] Parsed: parsed-INBOX-uid-4654.json
2026-04-21T01:50:24.957Z [LOG] [parse_extracted_emails.js] Parsed: parsed-INBOX-uid-4655.json
2026-04-21T01:50:24.957Z [LOG] [parse_extracted_emails.js] Parsed: parsed-INBOX-uid-4656.json
2026-04-21T01:50:24.957Z [LOG] [parse_extracted_emails.js] Parsed: parsed-INBOX-uid-4657.json
2026-04-21T01:50:24.957Z [LOG] [parse_extracted_emails.js] Parsed: parsed-INBOX-uid-4658.json
2026-04-21T01:50:24.957Z [LOG] [parse_extracted_emails.js] Parsed: parsed-INBOX-uid-4659.json
2026-04-21T01:50:24.957Z [LOG] [parse_extracted_emails.js] Parsed: parsed-INBOX-uid-4660.json
2026-04-21T01:50:24.957Z [LOG] [parse_extracted_emails.js] Parsed: parsed-INBOX-uid-4661.json
2026-04-21T01:50:24.957Z [LOG] [parse_extracted_emails.js] Parsed: parsed-INBOX-uid-4662.json
2026-04-21T01:50:24.957Z [LOG] [parse_extracted_emails.js] Parsed: parsed-INBOX-uid-4663.json
2026-04-21T01:50:24.957Z [LOG] [parse_extracted_emails.js] Parsed: parsed-INBOX-uid-4664.json
2026-04-21T01:50:24.957Z [LOG] [parse_extracted_emails.js] Parsed: parsed-INBOX-uid-4665.json
2026-04-21T01:50:24.957Z [LOG] [parse_extracted_emails.js] Parsed: parsed-INBOX-uid-4666.json
2026-04-21T01:50:24.957Z [LOG] [parse_extracted_emails.js] Parsed: parsed-INBOX-uid-4667.json
2026-04-21T01:50:24.957Z [LOG] [parse_extracted_emails.js] Parsed: parsed-INBOX-uid-4668.json
2026-04-21T01:50:24.957Z [LOG] [parse_extracted_emails.js] Parsed: parsed-INBOX-uid-4669.json
2026-04-21T01:50:24.957Z [LOG] [parse_extracted_emails.js] Parsed: parsed-INBOX-uid-4670.json
2026-04-21T01:50:24.957Z [LOG] [parse_extracted_emails.js] Parsed: parsed-INBOX-uid-5417.json
2026-04-21T01:50:24.957Z [LOG] [parse_extracted_emails.js] Parsed: parsed-INBOX-uid-5418.json
2026-04-21T01:50:24.958Z [LOG] [parse_extracted_emails.js] Parsed: parsed-INBOX-uid-5419.json
2026-04-21T01:50:24.958Z [LOG] [parse_extracted_emails.js] Parsed: parsed-INBOX-uid-5420.json
2026-04-21T01:50:24.958Z [LOG] [parse_extracted_emails.js] Parsed: parsed-INBOX-uid-5421.json
2026-04-21T01:50:24.958Z [LOG] [parse_extracted_emails.js] Parsed: parsed-INBOX-uid-5422.json
2026-04-21T01:50:24.958Z [LOG] [parse_extracted_emails.js] Parsed: parsed-INBOX-uid-5423.json
2026-04-21T01:50:24.958Z [LOG] [parse_extracted_emails.js] Parsed: parsed-INBOX-uid-5424.json
2026-04-21T01:50:24.958Z [LOG] [parse_extracted_emails.js] Parsed: parsed-INBOX-uid-5425.json
2026-04-21T01:50:24.958Z [LOG] [parse_extracted_emails.js] Parsed: parsed-INBOX-uid-5426.json
2026-04-21T01:50:24.958Z [LOG] [parse_extracted_emails.js] Parsed: parsed-INBOX-uid-5427.json
2026-04-21T01:50:24.958Z [LOG] [parse_extracted_emails.js] Parsed: parsed-INBOX-uid-5428.json
2026-04-21T01:50:24.958Z [LOG] [parse_extracted_emails.js] Parsed: parsed-INBOX-uid-5429.json
2026-04-21T01:50:24.958Z [LOG] [parse_extracted_emails.js] Parsed: parsed-INBOX-uid-5430.json
2026-04-21T01:50:24.958Z [LOG] [parse_extracted_emails.js] Parsed: parsed-INBOX-uid-5431.json
2026-04-21T01:50:24.958Z [LOG] [parse_extracted_emails.js] Parsed: parsed-INBOX-uid-5432.json
2026-04-21T01:50:24.958Z [LOG] [parse_extracted_emails.js] Parsed: parsed-INBOX-uid-5433.json
2026-04-21T01:50:24.958Z [LOG] [parse_extracted_emails.js] Parsed: parsed-INBOX-uid-5434.json
2026-04-21T01:50:24.958Z [LOG] [parse_extracted_emails.js] Parsed: parsed-INBOX-uid-5435.json
2026-04-21T01:50:24.958Z [LOG] [parse_extracted_emails.js] Parsed: parsed-INBOX-uid-5436.json
2026-04-21T01:50:24.958Z [LOG] [parse_extracted_emails.js] Parsed: parsed-INBOX-uid-5437.json
2026-04-21T01:50:24.958Z [LOG] [parse_extracted_emails.js] Parsed: parsed-INBOX-uid-5438.json
2026-04-21T01:50:24.958Z [LOG] [parse_extracted_emails.js] Parsed: parsed-INBOX-uid-5439.json
2026-04-21T01:50:24.958Z [LOG] [parse_extracted_emails.js] Parsed: parsed-INBOX-uid-5440.json
2026-04-21T01:50:24.958Z [LOG] [parse_extracted_emails.js] Parsed: parsed-INBOX-uid-5441.json
2026-04-21T01:50:24.958Z [LOG] [parse_extracted_emails.js] Parsed: parsed-INBOX-uid-5442.json
2026-04-21T01:50:24.958Z [LOG] [parse_extracted_emails.js] Parsed: parsed-INBOX-uid-5443.json
2026-04-21T01:50:24.958Z [LOG] [parse_extracted_emails.js] Parsed: parsed-INBOX-uid-5444.json
2026-04-21T01:50:24.958Z [LOG] [parse_extracted_emails.js] Parsed: parsed-INBOX-uid-5445.json
2026-04-21T01:50:24.958Z [LOG] [parse_extracted_emails.js] Parsed: parsed-INBOX-uid-5446.json
2026-04-21T01:50:24.958Z [LOG] [parse_extracted_emails.js] Parsed: parsed-INBOX-uid-5447.json
2026-04-21T01:50:24.958Z [LOG] [parse_extracted_emails.js] Parsed: parsed-INBOX-uid-5448.json
2026-04-21T01:50:24.958Z [LOG] [parse_extracted_emails.js] Parsed: parsed-INBOX-uid-5449.json
2026-04-21T01:50:24.958Z [LOG] [parse_extracted_emails.js] Parsed: parsed-INBOX-uid-5450.json
2026-04-21T01:50:24.958Z [LOG] [parse_extracted_emails.js] Parsed: parsed-INBOX-uid-5451.json
2026-04-21T01:50:24.958Z [LOG] [parse_extracted_emails.js] Parsed: parsed-INBOX-uid-5452.json
2026-04-21T01:50:24.958Z [LOG] [parse_extracted_emails.js] Parsed: parsed-INBOX-uid-5453.json
2026-04-21T01:50:24.958Z [LOG] [parse_extracted_emails.js] Parsed: parsed-INBOX-uid-5454.json
2026-04-21T01:50:24.958Z [LOG] [parse_extracted_emails.js] Parsed: parsed-INBOX-uid-5455.json
2026-04-21T01:50:24.958Z [LOG] [parse_extracted_emails.js] Parsed: parsed-INBOX-uid-5456.json
2026-04-21T01:50:24.958Z [LOG] [parse_extracted_emails.js] Parsed: parsed-INBOX-uid-5457.json
2026-04-21T01:50:24.958Z [LOG] [parse_extracted_emails.js] Parsed: parsed-INBOX-uid-5458.json
2026-04-21T01:50:24.958Z [LOG] [parse_extracted_emails.js] Parsed: parsed-INBOX-uid-5459.json
2026-04-21T01:50:24.958Z [LOG] [parse_extracted_emails.js] Parsed: parsed-INBOX-uid-5460.json
2026-04-21T01:50:24.958Z [LOG] [parse_extracted_emails.js] Parsed: parsed-INBOX-uid-5461.json
2026-04-21T01:50:24.958Z [LOG] [parse_extracted_emails.js] Parsed: parsed-INBOX-uid-5462.json
2026-04-21T01:50:24.958Z [LOG] [parse_extracted_emails.js] Parsed: parsed-INBOX-uid-5463.json
2026-04-21T01:50:24.958Z [LOG] [parse_extracted_emails.js] Parsed: parsed-INBOX-uid-5464.json
2026-04-21T01:50:24.958Z [LOG] [parse_extracted_emails.js] Parsed: parsed-INBOX-uid-5465.json
2026-04-21T01:50:24.958Z [LOG] [parse_extracted_emails.js] Parsed: parsed-INBOX-uid-5466.json
2026-04-21T01:50:24.958Z [LOG] [parse_extracted_emails.js] Parsed: parsed-INBOX-uid-5467.json
2026-04-21T01:50:24.958Z [LOG] [parse_extracted_emails.js] Parsed: parsed-INBOX-uid-5468.json
2026-04-21T01:50:24.958Z [LOG] [parse_extracted_emails.js] Parsed: parsed-INBOX-uid-5469.json
2026-04-21T01:50:24.958Z [LOG] [parse_extracted_emails.js] Parsed: parsed-INBOX-uid-5470.json
2026-04-21T01:50:24.958Z [LOG] [parse_extracted_emails.js] Parsed: parsed-INBOX-uid-5471.json
2026-04-21T01:50:24.958Z [LOG] [parse_extracted_emails.js] Parsed: parsed-INBOX-uid-5472.json
2026-04-21T01:50:24.958Z [LOG] [parse_extracted_emails.js] Parsed: parsed-INBOX-uid-5473.json
2026-04-21T01:50:24.958Z [LOG] [parse_extracted_emails.js] Parsed: parsed-INBOX-uid-5474.json
2026-04-21T01:50:24.958Z [LOG] [parse_extracted_emails.js] Parsed: parsed-INBOX-uid-5475.json
2026-04-21T01:50:24.958Z [LOG] [parse_extracted_emails.js] Parsed: parsed-INBOX-uid-5476.json
2026-04-21T01:50:24.958Z [LOG] [parse_extracted_emails.js] Parsed: parsed-INBOX-uid-5477.json
2026-04-21T01:50:24.958Z [LOG] [parse_extracted_emails.js] Parsed: parsed-INBOX-uid-5478.json
2026-04-21T01:50:24.958Z [LOG] [parse_extracted_emails.js] Parsed: parsed-INBOX-uid-5479.json
2026-04-21T01:50:24.958Z [LOG] [parse_extracted_emails.js] Parsed: parsed-INBOX-uid-5480.json
2026-04-21T01:50:24.958Z [LOG] [parse_extracted_emails.js] Parsed: parsed-INBOX-uid-5481.json
2026-04-21T01:50:24.958Z [LOG] [parse_extracted_emails.js] Parsed: parsed-INBOX-uid-5482.json
2026-04-21T01:50:24.958Z [LOG] [parse_extracted_emails.js] Parsed: parsed-INBOX-uid-5483.json
2026-04-21T01:50:24.958Z [LOG] [parse_extracted_emails.js] Parsed: parsed-INBOX-uid-5484.json
2026-04-21T01:50:24.958Z [LOG] [parse_extracted_emails.js] Parsed: parsed-INBOX-uid-5485.json
2026-04-21T01:50:24.958Z [LOG] [parse_extracted_emails.js] Parsed: parsed-INBOX-uid-5486.json
2026-04-21T01:50:24.958Z [LOG] [parse_extracted_emails.js] Parsed: parsed-INBOX-uid-5487.json
2026-04-21T01:50:24.958Z [LOG] [parse_extracted_emails.js] Parsed: parsed-INBOX-uid-5488.json
2026-04-21T01:50:24.958Z [LOG] [parse_extracted_emails.js] Parsed: parsed-INBOX-uid-5489.json
2026-04-21T01:50:24.958Z [LOG] [parse_extracted_emails.js] Parsed: parsed-INBOX-uid-5490.json
2026-04-21T01:50:24.958Z [LOG] [parse_extracted_emails.js] Parsed: parsed-INBOX-uid-5491.json
2026-04-21T01:50:24.958Z [LOG] [parse_extracted_emails.js] Parsed: parsed-INBOX-uid-5492.json
2026-04-21T01:50:24.958Z [LOG] [parse_extracted_emails.js] Parsed: parsed-INBOX-uid-5493.json
2026-04-21T01:50:24.958Z [LOG] [parse_extracted_emails.js] Parsed: parsed-INBOX-uid-5494.json
2026-04-21T01:50:24.958Z [LOG] [parse_extracted_emails.js] Parsed: parsed-INBOX-uid-5495.json
2026-04-21T01:50:24.958Z [LOG] [parse_extracted_emails.js] Parsed: parsed-INBOX-uid-5496.json
2026-04-21T01:50:24.958Z [LOG] [parse_extracted_emails.js] Parsed: parsed-INBOX-uid-5497.json
2026-04-21T01:50:24.958Z [LOG] [parse_extracted_emails.js] Parsed: parsed-INBOX-uid-5498.json
2026-04-21T01:50:24.958Z [LOG] [parse_extracted_emails.js] Parsed: parsed-INBOX-uid-5499.json
2026-04-21T01:50:24.958Z [LOG] [parse_extracted_emails.js] Parsed: parsed-INBOX-uid-5500.json
2026-04-21T01:50:24.959Z [LOG] [parse_extracted_emails.js] Parsed: parsed-INBOX-uid-5501.json
2026-04-21T01:50:24.959Z [LOG] [parse_extracted_emails.js] Parsed: parsed-INBOX-uid-5502.json
2026-04-21T01:50:24.959Z [LOG] [parse_extracted_emails.js] Parsed: parsed-INBOX-uid-5503.json
2026-04-21T01:50:24.959Z [LOG] [parse_extracted_emails.js] Parsed: parsed-INBOX-uid-5504.json
2026-04-21T01:50:24.959Z [LOG] [parse_extracted_emails.js] Parsed: parsed-INBOX-uid-5505.json
2026-04-21T01:50:24.959Z [LOG] [parse_extracted_emails.js] Parsed: parsed-INBOX-uid-5506.json
2026-04-21T01:50:24.959Z [LOG] [parse_extracted_emails.js] Parsed: parsed-INBOX-uid-5507.json
2026-04-21T01:50:24.959Z [LOG] [parse_extracted_emails.js] Parsed: parsed-INBOX-uid-5508.json
2026-04-21T01:50:24.959Z [LOG] [parse_extracted_emails.js] Parsed: parsed-INBOX-uid-5509.json
2026-04-21T01:50:24.959Z [LOG] [parse_extracted_emails.js] Parsed: parsed-INBOX-uid-5510.json
2026-04-21T01:50:24.959Z [LOG] [parse_extracted_emails.js] Parsed: parsed-INBOX-uid-5511.json
2026-04-21T01:50:24.959Z [LOG] [parse_extracted_emails.js] Parsed: parsed-INBOX-uid-5512.json
2026-04-21T01:50:24.959Z [LOG] [parse_extracted_emails.js] Parsed: parsed-INBOX-uid-5513.json
2026-04-21T01:50:24.959Z [LOG] [parse_extracted_emails.js] Parsed: parsed-INBOX-uid-5514.json
2026-04-21T01:50:24.959Z [LOG] [parse_extracted_emails.js] Parsed: parsed-INBOX-uid-5515.json
2026-04-21T01:50:24.959Z [LOG] [parse_extracted_emails.js] Parsed: parsed-INBOX-uid-5516.json
2026-04-21T01:50:24.959Z [LOG] [parse_extracted_emails.js] Parsed: parsed-INBOX-uid-5517.json
2026-04-21T01:50:24.959Z [LOG] [parse_extracted_emails.js] Parsed: parsed-INBOX-uid-5518.json
2026-04-21T01:50:24.959Z [LOG] [parse_extracted_emails.js] Parsed: parsed-INBOX-uid-5519.json
2026-04-21T01:50:24.959Z [LOG] [parse_extracted_emails.js] Parsed: parsed-INBOX-uid-5520.json
2026-04-21T01:50:24.959Z [LOG] [parse_extracted_emails.js] Parsed: parsed-INBOX-uid-5521.json
2026-04-21T01:50:24.959Z [LOG] [parse_extracted_emails.js] Parsed: parsed-INBOX-uid-5522.json
2026-04-21T01:50:24.959Z [LOG] [parse_extracted_emails.js] Parsed: parsed-INBOX-uid-5523.json
2026-04-21T01:50:24.959Z [LOG] [parse_extracted_emails.js] Parsed: parsed-INBOX-uid-5524.json
2026-04-21T01:50:24.959Z [LOG] [parse_extracted_emails.js] Parsed: parsed-INBOX-uid-5525.json
2026-04-21T01:50:24.959Z [LOG] [parse_extracted_emails.js] Parsed: parsed-INBOX-uid-5526.json
2026-04-21T01:50:24.959Z [LOG] [parse_extracted_emails.js] Parsed: parsed-INBOX-uid-5527.json
2026-04-21T01:50:24.959Z [LOG] [parse_extracted_emails.js] Parsed: parsed-INBOX-uid-5528.json
2026-04-21T01:50:24.959Z [LOG] [parse_extracted_emails.js] Parsed: parsed-INBOX-uid-5529.json
2026-04-21T01:50:24.959Z [LOG] [parse_extracted_emails.js] Parsed: parsed-INBOX-uid-5530.json
2026-04-21T01:50:24.959Z [LOG] [parse_extracted_emails.js] Parsed: parsed-INBOX-uid-5531.json
2026-04-21T01:50:24.959Z [LOG] [parse_extracted_emails.js] Parsed: parsed-INBOX-uid-5532.json
2026-04-21T01:50:24.959Z [LOG] [parse_extracted_emails.js] Parsed: parsed-INBOX-uid-5533.json
2026-04-21T01:50:24.959Z [LOG] [parse_extracted_emails.js] Parsed: parsed-INBOX-uid-5534.json
2026-04-21T01:50:24.959Z [LOG] [parse_extracted_emails.js] Parsed: parsed-INBOX-uid-5535.json
2026-04-21T01:50:24.959Z [LOG] [parse_extracted_emails.js] Parsed: parsed-INBOX-uid-5536.json
2026-04-21T01:50:24.959Z [LOG] [parse_extracted_emails.js] Parsed: parsed-INBOX-uid-5537.json
2026-04-21T01:50:24.959Z [LOG] [parse_extracted_emails.js] Parsed: parsed-INBOX-uid-5538.json
2026-04-21T01:50:24.959Z [LOG] [parse_extracted_emails.js] Parsed: parsed-INBOX-uid-5539.json
2026-04-21T01:50:24.959Z [LOG] [parse_extracted_emails.js] Parsed: parsed-INBOX-uid-5540.json
2026-04-21T01:50:24.959Z [LOG] [parse_extracted_emails.js] Parsed: parsed-INBOX-uid-5541.json
2026-04-21T01:50:24.959Z [LOG] [parse_extracted_emails.js] Parsed: parsed-INBOX-uid-5542.json
2026-04-21T01:50:24.959Z [LOG] [parse_extracted_emails.js] Parsed: parsed-INBOX-uid-5543.json
2026-04-21T01:50:24.959Z [LOG] [parse_extracted_emails.js] Parsed: parsed-INBOX-uid-5544.json
2026-04-21T01:50:24.959Z [LOG] [parse_extracted_emails.js] Parsed: parsed-INBOX-uid-5545.json
2026-04-21T01:50:24.959Z [LOG] [parse_extracted_emails.js] Parsed: parsed-INBOX-uid-5546.json
2026-04-21T01:50:24.959Z [LOG] [parse_extracted_emails.js] Parsed: parsed-INBOX-uid-5547.json
2026-04-21T01:50:24.959Z [LOG] [parse_extracted_emails.js] Parsed: parsed-INBOX-uid-5548.json
2026-04-21T01:50:24.959Z [LOG] [parse_extracted_emails.js] Parsed: parsed-INBOX-uid-5549.json
2026-04-21T01:50:24.959Z [LOG] [parse_extracted_emails.js] Parsed: parsed-INBOX-uid-5550.json
2026-04-21T01:50:24.959Z [LOG] [parse_extracted_emails.js] Parsed: parsed-INBOX-uid-5551.json
2026-04-21T01:50:24.959Z [LOG] [parse_extracted_emails.js] Parsed: parsed-INBOX-uid-5552.json
2026-04-21T01:50:24.959Z [LOG] [parse_extracted_emails.js] Parsed: parsed-INBOX-uid-5553.json
2026-04-21T01:50:24.959Z [LOG] [parse_extracted_emails.js] Parsed: parsed-INBOX-uid-5554.json
2026-04-21T01:50:24.959Z [LOG] [parse_extracted_emails.js] Parsed: parsed-INBOX-uid-5555.json
2026-04-21T01:50:24.959Z [LOG] [parse_extracted_emails.js] Parsed: parsed-INBOX-uid-5556.json
2026-04-21T01:50:24.959Z [LOG] [parse_extracted_emails.js] Parsed: parsed-INBOX-uid-5557.json
2026-04-21T01:50:24.959Z [LOG] [parse_extracted_emails.js] Parsed: parsed-INBOX-uid-5558.json
2026-04-21T01:50:24.959Z [LOG] [parse_extracted_emails.js] Parsed: parsed-INBOX-uid-5559.json
2026-04-21T01:50:24.959Z [LOG] [parse_extracted_emails.js] Parsed: parsed-INBOX-uid-5560.json
2026-04-21T01:50:24.959Z [LOG] [parse_extracted_emails.js] Parsed: parsed-INBOX-uid-5561.json
2026-04-21T01:50:24.959Z [LOG] [parse_extracted_emails.js] Parsed: parsed-INBOX-uid-5562.json
2026-04-21T01:50:24.959Z [LOG] [parse_extracted_emails.js] Parsed: parsed-INBOX-uid-5563.json
2026-04-21T01:50:24.959Z [LOG] [parse_extracted_emails.js] Parsed: parsed-INBOX-uid-5564.json
2026-04-21T01:50:24.959Z [LOG] [parse_extracted_emails.js] Parsed: parsed-INBOX-uid-5565.json
2026-04-21T01:50:24.959Z [LOG] [parse_extracted_emails.js] Parsed: parsed-INBOX-uid-5566.json
2026-04-21T01:50:24.959Z [LOG] [parse_extracted_emails.js] Parsed: parsed-INBOX-uid-5567.json
2026-04-21T01:50:24.959Z [LOG] [parse_extracted_emails.js] Parsed: parsed-INBOX-uid-5568.json
2026-04-21T01:50:24.959Z [LOG] [parse_extracted_emails.js] Parsed: parsed-INBOX-uid-5569.json
2026-04-21T01:50:24.959Z [LOG] [parse_extracted_emails.js] Parsed: parsed-INBOX-uid-5570.json
2026-04-21T01:50:24.959Z [LOG] [parse_extracted_emails.js] Parsed: parsed-INBOX-uid-5571.json
2026-04-21T01:50:24.959Z [LOG] [parse_extracted_emails.js] Parsed: parsed-INBOX-uid-5572.json
2026-04-21T01:50:24.959Z [LOG] [parse_extracted_emails.js] Parsed: parsed-INBOX-uid-5573.json
2026-04-21T01:50:24.959Z [LOG] [parse_extracted_emails.js] Parsed: parsed-INBOX-uid-5574.json
2026-04-21T01:50:24.959Z [LOG] [parse_extracted_emails.js] Parsed: parsed-INBOX-uid-5575.json
2026-04-21T01:50:24.959Z [LOG] [parse_extracted_emails.js] Parsed: parsed-INBOX-uid-5576.json
2026-04-21T01:50:24.959Z [LOG] [parse_extracted_emails.js] Parsed: parsed-INBOX-uid-5577.json
2026-04-21T01:50:24.959Z [LOG] [parse_extracted_emails.js] Parsed: parsed-INBOX-uid-5578.json
2026-04-21T01:50:24.959Z [LOG] [parse_extracted_emails.js] Parsed: parsed-INBOX-uid-5579.json
2026-04-21T01:50:24.959Z [LOG] [parse_extracted_emails.js] Parsed: parsed-INBOX-uid-5580.json
2026-04-21T01:50:24.959Z [LOG] [parse_extracted_emails.js] Parsed: parsed-INBOX-uid-5581.json
2026-04-21T01:50:24.959Z [LOG] [parse_extracted_emails.js] Parsed: parsed-INBOX-uid-5582.json
2026-04-21T01:50:24.959Z [LOG] [parse_extracted_emails.js] Parsed: parsed-INBOX-uid-5583.json
2026-04-21T01:50:24.959Z [LOG] [parse_extracted_emails.js] Parsed: parsed-INBOX-uid-5584.json
2026-04-21T01:50:24.959Z [LOG] [parse_extracted_emails.js] Parsed: parsed-INBOX-uid-5585.json
2026-04-21T01:50:24.959Z [LOG] [parse_extracted_emails.js] Parsed: parsed-INBOX-uid-5586.json
2026-04-21T01:50:24.959Z [LOG] [parse_extracted_emails.js] Parsed: parsed-INBOX-uid-5587.json
2026-04-21T01:50:24.959Z [LOG] [parse_extracted_emails.js] Parsed: parsed-INBOX-uid-5588.json
2026-04-21T01:50:24.959Z [LOG] [parse_extracted_emails.js] Parsed: parsed-INBOX-uid-5589.json
2026-04-21T01:50:24.959Z [LOG] [parse_extracted_emails.js] Parsed: parsed-INBOX-uid-5590.json
2026-04-21T01:50:24.959Z [LOG] [parse_extracted_emails.js] Parsed: parsed-INBOX-uid-5591.json
2026-04-21T01:50:24.959Z [LOG] [parse_extracted_emails.js] Parsed: parsed-INBOX-uid-5592.json
2026-04-21T01:50:24.959Z [LOG] [parse_extracted_emails.js] Parsed: parsed-INBOX-uid-5593.json
2026-04-21T01:50:24.959Z [LOG] [parse_extracted_emails.js] Parsed: parsed-INBOX-uid-5594.json
2026-04-21T01:50:24.959Z [LOG] [parse_extracted_emails.js] Parsed: parsed-INBOX-uid-5595.json
2026-04-21T01:50:24.959Z [LOG] [parse_extracted_emails.js] Parsed: parsed-INBOX-uid-5596.json
2026-04-21T01:50:24.959Z [LOG] [parse_extracted_emails.js] Parsed: parsed-INBOX-uid-5597.json
2026-04-21T01:50:24.959Z [LOG] [parse_extracted_emails.js] Parsed: parsed-INBOX-uid-5598.json
2026-04-21T01:50:24.959Z [LOG] [parse_extracted_emails.js] Parsed: parsed-INBOX-uid-5599.json
2026-04-21T01:50:24.959Z [LOG] [parse_extracted_emails.js] Parsed: parsed-INBOX-uid-5600.json
2026-04-21T01:50:24.959Z [LOG] [parse_extracted_emails.js] Parsed: parsed-INBOX-uid-5601.json
2026-04-21T01:50:24.959Z [LOG] [parse_extracted_emails.js] Parsed: parsed-INBOX-uid-5602.json
2026-04-21T01:50:24.959Z [LOG] [parse_extracted_emails.js] Parsed: parsed-INBOX-uid-5603.json
2026-04-21T01:50:24.959Z [LOG] [parse_extracted_emails.js] Parsed: parsed-INBOX-uid-5604.json
2026-04-21T01:50:24.959Z [LOG] [parse_extracted_emails.js] Parsed: parsed-INBOX-uid-5605.json
2026-04-21T01:50:24.959Z [LOG] [parse_extracted_emails.js] Parsed: parsed-INBOX-uid-5606.json
2026-04-21T01:50:24.959Z [LOG] [parse_extracted_emails.js] Parsed: parsed-INBOX-uid-5607.json
2026-04-21T01:50:24.959Z [LOG] [parse_extracted_emails.js] Parsed: parsed-INBOX-uid-5608.json
2026-04-21T01:50:24.959Z [LOG] [parse_extracted_emails.js] Parsed: parsed-INBOX-uid-5609.json
2026-04-21T01:50:24.959Z [LOG] [parse_extracted_emails.js] Parsed: parsed-INBOX-uid-5610.json
2026-04-21T01:50:24.959Z [LOG] [parse_extracted_emails.js] Parsed: parsed-INBOX-uid-5611.json
2026-04-21T01:50:24.959Z [LOG] [parse_extracted_emails.js] Parsed: parsed-INBOX-uid-5612.json
2026-04-21T01:50:24.959Z [LOG] [parse_extracted_emails.js] Parsed: parsed-INBOX-uid-5613.json
2026-04-21T01:50:24.959Z [LOG] [parse_extracted_emails.js] Parsed: parsed-INBOX-uid-5614.json
2026-04-21T01:50:24.959Z [LOG] [parse_extracted_emails.js] Parsed: parsed-INBOX-uid-5615.json
2026-04-21T01:50:24.959Z [LOG] [parse_extracted_emails.js] Parsed: parsed-INBOX-uid-5616.json
2026-04-21T01:50:24.959Z [LOG] [parse_extracted_emails.js] Parsed: parsed-INBOX-uid-5617.json
2026-04-21T01:50:24.959Z [LOG] [parse_extracted_emails.js] Parsed: parsed-INBOX-uid-5618.json
2026-04-21T01:50:24.959Z [LOG] [parse_extracted_emails.js] Parsed: parsed-INBOX-uid-5619.json
2026-04-21T01:50:24.959Z [LOG] [parse_extracted_emails.js] Parsed: parsed-INBOX-uid-5620.json
2026-04-21T01:50:24.959Z [LOG] [parse_extracted_emails.js] Parsed: parsed-INBOX-uid-5621.json
2026-04-21T01:50:24.959Z [LOG] [parse_extracted_emails.js] Parsed: parsed-INBOX-uid-5622.json
2026-04-21T01:50:24.959Z [LOG] [parse_extracted_emails.js] Parsed: parsed-INBOX-uid-5623.json
2026-04-21T01:50:24.959Z [LOG] [parse_extracted_emails.js] Parsed: parsed-INBOX-uid-5624.json
2026-04-21T01:50:24.959Z [LOG] [parse_extracted_emails.js] Parsed: parsed-INBOX-uid-5625.json
2026-04-21T01:50:24.960Z [LOG] [parse_extracted_emails.js] Parsed: parsed-INBOX-uid-5626.json
2026-04-21T01:50:24.960Z [LOG] [parse_extracted_emails.js] Parsed: parsed-INBOX-uid-5627.json
2026-04-21T01:50:24.960Z [LOG] [parse_extracted_emails.js] Parsed: parsed-INBOX-uid-5628.json
2026-04-21T01:50:24.960Z [LOG] [parse_extracted_emails.js] Parsed: parsed-INBOX-uid-5629.json
2026-04-21T01:50:24.960Z [LOG] [parse_extracted_emails.js] Parsed: parsed-INBOX-uid-5630.json
2026-04-21T01:50:24.960Z [LOG] [parse_extracted_emails.js] Parsed: parsed-INBOX-uid-5631.json
2026-04-21T01:50:24.960Z [LOG] [parse_extracted_emails.js] Parsed: parsed-INBOX-uid-5632.json
2026-04-21T01:50:24.960Z [LOG] [parse_extracted_emails.js] Parsed: parsed-INBOX-uid-5633.json
2026-04-21T01:50:24.960Z [LOG] [parse_extracted_emails.js] Parsed: parsed-INBOX-uid-5634.json
2026-04-21T01:50:24.960Z [LOG] [parse_extracted_emails.js] Parsed: parsed-INBOX-uid-5635.json
2026-04-21T01:50:24.960Z [LOG] [parse_extracted_emails.js] Parsed: parsed-INBOX-uid-5636.json
2026-04-21T01:50:24.960Z [LOG] [parse_extracted_emails.js] Parsed: parsed-INBOX-uid-5637.json
2026-04-21T01:50:24.960Z [LOG] [parse_extracted_emails.js] Parsed: parsed-INBOX-uid-5638.json
2026-04-21T01:50:24.960Z [LOG] [parse_extracted_emails.js] Parsed: parsed-INBOX-uid-5639.json
2026-04-21T01:50:24.960Z [LOG] [parse_extracted_emails.js] Parsed: parsed-INBOX-uid-5640.json
2026-04-21T01:50:24.960Z [LOG] [parse_extracted_emails.js] Parsed: parsed-INBOX-uid-5641.json
2026-04-21T01:50:24.960Z [LOG] [parse_extracted_emails.js] Parsed: parsed-INBOX-uid-5642.json
2026-04-21T01:50:24.960Z [LOG] [parse_extracted_emails.js] Parsed: parsed-INBOX-uid-5643.json
2026-04-21T01:50:24.960Z [LOG] [parse_extracted_emails.js] Parsed: parsed-INBOX-uid-5644.json
2026-04-21T01:50:24.960Z [LOG] [parse_extracted_emails.js] Parsed: parsed-INBOX-uid-5645.json
2026-04-21T01:50:24.960Z [LOG] [parse_extracted_emails.js] Parsed: parsed-INBOX-uid-5646.json
2026-04-21T01:50:24.960Z [LOG] [parse_extracted_emails.js] Parsed: parsed-INBOX-uid-5647.json
2026-04-21T01:50:24.960Z [LOG] [parse_extracted_emails.js] Parsed: parsed-INBOX-uid-5648.json
2026-04-21T01:50:24.960Z [LOG] [parse_extracted_emails.js] Parsed: parsed-INBOX-uid-5649.json
2026-04-21T01:50:24.960Z [LOG] [parse_extracted_emails.js] Parsed: parsed-INBOX-uid-5650.json
2026-04-21T01:50:24.960Z [LOG] [parse_extracted_emails.js] Parsed: parsed-INBOX-uid-5651.json
2026-04-21T01:50:24.960Z [LOG] [parse_extracted_emails.js] Parsed: parsed-INBOX-uid-5652.json
2026-04-21T01:50:24.960Z [LOG] [parse_extracted_emails.js] Parsed: parsed-INBOX-uid-5653.json
2026-04-21T01:50:24.960Z [LOG] [parse_extracted_emails.js] Parsed: parsed-INBOX-uid-5654.json
2026-04-21T01:50:24.960Z [LOG] [parse_extracted_emails.js] Parsed: parsed-INBOX-uid-5655.json
2026-04-21T01:50:24.960Z [LOG] [parse_extracted_emails.js] Parsed: parsed-INBOX-uid-5656.json
2026-04-21T01:50:24.960Z [LOG] [parse_extracted_emails.js] Parsed: parsed-INBOX-uid-5657.json
2026-04-21T01:50:24.960Z [LOG] [parse_extracted_emails.js] Parsed: parsed-INBOX-uid-5658.json
2026-04-21T01:50:24.960Z [LOG] [parse_extracted_emails.js] Parsed: parsed-INBOX-uid-5659.json
2026-04-21T01:50:24.960Z [LOG] [parse_extracted_emails.js] Parsed: parsed-INBOX-uid-5660.json
2026-04-21T01:50:24.960Z [LOG] [parse_extracted_emails.js] Parsed: parsed-INBOX-uid-5661.json
2026-04-21T01:50:24.960Z [LOG] [parse_extracted_emails.js] Parsed: parsed-INBOX-uid-5662.json
2026-04-21T01:50:24.960Z [LOG] [parse_extracted_emails.js] Parsed: parsed-INBOX-uid-5663.json
2026-04-21T01:50:24.960Z [LOG] [parse_extracted_emails.js] Parsed: parsed-INBOX-uid-5664.json
2026-04-21T01:50:24.960Z [LOG] [parse_extracted_emails.js] Parsed: parsed-INBOX-uid-5665.json
2026-04-21T01:50:24.960Z [LOG] [parse_extracted_emails.js] Parsed: parsed-INBOX-uid-5666.json
2026-04-21T01:50:24.960Z [LOG] [parse_extracted_emails.js] Parsed: parsed-INBOX-uid-5667.json
2026-04-21T01:50:24.960Z [LOG] [parse_extracted_emails.js] Parsed: parsed-INBOX-uid-5668.json
2026-04-21T01:50:24.960Z [LOG] [parse_extracted_emails.js] Parsed: parsed-INBOX-uid-5669.json
2026-04-21T01:50:24.960Z [LOG] [parse_extracted_emails.js] Parsed: parsed-INBOX-uid-5670.json
2026-04-21T01:50:24.960Z [LOG] [parse_extracted_emails.js] Parsed: parsed-INBOX-uid-5671.json
2026-04-21T01:50:24.960Z [LOG] [parse_extracted_emails.js] Parsed: parsed-INBOX-uid-5672.json
2026-04-21T01:50:24.960Z [LOG] [parse_extracted_emails.js] Parsed: parsed-INBOX-uid-5673.json
2026-04-21T01:50:24.960Z [LOG] [parse_extracted_emails.js] Parsed: parsed-INBOX-uid-5674.json
2026-04-21T01:50:24.960Z [LOG] [parse_extracted_emails.js] Parsed: parsed-INBOX-uid-5675.json
2026-04-21T01:50:24.960Z [LOG] [parse_extracted_emails.js] Parsed: parsed-INBOX-uid-5676.json
2026-04-21T01:50:24.960Z [LOG] [parse_extracted_emails.js] Parsed: parsed-INBOX-uid-5677.json
2026-04-21T01:50:24.960Z [LOG] [parse_extracted_emails.js] Parsed: parsed-INBOX-uid-5678.json
2026-04-21T01:50:24.960Z [LOG] [parse_extracted_emails.js] Parsed: parsed-INBOX-uid-5679.json
2026-04-21T01:50:24.960Z [LOG] [parse_extracted_emails.js] Parsed: parsed-INBOX-uid-5680.json
2026-04-21T01:50:24.960Z [LOG] [parse_extracted_emails.js] Parsed: parsed-INBOX-uid-5681.json
2026-04-21T01:50:24.960Z [LOG] [parse_extracted_emails.js] Parsed: parsed-INBOX-uid-5682.json
2026-04-21T01:50:24.960Z [LOG] [parse_extracted_emails.js] Parsed: parsed-INBOX-uid-5683.json
2026-04-21T01:50:24.960Z [LOG] [parse_extracted_emails.js] Parsed: parsed-INBOX-uid-5684.json
2026-04-21T01:50:24.960Z [LOG] [parse_extracted_emails.js] Parsed: parsed-INBOX-uid-5685.json
2026-04-21T01:50:24.960Z [LOG] [parse_extracted_emails.js] Parsed: parsed-INBOX-uid-5686.json
2026-04-21T01:50:24.960Z [LOG] [parse_extracted_emails.js] Parsed: parsed-INBOX-uid-5687.json
2026-04-21T01:50:24.960Z [LOG] [parse_extracted_emails.js] Parsed: parsed-INBOX-uid-5688.json
2026-04-21T01:50:24.960Z [LOG] [parse_extracted_emails.js] Parsed: parsed-INBOX-uid-5689.json
2026-04-21T01:50:24.960Z [LOG] [parse_extracted_emails.js] Parsed: parsed-INBOX-uid-5690.json
2026-04-21T01:50:24.960Z [LOG] [parse_extracted_emails.js] Parsed: parsed-INBOX-uid-5691.json
2026-04-21T01:50:24.960Z [LOG] [parse_extracted_emails.js] Parsed: parsed-INBOX-uid-5692.json
2026-04-21T01:50:24.960Z [LOG] [parse_extracted_emails.js] Parsed: parsed-INBOX-uid-5693.json
2026-04-21T01:50:24.960Z [LOG] [parse_extracted_emails.js] Parsed: parsed-INBOX-uid-5694.json
2026-04-21T01:50:24.960Z [LOG] [parse_extracted_emails.js] Parsed: parsed-INBOX-uid-5695.json
2026-04-21T01:50:24.960Z [LOG] [parse_extracted_emails.js] Parsed: parsed-INBOX-uid-5696.json
2026-04-21T01:50:24.960Z [LOG] [parse_extracted_emails.js] Parsed: parsed-INBOX-uid-5697.json
2026-04-21T01:50:24.960Z [LOG] [parse_extracted_emails.js] Parsed: parsed-INBOX-uid-5698.json
2026-04-21T01:50:24.960Z [LOG] [parse_extracted_emails.js] Parsed: parsed-INBOX-uid-5699.json
2026-04-21T01:50:24.960Z [LOG] [parse_extracted_emails.js] Parsed: parsed-INBOX-uid-5700.json
2026-04-21T01:50:24.960Z [LOG] [parse_extracted_emails.js] Parsed: parsed-INBOX-uid-5701.json
2026-04-21T01:50:24.960Z [LOG] [parse_extracted_emails.js] Parsed: parsed-INBOX-uid-5702.json
2026-04-21T01:50:24.960Z [LOG] [parse_extracted_emails.js] Parsed: parsed-INBOX-uid-5703.json
2026-04-21T01:50:24.960Z [LOG] [parse_extracted_emails.js] Parsed: parsed-INBOX-uid-5704.json
2026-04-21T01:50:24.960Z [LOG] [parse_extracted_emails.js] Parsed: parsed-INBOX-uid-5705.json
2026-04-21T01:50:24.960Z [LOG] [parse_extracted_emails.js] Parsed: parsed-INBOX-uid-5706.json
2026-04-21T01:50:24.960Z [LOG] [parse_extracted_emails.js] Parsed: parsed-INBOX-uid-5707.json
2026-04-21T01:50:24.960Z [LOG] [parse_extracted_emails.js] Parsed: parsed-INBOX-uid-5708.json
2026-04-21T01:50:24.960Z [LOG] [parse_extracted_emails.js] Parsed: parsed-INBOX-uid-5709.json
2026-04-21T01:50:24.960Z [LOG] [parse_extracted_emails.js] Parsed: parsed-INBOX-uid-5710.json
2026-04-21T01:50:24.960Z [LOG] [parse_extracted_emails.js] Parsed: parsed-INBOX-uid-5711.json
2026-04-21T01:50:24.960Z [LOG] [parse_extracted_emails.js] Parsed: parsed-INBOX-uid-5712.json
2026-04-21T01:50:24.960Z [LOG] [parse_extracted_emails.js] Parsed: parsed-INBOX-uid-5713.json
2026-04-21T01:50:24.960Z [LOG] [parse_extracted_emails.js] Parsed: parsed-INBOX-uid-5714.json
2026-04-21T01:50:24.960Z [LOG] [parse_extracted_emails.js] Parsed: parsed-INBOX-uid-5715.json
2026-04-21T01:50:24.960Z [LOG] [parse_extracted_emails.js] Parsed: parsed-INBOX-uid-5716.json
2026-04-21T01:50:24.960Z [LOG] [parse_extracted_emails.js] Parsed: parsed-INBOX-uid-5717.json
2026-04-21T01:50:24.960Z [LOG] [parse_extracted_emails.js] Parsed: parsed-INBOX-uid-5718.json
2026-04-21T01:50:24.960Z [LOG] [parse_extracted_emails.js] Parsed: parsed-INBOX-uid-5719.json
2026-04-21T01:50:24.960Z [LOG] [parse_extracted_emails.js] Parsed: parsed-INBOX-uid-5720.json
2026-04-21T01:50:24.960Z [LOG] [parse_extracted_emails.js] Parsed: parsed-INBOX-uid-5721.json
2026-04-21T01:50:24.961Z [LOG] [parse_extracted_emails.js] Parsed: parsed-INBOX-uid-5722.json
2026-04-21T01:50:24.961Z [LOG] [parse_extracted_emails.js] Parsed: parsed-INBOX-uid-5723.json
2026-04-21T01:50:24.961Z [LOG] [parse_extracted_emails.js] Parsed: parsed-INBOX-uid-5724.json
2026-04-21T01:50:24.961Z [LOG] [parse_extracted_emails.js] Parsed: parsed-INBOX-uid-5725.json
2026-04-21T01:50:24.961Z [LOG] [parse_extracted_emails.js] Parsed: parsed-INBOX-uid-5726.json
2026-04-21T01:50:24.961Z [LOG] [parse_extracted_emails.js] Parsed: parsed-INBOX-uid-5727.json
2026-04-21T01:50:24.961Z [LOG] [parse_extracted_emails.js] Parsed: parsed-INBOX-uid-5728.json
2026-04-21T01:50:24.961Z [LOG] [parse_extracted_emails.js] Parsed: parsed-INBOX-uid-5729.json
2026-04-21T01:50:24.961Z [LOG] [parse_extracted_emails.js] Parsed: parsed-INBOX-uid-5730.json
2026-04-21T01:50:24.961Z [LOG] [parse_extracted_emails.js] Parsed: parsed-INBOX-uid-5731.json
2026-04-21T01:50:24.961Z [LOG] [parse_extracted_emails.js] Parsed: parsed-INBOX-uid-5732.json
2026-04-21T01:50:24.961Z [LOG] [parse_extracted_emails.js] Parsed: parsed-INBOX-uid-5733.json
2026-04-21T01:50:24.961Z [LOG] [parse_extracted_emails.js] Parsed: parsed-INBOX-uid-5734.json
2026-04-21T01:50:24.961Z [LOG] [parse_extracted_emails.js] Parsed: parsed-INBOX-uid-5735.json
2026-04-21T01:50:24.961Z [LOG] [parse_extracted_emails.js] Parsed: parsed-INBOX-uid-5736.json
2026-04-21T01:50:24.961Z [LOG] [parse_extracted_emails.js] Parsed: parsed-INBOX-uid-5737.json
2026-04-21T01:50:24.961Z [LOG] [parse_extracted_emails.js] Parsed: parsed-INBOX-uid-5738.json
2026-04-21T01:50:24.961Z [LOG] [parse_extracted_emails.js] Parsed: parsed-INBOX-uid-5739.json
2026-04-21T01:50:24.961Z [LOG] [parse_extracted_emails.js] Parsed: parsed-INBOX-uid-5740.json
2026-04-21T01:50:24.961Z [LOG] [parse_extracted_emails.js] Parsed: parsed-INBOX-uid-5741.json
2026-04-21T01:50:24.961Z [LOG] [parse_extracted_emails.js] Parsed: parsed-INBOX-uid-5742.json
2026-04-21T01:50:24.961Z [LOG] [parse_extracted_emails.js] Parsed: parsed-INBOX-uid-5743.json
2026-04-21T01:50:24.961Z [LOG] [parse_extracted_emails.js] Parsed: parsed-INBOX-uid-5744.json
2026-04-21T01:50:24.961Z [LOG] [parse_extracted_emails.js] Parsed: parsed-INBOX-uid-5745.json
2026-04-21T01:50:24.961Z [LOG] [parse_extracted_emails.js] Parsed: parsed-INBOX-uid-5746.json
2026-04-21T01:50:24.961Z [LOG] [parse_extracted_emails.js] Parsed: parsed-INBOX-uid-5747.json
2026-04-21T01:50:24.961Z [LOG] [parse_extracted_emails.js] Parsed: parsed-INBOX-uid-5748.json
2026-04-21T01:50:24.961Z [LOG] [parse_extracted_emails.js] Parsed: parsed-INBOX-uid-5749.json
2026-04-21T01:50:24.961Z [LOG] [parse_extracted_emails.js] Parsed: parsed-INBOX-uid-5750.json
2026-04-21T01:50:24.961Z [LOG] [parse_extracted_emails.js] Parsed: parsed-INBOX-uid-5751.json
2026-04-21T01:50:24.961Z [LOG] [parse_extracted_emails.js] Parsed: parsed-INBOX-uid-5752.json
2026-04-21T01:50:24.961Z [LOG] [parse_extracted_emails.js] Parsed: parsed-INBOX-uid-5753.json
2026-04-21T01:50:24.961Z [LOG] [parse_extracted_emails.js] Parsed: parsed-INBOX-uid-5754.json
2026-04-21T01:50:24.961Z [LOG] [parse_extracted_emails.js] Parsed: parsed-INBOX-uid-5755.json
2026-04-21T01:50:24.961Z [LOG] [parse_extracted_emails.js] Parsed: parsed-INBOX-uid-5756.json
2026-04-21T01:50:24.961Z [LOG] [parse_extracted_emails.js] Parsed: parsed-INBOX-uid-5757.json
2026-04-21T01:50:24.961Z [LOG] [parse_extracted_emails.js] Parsed: parsed-INBOX-uid-5758.json
2026-04-21T01:50:24.961Z [LOG] [parse_extracted_emails.js] Parsed: parsed-INBOX-uid-5759.json
2026-04-21T01:50:24.961Z [LOG] [parse_extracted_emails.js] Parsed: parsed-INBOX-uid-5760.json
2026-04-21T01:50:24.961Z [LOG] [parse_extracted_emails.js] Parsed: parsed-INBOX-uid-5761.json
2026-04-21T01:50:24.961Z [LOG] [parse_extracted_emails.js] Parsed: parsed-INBOX-uid-5762.json
2026-04-21T01:50:24.961Z [LOG] [parse_extracted_emails.js] Parsed: parsed-INBOX-uid-5763.json
2026-04-21T01:50:24.961Z [LOG] [parse_extracted_emails.js] Parsed: parsed-INBOX-uid-5764.json
2026-04-21T01:50:24.961Z [LOG] [parse_extracted_emails.js] Parsed: parsed-INBOX-uid-5765.json
2026-04-21T01:50:24.961Z [LOG] [parse_extracted_emails.js] Parsed: parsed-INBOX-uid-5766.json
2026-04-21T01:50:24.961Z [LOG] [parse_extracted_emails.js] Parsed: parsed-INBOX-uid-5767.json
2026-04-21T01:50:24.961Z [LOG] [parse_extracted_emails.js] Parsed: parsed-INBOX-uid-5768.json
2026-04-21T01:50:24.961Z [LOG] [parse_extracted_emails.js] Parsed: parsed-INBOX-uid-5769.json
2026-04-21T01:50:24.961Z [LOG] [parse_extracted_emails.js] Parsed: parsed-INBOX-uid-5770.json
2026-04-21T01:50:24.961Z [LOG] [parse_extracted_emails.js] Parsed: parsed-INBOX-uid-5771.json
2026-04-21T01:50:24.961Z [LOG] [parse_extracted_emails.js] Parsed: parsed-INBOX-uid-5772.json
2026-04-21T01:50:24.961Z [LOG] [parse_extracted_emails.js] Parsed: parsed-INBOX-uid-5773.json
2026-04-21T01:50:24.961Z [LOG] [parse_extracted_emails.js] Parsed: parsed-INBOX-uid-5774.json
2026-04-21T01:50:24.961Z [LOG] [parse_extracted_emails.js] Parsed: parsed-INBOX-uid-5775.json
2026-04-21T01:50:24.961Z [LOG] [parse_extracted_emails.js] Parsed: parsed-INBOX-uid-5776.json
2026-04-21T01:50:24.961Z [LOG] [parse_extracted_emails.js] Parsed: parsed-INBOX-uid-5777.json
2026-04-21T01:50:24.961Z [LOG] [parse_extracted_emails.js] Parsed: parsed-INBOX-uid-5778.json
2026-04-21T01:50:24.961Z [LOG] [parse_extracted_emails.js] Parsed: parsed-INBOX-uid-5779.json
2026-04-21T01:50:24.961Z [LOG] [parse_extracted_emails.js] Parsed: parsed-INBOX-uid-5780.json
2026-04-21T01:50:24.961Z [LOG] [parse_extracted_emails.js] Parsed: parsed-INBOX-uid-5781.json
2026-04-21T01:50:24.961Z [LOG] [parse_extracted_emails.js] Parsed: parsed-INBOX-uid-5782.json
2026-04-21T01:50:24.961Z [LOG] [parse_extracted_emails.js] Parsed: parsed-INBOX-uid-5783.json
2026-04-21T01:50:24.961Z [LOG] [parse_extracted_emails.js] Parsed: parsed-INBOX-uid-5784.json
2026-04-21T01:50:24.961Z [LOG] [parse_extracted_emails.js] Parsed: parsed-INBOX-uid-5785.json
2026-04-21T01:50:24.961Z [LOG] [parse_extracted_emails.js] Parsed: parsed-INBOX-uid-5786.json
2026-04-21T01:50:24.961Z [LOG] [parse_extracted_emails.js] Parsed: parsed-INBOX-uid-5787.json
2026-04-21T01:50:24.961Z [LOG] [parse_extracted_emails.js] Parsed: parsed-INBOX-uid-5788.json
2026-04-21T01:50:24.961Z [LOG] [parse_extracted_emails.js] Parsed: parsed-INBOX-uid-5789.json
2026-04-21T01:50:24.961Z [LOG] [parse_extracted_emails.js] Parsed: parsed-INBOX-uid-5790.json
2026-04-21T01:50:24.961Z [LOG] [parse_extracted_emails.js] Parsed: parsed-INBOX-uid-5791.json
2026-04-21T01:50:24.961Z [LOG] [parse_extracted_emails.js] Parsed: parsed-INBOX-uid-5792.json
2026-04-21T01:50:24.961Z [LOG] [parse_extracted_emails.js] Parsed: parsed-INBOX-uid-5793.json
2026-04-21T01:50:24.961Z [LOG] [parse_extracted_emails.js] Parsed: parsed-INBOX-uid-5794.json
2026-04-21T01:50:24.961Z [LOG] [parse_extracted_emails.js] Parsed: parsed-INBOX-uid-5795.json
2026-04-21T01:50:24.961Z [LOG] [parse_extracted_emails.js] Parsed: parsed-INBOX-uid-5796.json
2026-04-21T01:50:24.961Z [LOG] [parse_extracted_emails.js] Parsed: parsed-INBOX-uid-5797.json
2026-04-21T01:50:24.961Z [LOG] [parse_extracted_emails.js] Parsed: parsed-INBOX-uid-5798.json
2026-04-21T01:50:24.961Z [LOG] [parse_extracted_emails.js] Parsed: parsed-INBOX-uid-5799.json
2026-04-21T01:50:24.961Z [LOG] [parse_extracted_emails.js] Parsed: parsed-INBOX-uid-5800.json
2026-04-21T01:50:24.961Z [LOG] [parse_extracted_emails.js] Parsed: parsed-INBOX-uid-5801.json
2026-04-21T01:50:24.961Z [LOG] [parse_extracted_emails.js] Parsed: parsed-INBOX-uid-5802.json
2026-04-21T01:50:24.961Z [LOG] [parse_extracted_emails.js] Parsed: parsed-INBOX-uid-5803.json
2026-04-21T01:50:24.961Z [LOG] [parse_extracted_emails.js] Parsed: parsed-INBOX-uid-5804.json
2026-04-21T01:50:24.961Z [LOG] [parse_extracted_emails.js] Parsed: parsed-INBOX-uid-5805.json
2026-04-21T01:50:24.961Z [LOG] [parse_extracted_emails.js] Parsed: parsed-INBOX-uid-5806.json
2026-04-21T01:50:24.961Z [LOG] [parse_extracted_emails.js] Parsed: parsed-INBOX-uid-5807.json
2026-04-21T01:50:24.961Z [LOG] [parse_extracted_emails.js] Parsed: parsed-INBOX-uid-5808.json
2026-04-21T01:50:24.961Z [LOG] [parse_extracted_emails.js] Parsed: parsed-INBOX-uid-5809.json
2026-04-21T01:50:24.961Z [LOG] [parse_extracted_emails.js] Parsed: parsed-INBOX-uid-5810.json
2026-04-21T01:50:24.961Z [LOG] [parse_extracted_emails.js] Parsed: parsed-INBOX-uid-5811.json
2026-04-21T01:50:24.961Z [LOG] [parse_extracted_emails.js] Parsed: parsed-INBOX-uid-5812.json
2026-04-21T01:50:24.961Z [LOG] [parse_extracted_emails.js] Parsed: parsed-INBOX-uid-5813.json
2026-04-21T01:50:24.961Z [LOG] [parse_extracted_emails.js] Parsed: parsed-INBOX-uid-5814.json
2026-04-21T01:50:24.961Z [LOG] [parse_extracted_emails.js] Parsed: parsed-INBOX-uid-5815.json
2026-04-21T01:50:24.961Z [LOG] [parse_extracted_emails.js] Parsed: parsed-INBOX-uid-5816.json
2026-04-21T01:50:24.961Z [LOG] [parse_extracted_emails.js] Parsed: parsed-INBOX-uid-5817.json
2026-04-21T01:50:24.961Z [LOG] [parse_extracted_emails.js] Parsed: parsed-INBOX-uid-5818.json
2026-04-21T01:50:24.962Z [LOG] [parse_extracted_emails.js] Parsed: parsed-INBOX-uid-5819.json
2026-04-21T01:50:24.962Z [LOG] [parse_extracted_emails.js] Parsed: parsed-INBOX-uid-5820.json
2026-04-21T01:50:24.962Z [LOG] [parse_extracted_emails.js] Parsed: parsed-INBOX-uid-5821.json
2026-04-21T01:50:24.962Z [LOG] [parse_extracted_emails.js] Parsed: parsed-INBOX-uid-5822.json
2026-04-21T01:50:24.962Z [LOG] [parse_extracted_emails.js] Parsed: parsed-INBOX-uid-5823.json
2026-04-21T01:50:24.962Z [LOG] [parse_extracted_emails.js] Parsed: parsed-INBOX-uid-5824.json
2026-04-21T01:50:24.962Z [LOG] [parse_extracted_emails.js] Parsed: parsed-INBOX-uid-5825.json
2026-04-21T01:50:24.962Z [LOG] [parse_extracted_emails.js] Parsed: parsed-INBOX-uid-5826.json
2026-04-21T01:50:24.962Z [LOG] [parse_extracted_emails.js] Parsed: parsed-INBOX-uid-5827.json
2026-04-21T01:50:24.962Z [LOG] [parse_extracted_emails.js] Parsed: parsed-INBOX-uid-5828.json
2026-04-21T01:50:24.962Z [LOG] [parse_extracted_emails.js] Parsed: parsed-INBOX-uid-5829.json
2026-04-21T01:50:24.962Z [LOG] [parse_extracted_emails.js] Parsed: parsed-INBOX-uid-5830.json
2026-04-21T01:50:24.962Z [LOG] [parse_extracted_emails.js] Parsed: parsed-INBOX-uid-5831.json
2026-04-21T01:50:24.962Z [LOG] [parse_extracted_emails.js] Parsed: parsed-INBOX-uid-5832.json
2026-04-21T01:50:24.962Z [LOG] [parse_extracted_emails.js] Parsed: parsed-INBOX-uid-5833.json
2026-04-21T01:50:24.962Z [LOG] [parse_extracted_emails.js] Parsed: parsed-INBOX-uid-5834.json
2026-04-21T01:50:24.962Z [LOG] [parse_extracted_emails.js] Parsed: parsed-INBOX-uid-5835.json
2026-04-21T01:50:24.962Z [LOG] [parse_extracted_emails.js] Parsed: parsed-INBOX-uid-5836.json
2026-04-21T01:50:24.962Z [LOG] [parse_extracted_emails.js] Parsed: parsed-INBOX-uid-5837.json
2026-04-21T01:50:24.962Z [LOG] [parse_extracted_emails.js] Parsed: parsed-INBOX-uid-5838.json
2026-04-21T01:50:24.962Z [LOG] [parse_extracted_emails.js] Parsed: parsed-INBOX-uid-5839.json
2026-04-21T01:50:24.962Z [LOG] [parse_extracted_emails.js] Parsed: parsed-INBOX-uid-5840.json
2026-04-21T01:50:24.962Z [LOG] [parse_extracted_emails.js] Parsed: parsed-INBOX-uid-5841.json
2026-04-21T01:50:24.962Z [LOG] [parse_extracted_emails.js] Parsed: parsed-INBOX-uid-5842.json
2026-04-21T01:50:24.962Z [LOG] [parse_extracted_emails.js] Parsed: parsed-INBOX-uid-5843.json
2026-04-21T01:50:24.962Z [LOG] [parse_extracted_emails.js] Parsed: parsed-INBOX-uid-5844.json
2026-04-21T01:50:24.962Z [LOG] [parse_extracted_emails.js] Parsed: parsed-INBOX-uid-5845.json
2026-04-21T01:50:24.962Z [LOG] [parse_extracted_emails.js] Parsed: parsed-INBOX-uid-5846.json
2026-04-21T01:50:24.962Z [LOG] [parse_extracted_emails.js] Parsed: parsed-INBOX-uid-5847.json
2026-04-21T01:50:24.962Z [LOG] [parse_extracted_emails.js] Parsed: parsed-INBOX-uid-5848.json
2026-04-21T01:50:24.962Z [LOG] [parse_extracted_emails.js] Parsed: parsed-INBOX-uid-5849.json
2026-04-21T01:50:24.962Z [LOG] [parse_extracted_emails.js] Parsed: parsed-INBOX-uid-5850.json
2026-04-21T01:50:24.962Z [LOG] [parse_extracted_emails.js] Parsed: parsed-INBOX-uid-5851.json
2026-04-21T01:50:24.962Z [LOG] [parse_extracted_emails.js] Parsed: parsed-INBOX-uid-5852.json
2026-04-21T01:50:24.962Z [LOG] [parse_extracted_emails.js] Parsed: parsed-INBOX-uid-5853.json
2026-04-21T01:50:24.962Z [LOG] [parse_extracted_emails.js] Parsed: parsed-INBOX-uid-5854.json
2026-04-21T01:50:24.962Z [LOG] [parse_extracted_emails.js] Parsed: parsed-INBOX-uid-5855.json
2026-04-21T01:50:24.962Z [LOG] [parse_extracted_emails.js] Parsed: parsed-INBOX-uid-5856.json
2026-04-21T01:50:24.962Z [LOG] [parse_extracted_emails.js] Parsed: parsed-INBOX-uid-5857.json
2026-04-21T01:50:24.962Z [LOG] [parse_extracted_emails.js] Parsed: parsed-INBOX-uid-5858.json
2026-04-21T01:50:24.962Z [LOG] [parse_extracted_emails.js] Parsed: parsed-INBOX-uid-5859.json
2026-04-21T01:50:24.962Z [LOG] [parse_extracted_emails.js] Parsed: parsed-INBOX-uid-5860.json
2026-04-21T01:50:24.962Z [LOG] [parse_extracted_emails.js] Parsed: parsed-INBOX-uid-5861.json
2026-04-21T01:50:24.962Z [LOG] [parse_extracted_emails.js] Parsed: parsed-INBOX-uid-5862.json
2026-04-21T01:50:24.962Z [LOG] [parse_extracted_emails.js] Parsed: parsed-INBOX-uid-5863.json
2026-04-21T01:50:24.962Z [LOG] [parse_extracted_emails.js] Parsed: parsed-INBOX-uid-5864.json
2026-04-21T01:50:24.962Z [LOG] [parse_extracted_emails.js] Parsed: parsed-INBOX-uid-5865.json
2026-04-21T01:50:24.962Z [LOG] [parse_extracted_emails.js] Parsed: parsed-INBOX-uid-5866.json
2026-04-21T01:50:24.962Z [LOG] [parse_extracted_emails.js] Parsed: parsed-INBOX-uid-5867.json
2026-04-21T01:50:24.962Z [LOG] [parse_extracted_emails.js] Parsed: parsed-INBOX-uid-5868.json
2026-04-21T01:50:24.962Z [LOG] [parse_extracted_emails.js] Parsed: parsed-INBOX-uid-5869.json
2026-04-21T01:50:24.962Z [LOG] [parse_extracted_emails.js] Parsed: parsed-INBOX-uid-5870.json
2026-04-21T01:50:24.962Z [LOG] [parse_extracted_emails.js] Parsed: parsed-INBOX-uid-5871.json
2026-04-21T01:50:24.962Z [LOG] [parse_extracted_emails.js] Parsed: parsed-INBOX-uid-5872.json
2026-04-21T01:50:24.962Z [LOG] [parse_extracted_emails.js] Parsed: parsed-INBOX-uid-5873.json
2026-04-21T01:50:24.962Z [LOG] [parse_extracted_emails.js] Parsed: parsed-INBOX-uid-5874.json
2026-04-21T01:50:24.962Z [LOG] [parse_extracted_emails.js] Parsed: parsed-INBOX-uid-5875.json
2026-04-21T01:50:24.962Z [LOG] [parse_extracted_emails.js] Parsed: parsed-INBOX-uid-5876.json
2026-04-21T01:50:24.962Z [LOG] [parse_extracted_emails.js] Parsed: parsed-INBOX-uid-5877.json
2026-04-21T01:50:24.962Z [LOG] [parse_extracted_emails.js] Parsed: parsed-INBOX-uid-5878.json
2026-04-21T01:50:24.962Z [LOG] [parse_extracted_emails.js] Parsed: parsed-INBOX-uid-5879.json
2026-04-21T01:50:24.962Z [LOG] [parse_extracted_emails.js] Parsed: parsed-INBOX-uid-5880.json
2026-04-21T01:50:24.962Z [LOG] [parse_extracted_emails.js] Parsed: parsed-INBOX-uid-5881.json
2026-04-21T01:50:24.962Z [LOG] [parse_extracted_emails.js] Parsed: parsed-INBOX-uid-5882.json
2026-04-21T01:50:24.962Z [LOG] [parse_extracted_emails.js] Parsed: parsed-INBOX-uid-5883.json
2026-04-21T01:50:24.962Z [LOG] [parse_extracted_emails.js] Parsed: parsed-INBOX-uid-5884.json
2026-04-21T01:50:24.962Z [LOG] [parse_extracted_emails.js] Parsed: parsed-INBOX-uid-5885.json
2026-04-21T01:50:24.962Z [LOG] [parse_extracted_emails.js] Parsed: parsed-INBOX-uid-5886.json
2026-04-21T01:50:24.962Z [LOG] [parse_extracted_emails.js] Parsed: parsed-INBOX-uid-5887.json
2026-04-21T01:50:24.962Z [LOG] [parse_extracted_emails.js] Parsed: parsed-INBOX-uid-5888.json
2026-04-21T01:50:24.962Z [LOG] [parse_extracted_emails.js] Parsed: parsed-INBOX-uid-5889.json
2026-04-21T01:50:24.962Z [LOG] [parse_extracted_emails.js] Parsed: parsed-INBOX-uid-5890.json
2026-04-21T01:50:24.962Z [LOG] [parse_extracted_emails.js] Parsed: parsed-INBOX-uid-5891.json
2026-04-21T01:50:24.962Z [LOG] [parse_extracted_emails.js] Parsed: parsed-INBOX-uid-5892.json
2026-04-21T01:50:24.962Z [LOG] [parse_extracted_emails.js] Parsed: parsed-INBOX-uid-5893.json
2026-04-21T01:50:24.962Z [LOG] [parse_extracted_emails.js] Parsed: parsed-INBOX-uid-5894.json
2026-04-21T01:50:24.962Z [LOG] [parse_extracted_emails.js] Parsed: parsed-INBOX-uid-5895.json
2026-04-21T01:50:24.962Z [LOG] [parse_extracted_emails.js] Parsed: parsed-INBOX-uid-5896.json
2026-04-21T01:50:24.962Z [LOG] [parse_extracted_emails.js] Parsed: parsed-INBOX-uid-5897.json
2026-04-21T01:50:24.962Z [LOG] [parse_extracted_emails.js] Parsed: parsed-INBOX-uid-5898.json
2026-04-21T01:50:24.962Z [LOG] [parse_extracted_emails.js] Parsed: parsed-INBOX-uid-5899.json
2026-04-21T01:50:24.962Z [LOG] [parse_extracted_emails.js] Parsed: parsed-INBOX-uid-5900.json
2026-04-21T01:50:24.962Z [LOG] [parse_extracted_emails.js] Parsed: parsed-INBOX-uid-5901.json
2026-04-21T01:50:24.962Z [LOG] [parse_extracted_emails.js] Parsed: parsed-INBOX-uid-5902.json
2026-04-21T01:50:24.962Z [LOG] [parse_extracted_emails.js] Parsed: parsed-INBOX-uid-5903.json
2026-04-21T01:50:24.962Z [LOG] [parse_extracted_emails.js] Parsed: parsed-INBOX-uid-5904.json
2026-04-21T01:50:24.962Z [LOG] [parse_extracted_emails.js] Parsed: parsed-INBOX-uid-5905.json
2026-04-21T01:50:24.962Z [LOG] [parse_extracted_emails.js] Parsed: parsed-INBOX-uid-5906.json
2026-04-21T01:50:24.962Z [LOG] [parse_extracted_emails.js] Parsed: parsed-INBOX-uid-5907.json
2026-04-21T01:50:24.962Z [LOG] [parse_extracted_emails.js] Parsed: parsed-INBOX-uid-5911.json
2026-04-21T01:50:24.962Z [LOG] [parse_extracted_emails.js] Parsed: parsed-INBOX-uid-5912.json
2026-04-21T01:50:24.962Z [LOG] [parse_extracted_emails.js] Parsed: parsed-INBOX-uid-5913.json
2026-04-21T01:50:24.962Z [LOG] [parse_extracted_emails.js] Parsed: parsed-INBOX-uid-5914.json
2026-04-21T01:50:24.962Z [LOG] [parse_extracted_emails.js] Parsed: parsed-INBOX-uid-5915.json
2026-04-21T01:50:24.962Z [LOG] [parse_extracted_emails.js] Parsed: parsed-INBOX-uid-5916.json
2026-04-21T01:50:24.962Z [LOG] [parse_extracted_emails.js] Parsed: parsed-INBOX-uid-5917.json
2026-04-21T01:50:24.962Z [LOG] [parse_extracted_emails.js] Parsed: parsed-INBOX-uid-5918.json
2026-04-21T01:50:24.962Z [LOG] [parse_extracted_emails.js] Parsed: parsed-INBOX-uid-5919.json
2026-04-21T01:50:24.962Z [LOG] [parse_extracted_emails.js] Parsed: parsed-INBOX-uid-5920.json
2026-04-21T01:50:24.962Z [LOG] [parse_extracted_emails.js] Parsed: parsed-INBOX-uid-5921.json
2026-04-21T01:50:24.962Z [LOG] [parse_extracted_emails.js] Parsed: parsed-INBOX-uid-5922.json
2026-04-21T01:50:24.962Z [LOG] [parse_extracted_emails.js] Parsed: parsed-INBOX-uid-5923.json
2026-04-21T01:50:24.962Z [LOG] [parse_extracted_emails.js] Parsed: parsed-INBOX-uid-5924.json
2026-04-21T01:50:24.962Z [LOG] [parse_extracted_emails.js] Parsed: parsed-INBOX-uid-5925.json
2026-04-21T01:50:24.962Z [LOG] [parse_extracted_emails.js] Parsed: parsed-INBOX-uid-5926.json
2026-04-21T01:50:24.962Z [LOG] [parse_extracted_emails.js] Parsed: parsed-INBOX-uid-5927.json
2026-04-21T01:50:24.962Z [LOG] [parse_extracted_emails.js] Parsed: parsed-INBOX-uid-5928.json
2026-04-21T01:50:24.962Z [LOG] [parse_extracted_emails.js] Parsed: parsed-INBOX-uid-5929.json
2026-04-21T01:50:24.962Z [LOG] [parse_extracted_emails.js] Parsed: parsed-INBOX-uid-5930.json
2026-04-21T01:50:24.962Z [LOG] [parse_extracted_emails.js] Parsed: parsed-INBOX-uid-5931.json
2026-04-21T01:50:24.962Z [LOG] [parse_extracted_emails.js] Parsed: parsed-INBOX-uid-5932.json
2026-04-21T01:50:24.962Z [LOG] [parse_extracted_emails.js] Parsed: parsed-INBOX-uid-5934.json
2026-04-21T01:50:24.962Z [LOG] [parse_extracted_emails.js] Parsed: parsed-INBOX-uid-5935.json
2026-04-21T01:50:24.962Z [LOG] [parse_extracted_emails.js] Parsed: parsed-INBOX-uid-5936.json
2026-04-21T01:50:24.962Z [LOG] [parse_extracted_emails.js] Parsed: parsed-INBOX-uid-5937.json
2026-04-21T01:50:24.962Z [LOG] [parse_extracted_emails.js] Parsed: parsed-INBOX-uid-5938.json
2026-04-21T01:50:24.962Z [LOG] [parse_extracted_emails.js] Parsed: parsed-INBOX-uid-5939.json
2026-04-21T01:50:24.962Z [LOG] [parse_extracted_emails.js] Parsed: parsed-INBOX-uid-5940.json
2026-04-21T01:50:24.962Z [LOG] [parse_extracted_emails.js] Parsed: parsed-INBOX-uid-5941.json
2026-04-21T01:50:24.962Z [LOG] [parse_extracted_emails.js] Parsed: parsed-INBOX-uid-5942.json
2026-04-21T01:50:24.962Z [LOG] [parse_extracted_emails.js] Parsed: parsed-INBOX-uid-5943.json
2026-04-21T01:50:24.962Z [LOG] [parse_extracted_emails.js] Parsed: parsed-INBOX-uid-5944.json
2026-04-21T01:50:24.962Z [LOG] [parse_extracted_emails.js] Parsed: parsed-INBOX-uid-5945.json
2026-04-21T01:50:24.962Z [LOG] [parse_extracted_emails.js] Parsed: parsed-INBOX-uid-5946.json
2026-04-21T01:50:24.962Z [LOG] [parse_extracted_emails.js] Parsed: parsed-INBOX-uid-5948.json
2026-04-21T01:50:24.962Z [LOG] [parse_extracted_emails.js] Parsed: parsed-INBOX-uid-5949.json
2026-04-21T01:50:24.962Z [LOG] [parse_extracted_emails.js] Parsed: parsed-INBOX-uid-5950.json
2026-04-21T01:50:24.962Z [LOG] [parse_extracted_emails.js] Parsed: parsed-INBOX-uid-5951.json
2026-04-21T01:50:24.962Z [LOG] [parse_extracted_emails.js] Parsed: parsed-INBOX-uid-5952.json
2026-04-21T01:50:24.962Z [LOG] [parse_extracted_emails.js] Parsed: parsed-INBOX-uid-5953.json
2026-04-21T01:50:24.962Z [LOG] [parse_extracted_emails.js] Parsed: parsed-INBOX-uid-5954.json
2026-04-21T01:50:24.962Z [LOG] [parse_extracted_emails.js] Parsed: parsed-INBOX-uid-5955.json
2026-04-21T01:50:24.962Z [LOG] [parse_extracted_emails.js] Parsed: parsed-INBOX-uid-5956.json
2026-04-21T01:50:24.962Z [LOG] [parse_extracted_emails.js] Parsed: parsed-INBOX-uid-5957.json
2026-04-21T01:50:24.962Z [LOG] [parse_extracted_emails.js] Parsed: parsed-INBOX-uid-5958.json
2026-04-21T01:50:24.962Z [LOG] [parse_extracted_emails.js] Parsed: parsed-INBOX-uid-5959.json
2026-04-21T01:50:24.962Z [LOG] [parse_extracted_emails.js] Parsed: parsed-INBOX-uid-5960.json
2026-04-21T01:50:24.962Z [LOG] [parse_extracted_emails.js] Parsed: parsed-INBOX-uid-5961.json
2026-04-21T01:50:24.962Z [LOG] [parse_extracted_emails.js] Parsed: parsed-INBOX-uid-5962.json
2026-04-21T01:50:24.962Z [LOG] [parse_extracted_emails.js] Parsed: parsed-INBOX-uid-5963.json
2026-04-21T01:50:24.962Z [LOG] [parse_extracted_emails.js] Parsed: parsed-INBOX-uid-5964.json
2026-04-21T01:50:24.962Z [LOG] [parse_extracted_emails.js] Parsed: parsed-INBOX-uid-5965.json
2026-04-21T01:50:24.962Z [LOG] [parse_extracted_emails.js] Parsed: parsed-INBOX-uid-5966.json
2026-04-21T01:50:24.962Z [LOG] [parse_extracted_emails.js] Parsed: parsed-INBOX-uid-5967.json
2026-04-21T01:50:24.962Z [LOG] [parse_extracted_emails.js] Parsed: parsed-INBOX-uid-5968.json
2026-04-21T01:50:24.962Z [LOG] [parse_extracted_emails.js] Parsed: parsed-INBOX-uid-5969.json
2026-04-21T01:50:24.962Z [LOG] [parse_extracted_emails.js] Parsed: parsed-INBOX-uid-5970.json
2026-04-21T01:50:24.962Z [LOG] [parse_extracted_emails.js] Parsed: parsed-INBOX-uid-5971.json
2026-04-21T01:50:24.962Z [LOG] [parse_extracted_emails.js] Parsed: parsed-INBOX-uid-5972.json
2026-04-21T01:50:24.962Z [LOG] [parse_extracted_emails.js] Parsed: parsed-INBOX-uid-5973.json
2026-04-21T01:50:24.962Z [LOG] [parse_extracted_emails.js] Parsed: parsed-INBOX-uid-5974.json
2026-04-21T01:50:24.962Z [LOG] [parse_extracted_emails.js] Parsed: parsed-INBOX-uid-5975.json
2026-04-21T01:50:24.962Z [LOG] [parse_extracted_emails.js] Parsed: parsed-INBOX-uid-5976.json
2026-04-21T01:50:24.962Z [LOG] [parse_extracted_emails.js] Parsed: parsed-INBOX-uid-5977.json
2026-04-21T01:50:24.962Z [LOG] [parse_extracted_emails.js] Parsed: parsed-INBOX-uid-5978.json
2026-04-21T01:50:24.962Z [LOG] [parse_extracted_emails.js] Parsed: parsed-INBOX-uid-5979.json
2026-04-21T01:50:24.962Z [LOG] [parse_extracted_emails.js] Parsed: parsed-INBOX-uid-5980.json
2026-04-21T01:50:24.962Z [LOG] [parse_extracted_emails.js] Parsed: parsed-INBOX-uid-5981.json
2026-04-21T01:50:24.962Z [LOG] [parse_extracted_emails.js] Parsed: parsed-INBOX-uid-5982.json
2026-04-21T01:50:24.962Z [LOG] [parse_extracted_emails.js] Parsed: parsed-INBOX-uid-5983.json
2026-04-21T01:50:24.962Z [LOG] [parse_extracted_emails.js] Parsed: parsed-INBOX-uid-6005.json
2026-04-21T01:50:24.962Z [LOG] [parse_extracted_emails.js] Parsed: parsed-INBOX-uid-6006.json
2026-04-21T01:50:24.962Z [LOG] [parse_extracted_emails.js] Parsed: parsed-INBOX-uid-6007.json
2026-04-21T01:50:24.962Z [LOG] [parse_extracted_emails.js] Parsed: parsed-INBOX-uid-6008.json
2026-04-21T01:50:24.962Z [LOG] [parse_extracted_emails.js] Parsed: parsed-INBOX-uid-6009.json
2026-04-21T01:50:24.962Z [LOG] [parse_extracted_emails.js] Parsed: parsed-INBOX-uid-6010.json
2026-04-21T01:50:24.962Z [LOG] [parse_extracted_emails.js] Parsed: parsed-INBOX-uid-6011.json
2026-04-21T01:50:24.962Z [LOG] [parse_extracted_emails.js] Parsed: parsed-INBOX-uid-6012.json
2026-04-21T01:50:24.962Z [LOG] [parse_extracted_emails.js] Parsed: parsed-INBOX-uid-6013.json
2026-04-21T01:50:24.962Z [LOG] [parse_extracted_emails.js] Parsed: parsed-INBOX-uid-6014.json
2026-04-21T01:50:24.962Z [LOG] [parse_extracted_emails.js] Parsed: parsed-INBOX-uid-6015.json
2026-04-21T01:50:24.962Z [LOG] [parse_extracted_emails.js] Parsed: parsed-INBOX-uid-6016.json
2026-04-21T01:50:24.962Z [LOG] [parse_extracted_emails.js] Parsed: parsed-INBOX-uid-6017.json
2026-04-21T01:50:24.962Z [LOG] [parse_extracted_emails.js] Parsed: parsed-INBOX-uid-6018.json
2026-04-21T01:50:24.962Z [LOG] [parse_extracted_emails.js] Parsed: parsed-INBOX-uid-6019.json
2026-04-21T01:50:24.962Z [LOG] [parse_extracted_emails.js] Parsed: parsed-INBOX-uid-6020.json
2026-04-21T01:50:24.962Z [LOG] [parse_extracted_emails.js] Parsed: parsed-INBOX-uid-6021.json
2026-04-21T01:50:24.962Z [LOG] [parse_extracted_emails.js] Parsed: parsed-INBOX-uid-6022.json
2026-04-21T01:50:24.963Z [LOG] [parse_extracted_emails.js] Parsed: parsed-INBOX-uid-6023.json
2026-04-21T01:50:24.963Z [LOG] [parse_extracted_emails.js] Parsed: parsed-INBOX-uid-6024.json
2026-04-21T01:50:24.963Z [LOG] [parse_extracted_emails.js] Parsed: parsed-INBOX-uid-6025.json
2026-04-21T01:50:24.963Z [LOG] [parse_extracted_emails.js] Parsed: parsed-INBOX-uid-6026.json
2026-04-21T01:50:24.963Z [LOG] [parse_extracted_emails.js] Parsed: parsed-INBOX-uid-6027.json
2026-04-21T01:50:24.963Z [LOG] [parse_extracted_emails.js] Parsed: parsed-INBOX-uid-6028.json
2026-04-21T01:50:24.963Z [LOG] [parse_extracted_emails.js] Parsed: parsed-INBOX-uid-6029.json
2026-04-21T01:50:24.963Z [LOG] [parse_extracted_emails.js] Parsed: parsed-INBOX-uid-6030.json
2026-04-21T01:50:24.963Z [LOG] [parse_extracted_emails.js] Parsed: parsed-INBOX-uid-6031.json
2026-04-21T01:50:24.963Z [LOG] [parse_extracted_emails.js] Parsed: parsed-INBOX-uid-6032.json
2026-04-21T01:50:24.963Z [LOG] [parse_extracted_emails.js] Parsed: parsed-INBOX-uid-6033.json
2026-04-21T01:50:24.963Z [LOG] [parse_extracted_emails.js] Parsed: parsed-INBOX-uid-6034.json
2026-04-21T01:50:24.963Z [LOG] [parse_extracted_emails.js] Parsed: parsed-INBOX-uid-6035.json
2026-04-21T01:50:24.963Z [LOG] [parse_extracted_emails.js] Parsed: parsed-INBOX-uid-6036.json
2026-04-21T01:50:24.963Z [LOG] [parse_extracted_emails.js] Parsed: parsed-INBOX-uid-6037.json
2026-04-21T01:50:24.963Z [LOG] [parse_extracted_emails.js] Parsed: parsed-INBOX-uid-6038.json
2026-04-21T01:50:24.963Z [LOG] [parse_extracted_emails.js] Parsed: parsed-INBOX-uid-6039.json
2026-04-21T01:50:24.963Z [LOG] [parse_extracted_emails.js] Parsed: parsed-INBOX-uid-6040.json
2026-04-21T01:50:24.963Z [LOG] [parse_extracted_emails.js] Parsed: parsed-INBOX-uid-6041.json
2026-04-21T01:50:24.963Z [LOG] [parse_extracted_emails.js] Parsed: parsed-INBOX-uid-6042.json
2026-04-21T01:50:24.963Z [LOG] [parse_extracted_emails.js] Parsed: parsed-INBOX-uid-6043.json
2026-04-21T01:50:24.963Z [LOG] [parse_extracted_emails.js] Parsed: parsed-INBOX-uid-6044.json
2026-04-21T01:50:24.963Z [LOG] [parse_extracted_emails.js] Parsed: parsed-INBOX-uid-6045.json
2026-04-21T01:50:24.963Z [LOG] [parse_extracted_emails.js] Parsed: parsed-INBOX-uid-6046.json
2026-04-21T01:50:24.963Z [LOG] [parse_extracted_emails.js] Parsed: parsed-INBOX-uid-6047.json
2026-04-21T01:50:24.963Z [LOG] [parse_extracted_emails.js] Parsed: parsed-INBOX-uid-6048.json
2026-04-21T01:50:24.963Z [LOG] [parse_extracted_emails.js] Parsed: parsed-INBOX-uid-6049.json
2026-04-21T01:50:24.963Z [LOG] [parse_extracted_emails.js] Parsed: parsed-INBOX-uid-6050.json
2026-04-21T01:50:24.963Z [LOG] [parse_extracted_emails.js] Parsed: parsed-INBOX-uid-6051.json
2026-04-21T01:50:24.963Z [LOG] [parse_extracted_emails.js] Parsed: parsed-INBOX-uid-6052.json
2026-04-21T01:50:24.963Z [LOG] [parse_extracted_emails.js] Parsed: parsed-INBOX-uid-6053.json
2026-04-21T01:50:24.963Z [LOG] [parse_extracted_emails.js] Parsed: parsed-INBOX-uid-6054.json
2026-04-21T01:50:24.963Z [LOG] [parse_extracted_emails.js] Parsed: parsed-INBOX-uid-6055.json
2026-04-21T01:50:24.963Z [LOG] [parse_extracted_emails.js] Parsed: parsed-INBOX-uid-6056.json
2026-04-21T01:50:24.963Z [LOG] [parse_extracted_emails.js] Parsed: parsed-INBOX-uid-6057.json
2026-04-21T01:50:24.963Z [LOG] [parse_extracted_emails.js] Parsed: parsed-INBOX-uid-6058.json
2026-04-21T01:50:24.963Z [LOG] [parse_extracted_emails.js] Parsed: parsed-INBOX-uid-6059.json
2026-04-21T01:50:24.963Z [LOG] [parse_extracted_emails.js] Parsed: parsed-INBOX-uid-6060.json
2026-04-21T01:50:24.963Z [LOG] [parse_extracted_emails.js] Parsed: parsed-INBOX-uid-6061.json
2026-04-21T01:50:24.963Z [LOG] [parse_extracted_emails.js] Parsed: parsed-INBOX-uid-6062.json
2026-04-21T01:50:24.963Z [LOG] [parse_extracted_emails.js] Parsed: parsed-INBOX-uid-6063.json
2026-04-21T01:50:24.963Z [LOG] [parse_extracted_emails.js] Parsed: parsed-INBOX-uid-6064.json
2026-04-21T01:50:24.963Z [LOG] [parse_extracted_emails.js] Parsed: parsed-INBOX-uid-6065.json
2026-04-21T01:50:24.963Z [LOG] [parse_extracted_emails.js] Parsed: parsed-INBOX-uid-6066.json
2026-04-21T01:50:24.963Z [LOG] [parse_extracted_emails.js] Parsed: parsed-INBOX-uid-6067.json
2026-04-21T01:50:24.963Z [LOG] [parse_extracted_emails.js] Parsed: parsed-INBOX-uid-6068.json
2026-04-21T01:50:24.963Z [LOG] [parse_extracted_emails.js] Parsed: parsed-INBOX-uid-6069.json
2026-04-21T01:50:24.963Z [LOG] [parse_extracted_emails.js] Parsed: parsed-INBOX-uid-6070.json
2026-04-21T01:50:24.963Z [LOG] [parse_extracted_emails.js] Parsed: parsed-INBOX-uid-6071.json
2026-04-21T01:50:24.963Z [LOG] [parse_extracted_emails.js] Parsed: parsed-INBOX-uid-6072.json
2026-04-21T01:50:24.963Z [LOG] [parse_extracted_emails.js] Parsed: parsed-INBOX-uid-6073.json
2026-04-21T01:50:24.963Z [LOG] [parse_extracted_emails.js] Parsed: parsed-INBOX-uid-6074.json
2026-04-21T01:50:24.963Z [LOG] [parse_extracted_emails.js] Parsed: parsed-INBOX-uid-6075.json
2026-04-21T01:50:24.963Z [LOG] [parse_extracted_emails.js] Parsed: parsed-INBOX-uid-6076.json
2026-04-21T01:50:24.963Z [LOG] [parse_extracted_emails.js] Parsed: parsed-INBOX-uid-6077.json
2026-04-21T01:50:24.963Z [LOG] [parse_extracted_emails.js] Parsed: parsed-INBOX-uid-6078.json
2026-04-21T01:50:24.963Z [LOG] [parse_extracted_emails.js] Parsed: parsed-INBOX-uid-6079.json
2026-04-21T01:50:24.963Z [LOG] [parse_extracted_emails.js] Parsed: parsed-INBOX-uid-6080.json
2026-04-21T01:50:24.963Z [LOG] [parse_extracted_emails.js] Parsed: parsed-INBOX-uid-6081.json
2026-04-21T01:50:24.963Z [LOG] [parse_extracted_emails.js] Parsed: parsed-INBOX-uid-6082.json
2026-04-21T01:50:24.963Z [LOG] [parse_extracted_emails.js] Parsed: parsed-INBOX-uid-6083.json
2026-04-21T01:50:24.963Z [LOG] [parse_extracted_emails.js] Parsed: parsed-INBOX-uid-6084.json
2026-04-21T01:50:24.963Z [LOG] [parse_extracted_emails.js] Parsed: parsed-INBOX-uid-6085.json
2026-04-21T01:50:24.963Z [LOG] [parse_extracted_emails.js] Parsed: parsed-INBOX-uid-6086.json
2026-04-21T01:50:24.963Z [LOG] [parse_extracted_emails.js] Parsed: parsed-INBOX-uid-6087.json
2026-04-21T01:50:24.963Z [LOG] [parse_extracted_emails.js] Parsed: parsed-INBOX-uid-6088.json
2026-04-21T01:50:24.963Z [LOG] [parse_extracted_emails.js] Parsed: parsed-INBOX-uid-6089.json
2026-04-21T01:50:24.963Z [LOG] [parse_extracted_emails.js] Parsed: parsed-INBOX-uid-6090.json
2026-04-21T01:50:24.963Z [LOG] [parse_extracted_emails.js] Parsed: parsed-INBOX-uid-6091.json
2026-04-21T01:50:24.963Z [LOG] [parse_extracted_emails.js] Parsed: parsed-INBOX-uid-6092.json
2026-04-21T01:50:24.963Z [LOG] [parse_extracted_emails.js] Parsed: parsed-INBOX-uid-6093.json
2026-04-21T01:50:24.963Z [LOG] [parse_extracted_emails.js] Parsed: parsed-INBOX-uid-6094.json
2026-04-21T01:50:24.963Z [LOG] [parse_extracted_emails.js] Parsed: parsed-INBOX-uid-6095.json
2026-04-21T01:50:24.963Z [LOG] [parse_extracted_emails.js] Parsed: parsed-INBOX-uid-6096.json
2026-04-21T01:50:24.963Z [LOG] [parse_extracted_emails.js] Parsed: parsed-INBOX-uid-6097.json
2026-04-21T01:50:24.963Z [LOG] [parse_extracted_emails.js] Parsed: parsed-INBOX-uid-6098.json
2026-04-21T01:50:24.963Z [LOG] [parse_extracted_emails.js] Parsed: parsed-INBOX-uid-6099.json
2026-04-21T01:50:24.963Z [LOG] [parse_extracted_emails.js] Parsed: parsed-INBOX-uid-6100.json
2026-04-21T01:50:24.963Z [LOG] [parse_extracted_emails.js] Parsed: parsed-INBOX-uid-6101.json
2026-04-21T01:50:24.963Z [LOG] [parse_extracted_emails.js] Parsed: parsed-INBOX-uid-6102.json
2026-04-21T01:50:24.963Z [LOG] [parse_extracted_emails.js] Parsed: parsed-INBOX-uid-6103.json
2026-04-21T01:50:24.963Z [LOG] [parse_extracted_emails.js] Parsed: parsed-INBOX-uid-6104.json
2026-04-21T01:50:24.963Z [LOG] [parse_extracted_emails.js] Parsed: parsed-INBOX-uid-6105.json
2026-04-21T01:50:24.963Z [LOG] [parse_extracted_emails.js] Parsed: parsed-INBOX-uid-6106.json
2026-04-21T01:50:24.963Z [LOG] [parse_extracted_emails.js] Parsed: parsed-INBOX-uid-6107.json
2026-04-21T01:50:24.963Z [LOG] [parse_extracted_emails.js] Parsed: parsed-INBOX-uid-6108.json
2026-04-21T01:50:24.963Z [LOG] [parse_extracted_emails.js] Parsed: parsed-INBOX-uid-6109.json
2026-04-21T01:50:24.963Z [LOG] [parse_extracted_emails.js] Parsed: parsed-INBOX-uid-6110.json
2026-04-21T01:50:24.963Z [LOG] [parse_extracted_emails.js] Parsed: parsed-INBOX-uid-6111.json
2026-04-21T01:50:24.963Z [LOG] [parse_extracted_emails.js] Parsed: parsed-INBOX-uid-6112.json
2026-04-21T01:50:24.963Z [LOG] [parse_extracted_emails.js] Parsed: parsed-INBOX-uid-6113.json
2026-04-21T01:50:24.963Z [LOG] [parse_extracted_emails.js] Parsed: parsed-INBOX-uid-6114.json
2026-04-21T01:50:24.963Z [LOG] [parse_extracted_emails.js] Parsed: parsed-INBOX-uid-6115.json
2026-04-21T01:50:24.963Z [LOG] [parse_extracted_emails.js] Parsed: parsed-INBOX-uid-6116.json
2026-04-21T01:50:24.963Z [LOG] [parse_extracted_emails.js] Parsed: parsed-INBOX-uid-6117.json
2026-04-21T01:50:24.963Z [LOG] [parse_extracted_emails.js] Parsed: parsed-INBOX-uid-6118.json
2026-04-21T01:50:24.963Z [LOG] [parse_extracted_emails.js] Parsed: parsed-INBOX-uid-6119.json
2026-04-21T01:50:24.963Z [LOG] [parse_extracted_emails.js] Parsed: parsed-INBOX-uid-6120.json
2026-04-21T01:50:24.963Z [LOG] [parse_extracted_emails.js] Parsed: parsed-INBOX-uid-6121.json
2026-04-21T01:50:24.963Z [LOG] [parse_extracted_emails.js] Parsed: parsed-INBOX-uid-6122.json
2026-04-21T01:50:24.963Z [LOG] [parse_extracted_emails.js] Parsed: parsed-INBOX-uid-6123.json
2026-04-21T01:50:24.963Z [LOG] [parse_extracted_emails.js] Parsed: parsed-INBOX-uid-6124.json
2026-04-21T01:50:24.963Z [LOG] [parse_extracted_emails.js] Parsed: parsed-INBOX-uid-6125.json
2026-04-21T01:50:24.963Z [LOG] [parse_extracted_emails.js] Parsed: parsed-INBOX-uid-6126.json
2026-04-21T01:50:24.963Z [LOG] [parse_extracted_emails.js] Parsed: parsed-INBOX-uid-6127.json
2026-04-21T01:50:24.963Z [LOG] [parse_extracted_emails.js] Parsed: parsed-INBOX-uid-6128.json
2026-04-21T01:50:24.963Z [LOG] [parse_extracted_emails.js] Parsed: parsed-INBOX-uid-6129.json
2026-04-21T01:50:24.963Z [LOG] [parse_extracted_emails.js] Parsed: parsed-INBOX-uid-6130.json
2026-04-21T01:50:24.963Z [LOG] [parse_extracted_emails.js] Parsed: parsed-INBOX-uid-6131.json
2026-04-21T01:50:24.963Z [LOG] [parse_extracted_emails.js] Parsed: parsed-INBOX-uid-6132.json
2026-04-21T01:50:24.963Z [LOG] [parse_extracted_emails.js] Parsed: parsed-INBOX-uid-6133.json
2026-04-21T01:50:24.963Z [LOG] [parse_extracted_emails.js] Parsed: parsed-INBOX-uid-6134.json
2026-04-21T01:50:24.963Z [LOG] [parse_extracted_emails.js] Parsed: parsed-INBOX-uid-6135.json
2026-04-21T01:50:24.963Z [LOG] [parse_extracted_emails.js] Parsed: parsed-INBOX-uid-6136.json
2026-04-21T01:50:24.963Z [LOG] [parse_extracted_emails.js] Parsed: parsed-INBOX-uid-6137.json
2026-04-21T01:50:24.963Z [LOG] [parse_extracted_emails.js] Parsed: parsed-INBOX-uid-6138.json
2026-04-21T01:50:24.963Z [LOG] [parse_extracted_emails.js] Parsed: parsed-INBOX-uid-6139.json
2026-04-21T01:50:24.963Z [LOG] [parse_extracted_emails.js] Parsed: parsed-INBOX-uid-6140.json
2026-04-21T01:50:24.963Z [LOG] [parse_extracted_emails.js] Parsed: parsed-INBOX-uid-6141.json
2026-04-21T01:50:24.963Z [LOG] [parse_extracted_emails.js] Parsed: parsed-INBOX-uid-6142.json
2026-04-21T01:50:24.963Z [LOG] [parse_extracted_emails.js] Parsed: parsed-INBOX-uid-6143.json
2026-04-21T01:50:24.963Z [LOG] [parse_extracted_emails.js] Parsed: parsed-INBOX-uid-6144.json
2026-04-21T01:50:24.963Z [LOG] [parse_extracted_emails.js] Parsed: parsed-INBOX-uid-6145.json
2026-04-21T01:50:24.963Z [LOG] [parse_extracted_emails.js] Parsed: parsed-INBOX-uid-6146.json
2026-04-21T01:50:24.963Z [LOG] [parse_extracted_emails.js] Parsed: parsed-INBOX-uid-6147.json
2026-04-21T01:50:24.963Z [LOG] [parse_extracted_emails.js] Parsed: parsed-INBOX-uid-6148.json
2026-04-21T01:50:24.963Z [LOG] [parse_extracted_emails.js] Parsed: parsed-INBOX-uid-6149.json
2026-04-21T01:50:24.963Z [LOG] [parse_extracted_emails.js] Parsed: parsed-INBOX-uid-6150.json
2026-04-21T01:50:24.963Z [LOG] [parse_extracted_emails.js] Parsed: parsed-INBOX-uid-6151.json
2026-04-21T01:50:24.963Z [LOG] [parse_extracted_emails.js] Parsed: parsed-INBOX-uid-6152.json
2026-04-21T01:50:24.963Z [LOG] [parse_extracted_emails.js] Parsed: parsed-INBOX-uid-6156.json
2026-04-21T01:50:24.963Z [LOG] [parse_extracted_emails.js] Parsed: parsed-INBOX-uid-6157.json
2026-04-21T01:50:24.963Z [LOG] [parse_extracted_emails.js] Parsed: parsed-INBOX-uid-6158.json
2026-04-21T01:50:24.963Z [LOG] [parse_extracted_emails.js] Parsed: parsed-INBOX-uid-6159.json
2026-04-21T01:50:24.963Z [LOG] [parse_extracted_emails.js] Parsed: parsed-INBOX-uid-6160.json
2026-04-21T01:50:24.963Z [LOG] [parse_extracted_emails.js] Parsed: parsed-INBOX-uid-6161.json
2026-04-21T01:50:24.963Z [LOG] [parse_extracted_emails.js] Parsed: parsed-INBOX-uid-6162.json
2026-04-21T01:50:24.963Z [LOG] [parse_extracted_emails.js] Parsed: parsed-INBOX-uid-6163.json
2026-04-21T01:50:24.963Z [LOG] [parse_extracted_emails.js] Parsed: parsed-INBOX-uid-6164.json
2026-04-21T01:50:24.963Z [LOG] [parse_extracted_emails.js] Parsed: parsed-INBOX-uid-6165.json
2026-04-21T01:50:24.963Z [LOG] [parse_extracted_emails.js] Parsed: parsed-INBOX-uid-6166.json
2026-04-21T01:50:24.963Z [LOG] [parse_extracted_emails.js] Parsed: parsed-INBOX-uid-6167.json
2026-04-21T01:50:24.963Z [LOG] [parse_extracted_emails.js] Parsed: parsed-INBOX-uid-6168.json
2026-04-21T01:50:24.963Z [LOG] [parse_extracted_emails.js] Parsed: parsed-INBOX-uid-6169.json
2026-04-21T01:50:24.963Z [LOG] [parse_extracted_emails.js] Parsed: parsed-INBOX-uid-6170.json
2026-04-21T01:50:24.963Z [LOG] [parse_extracted_emails.js] Parsed: parsed-INBOX-uid-6171.json
2026-04-21T01:50:24.963Z [LOG] [parse_extracted_emails.js] Parsed: parsed-INBOX-uid-6172.json
2026-04-21T01:50:24.963Z [LOG] [parse_extracted_emails.js] Parsed: parsed-INBOX-uid-6173.json
2026-04-21T01:50:24.963Z [LOG] [parse_extracted_emails.js] Parsed: parsed-INBOX-uid-6174.json
2026-04-21T01:50:24.963Z [LOG] [parse_extracted_emails.js] Parsed: parsed-INBOX-uid-6175.json
2026-04-21T01:50:24.963Z [LOG] [parse_extracted_emails.js] Parsed: parsed-INBOX-uid-6176.json
2026-04-21T01:50:24.963Z [LOG] [parse_extracted_emails.js] Parsed: parsed-INBOX-uid-6177.json
2026-04-21T01:50:24.963Z [LOG] [parse_extracted_emails.js] Parsed: parsed-INBOX-uid-6178.json
2026-04-21T01:50:24.963Z [LOG] [parse_extracted_emails.js] Parsed: parsed-INBOX-uid-6179.json
2026-04-21T01:50:24.963Z [LOG] [parse_extracted_emails.js] Parsed: parsed-INBOX-uid-6180.json
2026-04-21T01:50:24.963Z [LOG] [parse_extracted_emails.js] Parsed: parsed-INBOX-uid-6181.json
2026-04-21T01:50:24.963Z [LOG] [parse_extracted_emails.js] Parsed: parsed-INBOX-uid-6182.json
2026-04-21T01:50:24.963Z [LOG] [parse_extracted_emails.js] Parsed: parsed-INBOX-uid-6183.json
2026-04-21T01:50:24.963Z [LOG] [parse_extracted_emails.js] Parsed: parsed-INBOX-uid-6184.json
2026-04-21T01:50:24.963Z [LOG] [parse_extracted_emails.js] Parsed: parsed-INBOX-uid-6185.json
2026-04-21T01:50:24.963Z [LOG] [parse_extracted_emails.js] Parsed: parsed-INBOX-uid-6186.json
2026-04-21T01:50:24.963Z [LOG] [parse_extracted_emails.js] Parsed: parsed-INBOX-uid-6187.json
2026-04-21T01:50:24.963Z [LOG] [parse_extracted_emails.js] Parsed: parsed-INBOX-uid-6188.json
2026-04-21T01:50:24.963Z [LOG] [parse_extracted_emails.js] Parsed: parsed-INBOX-uid-6189.json
2026-04-21T01:50:24.963Z [LOG] [parse_extracted_emails.js] Parsed: parsed-INBOX-uid-6190.json
2026-04-21T01:50:24.963Z [LOG] [parse_extracted_emails.js] Parsed: parsed-INBOX-uid-6191.json
2026-04-21T01:50:24.963Z [LOG] [parse_extracted_emails.js] Parsed: parsed-INBOX-uid-6192.json
2026-04-21T01:50:24.963Z [LOG] [parse_extracted_emails.js] Parsed: parsed-INBOX-uid-6193.json
2026-04-21T01:50:24.963Z [LOG] [parse_extracted_emails.js] Parsed: parsed-INBOX-uid-6194.json
2026-04-21T01:50:24.963Z [LOG] [parse_extracted_emails.js] Parsed: parsed-INBOX-uid-6195.json
2026-04-21T01:50:24.963Z [LOG] [parse_extracted_emails.js] Parsed: parsed-INBOX-uid-6196.json
2026-04-21T01:50:24.963Z [LOG] [parse_extracted_emails.js] Parsed: parsed-INBOX-uid-6197.json
2026-04-21T01:50:24.963Z [LOG] [parse_extracted_emails.js] Parsed: parsed-INBOX-uid-6198.json
2026-04-21T01:50:24.963Z [LOG] [parse_extracted_emails.js] Parsed: parsed-INBOX-uid-6199.json
2026-04-21T01:50:24.963Z [LOG] [parse_extracted_emails.js] Parsed: parsed-INBOX-uid-6200.json
2026-04-21T01:50:24.963Z [LOG] [parse_extracted_emails.js] Parsed: parsed-INBOX-uid-6201.json
2026-04-21T01:50:24.963Z [LOG] [parse_extracted_emails.js] Parsed: parsed-INBOX-uid-6202.json
2026-04-21T01:50:24.963Z [LOG] [parse_extracted_emails.js] Parsed: parsed-INBOX-uid-6203.json
2026-04-21T01:50:24.963Z [LOG] [parse_extracted_emails.js] Parsed: parsed-INBOX-uid-6204.json
2026-04-21T01:50:24.963Z [LOG] [parse_extracted_emails.js] Parsed: parsed-INBOX-uid-6205.json
2026-04-21T01:50:24.963Z [LOG] [parse_extracted_emails.js] Parsed: parsed-INBOX-uid-6206.json
2026-04-21T01:50:24.963Z [LOG] [parse_extracted_emails.js] Parsed: parsed-INBOX-uid-6207.json
2026-04-21T01:50:24.964Z [LOG] [parse_extracted_emails.js] Parsed: parsed-INBOX-uid-6208.json
2026-04-21T01:50:24.964Z [LOG] [parse_extracted_emails.js] Parsed: parsed-INBOX-uid-6209.json
2026-04-21T01:50:24.964Z [LOG] [parse_extracted_emails.js] Parsed: parsed-INBOX-uid-6210.json
2026-04-21T01:50:24.964Z [LOG] [parse_extracted_emails.js] Parsed: parsed-INBOX-uid-6211.json
2026-04-21T01:50:24.964Z [LOG] [parse_extracted_emails.js] Parsed: parsed-INBOX-uid-6212.json
2026-04-21T01:50:24.964Z [LOG] [parse_extracted_emails.js] Parsed: parsed-INBOX-uid-6213.json
2026-04-21T01:50:24.964Z [LOG] [parse_extracted_emails.js] Parsed: parsed-INBOX-uid-6214.json
2026-04-21T01:50:24.964Z [LOG] [parse_extracted_emails.js] Parsed: parsed-INBOX-uid-6215.json
2026-04-21T01:50:24.964Z [LOG] [parse_extracted_emails.js] Parsed: parsed-INBOX-uid-6216.json
2026-04-21T01:50:24.964Z [LOG] [parse_extracted_emails.js] Parsed: parsed-INBOX-uid-6217.json
2026-04-21T01:50:24.964Z [LOG] [parse_extracted_emails.js] Parsed: parsed-INBOX-uid-6218.json
2026-04-21T01:50:24.964Z [LOG] [parse_extracted_emails.js] Parsed: parsed-INBOX-uid-6219.json
2026-04-21T01:50:24.964Z [LOG] [parse_extracted_emails.js] Parsed: parsed-INBOX-uid-6220.json
2026-04-21T01:50:24.964Z [LOG] [parse_extracted_emails.js] Parsed: parsed-INBOX-uid-6221.json
2026-04-21T01:50:24.964Z [LOG] [parse_extracted_emails.js] Parsed: parsed-INBOX-uid-6222.json
2026-04-21T01:50:24.964Z [LOG] [parse_extracted_emails.js] Parsed: parsed-INBOX-uid-6223.json
2026-04-21T01:50:24.964Z [LOG] [parse_extracted_emails.js] Parsed: parsed-INBOX-uid-6224.json
2026-04-21T01:50:24.964Z [LOG] [parse_extracted_emails.js] Parsed: parsed-INBOX-uid-6225.json
2026-04-21T01:50:24.964Z [LOG] [parse_extracted_emails.js] Parsed: parsed-INBOX-uid-6226.json
2026-04-21T01:50:24.964Z [LOG] [parse_extracted_emails.js] Parsed: parsed-INBOX-uid-6227.json
2026-04-21T01:50:24.964Z [LOG] [parse_extracted_emails.js] Parsed: parsed-INBOX-uid-6228.json
2026-04-21T01:50:24.964Z [LOG] [parse_extracted_emails.js] Parsed: parsed-INBOX-uid-6229.json
2026-04-21T01:50:24.964Z [LOG] [parse_extracted_emails.js] Parsed: parsed-INBOX-uid-6230.json
2026-04-21T01:50:24.964Z [LOG] [parse_extracted_emails.js] Parsed: parsed-INBOX-uid-6231.json
2026-04-21T01:50:24.964Z [LOG] [parse_extracted_emails.js] Parsed: parsed-INBOX-uid-6232.json
2026-04-21T01:50:24.964Z [LOG] [parse_extracted_emails.js] Parsed: parsed-INBOX-uid-6233.json
2026-04-21T01:50:24.964Z [LOG] [parse_extracted_emails.js] Parsed: parsed-INBOX-uid-6234.json
2026-04-21T01:50:24.964Z [LOG] [parse_extracted_emails.js] Parsed: parsed-INBOX-uid-6235.json
2026-04-21T01:50:24.964Z [LOG] [parse_extracted_emails.js] Parsed: parsed-INBOX-uid-6236.json
2026-04-21T01:50:24.964Z [LOG] [parse_extracted_emails.js] Parsed: parsed-INBOX-uid-6237.json
2026-04-21T01:50:24.964Z [LOG] [parse_extracted_emails.js] Parsed: parsed-INBOX-uid-6238.json
2026-04-21T01:50:24.964Z [LOG] [parse_extracted_emails.js] Parsed: parsed-INBOX-uid-6239.json
2026-04-21T01:50:24.964Z [LOG] [parse_extracted_emails.js] Parsed: parsed-INBOX-uid-6240.json
2026-04-21T01:50:24.964Z [LOG] [parse_extracted_emails.js] Parsed: parsed-INBOX-uid-6241.json
2026-04-21T01:50:24.964Z [LOG] [parse_extracted_emails.js] Parsed: parsed-INBOX-uid-6242.json
2026-04-21T01:50:24.964Z [LOG] [parse_extracted_emails.js] Parsed: parsed-INBOX-uid-6243.json
2026-04-21T01:50:24.964Z [LOG] [parse_extracted_emails.js] Parsed: parsed-INBOX-uid-6244.json
2026-04-21T01:50:24.964Z [LOG] [parse_extracted_emails.js] Parsed: parsed-INBOX-uid-6245.json
2026-04-21T01:50:24.964Z [LOG] [parse_extracted_emails.js] Parsed: parsed-INBOX-uid-6246.json
2026-04-21T01:50:24.964Z [LOG] [parse_extracted_emails.js] Parsed: parsed-INBOX-uid-6247.json
2026-04-21T01:50:24.964Z [LOG] [parse_extracted_emails.js] Parsed: parsed-INBOX-uid-6248.json
2026-04-21T01:50:24.964Z [LOG] [parse_extracted_emails.js] Parsed: parsed-INBOX-uid-6249.json
2026-04-21T01:50:24.964Z [LOG] [parse_extracted_emails.js] Parsed: parsed-INBOX-uid-6250.json
2026-04-21T01:50:24.964Z [LOG] [parse_extracted_emails.js] Parsed: parsed-INBOX-uid-6251.json
2026-04-21T01:50:24.964Z [LOG] [parse_extracted_emails.js] Parsed: parsed-INBOX-uid-6252.json
2026-04-21T01:50:24.964Z [LOG] [parse_extracted_emails.js] Parsed: parsed-INBOX-uid-6253.json
2026-04-21T01:50:24.964Z [LOG] [parse_extracted_emails.js] Parsed: parsed-INBOX-uid-6254.json
2026-04-21T01:50:24.964Z [LOG] [parse_extracted_emails.js] Parsed: parsed-INBOX-uid-6255.json
2026-04-21T01:50:24.964Z [LOG] [parse_extracted_emails.js] Parsed: parsed-INBOX-uid-6256.json
2026-04-21T01:50:24.964Z [LOG] [parse_extracted_emails.js] Parsed: parsed-INBOX-uid-6257.json
2026-04-21T01:50:24.964Z [LOG] [parse_extracted_emails.js] Parsed: parsed-INBOX-uid-6258.json
2026-04-21T01:50:24.964Z [LOG] [parse_extracted_emails.js] Parsed: parsed-INBOX-uid-6259.json
2026-04-21T01:50:24.964Z [LOG] [parse_extracted_emails.js] Parsed: parsed-INBOX-uid-6260.json
2026-04-21T01:50:24.964Z [LOG] [parse_extracted_emails.js] Parsed: parsed-INBOX-uid-6261.json
2026-04-21T01:50:24.964Z [LOG] [parse_extracted_emails.js] Parsed: parsed-INBOX-uid-6262.json
2026-04-21T01:50:24.964Z [LOG] [parse_extracted_emails.js] Parsed: parsed-INBOX-uid-6263.json
2026-04-21T01:50:24.964Z [LOG] [parse_extracted_emails.js] Parsed: parsed-INBOX-uid-6264.json
2026-04-21T01:50:24.964Z [LOG] [parse_extracted_emails.js] Parsed: parsed-INBOX-uid-6265.json
2026-04-21T01:50:24.964Z [LOG] [parse_extracted_emails.js] Parsed: parsed-INBOX-uid-6266.json
2026-04-21T01:50:24.964Z [LOG] [parse_extracted_emails.js] Parsed: parsed-INBOX-uid-6267.json
2026-04-21T01:50:24.964Z [LOG] [parse_extracted_emails.js] Parsed: parsed-INBOX-uid-6268.json
2026-04-21T01:50:24.964Z [LOG] [parse_extracted_emails.js] Parsed: parsed-INBOX-uid-6269.json
2026-04-21T01:50:24.964Z [LOG] [parse_extracted_emails.js] Parsed: parsed-INBOX-uid-6270.json
2026-04-21T01:50:24.964Z [LOG] [parse_extracted_emails.js] Parsed: parsed-INBOX-uid-6271.json
2026-04-21T01:50:24.964Z [LOG] [parse_extracted_emails.js] Parsed: parsed-INBOX-uid-6272.json
2026-04-21T01:50:24.964Z [LOG] [parse_extracted_emails.js] Parsed: parsed-INBOX-uid-6273.json
2026-04-21T01:50:24.964Z [LOG] [parse_extracted_emails.js] Parsed: parsed-INBOX-uid-6274.json
2026-04-21T01:50:24.964Z [LOG] [parse_extracted_emails.js] Parsed: parsed-INBOX-uid-6275.json
2026-04-21T01:50:24.964Z [LOG] [parse_extracted_emails.js] Parsed: parsed-INBOX-uid-6276.json
2026-04-21T01:50:24.964Z [LOG] [parse_extracted_emails.js] Parsed: parsed-INBOX-uid-6277.json
2026-04-21T01:50:24.964Z [LOG] [parse_extracted_emails.js] Parsed: parsed-INBOX-uid-6278.json
2026-04-21T01:50:24.964Z [LOG] [parse_extracted_emails.js] Parsed: parsed-INBOX-uid-6279.json
2026-04-21T01:50:24.964Z [LOG] [parse_extracted_emails.js] Parsed: parsed-INBOX-uid-6280.json
2026-04-21T01:50:24.964Z [LOG] [parse_extracted_emails.js] Parsed: parsed-INBOX-uid-6281.json
2026-04-21T01:50:24.964Z [LOG] [parse_extracted_emails.js] Parsed: parsed-INBOX-uid-6282.json
2026-04-21T01:50:24.964Z [LOG] [parse_extracted_emails.js] Parsed: parsed-INBOX-uid-6283.json
2026-04-21T01:50:24.964Z [LOG] [parse_extracted_emails.js] Parsed: parsed-INBOX-uid-6284.json
2026-04-21T01:50:24.964Z [LOG] [parse_extracted_emails.js] Parsed: parsed-INBOX-uid-6285.json
2026-04-21T01:50:24.964Z [LOG] [parse_extracted_emails.js] Parsed: parsed-INBOX-uid-6286.json
2026-04-21T01:50:24.964Z [LOG] [parse_extracted_emails.js] Parsed: parsed-INBOX-uid-6287.json
2026-04-21T01:50:24.964Z [LOG] [parse_extracted_emails.js] Parsed: parsed-INBOX-uid-6288.json
2026-04-21T01:50:24.964Z [LOG] [parse_extracted_emails.js] Parsed: parsed-INBOX-uid-6289.json
2026-04-21T01:50:24.964Z [LOG] [parse_extracted_emails.js] Parsed: parsed-INBOX-uid-6290.json
2026-04-21T01:50:24.964Z [LOG] [parse_extracted_emails.js] Parsed: parsed-INBOX-uid-6291.json
2026-04-21T01:50:24.964Z [LOG] [parse_extracted_emails.js] Parsed: parsed-INBOX-uid-6292.json
2026-04-21T01:50:24.964Z [LOG] [parse_extracted_emails.js] Parsed: parsed-INBOX-uid-6293.json
2026-04-21T01:50:24.964Z [LOG] [parse_extracted_emails.js] Parsed: parsed-INBOX-uid-6296.json
2026-04-21T01:50:24.964Z [LOG] [parse_extracted_emails.js] Parsed: parsed-INBOX-uid-6297.json
2026-04-21T01:50:24.964Z [LOG] [parse_extracted_emails.js] Parsed: parsed-INBOX-uid-6298.json
2026-04-21T01:50:24.964Z [LOG] [parse_extracted_emails.js] Parsed: parsed-INBOX-uid-6299.json
2026-04-21T01:50:24.964Z [LOG] [parse_extracted_emails.js] Parsed: parsed-INBOX-uid-6300.json
2026-04-21T01:50:24.964Z [LOG] [parse_extracted_emails.js] Parsed: parsed-INBOX-uid-6301.json
2026-04-21T01:50:24.964Z [LOG] [parse_extracted_emails.js] Parsed: parsed-INBOX-uid-6302.json
2026-04-21T01:50:24.964Z [LOG] [parse_extracted_emails.js] Parsed: parsed-INBOX-uid-6303.json
2026-04-21T01:50:24.964Z [LOG] [parse_extracted_emails.js] Parsed: parsed-INBOX-uid-6304.json
2026-04-21T01:50:24.964Z [LOG] [parse_extracted_emails.js] Parsed: parsed-INBOX-uid-6305.json
2026-04-21T01:50:24.964Z [LOG] [parse_extracted_emails.js] Parsed: parsed-INBOX-uid-6306.json
2026-04-21T01:50:24.964Z [LOG] [parse_extracted_emails.js] Parsed: parsed-INBOX-uid-6307.json
2026-04-21T01:50:24.964Z [LOG] [parse_extracted_emails.js] Parsed: parsed-INBOX-uid-6308.json
2026-04-21T01:50:24.964Z [LOG] [parse_extracted_emails.js] Parsed: parsed-INBOX-uid-6309.json
2026-04-21T01:50:24.964Z [LOG] [parse_extracted_emails.js] Parsed: parsed-INBOX-uid-6310.json
2026-04-21T01:50:24.964Z [LOG] [parse_extracted_emails.js] Parsed: parsed-INBOX-uid-6311.json
2026-04-21T01:50:24.964Z [LOG] [parse_extracted_emails.js] Parsed: parsed-INBOX-uid-6312.json
2026-04-21T01:50:24.964Z [LOG] [parse_extracted_emails.js] Parsed: parsed-INBOX-uid-6313.json
2026-04-21T01:50:24.964Z [LOG] [parse_extracted_emails.js] Parsed: parsed-INBOX-uid-6314.json
2026-04-21T01:50:24.964Z [LOG] [parse_extracted_emails.js] Parsed: parsed-INBOX-uid-6315.json
2026-04-21T01:50:24.964Z [LOG] [parse_extracted_emails.js] Parsed: parsed-INBOX-uid-6316.json
2026-04-21T01:50:24.964Z [LOG] [parse_extracted_emails.js] Parsed: parsed-INBOX-uid-6317.json
2026-04-21T01:50:24.964Z [LOG] [parse_extracted_emails.js] Parsed: parsed-INBOX-uid-6318.json
2026-04-21T01:50:24.964Z [LOG] [parse_extracted_emails.js] Parsed: parsed-INBOX-uid-6319.json
2026-04-21T01:50:24.964Z [LOG] [parse_extracted_emails.js] Parsed: parsed-INBOX-uid-6320.json
2026-04-21T01:50:24.964Z [LOG] [parse_extracted_emails.js] Parsed: parsed-INBOX-uid-6321.json
2026-04-21T01:50:24.964Z [LOG] [parse_extracted_emails.js] Parsed: parsed-INBOX-uid-6322.json
2026-04-21T01:50:24.964Z [LOG] [parse_extracted_emails.js] Parsed: parsed-INBOX-uid-6323.json
2026-04-21T01:50:24.964Z [LOG] [parse_extracted_emails.js] Parsed: parsed-INBOX-uid-6324.json
2026-04-21T01:50:24.964Z [LOG] [parse_extracted_emails.js] Parsed: parsed-INBOX-uid-6325.json
2026-04-21T01:50:24.964Z [LOG] [parse_extracted_emails.js] Parsed: parsed-INBOX-uid-6326.json
2026-04-21T01:50:24.964Z [LOG] [parse_extracted_emails.js] Parsed: parsed-INBOX-uid-6327.json
2026-04-21T01:50:24.964Z [LOG] [parse_extracted_emails.js] Parsed: parsed-INBOX-uid-6328.json
2026-04-21T01:50:24.964Z [LOG] [parse_extracted_emails.js] Parsed: parsed-INBOX-uid-6329.json
2026-04-21T01:50:24.964Z [LOG] [parse_extracted_emails.js] Parsed: parsed-INBOX-uid-6330.json
2026-04-21T01:50:24.964Z [LOG] [parse_extracted_emails.js] Parsed: parsed-INBOX-uid-6331.json
2026-04-21T01:50:24.964Z [LOG] [parse_extracted_emails.js] Parsed: parsed-INBOX-uid-6332.json
2026-04-21T01:50:24.964Z [LOG] [parse_extracted_emails.js] Parsed: parsed-INBOX-uid-6333.json
2026-04-21T01:50:24.964Z [LOG] [parse_extracted_emails.js] Parsed: parsed-INBOX-uid-6334.json
2026-04-21T01:50:24.964Z [LOG] [parse_extracted_emails.js] Parsed: parsed-INBOX-uid-6335.json
2026-04-21T01:50:24.964Z [LOG] [parse_extracted_emails.js] Parsed: parsed-INBOX-uid-6336.json
2026-04-21T01:50:24.964Z [LOG] [parse_extracted_emails.js] Parsed: parsed-INBOX-uid-6337.json
2026-04-21T01:50:24.964Z [LOG] [parse_extracted_emails.js] Parsed: parsed-INBOX-uid-6338.json
2026-04-21T01:50:24.964Z [LOG] [parse_extracted_emails.js] Parsed: parsed-INBOX-uid-6339.json
2026-04-21T01:50:24.964Z [LOG] [parse_extracted_emails.js] Parsed: parsed-INBOX-uid-6340.json
2026-04-21T01:50:24.964Z [LOG] [parse_extracted_emails.js] Parsed: parsed-INBOX-uid-6341.json
2026-04-21T01:50:24.964Z [LOG] [parse_extracted_emails.js] Parsed: parsed-INBOX-uid-6342.json
2026-04-21T01:50:24.964Z [LOG] [parse_extracted_emails.js] Parsed: parsed-INBOX-uid-6343.json
2026-04-21T01:50:24.964Z [LOG] [parse_extracted_emails.js] Parsed: parsed-INBOX-uid-6344.json
2026-04-21T01:50:24.964Z [LOG] [parse_extracted_emails.js] Parsed: parsed-INBOX-uid-6345.json
2026-04-21T01:50:24.964Z [LOG] [parse_extracted_emails.js] Parsed: parsed-INBOX-uid-6346.json
2026-04-21T01:50:24.964Z [LOG] [parse_extracted_emails.js] Parsed: parsed-INBOX-uid-6347.json
2026-04-21T01:50:24.964Z [LOG] [parse_extracted_emails.js] Parsed: parsed-INBOX-uid-6348.json
2026-04-21T01:50:24.964Z [LOG] [parse_extracted_emails.js] Parsed: parsed-INBOX-uid-6349.json
2026-04-21T01:50:24.964Z [LOG] [parse_extracted_emails.js] Parsed: parsed-INBOX-uid-6350.json
2026-04-21T01:50:24.964Z [LOG] [parse_extracted_emails.js] Parsed: parsed-INBOX-uid-6351.json
2026-04-21T01:50:24.964Z [LOG] [parse_extracted_emails.js] Parsed: parsed-INBOX-uid-6352.json
2026-04-21T01:50:24.964Z [LOG] [parse_extracted_emails.js] Parsed: parsed-INBOX-uid-6353.json
2026-04-21T01:50:24.964Z [LOG] [parse_extracted_emails.js] Parsed: parsed-INBOX-uid-6354.json
2026-04-21T01:50:24.964Z [LOG] [parse_extracted_emails.js] Parsed: parsed-INBOX-uid-6355.json
2026-04-21T01:50:24.964Z [LOG] [parse_extracted_emails.js] Parsed: parsed-INBOX-uid-6356.json
2026-04-21T01:50:24.964Z [LOG] [parse_extracted_emails.js] Parsed: parsed-INBOX-uid-6365.json
2026-04-21T01:50:24.964Z [LOG] [parse_extracted_emails.js] Parsed: parsed-INBOX-uid-6366.json
2026-04-21T01:50:24.964Z [LOG] [parse_extracted_emails.js] Parsed: parsed-INBOX-uid-6367.json
2026-04-21T01:50:24.964Z [LOG] [parse_extracted_emails.js] Parsed: parsed-INBOX-uid-6368.json
2026-04-21T01:50:24.964Z [LOG] [parse_extracted_emails.js] Parsed: parsed-INBOX-uid-6371.json
2026-04-21T01:50:24.964Z [LOG] [parse_extracted_emails.js] Parsed: parsed-INBOX-uid-6376.json
2026-04-21T01:50:24.964Z [LOG] [parse_extracted_emails.js] Parsed: parsed-INBOX-uid-6377.json
2026-04-21T01:50:24.964Z [LOG] [parse_extracted_emails.js] Parsed: parsed-INBOX-uid-6378.json
2026-04-21T01:50:24.964Z [LOG] [parse_extracted_emails.js] Parsed: parsed-INBOX-uid-6383.json
2026-04-21T01:50:24.964Z [LOG] [parse_extracted_emails.js] Parsed: parsed-INBOX-uid-6384.json
2026-04-21T01:50:24.964Z [LOG] [parse_extracted_emails.js] Parsed: parsed-INBOX-uid-6395.json
2026-04-21T01:50:24.964Z [LOG] [parse_extracted_emails.js] Parsed: parsed-INBOX-uid-6423.json
2026-04-21T01:50:24.964Z [LOG] [parse_extracted_emails.js] Parsed: parsed-INBOX-uid-6428.json
2026-04-21T01:50:24.964Z [LOG] [parse_extracted_emails.js] Parsed: parsed-INBOX-uid-6429.json
2026-04-21T01:50:24.964Z [LOG] [parse_extracted_emails.js] Parsed: parsed-INBOX-uid-6430.json
2026-04-21T01:50:24.964Z [LOG] [parse_extracted_emails.js] Parsed: parsed-INBOX-uid-6431.json
2026-04-21T01:50:24.964Z [LOG] [parse_extracted_emails.js] Parsed: parsed-INBOX-uid-6433.json
2026-04-21T01:50:24.964Z [LOG] [parse_extracted_emails.js] Parsed: parsed-INBOX-uid-6436.json
2026-04-21T01:50:24.964Z [LOG] [parse_extracted_emails.js] Parsed: parsed-INBOX-uid-6437.json
2026-04-21T01:50:24.964Z [LOG] [parse_extracted_emails.js] Parsed: parsed-INBOX-uid-6438.json
2026-04-21T01:50:24.964Z [LOG] [parse_extracted_emails.js] Parsed: parsed-INBOX-uid-6439.json
2026-04-21T01:50:24.964Z [LOG] [parse_extracted_emails.js] Parsed: parsed-INBOX-uid-6440.json
2026-04-21T01:50:24.964Z [LOG] [parse_extracted_emails.js] Parsed: parsed-INBOX-uid-6441.json
2026-04-21T01:50:24.964Z [LOG] [parse_extracted_emails.js] Parsed: parsed-INBOX-uid-6442.json
2026-04-21T01:50:24.964Z [LOG] [parse_extracted_emails.js] Parsed: parsed-INBOX-uid-6443.json
2026-04-21T01:50:24.964Z [LOG] [parse_extracted_emails.js] Parsed: parsed-INBOX-uid-6444.json
2026-04-21T01:50:24.964Z [LOG] [parse_extracted_emails.js] Parsed: parsed-INBOX-uid-6445.json
2026-04-21T01:50:24.964Z [LOG] [parse_extracted_emails.js] Parsed: parsed-INBOX-uid-6446.json
2026-04-21T01:50:24.964Z [LOG] [parse_extracted_emails.js] Parsed: parsed-INBOX-uid-6447.json
2026-04-21T01:50:24.965Z [LOG] [parse_extracted_emails.js] Parsed: parsed-INBOX-uid-6448.json
2026-04-21T01:50:24.965Z [LOG] [parse_extracted_emails.js] Parsed: parsed-INBOX-uid-6449.json
2026-04-21T01:50:24.965Z [LOG] [parse_extracted_emails.js] Parsed: parsed-INBOX-uid-6450.json
2026-04-21T01:50:24.965Z [LOG] [parse_extracted_emails.js] Parsed: parsed-INBOX-uid-6451.json
2026-04-21T01:50:24.965Z [LOG] [parse_extracted_emails.js] Parsed: parsed-INBOX-uid-6452.json
2026-04-21T01:50:24.965Z [LOG] [parse_extracted_emails.js] Parsed: parsed-INBOX-uid-6453.json
2026-04-21T01:50:24.965Z [LOG] [parse_extracted_emails.js] Parsed: parsed-INBOX-uid-6456.json
2026-04-21T01:50:24.965Z [LOG] [parse_extracted_emails.js] Parsed: parsed-INBOX-uid-6457.json
2026-04-21T01:50:24.965Z [LOG] [parse_extracted_emails.js] Parsed: parsed-INBOX-uid-6459.json
2026-04-21T01:50:24.965Z [LOG] [parse_extracted_emails.js] Parsed: parsed-INBOX-uid-6460.json
2026-04-21T01:50:24.965Z [LOG] [parse_extracted_emails.js] Parsed: parsed-INBOX-uid-6461.json
2026-04-21T01:50:24.965Z [LOG] [parse_extracted_emails.js] Parsed: parsed-INBOX-uid-6462.json
2026-04-21T01:50:24.965Z [LOG] [parse_extracted_emails.js] Parsed: parsed-INBOX-uid-6463.json
2026-04-21T01:50:24.965Z [LOG] [parse_extracted_emails.js] Parsed: parsed-INBOX-uid-6464.json
2026-04-21T01:50:24.965Z [LOG] [parse_extracted_emails.js] Parsed: parsed-INBOX-uid-6465.json
2026-04-21T01:50:24.965Z [LOG] [parse_extracted_emails.js] Parsed: parsed-INBOX-uid-6466.json
2026-04-21T01:50:24.965Z [LOG] [parse_extracted_emails.js] Parsed: parsed-INBOX-uid-6467.json
2026-04-21T01:50:24.965Z [LOG] [parse_extracted_emails.js] Parsed: parsed-INBOX-uid-6468.json
2026-04-21T01:50:24.965Z [LOG] [parse_extracted_emails.js] Parsed: parsed-INBOX-uid-6469.json
2026-04-21T01:50:24.965Z [LOG] [parse_extracted_emails.js] Parsed: parsed-INBOX-uid-6470.json
2026-04-21T01:50:24.965Z [LOG] [parse_extracted_emails.js] Parsed: parsed-INBOX-uid-6471.json
2026-04-21T01:50:24.965Z [LOG] [parse_extracted_emails.js] Parsed: parsed-INBOX-uid-6472.json
2026-04-21T01:50:24.965Z [LOG] [parse_extracted_emails.js] Parsed: parsed-INBOX-uid-6473.json
2026-04-21T01:50:24.965Z [LOG] [parse_extracted_emails.js] Parsed: parsed-INBOX-uid-6474.json
2026-04-21T01:50:24.965Z [LOG] [parse_extracted_emails.js] Parsed: parsed-INBOX-uid-6475.json
2026-04-21T01:50:24.965Z [LOG] [parse_extracted_emails.js] Parsed: parsed-INBOX-uid-6476.json
2026-04-21T01:50:24.965Z [LOG] [parse_extracted_emails.js] Parsed: parsed-INBOX-uid-6477.json
2026-04-21T01:50:24.965Z [LOG] [parse_extracted_emails.js] Parsed: parsed-INBOX-uid-6478.json
2026-04-21T01:50:24.965Z [LOG] [parse_extracted_emails.js] Parsed: parsed-INBOX-uid-6479.json
2026-04-21T01:50:24.965Z [LOG] [parse_extracted_emails.js] Parsed: parsed-INBOX-uid-6480.json
2026-04-21T01:50:24.965Z [LOG] [parse_extracted_emails.js] Parsed: parsed-INBOX-uid-6481.json
2026-04-21T01:50:24.965Z [LOG] [parse_extracted_emails.js] Parsed: parsed-INBOX-uid-6482.json
2026-04-21T01:50:24.965Z [LOG] [parse_extracted_emails.js] Parsed: parsed-INBOX-uid-6483.json
2026-04-21T01:50:24.965Z [LOG] [parse_extracted_emails.js] Parsed: parsed-INBOX-uid-6484.json
2026-04-21T01:50:24.965Z [LOG] [parse_extracted_emails.js] Parsed: parsed-INBOX-uid-6485.json
2026-04-21T01:50:24.965Z [LOG] [parse_extracted_emails.js] Parsed: parsed-INBOX-uid-6486.json
2026-04-21T01:50:24.965Z [LOG] [parse_extracted_emails.js] Parsed: parsed-INBOX-uid-6487.json
2026-04-21T01:50:24.965Z [LOG] [parse_extracted_emails.js] Parsed: parsed-INBOX-uid-6488.json
2026-04-21T01:50:24.965Z [LOG] [parse_extracted_emails.js] Parsed: parsed-INBOX-uid-6489.json
2026-04-21T01:50:24.965Z [LOG] [parse_extracted_emails.js] Parsed: parsed-INBOX-uid-6490.json
2026-04-21T01:50:24.965Z [LOG] [parse_extracted_emails.js] Parsed: parsed-INBOX-uid-6491.json
2026-04-21T01:50:24.965Z [LOG] [parse_extracted_emails.js] Parsed: parsed-INBOX-uid-6492.json
2026-04-21T01:50:24.965Z [LOG] [parse_extracted_emails.js] Parsed: parsed-INBOX-uid-6493.json
2026-04-21T01:50:24.965Z [LOG] [parse_extracted_emails.js] Parsed: parsed-INBOX-uid-6494.json
2026-04-21T01:50:24.965Z [LOG] [parse_extracted_emails.js] Parsed: parsed-INBOX-uid-6495.json
2026-04-21T01:50:24.965Z [LOG] [parse_extracted_emails.js] Parsed: parsed-INBOX-uid-6515.json
2026-04-21T01:50:24.965Z [LOG] [parse_extracted_emails.js] Parsed: parsed-INBOX-uid-6516.json
2026-04-21T01:50:24.965Z [LOG] [parse_extracted_emails.js] Parsed: parsed-INBOX-uid-6517.json
2026-04-21T01:50:24.965Z [LOG] [parse_extracted_emails.js] Parsed: parsed-INBOX-uid-6518.json
2026-04-21T01:50:24.965Z [LOG] [parse_extracted_emails.js] Parsed: parsed-INBOX-uid-6519.json
2026-04-21T01:50:24.965Z [LOG] [parse_extracted_emails.js] Parsed: parsed-INBOX-uid-6520.json
2026-04-21T01:50:24.965Z [LOG] [parse_extracted_emails.js] Parsed: parsed-INBOX-uid-6521.json
2026-04-21T01:50:24.965Z [LOG] [parse_extracted_emails.js] Parsed: parsed-INBOX-uid-6522.json
2026-04-21T01:50:24.965Z [LOG] [parse_extracted_emails.js] Parsed: parsed-INBOX-uid-6523.json
2026-04-21T01:50:24.965Z [LOG] [parse_extracted_emails.js] Parsed: parsed-INBOX-uid-6524.json
2026-04-21T01:50:24.965Z [LOG] [parse_extracted_emails.js] Parsed: parsed-INBOX-uid-6525.json
2026-04-21T01:50:24.965Z [LOG] [parse_extracted_emails.js] Parsed: parsed-INBOX-uid-6526.json
2026-04-21T01:50:24.965Z [LOG] [parse_extracted_emails.js] Parsed: parsed-INBOX-uid-6527.json
2026-04-21T01:50:24.965Z [LOG] [parse_extracted_emails.js] Parsed: parsed-INBOX-uid-6528.json
2026-04-21T01:50:24.965Z [LOG] [parse_extracted_emails.js] Parsed: parsed-INBOX-uid-6529.json
2026-04-21T01:50:24.965Z [LOG] [parse_extracted_emails.js] Parsed: parsed-INBOX-uid-6530.json
2026-04-21T01:50:24.965Z [LOG] [parse_extracted_emails.js] Parsed: parsed-INBOX-uid-6531.json
2026-04-21T01:50:24.965Z [LOG] [parse_extracted_emails.js] Parsed: parsed-INBOX-uid-6532.json
2026-04-21T01:50:24.965Z [LOG] [parse_extracted_emails.js] Parsed: parsed-INBOX-uid-6533.json
2026-04-21T01:50:24.965Z [LOG] [parse_extracted_emails.js] Parsed: parsed-INBOX-uid-6534.json
2026-04-21T01:50:24.965Z [LOG] [parse_extracted_emails.js] Parsed: parsed-INBOX-uid-6535.json
2026-04-21T01:50:24.965Z [LOG] [parse_extracted_emails.js] Parsed: parsed-INBOX-uid-6536.json
2026-04-21T01:50:24.965Z [LOG] [parse_extracted_emails.js] Parsed: parsed-INBOX-uid-6537.json
2026-04-21T01:50:24.965Z [LOG] [parse_extracted_emails.js] Parsed: parsed-INBOX-uid-6538.json
2026-04-21T01:50:24.965Z [LOG] [parse_extracted_emails.js] Parsed: parsed-INBOX-uid-6539.json
2026-04-21T01:50:24.965Z [LOG] [parse_extracted_emails.js] Parsed: parsed-INBOX-uid-6540.json
2026-04-21T01:50:24.965Z [LOG] [parse_extracted_emails.js] Parsed: parsed-INBOX-uid-6541.json
2026-04-21T01:50:24.965Z [LOG] [parse_extracted_emails.js] Parsed: parsed-INBOX-uid-6542.json
2026-04-21T01:50:24.965Z [LOG] [parse_extracted_emails.js] Parsed: parsed-INBOX-uid-6543.json
2026-04-21T01:50:24.965Z [LOG] [parse_extracted_emails.js] Parsed: parsed-INBOX-uid-6544.json
2026-04-21T01:50:24.965Z [LOG] [parse_extracted_emails.js] Parsed: parsed-INBOX-uid-6545.json
2026-04-21T01:50:24.965Z [LOG] [parse_extracted_emails.js] Parsed: parsed-INBOX-uid-6546.json
2026-04-21T01:50:24.965Z [LOG] [parse_extracted_emails.js] Parsed: parsed-INBOX-uid-6547.json
2026-04-21T01:50:24.965Z [LOG] [parse_extracted_emails.js] Parsed: parsed-INBOX-uid-6548.json
2026-04-21T01:50:24.965Z [LOG] [parse_extracted_emails.js] Parsed: parsed-INBOX-uid-6549.json
2026-04-21T01:50:24.965Z [LOG] [parse_extracted_emails.js] Parsed: parsed-INBOX-uid-6550.json
2026-04-21T01:50:24.965Z [LOG] [parse_extracted_emails.js] Parsed: parsed-INBOX-uid-6551.json
2026-04-21T01:50:24.965Z [LOG] [parse_extracted_emails.js] Parsed: parsed-INBOX-uid-6552.json
2026-04-21T01:50:24.965Z [LOG] [parse_extracted_emails.js] Parsed: parsed-INBOX-uid-6553.json
2026-04-21T01:50:24.965Z [LOG] [parse_extracted_emails.js] Parsed: parsed-INBOX-uid-6554.json
2026-04-21T01:50:24.965Z [LOG] [parse_extracted_emails.js] Parsed: parsed-INBOX-uid-6555.json
2026-04-21T01:50:24.965Z [LOG] [parse_extracted_emails.js] Parsed: parsed-INBOX-uid-6556.json
2026-04-21T01:50:24.965Z [LOG] [parse_extracted_emails.js] Parsed: parsed-INBOX-uid-6557.json
2026-04-21T01:50:24.965Z [LOG] [parse_extracted_emails.js] Parsed: parsed-INBOX-uid-6558.json
2026-04-21T01:50:24.965Z [LOG] [parse_extracted_emails.js] Parsed: parsed-INBOX-uid-6559.json
2026-04-21T01:50:24.965Z [LOG] [parse_extracted_emails.js] Parsed: parsed-INBOX-uid-6560.json
2026-04-21T01:50:24.965Z [LOG] [parse_extracted_emails.js] Parsed: parsed-INBOX-uid-6561.json
2026-04-21T01:50:24.965Z [LOG] [parse_extracted_emails.js] Parsed: parsed-INBOX-uid-6562.json
2026-04-21T01:50:24.965Z [LOG] [parse_extracted_emails.js] Parsed: parsed-INBOX-uid-6563.json
2026-04-21T01:50:24.965Z [LOG] [parse_extracted_emails.js] Parsed: parsed-INBOX-uid-6564.json
2026-04-21T01:50:24.965Z [LOG] [parse_extracted_emails.js] Parsed: parsed-INBOX-uid-6565.json
2026-04-21T01:50:24.965Z [LOG] [parse_extracted_emails.js] Parsed: parsed-INBOX-uid-6566.json
2026-04-21T01:50:24.965Z [LOG] [parse_extracted_emails.js] Parsed: parsed-INBOX-uid-6567.json
2026-04-21T01:50:24.965Z [LOG] [parse_extracted_emails.js] Parsed: parsed-INBOX-uid-6568.json
2026-04-21T01:50:24.965Z [LOG] [parse_extracted_emails.js] Parsed: parsed-INBOX-uid-6569.json
2026-04-21T01:50:24.965Z [LOG] [parse_extracted_emails.js] Parsed: parsed-INBOX-uid-6570.json
2026-04-21T01:50:24.965Z [LOG] [parse_extracted_emails.js] Parsed: parsed-INBOX-uid-6571.json
2026-04-21T01:50:24.965Z [LOG] [parse_extracted_emails.js] Parsed: parsed-INBOX-uid-6572.json
2026-04-21T01:50:24.965Z [LOG] [parse_extracted_emails.js] Parsed: parsed-INBOX-uid-6573.json
2026-04-21T01:50:24.965Z [LOG] [parse_extracted_emails.js] Parsed: parsed-INBOX-uid-6574.json
2026-04-21T01:50:24.965Z [LOG] [parse_extracted_emails.js] Parsed: parsed-INBOX-uid-6575.json
2026-04-21T01:50:24.965Z [LOG] [parse_extracted_emails.js] Parsed: parsed-INBOX-uid-6576.json
2026-04-21T01:50:24.965Z [LOG] [parse_extracted_emails.js] Parsed: parsed-INBOX-uid-6577.json
2026-04-21T01:50:24.965Z [LOG] [parse_extracted_emails.js] Parsed: parsed-INBOX-uid-6578.json
2026-04-21T01:50:24.965Z [LOG] [parse_extracted_emails.js] Parsed: parsed-INBOX-uid-6579.json
2026-04-21T01:50:24.965Z [LOG] [parse_extracted_emails.js] Parsed: parsed-INBOX-uid-6580.json
2026-04-21T01:50:24.965Z [LOG] [parse_extracted_emails.js] Parsed: parsed-INBOX-uid-6581.json
2026-04-21T01:50:24.965Z [LOG] [parse_extracted_emails.js] Parsed: parsed-INBOX-uid-6582.json
2026-04-21T01:50:24.965Z [LOG] [parse_extracted_emails.js] Parsed: parsed-INBOX-uid-6583.json
2026-04-21T01:50:24.965Z [LOG] [parse_extracted_emails.js] Parsed: parsed-INBOX-uid-6584.json
2026-04-21T01:50:24.965Z [LOG] [parse_extracted_emails.js] Parsed: parsed-INBOX-uid-6585.json
2026-04-21T01:50:24.965Z [LOG] [parse_extracted_emails.js] Parsed: parsed-INBOX-uid-6586.json
2026-04-21T01:50:24.965Z [LOG] [parse_extracted_emails.js] Parsed: parsed-INBOX-uid-6587.json
2026-04-21T01:50:24.965Z [LOG] [parse_extracted_emails.js] Parsed: parsed-INBOX-uid-6588.json
2026-04-21T01:50:24.965Z [LOG] [parse_extracted_emails.js] Parsed: parsed-INBOX-uid-6589.json
2026-04-21T01:50:24.965Z [LOG] [parse_extracted_emails.js] Parsed: parsed-INBOX-uid-6590.json
2026-04-21T01:50:24.965Z [LOG] [parse_extracted_emails.js] Parsed: parsed-INBOX-uid-6591.json
2026-04-21T01:50:24.965Z [LOG] [parse_extracted_emails.js] Parsed: parsed-INBOX-uid-6592.json
2026-04-21T01:50:24.965Z [LOG] [parse_extracted_emails.js] Parsed: parsed-INBOX-uid-6593.json
2026-04-21T01:50:24.965Z [LOG] [parse_extracted_emails.js] Parsed: parsed-INBOX-uid-6594.json
2026-04-21T01:50:24.965Z [LOG] [parse_extracted_emails.js] Parsed: parsed-INBOX-uid-6595.json
2026-04-21T01:50:24.965Z [LOG] [parse_extracted_emails.js] Parsed: parsed-INBOX-uid-6596.json
2026-04-21T01:50:24.965Z [LOG] [parse_extracted_emails.js] Parsed: parsed-INBOX-uid-6605.json
2026-04-21T01:50:24.965Z [LOG] [parse_extracted_emails.js] Parsed: parsed-INBOX-uid-6608.json
2026-04-21T01:50:24.965Z [LOG] [parse_extracted_emails.js] Parsed: parsed-INBOX-uid-6609.json
2026-04-21T01:50:24.965Z [LOG] [parse_extracted_emails.js] Parsed: parsed-INBOX-uid-6610.json
2026-04-21T01:50:24.965Z [LOG] [parse_extracted_emails.js] Parsed: parsed-INBOX-uid-6611.json
2026-04-21T01:50:24.965Z [LOG] [parse_extracted_emails.js] Parsed: parsed-INBOX-uid-6612.json
2026-04-21T01:50:24.965Z [LOG] [parse_extracted_emails.js] Parsed: parsed-INBOX-uid-6613.json
2026-04-21T01:50:24.965Z [LOG] [parse_extracted_emails.js] Parsed: parsed-INBOX-uid-6614.json
2026-04-21T01:50:24.965Z [LOG] [parse_extracted_emails.js] Parsed: parsed-INBOX-uid-6615.json
2026-04-21T01:50:24.965Z [LOG] [parse_extracted_emails.js] Parsed: parsed-INBOX-uid-6616.json
2026-04-21T01:50:24.965Z [LOG] [parse_extracted_emails.js] Parsed: parsed-INBOX-uid-6617.json
2026-04-21T01:50:24.965Z [LOG] [parse_extracted_emails.js] Parsed: parsed-INBOX-uid-6618.json
2026-04-21T01:50:24.965Z [LOG] [parse_extracted_emails.js] Parsed: parsed-INBOX-uid-6619.json
2026-04-21T01:50:24.965Z [LOG] [parse_extracted_emails.js] Parsed: parsed-INBOX-uid-6620.json
2026-04-21T01:50:24.965Z [LOG] [parse_extracted_emails.js] Parsed: parsed-INBOX-uid-6621.json
2026-04-21T01:50:24.965Z [LOG] [parse_extracted_emails.js] Parsed: parsed-INBOX-uid-6622.json
2026-04-21T01:50:24.965Z [LOG] [parse_extracted_emails.js] Parsed: parsed-INBOX-uid-6627.json
2026-04-21T01:50:24.965Z [LOG] [parse_extracted_emails.js] Parsed: parsed-INBOX-uid-6633.json
2026-04-21T01:50:24.965Z [LOG] [parse_extracted_emails.js] Parsed: parsed-INBOX-uid-6634.json
2026-04-21T01:50:24.965Z [LOG] [parse_extracted_emails.js] Parsed: parsed-INBOX-uid-6635.json
2026-04-21T01:50:24.965Z [LOG] [parse_extracted_emails.js] Parsed: parsed-INBOX-uid-6636.json
2026-04-21T01:50:24.965Z [LOG] [parse_extracted_emails.js] Parsed: parsed-INBOX-uid-6637.json
2026-04-21T01:50:24.965Z [LOG] [parse_extracted_emails.js] Parsed: parsed-INBOX-uid-6638.json
2026-04-21T01:50:24.965Z [LOG] [parse_extracted_emails.js] Parsed: parsed-INBOX-uid-6639.json
2026-04-21T01:50:24.965Z [LOG] [parse_extracted_emails.js] Parsed: parsed-INBOX-uid-6640.json
2026-04-21T01:50:24.965Z [LOG] [parse_extracted_emails.js] Parsed: parsed-INBOX-uid-6641.json
2026-04-21T01:50:24.965Z [LOG] [parse_extracted_emails.js] Parsed: parsed-INBOX-uid-6647.json
2026-04-21T01:50:24.965Z [LOG] [parse_extracted_emails.js] Parsed: parsed-INBOX-uid-6648.json
2026-04-21T01:50:24.965Z [LOG] [parse_extracted_emails.js] Parsed: parsed-INBOX-uid-6649.json
2026-04-21T01:50:24.965Z [LOG] [parse_extracted_emails.js] Parsed: parsed-INBOX-uid-6650.json
2026-04-21T01:50:24.965Z [LOG] [parse_extracted_emails.js] Parsed: parsed-INBOX-uid-6652.json
2026-04-21T01:50:24.965Z [LOG] [parse_extracted_emails.js] Parsed: parsed-INBOX-uid-6653.json
2026-04-21T01:50:24.965Z [LOG] [parse_extracted_emails.js] Parsed: parsed-INBOX-uid-6654.json
2026-04-21T01:50:24.965Z [LOG] [parse_extracted_emails.js] Parsed: parsed-INBOX-uid-6655.json
2026-04-21T01:50:24.965Z [LOG] [parse_extracted_emails.js] Parsed: parsed-INBOX-uid-6664.json
2026-04-21T01:50:24.965Z [LOG] [parse_extracted_emails.js] Parsed: parsed-INBOX-uid-6666.json
2026-04-21T01:50:24.965Z [LOG] [parse_extracted_emails.js] Parsed: parsed-INBOX-uid-6667.json
2026-04-21T01:50:24.965Z [LOG] [parse_extracted_emails.js] Parsed: parsed-INBOX-uid-6668.json
2026-04-21T01:50:24.965Z [LOG] [parse_extracted_emails.js] Parsed: parsed-INBOX-uid-6669.json
2026-04-21T01:50:24.965Z [LOG] [parse_extracted_emails.js] Parsed: parsed-INBOX-uid-6670.json
2026-04-21T01:50:24.965Z [LOG] [parse_extracted_emails.js] Parsed: parsed-INBOX-uid-6671.json
2026-04-21T01:50:24.965Z [LOG] [parse_extracted_emails.js] Parsed: parsed-INBOX-uid-6672.json
2026-04-21T01:50:24.966Z [LOG] [parse_extracted_emails.js] Parsed: parsed-INBOX-uid-6673.json
2026-04-21T01:50:24.966Z [LOG] [parse_extracted_emails.js] Parsed: parsed-INBOX-uid-6674.json
2026-04-21T01:50:24.966Z [LOG] [parse_extracted_emails.js] Parsed: parsed-INBOX-uid-6675.json
2026-04-21T01:50:24.966Z [LOG] [parse_extracted_emails.js] Parsed: parsed-INBOX-uid-6676.json
2026-04-21T01:50:24.966Z [LOG] [parse_extracted_emails.js] Parsed: parsed-INBOX-uid-6677.json
2026-04-21T01:50:24.966Z [LOG] [parse_extracted_emails.js] Parsed: parsed-INBOX-uid-6678.json
2026-04-21T01:50:24.966Z [LOG] [parse_extracted_emails.js] Parsed: parsed-INBOX-uid-6679.json
2026-04-21T01:50:24.967Z [LOG] [parse_extracted_emails.js] Parsed: parsed-INBOX-uid-6680.json
2026-04-21T01:50:24.967Z [LOG] [parse_extracted_emails.js] Parsed: parsed-INBOX-uid-6681.json
2026-04-21T01:50:24.967Z [LOG] [parse_extracted_emails.js] Parsed: parsed-INBOX-uid-6682.json
2026-04-21T01:50:24.967Z [LOG] [parse_extracted_emails.js] Parsed: parsed-INBOX-uid-6683.json
2026-04-21T01:50:24.967Z [LOG] [parse_extracted_emails.js] Parsed: parsed-INBOX-uid-6684.json
2026-04-21T01:50:24.967Z [LOG] [parse_extracted_emails.js] Parsed: parsed-INBOX-uid-6685.json
2026-04-21T01:50:24.967Z [LOG] [parse_extracted_emails.js] Parsed: parsed-INBOX-uid-6686.json
2026-04-21T01:50:24.967Z [LOG] [parse_extracted_emails.js] Parsed: parsed-INBOX-uid-6687.json
2026-04-21T01:50:24.967Z [LOG] [parse_extracted_emails.js] Parsed: parsed-INBOX-uid-6688.json
2026-04-21T01:50:24.967Z [LOG] [parse_extracted_emails.js] Parsed: parsed-INBOX-uid-6689.json
2026-04-21T01:50:24.967Z [LOG] [parse_extracted_emails.js] Parsed: parsed-INBOX-uid-6690.json
2026-04-21T01:50:24.967Z [LOG] [parse_extracted_emails.js] Parsed: parsed-INBOX-uid-6692.json
2026-04-21T01:50:24.967Z [LOG] [parse_extracted_emails.js] Parsed: parsed-INBOX-uid-6693.json
2026-04-21T01:50:24.967Z [LOG] [parse_extracted_emails.js] Parsed: parsed-INBOX-uid-6694.json
2026-04-21T01:50:24.967Z [LOG] [parse_extracted_emails.js] Parsed: parsed-INBOX-uid-6695.json
2026-04-21T01:50:24.967Z [LOG] [parse_extracted_emails.js] Parsed: parsed-INBOX-uid-6696.json
2026-04-21T01:50:24.967Z [LOG] [parse_extracted_emails.js] Parsed: parsed-INBOX-uid-6697.json
2026-04-21T01:50:24.967Z [LOG] [parse_extracted_emails.js] Parsed: parsed-INBOX-uid-6698.json
2026-04-21T01:50:24.967Z [LOG] [parse_extracted_emails.js] Parsed: parsed-INBOX-uid-6699.json
2026-04-21T01:50:24.967Z [LOG] [parse_extracted_emails.js] Parsed: parsed-INBOX-uid-6700.json
2026-04-21T01:50:24.967Z [LOG] [parse_extracted_emails.js] Parsed: parsed-INBOX-uid-6701.json
2026-04-21T01:50:24.967Z [LOG] [parse_extracted_emails.js] Parsed: parsed-INBOX-uid-6702.json
2026-04-21T01:50:24.967Z [LOG] [parse_extracted_emails.js] Parsed: parsed-INBOX-uid-6703.json
2026-04-21T01:50:24.967Z [LOG] [parse_extracted_emails.js] Parsed: parsed-INBOX-uid-6704.json
2026-04-21T01:50:24.967Z [LOG] [parse_extracted_emails.js] Parsed: parsed-INBOX-uid-6705.json
2026-04-21T01:50:24.967Z [LOG] [parse_extracted_emails.js] Parsed: parsed-INBOX-uid-6706.json
2026-04-21T01:50:24.967Z [LOG] [parse_extracted_emails.js] Parsed: parsed-INBOX-uid-6707.json
2026-04-21T01:50:24.967Z [LOG] [parse_extracted_emails.js] Parsed: parsed-INBOX-uid-6708.json
2026-04-21T01:50:24.967Z [LOG] [parse_extracted_emails.js] Parsed: parsed-INBOX-uid-6709.json
2026-04-21T01:50:24.967Z [LOG] [parse_extracted_emails.js] Parsed: parsed-INBOX-uid-6710.json
2026-04-21T01:50:24.967Z [LOG] [parse_extracted_emails.js] Parsed: parsed-INBOX-uid-6711.json
2026-04-21T01:50:24.967Z [LOG] [parse_extracted_emails.js] Parsed: parsed-INBOX-uid-6718.json
2026-04-21T01:50:24.967Z [LOG] [parse_extracted_emails.js] Parsed: parsed-INBOX-uid-6722.json
2026-04-21T01:50:24.967Z [LOG] [parse_extracted_emails.js] Parsed: parsed-INBOX-uid-6723.json
2026-04-21T01:50:24.967Z [LOG] [parse_extracted_emails.js] Parsed: parsed-INBOX-uid-6725.json
2026-04-21T01:50:24.967Z [LOG] [parse_extracted_emails.js] Parsed: parsed-INBOX-uid-6726.json
2026-04-21T01:50:24.967Z [LOG] [parse_extracted_emails.js] Parsed: parsed-INBOX-uid-6729.json
2026-04-21T01:50:24.967Z [LOG] [parse_extracted_emails.js] Parsed: parsed-INBOX-uid-6730.json
2026-04-21T01:50:24.967Z [LOG] [parse_extracted_emails.js] Parsed: parsed-INBOX-uid-6732.json
2026-04-21T01:50:24.967Z [LOG] [parse_extracted_emails.js] Parsed: parsed-INBOX-uid-6733.json
2026-04-21T01:50:24.967Z [LOG] [parse_extracted_emails.js] Parsed: parsed-INBOX-uid-6734.json
2026-04-21T01:50:24.967Z [LOG] [parse_extracted_emails.js] Parsed: parsed-INBOX-uid-6735.json
2026-04-21T01:50:24.967Z [LOG] [parse_extracted_emails.js] Parsed: parsed-INBOX-uid-6736.json
2026-04-21T01:50:24.967Z [LOG] [parse_extracted_emails.js] Parsed: parsed-INBOX-uid-6737.json
2026-04-21T01:50:24.967Z [LOG] [parse_extracted_emails.js] Parsed: parsed-INBOX-uid-6738.json
2026-04-21T01:50:24.968Z [LOG] [parse_extracted_emails.js] Parsed: parsed-INBOX-uid-6748.json
2026-04-21T01:50:24.968Z [LOG] [parse_extracted_emails.js] Parsed: parsed-INBOX-uid-6749.json
2026-04-21T01:50:24.968Z [LOG] [parse_extracted_emails.js] Parsed: parsed-INBOX-uid-6750.json
2026-04-21T01:50:24.968Z [LOG] [parse_extracted_emails.js] Parsed: parsed-INBOX-uid-6751.json
2026-04-21T01:50:24.968Z [LOG] [parse_extracted_emails.js] Parsed: parsed-INBOX-uid-6752.json
2026-04-21T01:50:24.968Z [LOG] [parse_extracted_emails.js] Parsed: parsed-INBOX-uid-6753.json
2026-04-21T01:50:24.968Z [LOG] [parse_extracted_emails.js] Parsed: parsed-INBOX-uid-6754.json
2026-04-21T01:50:24.968Z [LOG] [parse_extracted_emails.js] Parsed: parsed-INBOX-uid-6755.json
2026-04-21T01:50:24.968Z [LOG] [parse_extracted_emails.js] Parsed: parsed-INBOX-uid-6756.json
2026-04-21T01:50:24.968Z [LOG] [parse_extracted_emails.js] Parsed: parsed-INBOX-uid-6757.json
2026-04-21T01:50:24.968Z [LOG] [parse_extracted_emails.js] Parsed: parsed-INBOX-uid-6758.json
2026-04-21T01:50:24.968Z [LOG] [parse_extracted_emails.js] Parsed: parsed-INBOX-uid-6759.json
2026-04-21T01:50:24.968Z [LOG] [parse_extracted_emails.js] Parsed: parsed-INBOX-uid-6760.json
2026-04-21T01:50:24.968Z [LOG] [parse_extracted_emails.js] Parsed: parsed-INBOX-uid-6761.json
2026-04-21T01:50:24.968Z [LOG] [parse_extracted_emails.js] Parsed: parsed-INBOX-uid-6762.json
2026-04-21T01:50:24.968Z [LOG] [parse_extracted_emails.js] Parsed: parsed-INBOX-uid-6763.json
2026-04-21T01:50:24.968Z [LOG] [parse_extracted_emails.js] Parsed: parsed-INBOX-uid-6764.json
2026-04-21T01:50:24.968Z [LOG] [parse_extracted_emails.js] Parsed: parsed-INBOX-uid-6765.json
2026-04-21T01:50:24.968Z [LOG] [parse_extracted_emails.js] Parsed: parsed-INBOX-uid-6766.json
2026-04-21T01:50:24.968Z [LOG] [parse_extracted_emails.js] Parsed: parsed-INBOX-uid-6767.json
2026-04-21T01:50:24.968Z [LOG] [parse_extracted_emails.js] Parsed: parsed-INBOX-uid-6768.json
2026-04-21T01:50:24.968Z [LOG] [parse_extracted_emails.js] Parsed: parsed-INBOX-uid-6769.json
2026-04-21T01:50:24.968Z [LOG] [parse_extracted_emails.js] Parsed: parsed-INBOX-uid-6770.json
2026-04-21T01:50:24.968Z [LOG] [parse_extracted_emails.js] Parsed: parsed-INBOX-uid-6771.json
2026-04-21T01:50:24.968Z [LOG] [parse_extracted_emails.js] Parsed: parsed-INBOX-uid-6772.json
2026-04-21T01:50:24.968Z [LOG] [parse_extracted_emails.js] Parsed: parsed-INBOX-uid-6773.json
2026-04-21T01:50:24.968Z [LOG] [parse_extracted_emails.js] Parsed: parsed-INBOX-uid-6774.json
2026-04-21T01:50:24.968Z [LOG] [parse_extracted_emails.js] Parsed: parsed-INBOX-uid-6775.json
2026-04-21T01:50:24.968Z [LOG] [parse_extracted_emails.js] Parsed: parsed-INBOX-uid-6776.json
2026-04-21T01:50:24.968Z [LOG] [parse_extracted_emails.js] Parsed: parsed-INBOX-uid-6777.json
2026-04-21T01:50:24.968Z [LOG] [parse_extracted_emails.js] Parsed: parsed-INBOX-uid-6778.json
2026-04-21T01:50:24.968Z [LOG] [parse_extracted_emails.js] Parsed: parsed-INBOX-uid-6779.json
2026-04-21T01:50:24.968Z [LOG] [parse_extracted_emails.js] Parsed: parsed-INBOX-uid-6780.json
2026-04-21T01:50:24.968Z [LOG] [parse_extracted_emails.js] Parsed: parsed-INBOX-uid-6781.json
2026-04-21T01:50:24.968Z [LOG] [parse_extracted_emails.js] Parsed: parsed-INBOX-uid-6782.json
2026-04-21T01:50:24.968Z [LOG] [parse_extracted_emails.js] Parsed: parsed-INBOX-uid-6783.json
2026-04-21T01:50:24.968Z [LOG] [parse_extracted_emails.js] Parsed: parsed-INBOX-uid-6784.json
2026-04-21T01:50:24.968Z [LOG] [parse_extracted_emails.js] Parsed: parsed-INBOX-uid-6785.json
2026-04-21T01:50:24.968Z [LOG] [parse_extracted_emails.js] Parsed: parsed-INBOX-uid-6786.json
2026-04-21T01:50:24.968Z [LOG] [parse_extracted_emails.js] Parsed: parsed-INBOX-uid-6787.json
2026-04-21T01:50:24.968Z [LOG] [parse_extracted_emails.js] Parsed: parsed-INBOX-uid-6788.json
2026-04-21T01:50:24.968Z [LOG] [parse_extracted_emails.js] Parsed: parsed-INBOX-uid-6789.json
2026-04-21T01:50:24.968Z [LOG] [parse_extracted_emails.js] Parsed: parsed-INBOX-uid-6790.json
2026-04-21T01:50:24.968Z [LOG] [parse_extracted_emails.js] Parsed: parsed-INBOX-uid-6791.json
2026-04-21T01:50:24.968Z [LOG] [parse_extracted_emails.js] Parsed: parsed-INBOX-uid-6792.json
2026-04-21T01:50:24.968Z [LOG] [parse_extracted_emails.js] Parsed: parsed-INBOX-uid-6793.json
2026-04-21T01:50:24.968Z [LOG] [parse_extracted_emails.js] Parsed: parsed-INBOX-uid-6794.json
2026-04-21T01:50:24.968Z [LOG] [parse_extracted_emails.js] Parsed: parsed-INBOX-uid-6795.json
2026-04-21T01:50:24.968Z [LOG] [parse_extracted_emails.js] Parsed: parsed-INBOX-uid-6796.json
2026-04-21T01:50:24.968Z [LOG] [parse_extracted_emails.js] Parsed: parsed-INBOX-uid-6797.json
2026-04-21T01:50:24.968Z [LOG] [parse_extracted_emails.js] Parsed: parsed-INBOX-uid-6798.json
2026-04-21T01:50:24.968Z [LOG] [parse_extracted_emails.js] Parsed: parsed-INBOX-uid-6799.json
2026-04-21T01:50:24.968Z [LOG] [parse_extracted_emails.js] Parsed: parsed-INBOX-uid-6800.json
2026-04-21T01:50:24.968Z [LOG] [parse_extracted_emails.js] Parsed: parsed-INBOX-uid-6801.json
2026-04-21T01:50:24.968Z [LOG] [parse_extracted_emails.js] Parsed: parsed-INBOX-uid-6802.json
2026-04-21T01:50:24.968Z [LOG] [parse_extracted_emails.js] Parsed: parsed-INBOX-uid-6803.json
2026-04-21T01:50:24.968Z [LOG] [parse_extracted_emails.js] Parsed: parsed-INBOX-uid-6804.json
2026-04-21T01:50:24.968Z [LOG] [parse_extracted_emails.js] Parsed: parsed-INBOX-uid-6805.json
2026-04-21T01:50:24.968Z [LOG] [parse_extracted_emails.js] Parsed: parsed-INBOX-uid-6806.json
2026-04-21T01:50:24.968Z [LOG] [parse_extracted_emails.js] Parsed: parsed-INBOX-uid-6807.json
2026-04-21T01:50:24.968Z [LOG] [parse_extracted_emails.js] Parsed: parsed-INBOX-uid-6808.json
2026-04-21T01:50:24.968Z [LOG] [parse_extracted_emails.js] Parsed: parsed-INBOX-uid-6809.json
2026-04-21T01:50:24.968Z [LOG] [parse_extracted_emails.js] Parsed: parsed-INBOX-uid-6810.json
2026-04-21T01:50:24.968Z [LOG] [parse_extracted_emails.js] Parsed: parsed-INBOX-uid-6811.json
2026-04-21T01:50:24.968Z [LOG] [parse_extracted_emails.js] Parsed: parsed-INBOX-uid-6812.json
2026-04-21T01:50:24.968Z [LOG] [parse_extracted_emails.js] Parsed: parsed-INBOX-uid-6813.json
2026-04-21T01:50:24.968Z [LOG] [parse_extracted_emails.js] Parsed: parsed-INBOX-uid-6814.json
2026-04-21T01:50:24.968Z [LOG] [parse_extracted_emails.js] Parsed: parsed-INBOX-uid-6815.json
2026-04-21T01:50:24.968Z [LOG] [parse_extracted_emails.js] Parsed: parsed-INBOX-uid-6816.json
2026-04-21T01:50:24.968Z [LOG] [parse_extracted_emails.js] Parsed: parsed-INBOX-uid-6817.json
2026-04-21T01:50:24.968Z [LOG] [parse_extracted_emails.js] Parsed: parsed-INBOX-uid-6818.json
2026-04-21T01:50:24.968Z [LOG] [parse_extracted_emails.js] Parsed: parsed-INBOX-uid-6819.json
2026-04-21T01:50:24.968Z [LOG] [parse_extracted_emails.js] Parsed: parsed-INBOX-uid-6820.json
2026-04-21T01:50:24.968Z [LOG] [parse_extracted_emails.js] Parsed: parsed-INBOX-uid-6821.json
2026-04-21T01:50:24.968Z [LOG] [parse_extracted_emails.js] Parsed: parsed-INBOX-uid-6822.json
2026-04-21T01:50:24.968Z [LOG] [parse_extracted_emails.js] Parsed: parsed-INBOX-uid-6823.json
2026-04-21T01:50:24.968Z [LOG] [parse_extracted_emails.js] Parsed: parsed-INBOX-uid-6824.json
2026-04-21T01:50:24.968Z [LOG] [parse_extracted_emails.js] Parsed: parsed-INBOX-uid-6825.json
2026-04-21T01:50:24.968Z [LOG] [parse_extracted_emails.js] Parsed: parsed-INBOX-uid-6826.json
2026-04-21T01:50:24.968Z [LOG] [parse_extracted_emails.js] Parsed: parsed-INBOX-uid-6827.json
2026-04-21T01:50:24.968Z [LOG] [parse_extracted_emails.js] Parsed: parsed-INBOX-uid-6828.json
2026-04-21T01:50:24.968Z [LOG] [parse_extracted_emails.js] Parsed: parsed-INBOX-uid-6829.json
2026-04-21T01:50:24.968Z [LOG] [parse_extracted_emails.js] Parsed: parsed-INBOX-uid-6830.json
2026-04-21T01:50:24.968Z [LOG] [parse_extracted_emails.js] Parsed: parsed-INBOX-uid-6831.json
2026-04-21T01:50:24.968Z [LOG] [parse_extracted_emails.js] Parsed: parsed-INBOX-uid-6832.json
2026-04-21T01:50:24.968Z [LOG] [parse_extracted_emails.js] Parsed: parsed-INBOX-uid-6833.json
2026-04-21T01:50:24.968Z [LOG] [parse_extracted_emails.js] Parsed: parsed-INBOX-uid-6834.json
2026-04-21T01:50:24.968Z [LOG] [parse_extracted_emails.js] Parsed: parsed-INBOX-uid-6835.json
2026-04-21T01:50:24.968Z [LOG] [parse_extracted_emails.js] Parsed: parsed-INBOX-uid-6836.json
2026-04-21T01:50:24.968Z [LOG] [parse_extracted_emails.js] Parsed: parsed-INBOX-uid-6837.json
2026-04-21T01:50:24.968Z [LOG] [parse_extracted_emails.js] Parsed: parsed-INBOX-uid-6838.json
2026-04-21T01:50:24.968Z [LOG] [parse_extracted_emails.js] Parsed: parsed-INBOX-uid-6839.json
2026-04-21T01:50:24.968Z [LOG] [parse_extracted_emails.js] Parsed: parsed-INBOX-uid-6840.json
2026-04-21T01:50:24.968Z [LOG] [parse_extracted_emails.js] Parsed: parsed-INBOX-uid-6841.json
2026-04-21T01:50:24.968Z [LOG] [parse_extracted_emails.js] Parsed: parsed-INBOX-uid-6842.json
2026-04-21T01:50:24.968Z [LOG] [parse_extracted_emails.js] Parsed: parsed-INBOX-uid-6843.json
2026-04-21T01:50:24.968Z [LOG] [parse_extracted_emails.js] Parsed: parsed-INBOX-uid-6844.json
2026-04-21T01:50:24.968Z [LOG] [parse_extracted_emails.js] Parsed: parsed-INBOX-uid-6845.json
2026-04-21T01:50:24.968Z [LOG] [parse_extracted_emails.js] Parsed: parsed-INBOX-uid-6846.json
2026-04-21T01:50:24.968Z [LOG] [parse_extracted_emails.js] Parsed: parsed-INBOX-uid-6847.json
2026-04-21T01:50:24.968Z [LOG] [parse_extracted_emails.js] Parsed: parsed-INBOX-uid-6848.json
2026-04-21T01:50:24.968Z [LOG] [parse_extracted_emails.js] Parsed: parsed-INBOX-uid-6849.json
2026-04-21T01:50:24.968Z [LOG] [parse_extracted_emails.js] Parsed: parsed-INBOX-uid-6850.json
2026-04-21T01:50:24.968Z [LOG] [parse_extracted_emails.js] Parsed: parsed-INBOX-uid-6851.json
2026-04-21T01:50:24.968Z [LOG] [parse_extracted_emails.js] Parsed: parsed-INBOX-uid-6852.json
2026-04-21T01:50:24.968Z [LOG] [parse_extracted_emails.js] Parsed: parsed-INBOX-uid-6853.json
2026-04-21T01:50:24.968Z [LOG] [parse_extracted_emails.js] Parsed: parsed-INBOX-uid-6854.json
2026-04-21T01:50:24.968Z [LOG] [parse_extracted_emails.js] Parsed: parsed-INBOX-uid-6855.json
2026-04-21T01:50:24.968Z [LOG] [parse_extracted_emails.js] Parsed: parsed-INBOX-uid-6856.json
2026-04-21T01:50:24.968Z [LOG] [parse_extracted_emails.js] Parsed: parsed-INBOX-uid-6857.json
2026-04-21T01:50:24.968Z [LOG] [parse_extracted_emails.js] Parsed: parsed-INBOX-uid-6858.json
2026-04-21T01:50:24.968Z [LOG] [parse_extracted_emails.js] Parsed: parsed-INBOX-uid-6859.json
2026-04-21T01:50:24.968Z [LOG] [parse_extracted_emails.js] Parsed: parsed-INBOX-uid-6860.json
2026-04-21T01:50:24.968Z [LOG] [parse_extracted_emails.js] Parsed: parsed-INBOX-uid-6861.json
2026-04-21T01:50:24.968Z [LOG] [parse_extracted_emails.js] Parsed: parsed-INBOX-uid-6862.json
2026-04-21T01:50:24.968Z [LOG] [parse_extracted_emails.js] Parsed: parsed-INBOX-uid-6863.json
2026-04-21T01:50:24.968Z [LOG] [parse_extracted_emails.js] Parsed: parsed-INBOX-uid-6864.json
2026-04-21T01:50:24.968Z [LOG] [parse_extracted_emails.js] Parsed: parsed-INBOX-uid-6865.json
2026-04-21T01:50:24.968Z [LOG] [parse_extracted_emails.js] Parsed: parsed-INBOX-uid-6866.json
2026-04-21T01:50:24.968Z [LOG] [parse_extracted_emails.js] Parsed: parsed-INBOX-uid-6867.json
2026-04-21T01:50:24.968Z [LOG] [parse_extracted_emails.js] Parsed: parsed-INBOX-uid-6868.json
2026-04-21T01:50:24.968Z [LOG] [parse_extracted_emails.js] Parsed: parsed-INBOX-uid-6869.json
2026-04-21T01:50:24.968Z [LOG] [parse_extracted_emails.js] Parsed: parsed-INBOX-uid-6870.json
2026-04-21T01:50:24.968Z [LOG] [parse_extracted_emails.js] Parsed: parsed-INBOX-uid-6871.json
2026-04-21T01:50:24.968Z [LOG] [parse_extracted_emails.js] Parsed: parsed-INBOX-uid-6872.json
2026-04-21T01:50:24.968Z [LOG] [parse_extracted_emails.js] Parsed: parsed-INBOX-uid-6873.json
2026-04-21T01:50:24.968Z [LOG] [parse_extracted_emails.js] Parsed: parsed-INBOX-uid-6874.json
2026-04-21T01:50:24.968Z [LOG] [parse_extracted_emails.js] Parsed: parsed-INBOX-uid-6875.json
2026-04-21T01:50:24.968Z [LOG] [parse_extracted_emails.js] Parsed: parsed-INBOX-uid-6907.json
2026-04-21T01:50:24.969Z [LOG] [parse_extracted_emails.js] Parsed: parsed-INBOX-uid-6908.json
2026-04-21T01:50:24.969Z [LOG] [parse_extracted_emails.js] Parsed: parsed-INBOX-uid-6909.json
2026-04-21T01:50:24.969Z [LOG] [parse_extracted_emails.js] Parsed: parsed-INBOX-uid-6910.json
2026-04-21T01:50:24.969Z [LOG] [parse_extracted_emails.js] Parsed: parsed-INBOX-uid-6911.json
2026-04-21T01:50:24.969Z [LOG] [parse_extracted_emails.js] Parsed: parsed-INBOX-uid-6912.json
2026-04-21T01:50:24.969Z [LOG] [parse_extracted_emails.js] Parsed: parsed-INBOX-uid-6913.json
2026-04-21T01:50:24.969Z [LOG] [parse_extracted_emails.js] Parsed: parsed-INBOX-uid-6914.json
2026-04-21T01:50:24.969Z [LOG] [parse_extracted_emails.js] Parsed: parsed-INBOX-uid-6915.json
2026-04-21T01:50:24.969Z [LOG] [parse_extracted_emails.js] Parsed: parsed-INBOX-uid-6916.json
2026-04-21T01:50:24.969Z [LOG] [parse_extracted_emails.js] Parsed: parsed-INBOX-uid-6917.json
2026-04-21T01:50:24.969Z [LOG] [parse_extracted_emails.js] Parsed: parsed-INBOX-uid-6918.json
2026-04-21T01:50:24.969Z [LOG] [parse_extracted_emails.js] Parsed: parsed-INBOX-uid-6919.json
2026-04-21T01:50:24.969Z [LOG] [parse_extracted_emails.js] Parsed: parsed-INBOX-uid-6920.json
2026-04-21T01:50:24.969Z [LOG] [parse_extracted_emails.js] Parsed: parsed-INBOX-uid-6921.json
2026-04-21T01:50:24.969Z [LOG] [parse_extracted_emails.js] Parsed: parsed-INBOX-uid-6922.json
2026-04-21T01:50:24.969Z [LOG] [parse_extracted_emails.js] Parsed: parsed-INBOX-uid-6923.json
2026-04-21T01:50:24.969Z [LOG] [parse_extracted_emails.js] Parsed: parsed-INBOX-uid-6924.json
2026-04-21T01:50:24.969Z [LOG] [parse_extracted_emails.js] Parsed: parsed-INBOX-uid-6925.json
2026-04-21T01:50:24.969Z [LOG] [parse_extracted_emails.js] Parsed: parsed-INBOX-uid-6926.json
2026-04-21T01:50:24.969Z [LOG] [parse_extracted_emails.js] Parsed: parsed-INBOX-uid-6927.json
2026-04-21T01:50:24.969Z [LOG] [parse_extracted_emails.js] Parsed: parsed-INBOX-uid-6928.json
2026-04-21T01:50:24.969Z [LOG] [parse_extracted_emails.js] Parsed: parsed-INBOX-uid-6929.json
2026-04-21T01:50:24.969Z [LOG] [parse_extracted_emails.js] Parsed: parsed-INBOX-uid-6930.json
2026-04-21T01:50:24.969Z [LOG] [parse_extracted_emails.js] Parsed: parsed-INBOX-uid-6931.json
2026-04-21T01:50:24.969Z [LOG] [parse_extracted_emails.js] Parsed: parsed-INBOX-uid-6932.json
2026-04-21T01:50:24.969Z [LOG] [parse_extracted_emails.js] Parsed: parsed-INBOX-uid-6933.json
2026-04-21T01:50:24.969Z [LOG] [parse_extracted_emails.js] Parsed: parsed-INBOX-uid-6934.json
2026-04-21T01:50:24.969Z [LOG] [parse_extracted_emails.js] Parsed: parsed-INBOX-uid-6935.json
2026-04-21T01:50:24.969Z [LOG] [parse_extracted_emails.js] Parsed: parsed-INBOX-uid-6936.json
2026-04-21T01:50:24.969Z [LOG] [parse_extracted_emails.js] Parsed: parsed-INBOX-uid-6937.json
2026-04-21T01:50:24.969Z [LOG] [parse_extracted_emails.js] Parsed: parsed-INBOX-uid-6938.json
2026-04-21T01:50:25.002Z [LOG] [parse_extracted_emails.js] Parsed: parsed-INBOX-uid-6939.json
2026-04-21T01:50:25.002Z [LOG] [parse_extracted_emails.js] Parsed: parsed-INBOX-uid-6940.json
2026-04-21T01:50:25.002Z [LOG] [parse_extracted_emails.js] Parsed: parsed-INBOX-uid-6941.json
2026-04-21T01:50:25.002Z [LOG] [parse_extracted_emails.js] Parsed: parsed-INBOX-uid-6942.json
2026-04-21T01:50:25.002Z [LOG] [parse_extracted_emails.js] Parsed: parsed-INBOX-uid-6943.json
2026-04-21T01:50:25.002Z [LOG] [parse_extracted_emails.js] Parsed: parsed-INBOX-uid-6945.json
2026-04-21T01:50:25.002Z [LOG] [parse_extracted_emails.js] Parsed: parsed-INBOX-uid-6946.json
2026-04-21T01:50:25.002Z [LOG] [parse_extracted_emails.js] Parsed: parsed-INBOX-uid-6947.json
2026-04-21T01:50:25.002Z [LOG] [parse_extracted_emails.js] Parsed: parsed-INBOX-uid-6948.json
2026-04-21T01:50:25.002Z [LOG] [parse_extracted_emails.js] Parsed: parsed-INBOX-uid-6949.json
2026-04-21T01:50:25.002Z [LOG] [parse_extracted_emails.js] Parsed: parsed-INBOX-uid-6950.json
2026-04-21T01:50:25.002Z [LOG] [parse_extracted_emails.js] Parsed: parsed-INBOX-uid-6951.json
2026-04-21T01:50:25.002Z [LOG] [parse_extracted_emails.js] Parsed: parsed-INBOX-uid-6952.json
2026-04-21T01:50:25.002Z [LOG] [parse_extracted_emails.js] Parsed: parsed-INBOX-uid-6953.json
2026-04-21T01:50:25.002Z [LOG] [parse_extracted_emails.js] Parsed: parsed-INBOX-uid-6954.json
2026-04-21T01:50:25.002Z [LOG] [parse_extracted_emails.js] Parsed: parsed-INBOX-uid-6955.json
2026-04-21T01:50:25.002Z [LOG] [parse_extracted_emails.js] Parsed: parsed-INBOX-uid-6956.json
2026-04-21T01:50:25.002Z [LOG] [parse_extracted_emails.js] Parsed: parsed-INBOX-uid-6957.json
2026-04-21T01:50:25.002Z [LOG] [parse_extracted_emails.js] Parsed: parsed-INBOX-uid-6958.json
2026-04-21T01:50:25.002Z [LOG] [parse_extracted_emails.js] Parsed: parsed-INBOX-uid-6959.json
2026-04-21T01:50:25.002Z [LOG] [parse_extracted_emails.js] Parsed: parsed-INBOX-uid-6960.json
2026-04-21T01:50:25.002Z [LOG] [parse_extracted_emails.js] Parsed: parsed-INBOX-uid-6961.json
2026-04-21T01:50:25.002Z [LOG] [parse_extracted_emails.js] Parsed: parsed-INBOX-uid-6962.json
2026-04-21T01:50:25.002Z [LOG] [parse_extracted_emails.js] Parsed: parsed-INBOX-uid-6963.json
2026-04-21T01:50:25.002Z [LOG] [parse_extracted_emails.js] Parsed: parsed-INBOX-uid-6964.json
2026-04-21T01:50:25.002Z [LOG] [parse_extracted_emails.js] Parsed: parsed-INBOX-uid-6965.json
2026-04-21T01:50:25.002Z [LOG] [parse_extracted_emails.js] Parsed: parsed-INBOX-uid-6966.json
2026-04-21T01:50:25.002Z [LOG] [parse_extracted_emails.js] Parsed: parsed-INBOX-uid-6967.json
2026-04-21T01:50:25.002Z [LOG] [parse_extracted_emails.js] Parsed: parsed-INBOX-uid-6968.json
2026-04-21T01:50:25.002Z [LOG] [parse_extracted_emails.js] Parsed: parsed-INBOX-uid-6969.json
2026-04-21T01:50:25.002Z [LOG] [parse_extracted_emails.js] Parsed: parsed-INBOX-uid-6970.json
2026-04-21T01:50:25.002Z [LOG] [parse_extracted_emails.js] Parsed: parsed-INBOX-uid-6971.json
2026-04-21T01:50:25.002Z [LOG] [parse_extracted_emails.js] Parsed: parsed-INBOX-uid-6972.json
2026-04-21T01:50:25.002Z [LOG] [parse_extracted_emails.js] Parsed: parsed-INBOX-uid-6973.json
2026-04-21T01:50:25.002Z [LOG] [parse_extracted_emails.js] Parsed: parsed-INBOX-uid-6974.json
2026-04-21T01:50:25.002Z [LOG] [parse_extracted_emails.js] Parsed: parsed-INBOX-uid-6975.json
2026-04-21T01:50:25.002Z [LOG] [parse_extracted_emails.js] Parsed: parsed-INBOX-uid-6976.json
2026-04-21T01:50:25.002Z [LOG] [parse_extracted_emails.js] Parsed: parsed-INBOX-uid-6977.json
2026-04-21T01:50:25.002Z [LOG] [parse_extracted_emails.js] Parsed: parsed-INBOX-uid-6978.json
2026-04-21T01:50:25.002Z [LOG] [parse_extracted_emails.js] Parsed: parsed-INBOX-uid-6979.json
2026-04-21T01:50:25.002Z [LOG] [parse_extracted_emails.js] Parsed: parsed-INBOX-uid-6980.json
2026-04-21T01:50:25.002Z [LOG] [parse_extracted_emails.js] Parsed: parsed-INBOX-uid-6981.json
2026-04-21T01:50:25.002Z [LOG] [parse_extracted_emails.js] Parsed: parsed-INBOX-uid-6982.json
2026-04-21T01:50:25.002Z [LOG] [parse_extracted_emails.js] Parsed: parsed-INBOX-uid-6983.json
2026-04-21T01:50:25.002Z [LOG] [parse_extracted_emails.js] Parsed: parsed-INBOX-uid-6984.json
2026-04-21T01:50:25.002Z [LOG] [parse_extracted_emails.js] Parsed: parsed-INBOX-uid-6985.json
2026-04-21T01:50:25.002Z [LOG] [parse_extracted_emails.js] Parsed: parsed-INBOX-uid-6986.json
2026-04-21T01:50:25.002Z [LOG] [parse_extracted_emails.js] Parsed: parsed-INBOX-uid-6987.json
2026-04-21T01:50:25.002Z [LOG] [parse_extracted_emails.js] Parsed: parsed-INBOX-uid-6988.json
2026-04-21T01:50:25.002Z [LOG] [parse_extracted_emails.js] Parsed: parsed-INBOX-uid-6989.json
2026-04-21T01:50:25.002Z [LOG] [parse_extracted_emails.js] Parsed: parsed-INBOX-uid-6990.json
2026-04-21T01:50:25.002Z [LOG] [parse_extracted_emails.js] Parsed: parsed-INBOX-uid-6991.json
2026-04-21T01:50:25.002Z [LOG] [parse_extracted_emails.js] Parsed: parsed-INBOX-uid-6992.json
2026-04-21T01:50:25.002Z [LOG] [parse_extracted_emails.js] Parsed: parsed-INBOX-uid-6993.json
2026-04-21T01:50:25.002Z [LOG] [parse_extracted_emails.js] Parsed: parsed-INBOX-uid-6996.json
2026-04-21T01:50:25.002Z [LOG] [parse_extracted_emails.js] Parsed: parsed-INBOX-uid-7006.json
2026-04-21T01:50:25.002Z [LOG] [parse_extracted_emails.js] Parsed: parsed-INBOX-uid-7007.json
2026-04-21T01:50:25.002Z [LOG] [parse_extracted_emails.js] Parsed: parsed-INBOX-uid-7008.json
2026-04-21T01:50:25.002Z [LOG] [parse_extracted_emails.js] Parsed: parsed-INBOX-uid-7009.json
2026-04-21T01:50:25.002Z [LOG] [parse_extracted_emails.js] Parsed: parsed-INBOX-uid-7010.json
2026-04-21T01:50:25.002Z [LOG] [parse_extracted_emails.js] Parsed: parsed-INBOX-uid-7011.json
2026-04-21T01:50:25.002Z [LOG] [parse_extracted_emails.js] Parsed: parsed-INBOX-uid-7012.json
2026-04-21T01:50:25.002Z [LOG] [parse_extracted_emails.js] Parsed: parsed-INBOX-uid-7013.json
2026-04-21T01:50:25.002Z [LOG] [parse_extracted_emails.js] Parsed: parsed-INBOX-uid-7014.json
2026-04-21T01:50:25.002Z [LOG] [parse_extracted_emails.js] Parsed: parsed-INBOX-uid-7015.json
2026-04-21T01:50:25.002Z [LOG] [parse_extracted_emails.js] Parsed: parsed-INBOX-uid-7016.json
2026-04-21T01:50:25.002Z [LOG] [parse_extracted_emails.js] Parsed: parsed-INBOX-uid-7017.json
2026-04-21T01:50:25.002Z [LOG] [parse_extracted_emails.js] Parsed: parsed-INBOX-uid-7018.json
2026-04-21T01:50:25.002Z [LOG] [parse_extracted_emails.js] Parsed: parsed-INBOX-uid-7019.json
2026-04-21T01:50:25.002Z [LOG] [parse_extracted_emails.js] Parsed: parsed-INBOX-uid-7020.json
2026-04-21T01:50:25.002Z [LOG] [parse_extracted_emails.js] Parsed: parsed-INBOX-uid-7021.json
2026-04-21T01:50:25.002Z [LOG] [parse_extracted_emails.js] Parsed: parsed-INBOX-uid-7022.json
2026-04-21T01:50:25.002Z [LOG] [parse_extracted_emails.js] Parsed: parsed-INBOX-uid-7023.json
2026-04-21T01:50:25.002Z [LOG] [parse_extracted_emails.js] Parsed: parsed-INBOX-uid-7024.json
2026-04-21T01:50:25.002Z [LOG] [parse_extracted_emails.js] Parsed: parsed-INBOX-uid-7025.json
2026-04-21T01:50:25.002Z [LOG] [parse_extracted_emails.js] Parsed: parsed-INBOX-uid-7026.json
2026-04-21T01:50:25.002Z [LOG] [parse_extracted_emails.js] Parsed: parsed-INBOX-uid-7028.json
2026-04-21T01:50:25.002Z [LOG] [parse_extracted_emails.js] Parsed: parsed-INBOX-uid-7029.json
2026-04-21T01:50:25.002Z [LOG] [parse_extracted_emails.js] Parsed: parsed-INBOX-uid-7030.json
2026-04-21T01:50:25.002Z [LOG] [parse_extracted_emails.js] Parsed: parsed-INBOX-uid-7031.json
2026-04-21T01:50:25.002Z [LOG] [parse_extracted_emails.js] Parsed: parsed-INBOX-uid-7032.json
2026-04-21T01:50:25.002Z [LOG] [parse_extracted_emails.js] Parsed: parsed-INBOX-uid-7033.json
2026-04-21T01:50:25.002Z [LOG] [parse_extracted_emails.js] Parsed: parsed-INBOX-uid-7034.json
2026-04-21T01:50:25.002Z [LOG] [parse_extracted_emails.js] Parsed: parsed-INBOX-uid-7035.json
2026-04-21T01:50:25.002Z [LOG] [parse_extracted_emails.js] Parsed: parsed-INBOX-uid-7036.json
2026-04-21T01:50:25.002Z [LOG] [parse_extracted_emails.js] Parsed: parsed-INBOX-uid-7037.json
2026-04-21T01:50:25.002Z [LOG] [parse_extracted_emails.js] Parsed: parsed-INBOX-uid-7038.json
2026-04-21T01:50:25.003Z [LOG] [parse_extracted_emails.js] Parsed: parsed-INBOX-uid-7040.json
2026-04-21T01:50:25.003Z [LOG] [parse_extracted_emails.js] Parsed: parsed-INBOX-uid-7049.json
2026-04-21T01:50:25.003Z [LOG] [parse_extracted_emails.js] Parsed: parsed-INBOX-uid-7050.json
2026-04-21T01:50:25.003Z [LOG] [parse_extracted_emails.js] Parsed: parsed-INBOX-uid-7051.json
2026-04-21T01:50:25.003Z [LOG] [parse_extracted_emails.js] Parsed: parsed-INBOX-uid-7052.json
2026-04-21T01:50:25.003Z [LOG] [parse_extracted_emails.js] Parsed: parsed-INBOX-uid-7053.json
2026-04-21T01:50:25.003Z [LOG] [parse_extracted_emails.js] Parsed: parsed-INBOX-uid-7054.json
2026-04-21T01:50:25.003Z [LOG] [parse_extracted_emails.js] Parsed: parsed-INBOX-uid-7055.json
2026-04-21T01:50:25.003Z [LOG] [parse_extracted_emails.js] Parsed: parsed-INBOX-uid-7056.json
2026-04-21T01:50:25.003Z [LOG] [parse_extracted_emails.js] Parsed: parsed-INBOX-uid-7057.json
2026-04-21T01:50:25.003Z [LOG] [parse_extracted_emails.js] Parsed: parsed-INBOX-uid-7058.json
2026-04-21T01:50:25.003Z [LOG] [parse_extracted_emails.js] Parsed: parsed-INBOX-uid-7059.json
2026-04-21T01:50:25.003Z [LOG] [parse_extracted_emails.js] Parsed: parsed-INBOX-uid-7060.json
2026-04-21T01:50:25.003Z [LOG] [parse_extracted_emails.js] Parsed: parsed-INBOX-uid-7061.json
2026-04-21T01:50:25.003Z [LOG] [parse_extracted_emails.js] Parsed: parsed-INBOX-uid-7062.json
2026-04-21T01:50:25.003Z [LOG] [parse_extracted_emails.js] Parsed: parsed-INBOX-uid-7063.json
2026-04-21T01:50:24.949Z [LOG] parse summary: total=1870, parsed=1621, alreadyParsed=0, missingFields=249, invalidMessageType=0, missingParser=0, parseErrors=6
2026-04-21T01:50:25.003Z [LOG] [parse_extracted_emails.js] done
2026-04-21T01:50:25.003Z [LOG] [pipeline #1] new emails parsed: 1621
2026-04-21T01:50:25.003Z [LOG] [build_cfs_csv_mawb.js] starting…
2026-04-21T01:50:25.235Z [LOG] Written 401 rows to CFS_mawb.csv
2026-04-21T01:50:25.237Z [LOG]   Rows with no FFM match (no flight data): 3
2026-04-21T01:50:25.244Z [LOG] [build_cfs_csv_mawb.js] done
2026-04-21T01:50:25.244Z [LOG] [build_cfs_csv_uld.js] starting…
2026-04-21T01:50:25.462Z [LOG] [build_cfs_csv_uld.js] Written 721 rows to /home/wesleywu9/tolead/NCAParser/server/data/outputs/parsed_tables/CFS_uld.csv
2026-04-21T01:50:25.462Z [LOG] [build_cfs_csv_uld.js]   Rows with no FFM match: 3
2026-04-21T01:50:25.462Z [LOG] [build_cfs_csv_uld.js]   Extra rows from MAWBs split across multiple ULDs: 320
2026-04-21T01:50:25.462Z [LOG] [build_cfs_csv_uld.js] done
2026-04-21T01:50:25.462Z [LOG] [build_cfs_csv_hawb.js] starting…
2026-04-21T01:50:25.654Z [LOG] Written 812 rows to CFS_hawb.csv
2026-04-21T01:50:25.657Z [LOG]   HAWB rows: 719
2026-04-21T01:50:25.657Z [LOG]   MAWB-only rows: 93
2026-04-21T01:50:25.661Z [LOG] [build_cfs_csv_hawb.js] done
2026-04-21T01:50:25.661Z [LOG] [upload_tables_to_sheets.js] starting…
2026-04-21T01:50:25.712Z [LOG] [mawb] Clearing 'CFS_by_MAWB'!A:AZ …
2026-04-21T01:50:26.714Z [LOG] [mawb] Writing 402 rows → 'CFS_by_MAWB'!A1 …
2026-04-21T01:50:28.555Z [LOG] [mawb] Applied sheet formatting and sorting
2026-04-21T01:50:28.555Z [LOG] [mawb] Done — 401 data rows uploaded.
2026-04-21T01:50:28.558Z [LOG] [uld] Clearing 'CFS_by_ULD'!A:AZ …
2026-04-21T01:50:29.174Z [LOG] [uld] Writing 722 rows → 'CFS_by_ULD'!A1 …
2026-04-21T01:50:32.142Z [LOG] [uld] Applied sheet formatting and sorting
2026-04-21T01:50:33.208Z [LOG] [uld] Applied ULD grouping formatting (641 ULD blocks)
2026-04-21T01:50:33.208Z [LOG] [uld] Done — 721 data rows uploaded.
2026-04-21T01:50:33.213Z [LOG] [hawb] Clearing 'CFS_by_HAWB'!A:AZ …
2026-04-21T01:50:33.548Z [LOG] [hawb] Writing 813 rows → 'CFS_by_HAWB'!A1 …
2026-04-21T01:50:35.551Z [LOG] [hawb] Applied sheet formatting and sorting
2026-04-21T01:50:36.338Z [LOG] [hawb] Applied MAWB grouping formatting (402 MAWB blocks)
2026-04-21T01:50:36.338Z [LOG] [hawb] Done — 812 data rows uploaded.
2026-04-21T01:50:36.344Z [LOG] [upload_tables_to_sheets.js] done
2026-04-21T01:50:36.344Z [LOG] [pipeline #1] pipeline complete
2026-04-21T01:50:42.128Z [LOG] Pipeline polling every 300s. Press Ctrl+C to stop.
2026-04-21T01:50:42.130Z [LOG] ────────────────────────────────────────────────────────────
2026-04-21T01:50:42.130Z [LOG] [pipeline #1] 2026-04-21T01:50:42.130Z
2026-04-21T01:50:42.131Z [LOG] [extract_emails.js] starting…
2026-04-21T01:50:46.076Z [LOG] extracted 0 email(s) this run
2026-04-21T01:50:46.370Z [LOG] extraction finished
2026-04-21T01:50:46.377Z [LOG] [extract_emails.js] done
2026-04-21T01:50:46.377Z [LOG] [pipeline #1] new emails extracted: 0
2026-04-21T01:50:46.378Z [LOG] [parse_extracted_emails.js] starting…
2026-04-21T01:50:46.431Z [LOG] parse summary: total=1870, parsed=0, alreadyParsed=1621, missingFields=249, invalidMessageType=0, missingParser=0, parseErrors=0
2026-04-21T01:50:46.436Z [LOG] [parse_extracted_emails.js] done
2026-04-21T01:50:46.436Z [LOG] [pipeline #1] new emails parsed: 0
2026-04-21T01:50:46.436Z [LOG] [pipeline #1] no new data — skipping CSV rebuild and Sheets upload
2026-04-21T01:55:46.536Z [LOG] ────────────────────────────────────────────────────────────
2026-04-21T01:55:46.536Z [LOG] [pipeline #2] 2026-04-21T01:55:46.536Z
2026-04-21T01:55:46.536Z [LOG] [extract_emails.js] starting…
2026-04-21T01:55:50.285Z [LOG] extracted 0 email(s) this run
2026-04-21T01:55:50.582Z [LOG] extraction finished
2026-04-21T01:55:50.589Z [LOG] [extract_emails.js] done
2026-04-21T01:55:50.589Z [LOG] [pipeline #2] new emails extracted: 0
2026-04-21T01:55:50.589Z [LOG] [parse_extracted_emails.js] starting…
2026-04-21T01:55:50.632Z [LOG] parse summary: total=1870, parsed=0, alreadyParsed=1621, missingFields=249, invalidMessageType=0, missingParser=0, parseErrors=0
2026-04-21T01:55:50.636Z [LOG] [parse_extracted_emails.js] done
2026-04-21T01:55:50.636Z [LOG] [pipeline #2] new emails parsed: 0
2026-04-21T01:55:50.636Z [LOG] [pipeline #2] no new data — skipping CSV rebuild and Sheets upload
2026-04-21T01:56:18.051Z [WARN] Received SIGINT; shutting down pipeline...
2026-04-21T01:56:19.227Z [LOG] ────────────────────────────────────────────────────────────
2026-04-21T01:56:19.229Z [LOG] [pipeline #1] 2026-04-21T01:56:19.229Z
2026-04-21T01:56:19.229Z [LOG] [extract_emails.js] starting…
2026-04-21T01:56:22.789Z [LOG] extracted 0 email(s) this run
2026-04-21T01:56:23.040Z [LOG] extraction finished
2026-04-21T01:56:23.047Z [LOG] [extract_emails.js] done
2026-04-21T01:56:23.048Z [LOG] [pipeline #1] new emails extracted: 0
2026-04-21T01:56:23.048Z [LOG] [parse_extracted_emails.js] starting…
2026-04-21T01:56:50.325Z [LOG] [parse_extracted_emails.js] Parsed: parsed-INBOX-uid-1001.json
2026-04-21T01:56:50.325Z [LOG] [parse_extracted_emails.js] Parsed: parsed-INBOX-uid-1002.json
2026-04-21T01:56:50.325Z [LOG] [parse_extracted_emails.js] Parsed: parsed-INBOX-uid-1004.json
2026-04-21T01:56:50.325Z [LOG] [parse_extracted_emails.js] Parsed: parsed-INBOX-uid-1005.json
2026-04-21T01:56:50.325Z [LOG] [parse_extracted_emails.js] Parsed: parsed-INBOX-uid-1006.json
2026-04-21T01:56:50.325Z [LOG] [parse_extracted_emails.js] Parsed: parsed-INBOX-uid-1007.json
2026-04-21T01:56:50.325Z [LOG] [parse_extracted_emails.js] Parsed: parsed-INBOX-uid-1008.json
2026-04-21T01:56:50.325Z [LOG] [parse_extracted_emails.js] Parsed: parsed-INBOX-uid-1009.json
2026-04-21T01:56:50.325Z [LOG] [parse_extracted_emails.js] Parsed: parsed-INBOX-uid-1010.json
2026-04-21T01:56:50.325Z [LOG] [parse_extracted_emails.js] Parsed: parsed-INBOX-uid-1014.json
2026-04-21T01:56:50.325Z [LOG] [parse_extracted_emails.js] Parsed: parsed-INBOX-uid-1020.json
2026-04-21T01:56:50.325Z [LOG] [parse_extracted_emails.js] Parsed: parsed-INBOX-uid-1021.json
2026-04-21T01:56:50.325Z [LOG] [parse_extracted_emails.js] Parsed: parsed-INBOX-uid-1022.json
2026-04-21T01:56:50.325Z [LOG] [parse_extracted_emails.js] Parsed: parsed-INBOX-uid-1023.json
2026-04-21T01:56:50.325Z [LOG] [parse_extracted_emails.js] Parsed: parsed-INBOX-uid-1264.json
2026-04-21T01:56:50.325Z [LOG] [parse_extracted_emails.js] Parsed: parsed-INBOX-uid-1265.json
2026-04-21T01:56:50.325Z [LOG] [parse_extracted_emails.js] Parsed: parsed-INBOX-uid-1266.json
2026-04-21T01:56:50.325Z [LOG] [parse_extracted_emails.js] Parsed: parsed-INBOX-uid-1339.json
2026-04-21T01:56:50.325Z [LOG] [parse_extracted_emails.js] Parsed: parsed-INBOX-uid-1340.json
2026-04-21T01:56:50.325Z [LOG] [parse_extracted_emails.js] Parsed: parsed-INBOX-uid-1341.json
2026-04-21T01:56:50.325Z [LOG] [parse_extracted_emails.js] Parsed: parsed-INBOX-uid-1342.json
2026-04-21T01:56:50.325Z [LOG] [parse_extracted_emails.js] Parsed: parsed-INBOX-uid-1343.json
2026-04-21T01:56:50.325Z [LOG] [parse_extracted_emails.js] Parsed: parsed-INBOX-uid-1344.json
2026-04-21T01:56:50.325Z [LOG] [parse_extracted_emails.js] Parsed: parsed-INBOX-uid-1345.json
2026-04-21T01:56:50.325Z [LOG] [parse_extracted_emails.js] Parsed: parsed-INBOX-uid-1346.json
2026-04-21T01:56:50.325Z [LOG] [parse_extracted_emails.js] Parsed: parsed-INBOX-uid-1347.json
2026-04-21T01:56:50.325Z [LOG] [parse_extracted_emails.js] Parsed: parsed-INBOX-uid-1348.json
2026-04-21T01:56:50.325Z [LOG] [parse_extracted_emails.js] Parsed: parsed-INBOX-uid-1349.json
2026-04-21T01:56:50.326Z [LOG] [parse_extracted_emails.js] Parsed: parsed-INBOX-uid-1350.json
2026-04-21T01:56:50.326Z [LOG] [parse_extracted_emails.js] Parsed: parsed-INBOX-uid-1351.json
2026-04-21T01:56:50.326Z [LOG] [parse_extracted_emails.js] Parsed: parsed-INBOX-uid-1352.json
2026-04-21T01:56:50.326Z [LOG] [parse_extracted_emails.js] Parsed: parsed-INBOX-uid-1353.json
2026-04-21T01:56:50.326Z [LOG] [parse_extracted_emails.js] Parsed: parsed-INBOX-uid-1354.json
2026-04-21T01:56:50.326Z [LOG] [parse_extracted_emails.js] Parsed: parsed-INBOX-uid-1407.json
2026-04-21T01:56:50.326Z [LOG] [parse_extracted_emails.js] Parsed: parsed-INBOX-uid-1408.json
2026-04-21T01:56:50.326Z [LOG] [parse_extracted_emails.js] Parsed: parsed-INBOX-uid-1409.json
2026-04-21T01:56:50.326Z [LOG] [parse_extracted_emails.js] Parsed: parsed-INBOX-uid-1410.json
2026-04-21T01:56:50.326Z [LOG] [parse_extracted_emails.js] Parsed: parsed-INBOX-uid-1411.json
2026-04-21T01:56:50.326Z [LOG] [parse_extracted_emails.js] Parsed: parsed-INBOX-uid-1412.json
2026-04-21T01:56:50.326Z [LOG] [parse_extracted_emails.js] Parsed: parsed-INBOX-uid-1413.json
2026-04-21T01:56:50.326Z [LOG] [parse_extracted_emails.js] Parsed: parsed-INBOX-uid-1414.json
2026-04-21T01:56:50.326Z [LOG] [parse_extracted_emails.js] Parsed: parsed-INBOX-uid-1415.json
2026-04-21T01:56:50.326Z [LOG] [parse_extracted_emails.js] Parsed: parsed-INBOX-uid-1416.json
2026-04-21T01:56:50.326Z [LOG] [parse_extracted_emails.js] Parsed: parsed-INBOX-uid-1417.json
2026-04-21T01:56:50.326Z [LOG] [parse_extracted_emails.js] Parsed: parsed-INBOX-uid-1923.json
2026-04-21T01:56:50.326Z [LOG] [parse_extracted_emails.js] Parsed: parsed-INBOX-uid-1924.json
2026-04-21T01:56:50.326Z [LOG] [parse_extracted_emails.js] Parsed: parsed-INBOX-uid-1925.json
2026-04-21T01:56:50.326Z [LOG] [parse_extracted_emails.js] Parsed: parsed-INBOX-uid-1926.json
2026-04-21T01:56:50.326Z [LOG] [parse_extracted_emails.js] Parsed: parsed-INBOX-uid-1927.json
2026-04-21T01:56:50.326Z [LOG] [parse_extracted_emails.js] Parsed: parsed-INBOX-uid-1939.json
2026-04-21T01:56:50.326Z [LOG] [parse_extracted_emails.js] Parsed: parsed-INBOX-uid-1940.json
2026-04-21T01:56:50.326Z [LOG] [parse_extracted_emails.js] Parsed: parsed-INBOX-uid-1941.json
2026-04-21T01:56:50.326Z [LOG] [parse_extracted_emails.js] Parsed: parsed-INBOX-uid-1942.json
2026-04-21T01:56:50.326Z [LOG] [parse_extracted_emails.js] Parsed: parsed-INBOX-uid-1943.json
2026-04-21T01:56:50.326Z [LOG] [parse_extracted_emails.js] Parsed: parsed-INBOX-uid-1945.json
2026-04-21T01:56:50.326Z [LOG] [parse_extracted_emails.js] Parsed: parsed-INBOX-uid-1946.json
2026-04-21T01:56:50.326Z [LOG] [parse_extracted_emails.js] Parsed: parsed-INBOX-uid-1947.json
2026-04-21T01:56:50.326Z [LOG] [parse_extracted_emails.js] Parsed: parsed-INBOX-uid-1948.json
2026-04-21T01:56:50.326Z [LOG] [parse_extracted_emails.js] Parsed: parsed-INBOX-uid-1949.json
2026-04-21T01:56:50.326Z [LOG] [parse_extracted_emails.js] Parsed: parsed-INBOX-uid-1950.json
2026-04-21T01:56:50.326Z [LOG] [parse_extracted_emails.js] Parsed: parsed-INBOX-uid-1951.json
2026-04-21T01:56:50.326Z [LOG] [parse_extracted_emails.js] Parsed: parsed-INBOX-uid-1952.json
2026-04-21T01:56:50.326Z [LOG] [parse_extracted_emails.js] Parsed: parsed-INBOX-uid-1953.json
2026-04-21T01:56:50.326Z [LOG] [parse_extracted_emails.js] Parsed: parsed-INBOX-uid-1954.json
2026-04-21T01:56:50.326Z [LOG] [parse_extracted_emails.js] Parsed: parsed-INBOX-uid-1955.json
2026-04-21T01:56:50.326Z [LOG] [parse_extracted_emails.js] Parsed: parsed-INBOX-uid-1956.json
2026-04-21T01:56:50.326Z [LOG] [parse_extracted_emails.js] Parsed: parsed-INBOX-uid-1957.json
2026-04-21T01:56:50.326Z [LOG] [parse_extracted_emails.js] Parsed: parsed-INBOX-uid-1958.json
2026-04-21T01:56:50.326Z [LOG] [parse_extracted_emails.js] Parsed: parsed-INBOX-uid-1959.json
2026-04-21T01:56:50.326Z [LOG] [parse_extracted_emails.js] Parsed: parsed-INBOX-uid-1960.json
2026-04-21T01:56:50.326Z [LOG] [parse_extracted_emails.js] Parsed: parsed-INBOX-uid-1961.json
2026-04-21T01:56:50.326Z [LOG] [parse_extracted_emails.js] Parsed: parsed-INBOX-uid-1962.json
2026-04-21T01:56:50.326Z [LOG] [parse_extracted_emails.js] Parsed: parsed-INBOX-uid-1963.json
2026-04-21T01:56:50.326Z [LOG] [parse_extracted_emails.js] Parsed: parsed-INBOX-uid-1964.json
2026-04-21T01:56:50.326Z [LOG] [parse_extracted_emails.js] Parsed: parsed-INBOX-uid-1965.json
2026-04-21T01:56:50.326Z [LOG] [parse_extracted_emails.js] Parsed: parsed-INBOX-uid-1966.json
2026-04-21T01:56:50.326Z [LOG] [parse_extracted_emails.js] Parsed: parsed-INBOX-uid-1967.json
2026-04-21T01:56:50.326Z [LOG] [parse_extracted_emails.js] Parsed: parsed-INBOX-uid-1968.json
2026-04-21T01:56:50.326Z [LOG] [parse_extracted_emails.js] Parsed: parsed-INBOX-uid-1969.json
2026-04-21T01:56:50.326Z [LOG] [parse_extracted_emails.js] Parsed: parsed-INBOX-uid-1970.json
2026-04-21T01:56:50.326Z [LOG] [parse_extracted_emails.js] Parsed: parsed-INBOX-uid-1971.json
2026-04-21T01:56:50.326Z [LOG] [parse_extracted_emails.js] Parsed: parsed-INBOX-uid-1972.json
2026-04-21T01:56:50.326Z [LOG] [parse_extracted_emails.js] Parsed: parsed-INBOX-uid-1973.json
2026-04-21T01:56:50.326Z [LOG] [parse_extracted_emails.js] Parsed: parsed-INBOX-uid-3287.json
2026-04-21T01:56:50.326Z [LOG] [parse_extracted_emails.js] Parsed: parsed-INBOX-uid-3478.json
2026-04-21T01:56:50.326Z [LOG] [parse_extracted_emails.js] Parsed: parsed-INBOX-uid-3479.json
2026-04-21T01:56:50.326Z [LOG] [parse_extracted_emails.js] Parsed: parsed-INBOX-uid-3480.json
2026-04-21T01:56:50.326Z [LOG] [parse_extracted_emails.js] Parsed: parsed-INBOX-uid-3481.json
2026-04-21T01:56:50.326Z [LOG] [parse_extracted_emails.js] Parsed: parsed-INBOX-uid-3482.json
2026-04-21T01:56:50.326Z [LOG] [parse_extracted_emails.js] Parsed: parsed-INBOX-uid-3483.json
2026-04-21T01:56:50.326Z [LOG] [parse_extracted_emails.js] Parsed: parsed-INBOX-uid-3484.json
2026-04-21T01:56:50.326Z [LOG] [parse_extracted_emails.js] Parsed: parsed-INBOX-uid-3485.json
2026-04-21T01:56:50.326Z [LOG] [parse_extracted_emails.js] Parsed: parsed-INBOX-uid-3486.json
2026-04-21T01:56:50.326Z [LOG] [parse_extracted_emails.js] Parsed: parsed-INBOX-uid-3487.json
2026-04-21T01:56:50.326Z [LOG] [parse_extracted_emails.js] Parsed: parsed-INBOX-uid-3488.json
2026-04-21T01:56:50.326Z [LOG] [parse_extracted_emails.js] Parsed: parsed-INBOX-uid-3489.json
2026-04-21T01:56:50.326Z [LOG] [parse_extracted_emails.js] Parsed: parsed-INBOX-uid-3490.json
2026-04-21T01:56:50.326Z [LOG] [parse_extracted_emails.js] Parsed: parsed-INBOX-uid-3491.json
2026-04-21T01:56:50.326Z [LOG] [parse_extracted_emails.js] Parsed: parsed-INBOX-uid-3492.json
2026-04-21T01:56:50.326Z [LOG] [parse_extracted_emails.js] Parsed: parsed-INBOX-uid-3493.json
2026-04-21T01:56:50.326Z [LOG] [parse_extracted_emails.js] Parsed: parsed-INBOX-uid-3494.json
2026-04-21T01:56:50.326Z [LOG] [parse_extracted_emails.js] Parsed: parsed-INBOX-uid-3495.json
2026-04-21T01:56:50.326Z [LOG] [parse_extracted_emails.js] Parsed: parsed-INBOX-uid-3496.json
2026-04-21T01:56:50.326Z [LOG] [parse_extracted_emails.js] Parsed: parsed-INBOX-uid-3497.json
2026-04-21T01:56:50.326Z [LOG] [parse_extracted_emails.js] Parsed: parsed-INBOX-uid-4267.json
2026-04-21T01:56:50.326Z [LOG] [parse_extracted_emails.js] Parsed: parsed-INBOX-uid-4268.json
2026-04-21T01:56:50.326Z [LOG] [parse_extracted_emails.js] Parsed: parsed-INBOX-uid-4269.json
2026-04-21T01:56:50.326Z [LOG] [parse_extracted_emails.js] Parsed: parsed-INBOX-uid-4270.json
2026-04-21T01:56:50.326Z [LOG] [parse_extracted_emails.js] Parsed: parsed-INBOX-uid-4271.json
2026-04-21T01:56:50.326Z [LOG] [parse_extracted_emails.js] Parsed: parsed-INBOX-uid-4272.json
2026-04-21T01:56:50.326Z [LOG] [parse_extracted_emails.js] Parsed: parsed-INBOX-uid-4273.json
2026-04-21T01:56:50.326Z [LOG] [parse_extracted_emails.js] Parsed: parsed-INBOX-uid-4274.json
2026-04-21T01:56:50.326Z [LOG] [parse_extracted_emails.js] Parsed: parsed-INBOX-uid-4275.json
2026-04-21T01:56:50.327Z [LOG] [parse_extracted_emails.js] Parsed: parsed-INBOX-uid-4276.json
2026-04-21T01:56:50.327Z [LOG] [parse_extracted_emails.js] Parsed: parsed-INBOX-uid-4277.json
2026-04-21T01:56:50.327Z [LOG] [parse_extracted_emails.js] Parsed: parsed-INBOX-uid-4278.json
2026-04-21T01:56:50.327Z [LOG] [parse_extracted_emails.js] Parsed: parsed-INBOX-uid-4279.json
2026-04-21T01:56:50.327Z [LOG] [parse_extracted_emails.js] Parsed: parsed-INBOX-uid-4280.json
2026-04-21T01:56:50.327Z [LOG] [parse_extracted_emails.js] Parsed: parsed-INBOX-uid-4281.json
2026-04-21T01:56:50.327Z [LOG] [parse_extracted_emails.js] Parsed: parsed-INBOX-uid-4282.json
2026-04-21T01:56:50.327Z [LOG] [parse_extracted_emails.js] Parsed: parsed-INBOX-uid-4310.json
2026-04-21T01:56:50.327Z [LOG] [parse_extracted_emails.js] Parsed: parsed-INBOX-uid-4311.json
2026-04-21T01:56:50.327Z [LOG] [parse_extracted_emails.js] Parsed: parsed-INBOX-uid-4312.json
2026-04-21T01:56:50.327Z [LOG] [parse_extracted_emails.js] Parsed: parsed-INBOX-uid-4313.json
2026-04-21T01:56:50.327Z [LOG] [parse_extracted_emails.js] Parsed: parsed-INBOX-uid-4314.json
2026-04-21T01:56:50.327Z [LOG] [parse_extracted_emails.js] Parsed: parsed-INBOX-uid-4315.json
2026-04-21T01:56:50.327Z [LOG] [parse_extracted_emails.js] Parsed: parsed-INBOX-uid-4316.json
2026-04-21T01:56:50.327Z [LOG] [parse_extracted_emails.js] Parsed: parsed-INBOX-uid-4317.json
2026-04-21T01:56:50.327Z [LOG] [parse_extracted_emails.js] Parsed: parsed-INBOX-uid-4318.json
2026-04-21T01:56:50.327Z [LOG] [parse_extracted_emails.js] Parsed: parsed-INBOX-uid-4319.json
2026-04-21T01:56:50.327Z [LOG] [parse_extracted_emails.js] Parsed: parsed-INBOX-uid-4320.json
2026-04-21T01:56:50.327Z [LOG] [parse_extracted_emails.js] Parsed: parsed-INBOX-uid-4321.json
2026-04-21T01:56:50.327Z [LOG] [parse_extracted_emails.js] Parsed: parsed-INBOX-uid-4322.json
2026-04-21T01:56:50.327Z [LOG] [parse_extracted_emails.js] Parsed: parsed-INBOX-uid-4323.json
2026-04-21T01:56:50.327Z [LOG] [parse_extracted_emails.js] Parsed: parsed-INBOX-uid-4324.json
2026-04-21T01:56:50.327Z [LOG] [parse_extracted_emails.js] Parsed: parsed-INBOX-uid-4325.json
2026-04-21T01:56:50.327Z [LOG] [parse_extracted_emails.js] Parsed: parsed-INBOX-uid-4326.json
2026-04-21T01:56:50.327Z [LOG] [parse_extracted_emails.js] Parsed: parsed-INBOX-uid-4327.json
2026-04-21T01:56:50.327Z [LOG] [parse_extracted_emails.js] Parsed: parsed-INBOX-uid-4328.json
2026-04-21T01:56:50.327Z [LOG] [parse_extracted_emails.js] Parsed: parsed-INBOX-uid-4329.json
2026-04-21T01:56:50.327Z [LOG] [parse_extracted_emails.js] Parsed: parsed-INBOX-uid-4330.json
2026-04-21T01:56:50.327Z [LOG] [parse_extracted_emails.js] Parsed: parsed-INBOX-uid-4331.json
2026-04-21T01:56:50.327Z [LOG] [parse_extracted_emails.js] Parsed: parsed-INBOX-uid-4332.json
2026-04-21T01:56:50.327Z [LOG] [parse_extracted_emails.js] Parsed: parsed-INBOX-uid-4333.json
2026-04-21T01:56:50.327Z [LOG] [parse_extracted_emails.js] Parsed: parsed-INBOX-uid-4334.json
2026-04-21T01:56:50.327Z [LOG] [parse_extracted_emails.js] Parsed: parsed-INBOX-uid-4335.json
2026-04-21T01:56:50.327Z [LOG] [parse_extracted_emails.js] Parsed: parsed-INBOX-uid-4336.json
2026-04-21T01:56:50.327Z [LOG] [parse_extracted_emails.js] Parsed: parsed-INBOX-uid-4337.json
2026-04-21T01:56:50.327Z [LOG] [parse_extracted_emails.js] Parsed: parsed-INBOX-uid-4338.json
2026-04-21T01:56:50.327Z [LOG] [parse_extracted_emails.js] Parsed: parsed-INBOX-uid-4339.json
2026-04-21T01:56:50.327Z [LOG] [parse_extracted_emails.js] Parsed: parsed-INBOX-uid-4340.json
2026-04-21T01:56:50.327Z [LOG] [parse_extracted_emails.js] Parsed: parsed-INBOX-uid-4341.json
2026-04-21T01:56:50.327Z [LOG] [parse_extracted_emails.js] Parsed: parsed-INBOX-uid-4342.json
2026-04-21T01:56:50.327Z [LOG] [parse_extracted_emails.js] Parsed: parsed-INBOX-uid-4343.json
2026-04-21T01:56:50.327Z [LOG] [parse_extracted_emails.js] Parsed: parsed-INBOX-uid-4344.json
2026-04-21T01:56:50.327Z [LOG] [parse_extracted_emails.js] Parsed: parsed-INBOX-uid-4345.json
2026-04-21T01:56:50.327Z [LOG] [parse_extracted_emails.js] Parsed: parsed-INBOX-uid-4577.json
2026-04-21T01:56:50.327Z [LOG] [parse_extracted_emails.js] Parsed: parsed-INBOX-uid-4578.json
2026-04-21T01:56:50.327Z [LOG] [parse_extracted_emails.js] Parsed: parsed-INBOX-uid-4579.json
2026-04-21T01:56:50.327Z [LOG] [parse_extracted_emails.js] Parsed: parsed-INBOX-uid-4580.json
2026-04-21T01:56:50.327Z [LOG] [parse_extracted_emails.js] Parsed: parsed-INBOX-uid-4581.json
2026-04-21T01:56:50.327Z [LOG] [parse_extracted_emails.js] Parsed: parsed-INBOX-uid-4582.json
2026-04-21T01:56:50.327Z [LOG] [parse_extracted_emails.js] Parsed: parsed-INBOX-uid-4583.json
2026-04-21T01:56:50.327Z [LOG] [parse_extracted_emails.js] Parsed: parsed-INBOX-uid-4584.json
2026-04-21T01:56:50.327Z [LOG] [parse_extracted_emails.js] Parsed: parsed-INBOX-uid-4585.json
2026-04-21T01:56:50.328Z [LOG] [parse_extracted_emails.js] Parsed: parsed-INBOX-uid-4586.json
2026-04-21T01:56:50.328Z [LOG] [parse_extracted_emails.js] Parsed: parsed-INBOX-uid-4587.json
2026-04-21T01:56:50.328Z [LOG] [parse_extracted_emails.js] Parsed: parsed-INBOX-uid-4588.json
2026-04-21T01:56:50.328Z [LOG] [parse_extracted_emails.js] Parsed: parsed-INBOX-uid-4589.json
2026-04-21T01:56:50.328Z [LOG] [parse_extracted_emails.js] Parsed: parsed-INBOX-uid-4590.json
2026-04-21T01:56:50.328Z [LOG] [parse_extracted_emails.js] Parsed: parsed-INBOX-uid-4591.json
2026-04-21T01:56:50.328Z [LOG] [parse_extracted_emails.js] Parsed: parsed-INBOX-uid-4592.json
2026-04-21T01:56:50.328Z [LOG] [parse_extracted_emails.js] Parsed: parsed-INBOX-uid-4593.json
2026-04-21T01:56:50.328Z [LOG] [parse_extracted_emails.js] Parsed: parsed-INBOX-uid-4594.json
2026-04-21T01:56:50.328Z [LOG] [parse_extracted_emails.js] Parsed: parsed-INBOX-uid-4595.json
2026-04-21T01:56:50.328Z [LOG] [parse_extracted_emails.js] Parsed: parsed-INBOX-uid-4596.json
2026-04-21T01:56:50.328Z [LOG] [parse_extracted_emails.js] Parsed: parsed-INBOX-uid-4597.json
2026-04-21T01:56:50.328Z [LOG] [parse_extracted_emails.js] Parsed: parsed-INBOX-uid-4598.json
2026-04-21T01:56:50.328Z [LOG] [parse_extracted_emails.js] Parsed: parsed-INBOX-uid-4650.json
2026-04-21T01:56:50.328Z [LOG] [parse_extracted_emails.js] Parsed: parsed-INBOX-uid-4651.json
2026-04-21T01:56:50.328Z [LOG] [parse_extracted_emails.js] Parsed: parsed-INBOX-uid-4652.json
2026-04-21T01:56:50.328Z [LOG] [parse_extracted_emails.js] Parsed: parsed-INBOX-uid-4653.json
2026-04-21T01:56:50.328Z [LOG] [parse_extracted_emails.js] Parsed: parsed-INBOX-uid-4654.json
2026-04-21T01:56:50.328Z [LOG] [parse_extracted_emails.js] Parsed: parsed-INBOX-uid-4655.json
2026-04-21T01:56:50.328Z [LOG] [parse_extracted_emails.js] Parsed: parsed-INBOX-uid-4656.json
2026-04-21T01:56:50.328Z [LOG] [parse_extracted_emails.js] Parsed: parsed-INBOX-uid-4657.json
2026-04-21T01:56:50.328Z [LOG] [parse_extracted_emails.js] Parsed: parsed-INBOX-uid-4658.json
2026-04-21T01:56:50.328Z [LOG] [parse_extracted_emails.js] Parsed: parsed-INBOX-uid-4659.json
2026-04-21T01:56:50.328Z [LOG] [parse_extracted_emails.js] Parsed: parsed-INBOX-uid-4660.json
2026-04-21T01:56:50.328Z [LOG] [parse_extracted_emails.js] Parsed: parsed-INBOX-uid-4661.json
2026-04-21T01:56:50.328Z [LOG] [parse_extracted_emails.js] Parsed: parsed-INBOX-uid-4662.json
2026-04-21T01:56:50.328Z [LOG] [parse_extracted_emails.js] Parsed: parsed-INBOX-uid-4663.json
2026-04-21T01:56:50.328Z [LOG] [parse_extracted_emails.js] Parsed: parsed-INBOX-uid-4664.json
2026-04-21T01:56:50.328Z [LOG] [parse_extracted_emails.js] Parsed: parsed-INBOX-uid-4665.json
2026-04-21T01:56:50.328Z [LOG] [parse_extracted_emails.js] Parsed: parsed-INBOX-uid-4666.json
2026-04-21T01:56:50.328Z [LOG] [parse_extracted_emails.js] Parsed: parsed-INBOX-uid-4667.json
2026-04-21T01:56:50.328Z [LOG] [parse_extracted_emails.js] Parsed: parsed-INBOX-uid-4668.json
2026-04-21T01:56:50.328Z [LOG] [parse_extracted_emails.js] Parsed: parsed-INBOX-uid-4669.json
2026-04-21T01:56:50.328Z [LOG] [parse_extracted_emails.js] Parsed: parsed-INBOX-uid-4670.json
2026-04-21T01:56:50.328Z [LOG] [parse_extracted_emails.js] Parsed: parsed-INBOX-uid-5417.json
2026-04-21T01:56:50.328Z [LOG] [parse_extracted_emails.js] Parsed: parsed-INBOX-uid-5418.json
2026-04-21T01:56:50.328Z [LOG] [parse_extracted_emails.js] Parsed: parsed-INBOX-uid-5419.json
2026-04-21T01:56:50.328Z [LOG] [parse_extracted_emails.js] Parsed: parsed-INBOX-uid-5420.json
2026-04-21T01:56:50.328Z [LOG] [parse_extracted_emails.js] Parsed: parsed-INBOX-uid-5421.json
2026-04-21T01:56:50.328Z [LOG] [parse_extracted_emails.js] Parsed: parsed-INBOX-uid-5422.json
2026-04-21T01:56:50.328Z [LOG] [parse_extracted_emails.js] Parsed: parsed-INBOX-uid-5423.json
2026-04-21T01:56:50.328Z [LOG] [parse_extracted_emails.js] Parsed: parsed-INBOX-uid-5424.json
2026-04-21T01:56:50.328Z [LOG] [parse_extracted_emails.js] Parsed: parsed-INBOX-uid-5425.json
2026-04-21T01:56:50.328Z [LOG] [parse_extracted_emails.js] Parsed: parsed-INBOX-uid-5426.json
2026-04-21T01:56:50.328Z [LOG] [parse_extracted_emails.js] Parsed: parsed-INBOX-uid-5427.json
2026-04-21T01:56:50.328Z [LOG] [parse_extracted_emails.js] Parsed: parsed-INBOX-uid-5428.json
2026-04-21T01:56:50.328Z [LOG] [parse_extracted_emails.js] Parsed: parsed-INBOX-uid-5429.json
2026-04-21T01:56:50.328Z [LOG] [parse_extracted_emails.js] Parsed: parsed-INBOX-uid-5430.json
2026-04-21T01:56:50.328Z [LOG] [parse_extracted_emails.js] Parsed: parsed-INBOX-uid-5431.json
2026-04-21T01:56:50.328Z [LOG] [parse_extracted_emails.js] Parsed: parsed-INBOX-uid-5432.json
2026-04-21T01:56:50.328Z [LOG] [parse_extracted_emails.js] Parsed: parsed-INBOX-uid-5433.json
2026-04-21T01:56:50.328Z [LOG] [parse_extracted_emails.js] Parsed: parsed-INBOX-uid-5434.json
2026-04-21T01:56:50.328Z [LOG] [parse_extracted_emails.js] Parsed: parsed-INBOX-uid-5435.json
2026-04-21T01:56:50.328Z [LOG] [parse_extracted_emails.js] Parsed: parsed-INBOX-uid-5436.json
2026-04-21T01:56:50.328Z [LOG] [parse_extracted_emails.js] Parsed: parsed-INBOX-uid-5437.json
2026-04-21T01:56:50.328Z [LOG] [parse_extracted_emails.js] Parsed: parsed-INBOX-uid-5438.json
2026-04-21T01:56:50.328Z [LOG] [parse_extracted_emails.js] Parsed: parsed-INBOX-uid-5439.json
2026-04-21T01:56:50.328Z [LOG] [parse_extracted_emails.js] Parsed: parsed-INBOX-uid-5440.json
2026-04-21T01:56:50.328Z [LOG] [parse_extracted_emails.js] Parsed: parsed-INBOX-uid-5441.json
2026-04-21T01:56:50.328Z [LOG] [parse_extracted_emails.js] Parsed: parsed-INBOX-uid-5442.json
2026-04-21T01:56:50.328Z [LOG] [parse_extracted_emails.js] Parsed: parsed-INBOX-uid-5443.json
2026-04-21T01:56:50.328Z [LOG] [parse_extracted_emails.js] Parsed: parsed-INBOX-uid-5444.json
2026-04-21T01:56:50.328Z [LOG] [parse_extracted_emails.js] Parsed: parsed-INBOX-uid-5445.json
2026-04-21T01:56:50.328Z [LOG] [parse_extracted_emails.js] Parsed: parsed-INBOX-uid-5446.json
2026-04-21T01:56:50.328Z [LOG] [parse_extracted_emails.js] Parsed: parsed-INBOX-uid-5447.json
2026-04-21T01:56:50.328Z [LOG] [parse_extracted_emails.js] Parsed: parsed-INBOX-uid-5448.json
2026-04-21T01:56:50.328Z [LOG] [parse_extracted_emails.js] Parsed: parsed-INBOX-uid-5449.json
2026-04-21T01:56:50.328Z [LOG] [parse_extracted_emails.js] Parsed: parsed-INBOX-uid-5450.json
2026-04-21T01:56:50.328Z [LOG] [parse_extracted_emails.js] Parsed: parsed-INBOX-uid-5451.json
2026-04-21T01:56:50.328Z [LOG] [parse_extracted_emails.js] Parsed: parsed-INBOX-uid-5452.json
2026-04-21T01:56:50.328Z [LOG] [parse_extracted_emails.js] Parsed: parsed-INBOX-uid-5453.json
2026-04-21T01:56:50.328Z [LOG] [parse_extracted_emails.js] Parsed: parsed-INBOX-uid-5454.json
2026-04-21T01:56:50.328Z [LOG] [parse_extracted_emails.js] Parsed: parsed-INBOX-uid-5455.json
2026-04-21T01:56:50.328Z [LOG] [parse_extracted_emails.js] Parsed: parsed-INBOX-uid-5456.json
2026-04-21T01:56:50.328Z [LOG] [parse_extracted_emails.js] Parsed: parsed-INBOX-uid-5457.json
2026-04-21T01:56:50.328Z [LOG] [parse_extracted_emails.js] Parsed: parsed-INBOX-uid-5458.json
2026-04-21T01:56:50.328Z [LOG] [parse_extracted_emails.js] Parsed: parsed-INBOX-uid-5459.json
2026-04-21T01:56:50.328Z [LOG] [parse_extracted_emails.js] Parsed: parsed-INBOX-uid-5460.json
2026-04-21T01:56:50.328Z [LOG] [parse_extracted_emails.js] Parsed: parsed-INBOX-uid-5461.json
2026-04-21T01:56:50.329Z [LOG] [parse_extracted_emails.js] Parsed: parsed-INBOX-uid-5462.json
2026-04-21T01:56:50.329Z [LOG] [parse_extracted_emails.js] Parsed: parsed-INBOX-uid-5463.json
2026-04-21T01:56:50.329Z [LOG] [parse_extracted_emails.js] Parsed: parsed-INBOX-uid-5464.json
2026-04-21T01:56:50.329Z [LOG] [parse_extracted_emails.js] Parsed: parsed-INBOX-uid-5465.json
2026-04-21T01:56:50.329Z [LOG] [parse_extracted_emails.js] Parsed: parsed-INBOX-uid-5466.json
2026-04-21T01:56:50.329Z [LOG] [parse_extracted_emails.js] Parsed: parsed-INBOX-uid-5467.json
2026-04-21T01:56:50.329Z [LOG] [parse_extracted_emails.js] Parsed: parsed-INBOX-uid-5468.json
2026-04-21T01:56:50.329Z [LOG] [parse_extracted_emails.js] Parsed: parsed-INBOX-uid-5469.json
2026-04-21T01:56:50.329Z [LOG] [parse_extracted_emails.js] Parsed: parsed-INBOX-uid-5470.json
2026-04-21T01:56:50.329Z [LOG] [parse_extracted_emails.js] Parsed: parsed-INBOX-uid-5471.json
2026-04-21T01:56:50.329Z [LOG] [parse_extracted_emails.js] Parsed: parsed-INBOX-uid-5472.json
2026-04-21T01:56:50.329Z [LOG] [parse_extracted_emails.js] Parsed: parsed-INBOX-uid-5473.json
2026-04-21T01:56:50.329Z [LOG] [parse_extracted_emails.js] Parsed: parsed-INBOX-uid-5474.json
2026-04-21T01:56:50.329Z [LOG] [parse_extracted_emails.js] Parsed: parsed-INBOX-uid-5475.json
2026-04-21T01:56:50.329Z [LOG] [parse_extracted_emails.js] Parsed: parsed-INBOX-uid-5476.json
2026-04-21T01:56:50.329Z [LOG] [parse_extracted_emails.js] Parsed: parsed-INBOX-uid-5477.json
2026-04-21T01:56:50.329Z [LOG] [parse_extracted_emails.js] Parsed: parsed-INBOX-uid-5478.json
2026-04-21T01:56:50.329Z [LOG] [parse_extracted_emails.js] Parsed: parsed-INBOX-uid-5479.json
2026-04-21T01:56:50.329Z [LOG] [parse_extracted_emails.js] Parsed: parsed-INBOX-uid-5480.json
2026-04-21T01:56:50.329Z [LOG] [parse_extracted_emails.js] Parsed: parsed-INBOX-uid-5481.json
2026-04-21T01:56:50.329Z [LOG] [parse_extracted_emails.js] Parsed: parsed-INBOX-uid-5482.json
2026-04-21T01:56:50.329Z [LOG] [parse_extracted_emails.js] Parsed: parsed-INBOX-uid-5483.json
2026-04-21T01:56:50.329Z [LOG] [parse_extracted_emails.js] Parsed: parsed-INBOX-uid-5484.json
2026-04-21T01:56:50.329Z [LOG] [parse_extracted_emails.js] Parsed: parsed-INBOX-uid-5485.json
2026-04-21T01:56:50.329Z [LOG] [parse_extracted_emails.js] Parsed: parsed-INBOX-uid-5486.json
2026-04-21T01:56:50.329Z [LOG] [parse_extracted_emails.js] Parsed: parsed-INBOX-uid-5487.json
2026-04-21T01:56:50.329Z [LOG] [parse_extracted_emails.js] Parsed: parsed-INBOX-uid-5488.json
2026-04-21T01:56:50.329Z [LOG] [parse_extracted_emails.js] Parsed: parsed-INBOX-uid-5489.json
2026-04-21T01:56:50.329Z [LOG] [parse_extracted_emails.js] Parsed: parsed-INBOX-uid-5490.json
2026-04-21T01:56:50.329Z [LOG] [parse_extracted_emails.js] Parsed: parsed-INBOX-uid-5491.json
2026-04-21T01:56:50.329Z [LOG] [parse_extracted_emails.js] Parsed: parsed-INBOX-uid-5492.json
2026-04-21T01:56:50.329Z [LOG] [parse_extracted_emails.js] Parsed: parsed-INBOX-uid-5493.json
2026-04-21T01:56:50.329Z [LOG] [parse_extracted_emails.js] Parsed: parsed-INBOX-uid-5494.json
2026-04-21T01:56:50.329Z [LOG] [parse_extracted_emails.js] Parsed: parsed-INBOX-uid-5495.json
2026-04-21T01:56:50.329Z [LOG] [parse_extracted_emails.js] Parsed: parsed-INBOX-uid-5496.json
2026-04-21T01:56:50.329Z [LOG] [parse_extracted_emails.js] Parsed: parsed-INBOX-uid-5497.json
2026-04-21T01:56:50.329Z [LOG] [parse_extracted_emails.js] Parsed: parsed-INBOX-uid-5498.json
2026-04-21T01:56:50.329Z [LOG] [parse_extracted_emails.js] Parsed: parsed-INBOX-uid-5499.json
2026-04-21T01:56:50.329Z [LOG] [parse_extracted_emails.js] Parsed: parsed-INBOX-uid-5500.json
2026-04-21T01:56:50.329Z [LOG] [parse_extracted_emails.js] Parsed: parsed-INBOX-uid-5501.json
2026-04-21T01:56:50.329Z [LOG] [parse_extracted_emails.js] Parsed: parsed-INBOX-uid-5502.json
2026-04-21T01:56:50.329Z [LOG] [parse_extracted_emails.js] Parsed: parsed-INBOX-uid-5503.json
2026-04-21T01:56:50.329Z [LOG] [parse_extracted_emails.js] Parsed: parsed-INBOX-uid-5504.json
2026-04-21T01:56:50.329Z [LOG] [parse_extracted_emails.js] Parsed: parsed-INBOX-uid-5505.json
2026-04-21T01:56:50.329Z [LOG] [parse_extracted_emails.js] Parsed: parsed-INBOX-uid-5506.json
2026-04-21T01:56:50.329Z [LOG] [parse_extracted_emails.js] Parsed: parsed-INBOX-uid-5507.json
2026-04-21T01:56:50.329Z [LOG] [parse_extracted_emails.js] Parsed: parsed-INBOX-uid-5508.json
2026-04-21T01:56:50.329Z [LOG] [parse_extracted_emails.js] Parsed: parsed-INBOX-uid-5509.json
2026-04-21T01:56:50.329Z [LOG] [parse_extracted_emails.js] Parsed: parsed-INBOX-uid-5510.json
2026-04-21T01:56:50.329Z [LOG] [parse_extracted_emails.js] Parsed: parsed-INBOX-uid-5511.json
2026-04-21T01:56:50.329Z [LOG] [parse_extracted_emails.js] Parsed: parsed-INBOX-uid-5512.json
2026-04-21T01:56:50.329Z [LOG] [parse_extracted_emails.js] Parsed: parsed-INBOX-uid-5513.json
2026-04-21T01:56:50.329Z [LOG] [parse_extracted_emails.js] Parsed: parsed-INBOX-uid-5514.json
2026-04-21T01:56:50.329Z [LOG] [parse_extracted_emails.js] Parsed: parsed-INBOX-uid-5515.json
2026-04-21T01:56:50.329Z [LOG] [parse_extracted_emails.js] Parsed: parsed-INBOX-uid-5516.json
2026-04-21T01:56:50.329Z [LOG] [parse_extracted_emails.js] Parsed: parsed-INBOX-uid-5517.json
2026-04-21T01:56:50.329Z [LOG] [parse_extracted_emails.js] Parsed: parsed-INBOX-uid-5518.json
2026-04-21T01:56:50.329Z [LOG] [parse_extracted_emails.js] Parsed: parsed-INBOX-uid-5519.json
2026-04-21T01:56:50.329Z [LOG] [parse_extracted_emails.js] Parsed: parsed-INBOX-uid-5520.json
2026-04-21T01:56:50.329Z [LOG] [parse_extracted_emails.js] Parsed: parsed-INBOX-uid-5521.json
2026-04-21T01:56:50.329Z [LOG] [parse_extracted_emails.js] Parsed: parsed-INBOX-uid-5522.json
2026-04-21T01:56:50.329Z [LOG] [parse_extracted_emails.js] Parsed: parsed-INBOX-uid-5523.json
2026-04-21T01:56:50.329Z [LOG] [parse_extracted_emails.js] Parsed: parsed-INBOX-uid-5524.json
2026-04-21T01:56:50.329Z [LOG] [parse_extracted_emails.js] Parsed: parsed-INBOX-uid-5525.json
2026-04-21T01:56:50.329Z [LOG] [parse_extracted_emails.js] Parsed: parsed-INBOX-uid-5526.json
2026-04-21T01:56:50.329Z [LOG] [parse_extracted_emails.js] Parsed: parsed-INBOX-uid-5527.json
2026-04-21T01:56:50.329Z [LOG] [parse_extracted_emails.js] Parsed: parsed-INBOX-uid-5528.json
2026-04-21T01:56:50.329Z [LOG] [parse_extracted_emails.js] Parsed: parsed-INBOX-uid-5529.json
2026-04-21T01:56:50.329Z [LOG] [parse_extracted_emails.js] Parsed: parsed-INBOX-uid-5530.json
2026-04-21T01:56:50.329Z [LOG] [parse_extracted_emails.js] Parsed: parsed-INBOX-uid-5531.json
2026-04-21T01:56:50.329Z [LOG] [parse_extracted_emails.js] Parsed: parsed-INBOX-uid-5532.json
2026-04-21T01:56:50.329Z [LOG] [parse_extracted_emails.js] Parsed: parsed-INBOX-uid-5533.json
2026-04-21T01:56:50.329Z [LOG] [parse_extracted_emails.js] Parsed: parsed-INBOX-uid-5534.json
2026-04-21T01:56:50.329Z [LOG] [parse_extracted_emails.js] Parsed: parsed-INBOX-uid-5535.json
2026-04-21T01:56:50.329Z [LOG] [parse_extracted_emails.js] Parsed: parsed-INBOX-uid-5536.json
2026-04-21T01:56:50.329Z [LOG] [parse_extracted_emails.js] Parsed: parsed-INBOX-uid-5537.json
2026-04-21T01:56:50.329Z [LOG] [parse_extracted_emails.js] Parsed: parsed-INBOX-uid-5538.json
2026-04-21T01:56:50.329Z [LOG] [parse_extracted_emails.js] Parsed: parsed-INBOX-uid-5539.json
2026-04-21T01:56:50.329Z [LOG] [parse_extracted_emails.js] Parsed: parsed-INBOX-uid-5540.json
2026-04-21T01:56:50.329Z [LOG] [parse_extracted_emails.js] Parsed: parsed-INBOX-uid-5541.json
2026-04-21T01:56:50.329Z [LOG] [parse_extracted_emails.js] Parsed: parsed-INBOX-uid-5542.json
2026-04-21T01:56:50.329Z [LOG] [parse_extracted_emails.js] Parsed: parsed-INBOX-uid-5543.json
2026-04-21T01:56:50.329Z [LOG] [parse_extracted_emails.js] Parsed: parsed-INBOX-uid-5544.json
2026-04-21T01:56:50.329Z [LOG] [parse_extracted_emails.js] Parsed: parsed-INBOX-uid-5545.json
2026-04-21T01:56:50.329Z [LOG] [parse_extracted_emails.js] Parsed: parsed-INBOX-uid-5546.json
2026-04-21T01:56:50.329Z [LOG] [parse_extracted_emails.js] Parsed: parsed-INBOX-uid-5547.json
2026-04-21T01:56:50.329Z [LOG] [parse_extracted_emails.js] Parsed: parsed-INBOX-uid-5548.json
2026-04-21T01:56:50.329Z [LOG] [parse_extracted_emails.js] Parsed: parsed-INBOX-uid-5549.json
2026-04-21T01:56:50.329Z [LOG] [parse_extracted_emails.js] Parsed: parsed-INBOX-uid-5550.json
2026-04-21T01:56:50.329Z [LOG] [parse_extracted_emails.js] Parsed: parsed-INBOX-uid-5551.json
2026-04-21T01:56:50.329Z [LOG] [parse_extracted_emails.js] Parsed: parsed-INBOX-uid-5552.json
2026-04-21T01:56:50.329Z [LOG] [parse_extracted_emails.js] Parsed: parsed-INBOX-uid-5553.json
2026-04-21T01:56:50.329Z [LOG] [parse_extracted_emails.js] Parsed: parsed-INBOX-uid-5554.json
2026-04-21T01:56:50.329Z [LOG] [parse_extracted_emails.js] Parsed: parsed-INBOX-uid-5555.json
2026-04-21T01:56:50.330Z [LOG] [parse_extracted_emails.js] Parsed: parsed-INBOX-uid-5556.json
2026-04-21T01:56:50.330Z [LOG] [parse_extracted_emails.js] Parsed: parsed-INBOX-uid-5557.json
2026-04-21T01:56:50.330Z [LOG] [parse_extracted_emails.js] Parsed: parsed-INBOX-uid-5558.json
2026-04-21T01:56:50.330Z [LOG] [parse_extracted_emails.js] Parsed: parsed-INBOX-uid-5559.json
2026-04-21T01:56:50.330Z [LOG] [parse_extracted_emails.js] Parsed: parsed-INBOX-uid-5560.json
2026-04-21T01:56:50.330Z [LOG] [parse_extracted_emails.js] Parsed: parsed-INBOX-uid-5561.json
2026-04-21T01:56:50.330Z [LOG] [parse_extracted_emails.js] Parsed: parsed-INBOX-uid-5562.json
2026-04-21T01:56:50.330Z [LOG] [parse_extracted_emails.js] Parsed: parsed-INBOX-uid-5563.json
2026-04-21T01:56:50.330Z [LOG] [parse_extracted_emails.js] Parsed: parsed-INBOX-uid-5564.json
2026-04-21T01:56:50.330Z [LOG] [parse_extracted_emails.js] Parsed: parsed-INBOX-uid-5565.json
2026-04-21T01:56:50.330Z [LOG] [parse_extracted_emails.js] Parsed: parsed-INBOX-uid-5566.json
2026-04-21T01:56:50.330Z [LOG] [parse_extracted_emails.js] Parsed: parsed-INBOX-uid-5567.json
2026-04-21T01:56:50.330Z [LOG] [parse_extracted_emails.js] Parsed: parsed-INBOX-uid-5568.json
2026-04-21T01:56:50.330Z [LOG] [parse_extracted_emails.js] Parsed: parsed-INBOX-uid-5569.json
2026-04-21T01:56:50.330Z [LOG] [parse_extracted_emails.js] Parsed: parsed-INBOX-uid-5570.json
2026-04-21T01:56:50.330Z [LOG] [parse_extracted_emails.js] Parsed: parsed-INBOX-uid-5571.json
2026-04-21T01:56:50.330Z [LOG] [parse_extracted_emails.js] Parsed: parsed-INBOX-uid-5572.json
2026-04-21T01:56:50.330Z [LOG] [parse_extracted_emails.js] Parsed: parsed-INBOX-uid-5573.json
2026-04-21T01:56:50.330Z [LOG] [parse_extracted_emails.js] Parsed: parsed-INBOX-uid-5574.json
2026-04-21T01:56:50.330Z [LOG] [parse_extracted_emails.js] Parsed: parsed-INBOX-uid-5575.json
2026-04-21T01:56:50.330Z [LOG] [parse_extracted_emails.js] Parsed: parsed-INBOX-uid-5576.json
2026-04-21T01:56:50.330Z [LOG] [parse_extracted_emails.js] Parsed: parsed-INBOX-uid-5577.json
2026-04-21T01:56:50.330Z [LOG] [parse_extracted_emails.js] Parsed: parsed-INBOX-uid-5578.json
2026-04-21T01:56:50.330Z [LOG] [parse_extracted_emails.js] Parsed: parsed-INBOX-uid-5579.json
2026-04-21T01:56:50.330Z [LOG] [parse_extracted_emails.js] Parsed: parsed-INBOX-uid-5580.json
2026-04-21T01:56:50.330Z [LOG] [parse_extracted_emails.js] Parsed: parsed-INBOX-uid-5581.json
2026-04-21T01:56:50.330Z [LOG] [parse_extracted_emails.js] Parsed: parsed-INBOX-uid-5582.json
2026-04-21T01:56:50.330Z [LOG] [parse_extracted_emails.js] Parsed: parsed-INBOX-uid-5583.json
2026-04-21T01:56:50.330Z [LOG] [parse_extracted_emails.js] Parsed: parsed-INBOX-uid-5584.json
2026-04-21T01:56:50.330Z [LOG] [parse_extracted_emails.js] Parsed: parsed-INBOX-uid-5585.json
2026-04-21T01:56:50.330Z [LOG] [parse_extracted_emails.js] Parsed: parsed-INBOX-uid-5586.json
2026-04-21T01:56:50.330Z [LOG] [parse_extracted_emails.js] Parsed: parsed-INBOX-uid-5587.json
2026-04-21T01:56:50.330Z [LOG] [parse_extracted_emails.js] Parsed: parsed-INBOX-uid-5588.json
2026-04-21T01:56:50.330Z [LOG] [parse_extracted_emails.js] Parsed: parsed-INBOX-uid-5589.json
2026-04-21T01:56:50.330Z [LOG] [parse_extracted_emails.js] Parsed: parsed-INBOX-uid-5590.json
2026-04-21T01:56:50.330Z [LOG] [parse_extracted_emails.js] Parsed: parsed-INBOX-uid-5591.json
2026-04-21T01:56:50.330Z [LOG] [parse_extracted_emails.js] Parsed: parsed-INBOX-uid-5592.json
2026-04-21T01:56:50.330Z [LOG] [parse_extracted_emails.js] Parsed: parsed-INBOX-uid-5593.json
2026-04-21T01:56:50.330Z [LOG] [parse_extracted_emails.js] Parsed: parsed-INBOX-uid-5594.json
2026-04-21T01:56:50.330Z [LOG] [parse_extracted_emails.js] Parsed: parsed-INBOX-uid-5595.json
2026-04-21T01:56:50.330Z [LOG] [parse_extracted_emails.js] Parsed: parsed-INBOX-uid-5596.json
2026-04-21T01:56:50.330Z [LOG] [parse_extracted_emails.js] Parsed: parsed-INBOX-uid-5597.json
2026-04-21T01:56:50.330Z [LOG] [parse_extracted_emails.js] Parsed: parsed-INBOX-uid-5598.json
2026-04-21T01:56:50.330Z [LOG] [parse_extracted_emails.js] Parsed: parsed-INBOX-uid-5599.json
2026-04-21T01:56:50.330Z [LOG] [parse_extracted_emails.js] Parsed: parsed-INBOX-uid-5600.json
2026-04-21T01:56:50.330Z [LOG] [parse_extracted_emails.js] Parsed: parsed-INBOX-uid-5601.json
2026-04-21T01:56:50.330Z [LOG] [parse_extracted_emails.js] Parsed: parsed-INBOX-uid-5602.json
2026-04-21T01:56:50.330Z [LOG] [parse_extracted_emails.js] Parsed: parsed-INBOX-uid-5603.json
2026-04-21T01:56:50.330Z [LOG] [parse_extracted_emails.js] Parsed: parsed-INBOX-uid-5604.json
2026-04-21T01:56:50.330Z [LOG] [parse_extracted_emails.js] Parsed: parsed-INBOX-uid-5605.json
2026-04-21T01:56:50.330Z [LOG] [parse_extracted_emails.js] Parsed: parsed-INBOX-uid-5606.json
2026-04-21T01:56:50.330Z [LOG] [parse_extracted_emails.js] Parsed: parsed-INBOX-uid-5607.json
2026-04-21T01:56:50.330Z [LOG] [parse_extracted_emails.js] Parsed: parsed-INBOX-uid-5608.json
2026-04-21T01:56:50.330Z [LOG] [parse_extracted_emails.js] Parsed: parsed-INBOX-uid-5609.json
2026-04-21T01:56:50.330Z [LOG] [parse_extracted_emails.js] Parsed: parsed-INBOX-uid-5610.json
2026-04-21T01:56:50.330Z [LOG] [parse_extracted_emails.js] Parsed: parsed-INBOX-uid-5611.json
2026-04-21T01:56:50.330Z [LOG] [parse_extracted_emails.js] Parsed: parsed-INBOX-uid-5612.json
2026-04-21T01:56:50.330Z [LOG] [parse_extracted_emails.js] Parsed: parsed-INBOX-uid-5613.json
2026-04-21T01:56:50.330Z [LOG] [parse_extracted_emails.js] Parsed: parsed-INBOX-uid-5614.json
2026-04-21T01:56:50.330Z [LOG] [parse_extracted_emails.js] Parsed: parsed-INBOX-uid-5615.json
2026-04-21T01:56:50.330Z [LOG] [parse_extracted_emails.js] Parsed: parsed-INBOX-uid-5616.json
2026-04-21T01:56:50.330Z [LOG] [parse_extracted_emails.js] Parsed: parsed-INBOX-uid-5617.json
2026-04-21T01:56:50.330Z [LOG] [parse_extracted_emails.js] Parsed: parsed-INBOX-uid-5618.json
2026-04-21T01:56:50.330Z [LOG] [parse_extracted_emails.js] Parsed: parsed-INBOX-uid-5619.json
2026-04-21T01:56:50.330Z [LOG] [parse_extracted_emails.js] Parsed: parsed-INBOX-uid-5620.json
2026-04-21T01:56:50.330Z [LOG] [parse_extracted_emails.js] Parsed: parsed-INBOX-uid-5621.json
2026-04-21T01:56:50.330Z [LOG] [parse_extracted_emails.js] Parsed: parsed-INBOX-uid-5622.json
2026-04-21T01:56:50.330Z [LOG] [parse_extracted_emails.js] Parsed: parsed-INBOX-uid-5623.json
2026-04-21T01:56:50.330Z [LOG] [parse_extracted_emails.js] Parsed: parsed-INBOX-uid-5624.json
2026-04-21T01:56:50.330Z [LOG] [parse_extracted_emails.js] Parsed: parsed-INBOX-uid-5625.json
2026-04-21T01:56:50.330Z [LOG] [parse_extracted_emails.js] Parsed: parsed-INBOX-uid-5626.json
2026-04-21T01:56:50.330Z [LOG] [parse_extracted_emails.js] Parsed: parsed-INBOX-uid-5627.json
2026-04-21T01:56:50.330Z [LOG] [parse_extracted_emails.js] Parsed: parsed-INBOX-uid-5628.json
2026-04-21T01:56:50.330Z [LOG] [parse_extracted_emails.js] Parsed: parsed-INBOX-uid-5629.json
2026-04-21T01:56:50.330Z [LOG] [parse_extracted_emails.js] Parsed: parsed-INBOX-uid-5630.json
2026-04-21T01:56:50.330Z [LOG] [parse_extracted_emails.js] Parsed: parsed-INBOX-uid-5631.json
2026-04-21T01:56:50.330Z [LOG] [parse_extracted_emails.js] Parsed: parsed-INBOX-uid-5632.json
2026-04-21T01:56:50.330Z [LOG] [parse_extracted_emails.js] Parsed: parsed-INBOX-uid-5633.json
2026-04-21T01:56:50.330Z [LOG] [parse_extracted_emails.js] Parsed: parsed-INBOX-uid-5634.json
2026-04-21T01:56:50.330Z [LOG] [parse_extracted_emails.js] Parsed: parsed-INBOX-uid-5635.json
2026-04-21T01:56:50.330Z [LOG] [parse_extracted_emails.js] Parsed: parsed-INBOX-uid-5636.json
2026-04-21T01:56:50.330Z [LOG] [parse_extracted_emails.js] Parsed: parsed-INBOX-uid-5637.json
2026-04-21T01:56:50.330Z [LOG] [parse_extracted_emails.js] Parsed: parsed-INBOX-uid-5638.json
2026-04-21T01:56:50.330Z [LOG] [parse_extracted_emails.js] Parsed: parsed-INBOX-uid-5639.json
2026-04-21T01:56:50.330Z [LOG] [parse_extracted_emails.js] Parsed: parsed-INBOX-uid-5640.json
2026-04-21T01:56:50.330Z [LOG] [parse_extracted_emails.js] Parsed: parsed-INBOX-uid-5641.json
2026-04-21T01:56:50.330Z [LOG] [parse_extracted_emails.js] Parsed: parsed-INBOX-uid-5642.json
2026-04-21T01:56:50.330Z [LOG] [parse_extracted_emails.js] Parsed: parsed-INBOX-uid-5643.json
2026-04-21T01:56:50.330Z [LOG] [parse_extracted_emails.js] Parsed: parsed-INBOX-uid-5644.json
2026-04-21T01:56:50.330Z [LOG] [parse_extracted_emails.js] Parsed: parsed-INBOX-uid-5645.json
2026-04-21T01:56:50.330Z [LOG] [parse_extracted_emails.js] Parsed: parsed-INBOX-uid-5646.json
2026-04-21T01:56:50.330Z [LOG] [parse_extracted_emails.js] Parsed: parsed-INBOX-uid-5647.json
2026-04-21T01:56:50.330Z [LOG] [parse_extracted_emails.js] Parsed: parsed-INBOX-uid-5648.json
2026-04-21T01:56:50.330Z [LOG] [parse_extracted_emails.js] Parsed: parsed-INBOX-uid-5649.json
2026-04-21T01:56:50.331Z [LOG] [parse_extracted_emails.js] Parsed: parsed-INBOX-uid-5650.json
2026-04-21T01:56:50.331Z [LOG] [parse_extracted_emails.js] Parsed: parsed-INBOX-uid-5651.json
2026-04-21T01:56:50.331Z [LOG] [parse_extracted_emails.js] Parsed: parsed-INBOX-uid-5652.json
2026-04-21T01:56:50.331Z [LOG] [parse_extracted_emails.js] Parsed: parsed-INBOX-uid-5653.json
2026-04-21T01:56:50.331Z [LOG] [parse_extracted_emails.js] Parsed: parsed-INBOX-uid-5654.json
2026-04-21T01:56:50.331Z [LOG] [parse_extracted_emails.js] Parsed: parsed-INBOX-uid-5655.json
2026-04-21T01:56:50.331Z [LOG] [parse_extracted_emails.js] Parsed: parsed-INBOX-uid-5656.json
2026-04-21T01:56:50.331Z [LOG] [parse_extracted_emails.js] Parsed: parsed-INBOX-uid-5657.json
2026-04-21T01:56:50.331Z [LOG] [parse_extracted_emails.js] Parsed: parsed-INBOX-uid-5658.json
2026-04-21T01:56:50.331Z [LOG] [parse_extracted_emails.js] Parsed: parsed-INBOX-uid-5659.json
2026-04-21T01:56:50.331Z [LOG] [parse_extracted_emails.js] Parsed: parsed-INBOX-uid-5660.json
2026-04-21T01:56:50.331Z [LOG] [parse_extracted_emails.js] Parsed: parsed-INBOX-uid-5661.json
2026-04-21T01:56:50.331Z [LOG] [parse_extracted_emails.js] Parsed: parsed-INBOX-uid-5662.json
2026-04-21T01:56:50.331Z [LOG] [parse_extracted_emails.js] Parsed: parsed-INBOX-uid-5663.json
2026-04-21T01:56:50.331Z [LOG] [parse_extracted_emails.js] Parsed: parsed-INBOX-uid-5664.json
2026-04-21T01:56:50.331Z [LOG] [parse_extracted_emails.js] Parsed: parsed-INBOX-uid-5665.json
2026-04-21T01:56:50.331Z [LOG] [parse_extracted_emails.js] Parsed: parsed-INBOX-uid-5666.json
2026-04-21T01:56:50.331Z [LOG] [parse_extracted_emails.js] Parsed: parsed-INBOX-uid-5667.json
2026-04-21T01:56:50.331Z [LOG] [parse_extracted_emails.js] Parsed: parsed-INBOX-uid-5668.json
2026-04-21T01:56:50.331Z [LOG] [parse_extracted_emails.js] Parsed: parsed-INBOX-uid-5669.json
2026-04-21T01:56:50.331Z [LOG] [parse_extracted_emails.js] Parsed: parsed-INBOX-uid-5670.json
2026-04-21T01:56:50.331Z [LOG] [parse_extracted_emails.js] Parsed: parsed-INBOX-uid-5671.json
2026-04-21T01:56:50.331Z [LOG] [parse_extracted_emails.js] Parsed: parsed-INBOX-uid-5672.json
2026-04-21T01:56:50.331Z [LOG] [parse_extracted_emails.js] Parsed: parsed-INBOX-uid-5673.json
2026-04-21T01:56:50.331Z [LOG] [parse_extracted_emails.js] Parsed: parsed-INBOX-uid-5674.json
2026-04-21T01:56:50.331Z [LOG] [parse_extracted_emails.js] Parsed: parsed-INBOX-uid-5675.json
2026-04-21T01:56:50.331Z [LOG] [parse_extracted_emails.js] Parsed: parsed-INBOX-uid-5676.json
2026-04-21T01:56:50.331Z [LOG] [parse_extracted_emails.js] Parsed: parsed-INBOX-uid-5677.json
2026-04-21T01:56:50.331Z [LOG] [parse_extracted_emails.js] Parsed: parsed-INBOX-uid-5678.json
2026-04-21T01:56:50.331Z [LOG] [parse_extracted_emails.js] Parsed: parsed-INBOX-uid-5679.json
2026-04-21T01:56:50.331Z [LOG] [parse_extracted_emails.js] Parsed: parsed-INBOX-uid-5680.json
2026-04-21T01:56:50.331Z [LOG] [parse_extracted_emails.js] Parsed: parsed-INBOX-uid-5681.json
2026-04-21T01:56:50.331Z [LOG] [parse_extracted_emails.js] Parsed: parsed-INBOX-uid-5682.json
2026-04-21T01:56:50.331Z [LOG] [parse_extracted_emails.js] Parsed: parsed-INBOX-uid-5683.json
2026-04-21T01:56:50.331Z [LOG] [parse_extracted_emails.js] Parsed: parsed-INBOX-uid-5684.json
2026-04-21T01:56:50.331Z [LOG] [parse_extracted_emails.js] Parsed: parsed-INBOX-uid-5685.json
2026-04-21T01:56:50.331Z [LOG] [parse_extracted_emails.js] Parsed: parsed-INBOX-uid-5686.json
2026-04-21T01:56:50.331Z [LOG] [parse_extracted_emails.js] Parsed: parsed-INBOX-uid-5687.json
2026-04-21T01:56:50.331Z [LOG] [parse_extracted_emails.js] Parsed: parsed-INBOX-uid-5688.json
2026-04-21T01:56:50.331Z [LOG] [parse_extracted_emails.js] Parsed: parsed-INBOX-uid-5689.json
2026-04-21T01:56:50.331Z [LOG] [parse_extracted_emails.js] Parsed: parsed-INBOX-uid-5690.json
2026-04-21T01:56:50.331Z [LOG] [parse_extracted_emails.js] Parsed: parsed-INBOX-uid-5691.json
2026-04-21T01:56:50.331Z [LOG] [parse_extracted_emails.js] Parsed: parsed-INBOX-uid-5692.json
2026-04-21T01:56:50.331Z [LOG] [parse_extracted_emails.js] Parsed: parsed-INBOX-uid-5693.json
2026-04-21T01:56:50.331Z [LOG] [parse_extracted_emails.js] Parsed: parsed-INBOX-uid-5694.json
2026-04-21T01:56:50.331Z [LOG] [parse_extracted_emails.js] Parsed: parsed-INBOX-uid-5695.json
2026-04-21T01:56:50.331Z [LOG] [parse_extracted_emails.js] Parsed: parsed-INBOX-uid-5696.json
2026-04-21T01:56:50.331Z [LOG] [parse_extracted_emails.js] Parsed: parsed-INBOX-uid-5697.json
2026-04-21T01:56:50.331Z [LOG] [parse_extracted_emails.js] Parsed: parsed-INBOX-uid-5698.json
2026-04-21T01:56:50.331Z [LOG] [parse_extracted_emails.js] Parsed: parsed-INBOX-uid-5699.json
2026-04-21T01:56:50.331Z [LOG] [parse_extracted_emails.js] Parsed: parsed-INBOX-uid-5700.json
2026-04-21T01:56:50.331Z [LOG] [parse_extracted_emails.js] Parsed: parsed-INBOX-uid-5701.json
2026-04-21T01:56:50.331Z [LOG] [parse_extracted_emails.js] Parsed: parsed-INBOX-uid-5702.json
2026-04-21T01:56:50.331Z [LOG] [parse_extracted_emails.js] Parsed: parsed-INBOX-uid-5703.json
2026-04-21T01:56:50.331Z [LOG] [parse_extracted_emails.js] Parsed: parsed-INBOX-uid-5704.json
2026-04-21T01:56:50.331Z [LOG] [parse_extracted_emails.js] Parsed: parsed-INBOX-uid-5705.json
2026-04-21T01:56:50.331Z [LOG] [parse_extracted_emails.js] Parsed: parsed-INBOX-uid-5706.json
2026-04-21T01:56:50.331Z [LOG] [parse_extracted_emails.js] Parsed: parsed-INBOX-uid-5707.json
2026-04-21T01:56:50.331Z [LOG] [parse_extracted_emails.js] Parsed: parsed-INBOX-uid-5708.json
2026-04-21T01:56:50.331Z [LOG] [parse_extracted_emails.js] Parsed: parsed-INBOX-uid-5709.json
2026-04-21T01:56:50.331Z [LOG] [parse_extracted_emails.js] Parsed: parsed-INBOX-uid-5710.json
2026-04-21T01:56:50.331Z [LOG] [parse_extracted_emails.js] Parsed: parsed-INBOX-uid-5711.json
2026-04-21T01:56:50.331Z [LOG] [parse_extracted_emails.js] Parsed: parsed-INBOX-uid-5712.json
2026-04-21T01:56:50.331Z [LOG] [parse_extracted_emails.js] Parsed: parsed-INBOX-uid-5713.json
2026-04-21T01:56:50.331Z [LOG] [parse_extracted_emails.js] Parsed: parsed-INBOX-uid-5714.json
2026-04-21T01:56:50.331Z [LOG] [parse_extracted_emails.js] Parsed: parsed-INBOX-uid-5715.json
2026-04-21T01:56:50.331Z [LOG] [parse_extracted_emails.js] Parsed: parsed-INBOX-uid-5716.json
2026-04-21T01:56:50.331Z [LOG] [parse_extracted_emails.js] Parsed: parsed-INBOX-uid-5717.json
2026-04-21T01:56:50.331Z [LOG] [parse_extracted_emails.js] Parsed: parsed-INBOX-uid-5718.json
2026-04-21T01:56:50.331Z [LOG] [parse_extracted_emails.js] Parsed: parsed-INBOX-uid-5719.json
2026-04-21T01:56:50.331Z [LOG] [parse_extracted_emails.js] Parsed: parsed-INBOX-uid-5720.json
2026-04-21T01:56:50.331Z [LOG] [parse_extracted_emails.js] Parsed: parsed-INBOX-uid-5721.json
2026-04-21T01:56:50.332Z [LOG] [parse_extracted_emails.js] Parsed: parsed-INBOX-uid-5722.json
2026-04-21T01:56:50.332Z [LOG] [parse_extracted_emails.js] Parsed: parsed-INBOX-uid-5723.json
2026-04-21T01:56:50.332Z [LOG] [parse_extracted_emails.js] Parsed: parsed-INBOX-uid-5724.json
2026-04-21T01:56:50.332Z [LOG] [parse_extracted_emails.js] Parsed: parsed-INBOX-uid-5725.json
2026-04-21T01:56:50.332Z [LOG] [parse_extracted_emails.js] Parsed: parsed-INBOX-uid-5726.json
2026-04-21T01:56:50.332Z [LOG] [parse_extracted_emails.js] Parsed: parsed-INBOX-uid-5727.json
2026-04-21T01:56:50.332Z [LOG] [parse_extracted_emails.js] Parsed: parsed-INBOX-uid-5728.json
2026-04-21T01:56:50.332Z [LOG] [parse_extracted_emails.js] Parsed: parsed-INBOX-uid-5729.json
2026-04-21T01:56:50.332Z [LOG] [parse_extracted_emails.js] Parsed: parsed-INBOX-uid-5730.json
2026-04-21T01:56:50.332Z [LOG] [parse_extracted_emails.js] Parsed: parsed-INBOX-uid-5731.json
2026-04-21T01:56:50.332Z [LOG] [parse_extracted_emails.js] Parsed: parsed-INBOX-uid-5732.json
2026-04-21T01:56:50.332Z [LOG] [parse_extracted_emails.js] Parsed: parsed-INBOX-uid-5733.json
2026-04-21T01:56:50.332Z [LOG] [parse_extracted_emails.js] Parsed: parsed-INBOX-uid-5734.json
2026-04-21T01:56:50.332Z [LOG] [parse_extracted_emails.js] Parsed: parsed-INBOX-uid-5735.json
2026-04-21T01:56:50.332Z [LOG] [parse_extracted_emails.js] Parsed: parsed-INBOX-uid-5736.json
2026-04-21T01:56:50.332Z [LOG] [parse_extracted_emails.js] Parsed: parsed-INBOX-uid-5737.json
2026-04-21T01:56:50.332Z [LOG] [parse_extracted_emails.js] Parsed: parsed-INBOX-uid-5738.json
2026-04-21T01:56:50.332Z [LOG] [parse_extracted_emails.js] Parsed: parsed-INBOX-uid-5739.json
2026-04-21T01:56:50.332Z [LOG] [parse_extracted_emails.js] Parsed: parsed-INBOX-uid-5740.json
2026-04-21T01:56:50.332Z [LOG] [parse_extracted_emails.js] Parsed: parsed-INBOX-uid-5741.json
2026-04-21T01:56:50.332Z [LOG] [parse_extracted_emails.js] Parsed: parsed-INBOX-uid-5742.json
2026-04-21T01:56:50.332Z [LOG] [parse_extracted_emails.js] Parsed: parsed-INBOX-uid-5743.json
2026-04-21T01:56:50.332Z [LOG] [parse_extracted_emails.js] Parsed: parsed-INBOX-uid-5744.json
2026-04-21T01:56:50.332Z [LOG] [parse_extracted_emails.js] Parsed: parsed-INBOX-uid-5745.json
2026-04-21T01:56:50.332Z [LOG] [parse_extracted_emails.js] Parsed: parsed-INBOX-uid-5746.json
2026-04-21T01:56:50.332Z [LOG] [parse_extracted_emails.js] Parsed: parsed-INBOX-uid-5747.json
2026-04-21T01:56:50.332Z [LOG] [parse_extracted_emails.js] Parsed: parsed-INBOX-uid-5748.json
2026-04-21T01:56:50.332Z [LOG] [parse_extracted_emails.js] Parsed: parsed-INBOX-uid-5749.json
2026-04-21T01:56:50.332Z [LOG] [parse_extracted_emails.js] Parsed: parsed-INBOX-uid-5750.json
2026-04-21T01:56:50.332Z [LOG] [parse_extracted_emails.js] Parsed: parsed-INBOX-uid-5751.json
2026-04-21T01:56:50.332Z [LOG] [parse_extracted_emails.js] Parsed: parsed-INBOX-uid-5752.json
2026-04-21T01:56:50.332Z [LOG] [parse_extracted_emails.js] Parsed: parsed-INBOX-uid-5753.json
2026-04-21T01:56:50.332Z [LOG] [parse_extracted_emails.js] Parsed: parsed-INBOX-uid-5754.json
2026-04-21T01:56:50.332Z [LOG] [parse_extracted_emails.js] Parsed: parsed-INBOX-uid-5755.json
2026-04-21T01:56:50.332Z [LOG] [parse_extracted_emails.js] Parsed: parsed-INBOX-uid-5756.json
2026-04-21T01:56:50.332Z [LOG] [parse_extracted_emails.js] Parsed: parsed-INBOX-uid-5757.json
2026-04-21T01:56:50.332Z [LOG] [parse_extracted_emails.js] Parsed: parsed-INBOX-uid-5758.json
2026-04-21T01:56:50.332Z [LOG] [parse_extracted_emails.js] Parsed: parsed-INBOX-uid-5759.json
2026-04-21T01:56:50.332Z [LOG] [parse_extracted_emails.js] Parsed: parsed-INBOX-uid-5760.json
2026-04-21T01:56:50.332Z [LOG] [parse_extracted_emails.js] Parsed: parsed-INBOX-uid-5761.json
2026-04-21T01:56:50.332Z [LOG] [parse_extracted_emails.js] Parsed: parsed-INBOX-uid-5762.json
2026-04-21T01:56:50.332Z [LOG] [parse_extracted_emails.js] Parsed: parsed-INBOX-uid-5763.json
2026-04-21T01:56:50.332Z [LOG] [parse_extracted_emails.js] Parsed: parsed-INBOX-uid-5764.json
2026-04-21T01:56:50.332Z [LOG] [parse_extracted_emails.js] Parsed: parsed-INBOX-uid-5765.json
2026-04-21T01:56:50.332Z [LOG] [parse_extracted_emails.js] Parsed: parsed-INBOX-uid-5766.json
2026-04-21T01:56:50.332Z [LOG] [parse_extracted_emails.js] Parsed: parsed-INBOX-uid-5767.json
2026-04-21T01:56:50.332Z [LOG] [parse_extracted_emails.js] Parsed: parsed-INBOX-uid-5768.json
2026-04-21T01:56:50.332Z [LOG] [parse_extracted_emails.js] Parsed: parsed-INBOX-uid-5769.json
2026-04-21T01:56:50.332Z [LOG] [parse_extracted_emails.js] Parsed: parsed-INBOX-uid-5770.json
2026-04-21T01:56:50.332Z [LOG] [parse_extracted_emails.js] Parsed: parsed-INBOX-uid-5771.json
2026-04-21T01:56:50.332Z [LOG] [parse_extracted_emails.js] Parsed: parsed-INBOX-uid-5772.json
2026-04-21T01:56:50.332Z [LOG] [parse_extracted_emails.js] Parsed: parsed-INBOX-uid-5773.json
2026-04-21T01:56:50.332Z [LOG] [parse_extracted_emails.js] Parsed: parsed-INBOX-uid-5774.json
2026-04-21T01:56:50.332Z [LOG] [parse_extracted_emails.js] Parsed: parsed-INBOX-uid-5775.json
2026-04-21T01:56:50.332Z [LOG] [parse_extracted_emails.js] Parsed: parsed-INBOX-uid-5776.json
2026-04-21T01:56:50.332Z [LOG] [parse_extracted_emails.js] Parsed: parsed-INBOX-uid-5777.json
2026-04-21T01:56:50.332Z [LOG] [parse_extracted_emails.js] Parsed: parsed-INBOX-uid-5778.json
2026-04-21T01:56:50.332Z [LOG] [parse_extracted_emails.js] Parsed: parsed-INBOX-uid-5779.json
2026-04-21T01:56:50.332Z [LOG] [parse_extracted_emails.js] Parsed: parsed-INBOX-uid-5780.json
2026-04-21T01:56:50.332Z [LOG] [parse_extracted_emails.js] Parsed: parsed-INBOX-uid-5781.json
2026-04-21T01:56:50.332Z [LOG] [parse_extracted_emails.js] Parsed: parsed-INBOX-uid-5782.json
2026-04-21T01:56:50.332Z [LOG] [parse_extracted_emails.js] Parsed: parsed-INBOX-uid-5783.json
2026-04-21T01:56:50.332Z [LOG] [parse_extracted_emails.js] Parsed: parsed-INBOX-uid-5784.json
2026-04-21T01:56:50.332Z [LOG] [parse_extracted_emails.js] Parsed: parsed-INBOX-uid-5785.json
2026-04-21T01:56:50.332Z [LOG] [parse_extracted_emails.js] Parsed: parsed-INBOX-uid-5786.json
2026-04-21T01:56:50.332Z [LOG] [parse_extracted_emails.js] Parsed: parsed-INBOX-uid-5787.json
2026-04-21T01:56:50.332Z [LOG] [parse_extracted_emails.js] Parsed: parsed-INBOX-uid-5788.json
2026-04-21T01:56:50.332Z [LOG] [parse_extracted_emails.js] Parsed: parsed-INBOX-uid-5789.json
2026-04-21T01:56:50.332Z [LOG] [parse_extracted_emails.js] Parsed: parsed-INBOX-uid-5790.json
2026-04-21T01:56:50.332Z [LOG] [parse_extracted_emails.js] Parsed: parsed-INBOX-uid-5791.json
2026-04-21T01:56:50.332Z [LOG] [parse_extracted_emails.js] Parsed: parsed-INBOX-uid-5792.json
2026-04-21T01:56:50.332Z [LOG] [parse_extracted_emails.js] Parsed: parsed-INBOX-uid-5793.json
2026-04-21T01:56:50.332Z [LOG] [parse_extracted_emails.js] Parsed: parsed-INBOX-uid-5794.json
2026-04-21T01:56:50.332Z [LOG] [parse_extracted_emails.js] Parsed: parsed-INBOX-uid-5795.json
2026-04-21T01:56:50.332Z [LOG] [parse_extracted_emails.js] Parsed: parsed-INBOX-uid-5796.json
2026-04-21T01:56:50.332Z [LOG] [parse_extracted_emails.js] Parsed: parsed-INBOX-uid-5797.json
2026-04-21T01:56:50.332Z [LOG] [parse_extracted_emails.js] Parsed: parsed-INBOX-uid-5798.json
2026-04-21T01:56:50.332Z [LOG] [parse_extracted_emails.js] Parsed: parsed-INBOX-uid-5799.json
2026-04-21T01:56:50.332Z [LOG] [parse_extracted_emails.js] Parsed: parsed-INBOX-uid-5800.json
2026-04-21T01:56:50.332Z [LOG] [parse_extracted_emails.js] Parsed: parsed-INBOX-uid-5801.json
2026-04-21T01:56:50.332Z [LOG] [parse_extracted_emails.js] Parsed: parsed-INBOX-uid-5802.json
2026-04-21T01:56:50.332Z [LOG] [parse_extracted_emails.js] Parsed: parsed-INBOX-uid-5803.json
2026-04-21T01:56:50.332Z [LOG] [parse_extracted_emails.js] Parsed: parsed-INBOX-uid-5804.json
2026-04-21T01:56:50.332Z [LOG] [parse_extracted_emails.js] Parsed: parsed-INBOX-uid-5805.json
2026-04-21T01:56:50.332Z [LOG] [parse_extracted_emails.js] Parsed: parsed-INBOX-uid-5806.json
2026-04-21T01:56:50.332Z [LOG] [parse_extracted_emails.js] Parsed: parsed-INBOX-uid-5807.json
2026-04-21T01:56:50.332Z [LOG] [parse_extracted_emails.js] Parsed: parsed-INBOX-uid-5808.json
2026-04-21T01:56:50.332Z [LOG] [parse_extracted_emails.js] Parsed: parsed-INBOX-uid-5809.json
2026-04-21T01:56:50.332Z [LOG] [parse_extracted_emails.js] Parsed: parsed-INBOX-uid-5810.json
2026-04-21T01:56:50.333Z [LOG] [parse_extracted_emails.js] Parsed: parsed-INBOX-uid-5811.json
2026-04-21T01:56:50.333Z [LOG] [parse_extracted_emails.js] Parsed: parsed-INBOX-uid-5812.json
2026-04-21T01:56:50.333Z [LOG] [parse_extracted_emails.js] Parsed: parsed-INBOX-uid-5813.json
2026-04-21T01:56:50.333Z [LOG] [parse_extracted_emails.js] Parsed: parsed-INBOX-uid-5814.json
2026-04-21T01:56:50.333Z [LOG] [parse_extracted_emails.js] Parsed: parsed-INBOX-uid-5815.json
2026-04-21T01:56:50.333Z [LOG] [parse_extracted_emails.js] Parsed: parsed-INBOX-uid-5816.json
2026-04-21T01:56:50.333Z [LOG] [parse_extracted_emails.js] Parsed: parsed-INBOX-uid-5817.json
2026-04-21T01:56:50.333Z [LOG] [parse_extracted_emails.js] Parsed: parsed-INBOX-uid-5818.json
2026-04-21T01:56:50.333Z [LOG] [parse_extracted_emails.js] Parsed: parsed-INBOX-uid-5819.json
2026-04-21T01:56:50.333Z [LOG] [parse_extracted_emails.js] Parsed: parsed-INBOX-uid-5820.json
2026-04-21T01:56:50.333Z [LOG] [parse_extracted_emails.js] Parsed: parsed-INBOX-uid-5821.json
2026-04-21T01:56:50.333Z [LOG] [parse_extracted_emails.js] Parsed: parsed-INBOX-uid-5822.json
2026-04-21T01:56:50.333Z [LOG] [parse_extracted_emails.js] Parsed: parsed-INBOX-uid-5823.json
2026-04-21T01:56:50.333Z [LOG] [parse_extracted_emails.js] Parsed: parsed-INBOX-uid-5824.json
2026-04-21T01:56:50.333Z [LOG] [parse_extracted_emails.js] Parsed: parsed-INBOX-uid-5825.json
2026-04-21T01:56:50.333Z [LOG] [parse_extracted_emails.js] Parsed: parsed-INBOX-uid-5826.json
2026-04-21T01:56:50.333Z [LOG] [parse_extracted_emails.js] Parsed: parsed-INBOX-uid-5827.json
2026-04-21T01:56:50.333Z [LOG] [parse_extracted_emails.js] Parsed: parsed-INBOX-uid-5828.json
2026-04-21T01:56:50.333Z [LOG] [parse_extracted_emails.js] Parsed: parsed-INBOX-uid-5829.json
2026-04-21T01:56:50.333Z [LOG] [parse_extracted_emails.js] Parsed: parsed-INBOX-uid-5830.json
2026-04-21T01:56:50.333Z [LOG] [parse_extracted_emails.js] Parsed: parsed-INBOX-uid-5831.json
2026-04-21T01:56:50.333Z [LOG] [parse_extracted_emails.js] Parsed: parsed-INBOX-uid-5832.json
2026-04-21T01:56:50.333Z [LOG] [parse_extracted_emails.js] Parsed: parsed-INBOX-uid-5833.json
2026-04-21T01:56:50.333Z [LOG] [parse_extracted_emails.js] Parsed: parsed-INBOX-uid-5834.json
2026-04-21T01:56:50.333Z [LOG] [parse_extracted_emails.js] Parsed: parsed-INBOX-uid-5835.json
2026-04-21T01:56:50.333Z [LOG] [parse_extracted_emails.js] Parsed: parsed-INBOX-uid-5836.json
2026-04-21T01:56:50.333Z [LOG] [parse_extracted_emails.js] Parsed: parsed-INBOX-uid-5837.json
2026-04-21T01:56:50.333Z [LOG] [parse_extracted_emails.js] Parsed: parsed-INBOX-uid-5838.json
2026-04-21T01:56:50.333Z [LOG] [parse_extracted_emails.js] Parsed: parsed-INBOX-uid-5839.json
2026-04-21T01:56:50.333Z [LOG] [parse_extracted_emails.js] Parsed: parsed-INBOX-uid-5840.json
2026-04-21T01:56:50.333Z [LOG] [parse_extracted_emails.js] Parsed: parsed-INBOX-uid-5841.json
2026-04-21T01:56:50.333Z [LOG] [parse_extracted_emails.js] Parsed: parsed-INBOX-uid-5842.json
2026-04-21T01:56:50.333Z [LOG] [parse_extracted_emails.js] Parsed: parsed-INBOX-uid-5843.json
2026-04-21T01:56:50.333Z [LOG] [parse_extracted_emails.js] Parsed: parsed-INBOX-uid-5844.json
2026-04-21T01:56:50.333Z [LOG] [parse_extracted_emails.js] Parsed: parsed-INBOX-uid-5845.json
2026-04-21T01:56:50.333Z [LOG] [parse_extracted_emails.js] Parsed: parsed-INBOX-uid-5846.json
2026-04-21T01:56:50.333Z [LOG] [parse_extracted_emails.js] Parsed: parsed-INBOX-uid-5847.json
2026-04-21T01:56:50.333Z [LOG] [parse_extracted_emails.js] Parsed: parsed-INBOX-uid-5848.json
2026-04-21T01:56:50.333Z [LOG] [parse_extracted_emails.js] Parsed: parsed-INBOX-uid-5849.json
2026-04-21T01:56:50.333Z [LOG] [parse_extracted_emails.js] Parsed: parsed-INBOX-uid-5850.json
2026-04-21T01:56:50.333Z [LOG] [parse_extracted_emails.js] Parsed: parsed-INBOX-uid-5851.json
2026-04-21T01:56:50.333Z [LOG] [parse_extracted_emails.js] Parsed: parsed-INBOX-uid-5852.json
2026-04-21T01:56:50.333Z [LOG] [parse_extracted_emails.js] Parsed: parsed-INBOX-uid-5853.json
2026-04-21T01:56:50.333Z [LOG] [parse_extracted_emails.js] Parsed: parsed-INBOX-uid-5854.json
2026-04-21T01:56:50.333Z [LOG] [parse_extracted_emails.js] Parsed: parsed-INBOX-uid-5855.json
2026-04-21T01:56:50.333Z [LOG] [parse_extracted_emails.js] Parsed: parsed-INBOX-uid-5856.json
2026-04-21T01:56:50.333Z [LOG] [parse_extracted_emails.js] Parsed: parsed-INBOX-uid-5857.json
2026-04-21T01:56:50.333Z [LOG] [parse_extracted_emails.js] Parsed: parsed-INBOX-uid-5858.json
2026-04-21T01:56:50.333Z [LOG] [parse_extracted_emails.js] Parsed: parsed-INBOX-uid-5859.json
2026-04-21T01:56:50.333Z [LOG] [parse_extracted_emails.js] Parsed: parsed-INBOX-uid-5860.json
2026-04-21T01:56:50.333Z [LOG] [parse_extracted_emails.js] Parsed: parsed-INBOX-uid-5861.json
2026-04-21T01:56:50.333Z [LOG] [parse_extracted_emails.js] Parsed: parsed-INBOX-uid-5862.json
2026-04-21T01:56:50.333Z [LOG] [parse_extracted_emails.js] Parsed: parsed-INBOX-uid-5863.json
2026-04-21T01:56:50.333Z [LOG] [parse_extracted_emails.js] Parsed: parsed-INBOX-uid-5864.json
2026-04-21T01:56:50.333Z [LOG] [parse_extracted_emails.js] Parsed: parsed-INBOX-uid-5865.json
2026-04-21T01:56:50.333Z [LOG] [parse_extracted_emails.js] Parsed: parsed-INBOX-uid-5866.json
2026-04-21T01:56:50.333Z [LOG] [parse_extracted_emails.js] Parsed: parsed-INBOX-uid-5867.json
2026-04-21T01:56:50.333Z [LOG] [parse_extracted_emails.js] Parsed: parsed-INBOX-uid-5868.json
2026-04-21T01:56:50.333Z [LOG] [parse_extracted_emails.js] Parsed: parsed-INBOX-uid-5869.json
2026-04-21T01:56:50.333Z [LOG] [parse_extracted_emails.js] Parsed: parsed-INBOX-uid-5870.json
2026-04-21T01:56:50.333Z [LOG] [parse_extracted_emails.js] Parsed: parsed-INBOX-uid-5871.json
2026-04-21T01:56:50.333Z [LOG] [parse_extracted_emails.js] Parsed: parsed-INBOX-uid-5872.json
2026-04-21T01:56:50.333Z [LOG] [parse_extracted_emails.js] Parsed: parsed-INBOX-uid-5873.json
2026-04-21T01:56:50.333Z [LOG] [parse_extracted_emails.js] Parsed: parsed-INBOX-uid-5874.json
2026-04-21T01:56:50.333Z [LOG] [parse_extracted_emails.js] Parsed: parsed-INBOX-uid-5875.json
2026-04-21T01:56:50.333Z [LOG] [parse_extracted_emails.js] Parsed: parsed-INBOX-uid-5876.json
2026-04-21T01:56:50.333Z [LOG] [parse_extracted_emails.js] Parsed: parsed-INBOX-uid-5877.json
2026-04-21T01:56:50.333Z [LOG] [parse_extracted_emails.js] Parsed: parsed-INBOX-uid-5878.json
2026-04-21T01:56:50.333Z [LOG] [parse_extracted_emails.js] Parsed: parsed-INBOX-uid-5879.json
2026-04-21T01:56:50.333Z [LOG] [parse_extracted_emails.js] Parsed: parsed-INBOX-uid-5880.json
2026-04-21T01:56:50.333Z [LOG] [parse_extracted_emails.js] Parsed: parsed-INBOX-uid-5881.json
2026-04-21T01:56:50.333Z [LOG] [parse_extracted_emails.js] Parsed: parsed-INBOX-uid-5882.json
2026-04-21T01:56:50.333Z [LOG] [parse_extracted_emails.js] Parsed: parsed-INBOX-uid-5883.json
2026-04-21T01:56:50.333Z [LOG] [parse_extracted_emails.js] Parsed: parsed-INBOX-uid-5884.json
2026-04-21T01:56:50.333Z [LOG] [parse_extracted_emails.js] Parsed: parsed-INBOX-uid-5885.json
2026-04-21T01:56:50.333Z [LOG] [parse_extracted_emails.js] Parsed: parsed-INBOX-uid-5886.json
2026-04-21T01:56:50.333Z [LOG] [parse_extracted_emails.js] Parsed: parsed-INBOX-uid-5887.json
2026-04-21T01:56:50.333Z [LOG] [parse_extracted_emails.js] Parsed: parsed-INBOX-uid-5888.json
2026-04-21T01:56:50.333Z [LOG] [parse_extracted_emails.js] Parsed: parsed-INBOX-uid-5889.json
2026-04-21T01:56:50.333Z [LOG] [parse_extracted_emails.js] Parsed: parsed-INBOX-uid-5890.json
2026-04-21T01:56:50.333Z [LOG] [parse_extracted_emails.js] Parsed: parsed-INBOX-uid-5891.json
2026-04-21T01:56:50.333Z [LOG] [parse_extracted_emails.js] Parsed: parsed-INBOX-uid-5892.json
2026-04-21T01:56:50.333Z [LOG] [parse_extracted_emails.js] Parsed: parsed-INBOX-uid-5893.json
2026-04-21T01:56:50.333Z [LOG] [parse_extracted_emails.js] Parsed: parsed-INBOX-uid-5894.json
2026-04-21T01:56:50.333Z [LOG] [parse_extracted_emails.js] Parsed: parsed-INBOX-uid-5895.json
2026-04-21T01:56:50.333Z [LOG] [parse_extracted_emails.js] Parsed: parsed-INBOX-uid-5896.json
2026-04-21T01:56:50.333Z [LOG] [parse_extracted_emails.js] Parsed: parsed-INBOX-uid-5897.json
2026-04-21T01:56:50.333Z [LOG] [parse_extracted_emails.js] Parsed: parsed-INBOX-uid-5898.json
2026-04-21T01:56:50.333Z [LOG] [parse_extracted_emails.js] Parsed: parsed-INBOX-uid-5899.json
2026-04-21T01:56:50.333Z [LOG] [parse_extracted_emails.js] Parsed: parsed-INBOX-uid-5900.json
2026-04-21T01:56:50.333Z [LOG] [parse_extracted_emails.js] Parsed: parsed-INBOX-uid-5901.json
2026-04-21T01:56:50.333Z [LOG] [parse_extracted_emails.js] Parsed: parsed-INBOX-uid-5902.json
2026-04-21T01:56:50.333Z [LOG] [parse_extracted_emails.js] Parsed: parsed-INBOX-uid-5903.json
2026-04-21T01:56:50.333Z [LOG] [parse_extracted_emails.js] Parsed: parsed-INBOX-uid-5904.json
2026-04-21T01:56:50.333Z [LOG] [parse_extracted_emails.js] Parsed: parsed-INBOX-uid-5905.json
2026-04-21T01:56:50.333Z [LOG] [parse_extracted_emails.js] Parsed: parsed-INBOX-uid-5906.json
2026-04-21T01:56:50.333Z [LOG] [parse_extracted_emails.js] Parsed: parsed-INBOX-uid-5907.json
2026-04-21T01:56:50.333Z [LOG] [parse_extracted_emails.js] Parsed: parsed-INBOX-uid-5911.json
2026-04-21T01:56:50.333Z [LOG] [parse_extracted_emails.js] Parsed: parsed-INBOX-uid-5912.json
2026-04-21T01:56:50.333Z [LOG] [parse_extracted_emails.js] Parsed: parsed-INBOX-uid-5913.json
2026-04-21T01:56:50.333Z [LOG] [parse_extracted_emails.js] Parsed: parsed-INBOX-uid-5914.json
2026-04-21T01:56:50.333Z [LOG] [parse_extracted_emails.js] Parsed: parsed-INBOX-uid-5915.json
2026-04-21T01:56:50.333Z [LOG] [parse_extracted_emails.js] Parsed: parsed-INBOX-uid-5916.json
2026-04-21T01:56:50.333Z [LOG] [parse_extracted_emails.js] Parsed: parsed-INBOX-uid-5917.json
2026-04-21T01:56:50.333Z [LOG] [parse_extracted_emails.js] Parsed: parsed-INBOX-uid-5918.json
2026-04-21T01:56:50.333Z [LOG] [parse_extracted_emails.js] Parsed: parsed-INBOX-uid-5919.json
2026-04-21T01:56:50.333Z [LOG] [parse_extracted_emails.js] Parsed: parsed-INBOX-uid-5920.json
2026-04-21T01:56:50.333Z [LOG] [parse_extracted_emails.js] Parsed: parsed-INBOX-uid-5921.json
2026-04-21T01:56:50.333Z [LOG] [parse_extracted_emails.js] Parsed: parsed-INBOX-uid-5922.json
2026-04-21T01:56:50.333Z [LOG] [parse_extracted_emails.js] Parsed: parsed-INBOX-uid-5923.json
2026-04-21T01:56:50.333Z [LOG] [parse_extracted_emails.js] Parsed: parsed-INBOX-uid-5924.json
2026-04-21T01:56:50.333Z [LOG] [parse_extracted_emails.js] Parsed: parsed-INBOX-uid-5925.json
2026-04-21T01:56:50.333Z [LOG] [parse_extracted_emails.js] Parsed: parsed-INBOX-uid-5926.json
2026-04-21T01:56:50.333Z [LOG] [parse_extracted_emails.js] Parsed: parsed-INBOX-uid-5927.json
2026-04-21T01:56:50.333Z [LOG] [parse_extracted_emails.js] Parsed: parsed-INBOX-uid-5928.json
2026-04-21T01:56:50.333Z [LOG] [parse_extracted_emails.js] Parsed: parsed-INBOX-uid-5929.json
2026-04-21T01:56:50.333Z [LOG] [parse_extracted_emails.js] Parsed: parsed-INBOX-uid-5930.json
2026-04-21T01:56:50.333Z [LOG] [parse_extracted_emails.js] Parsed: parsed-INBOX-uid-5931.json
2026-04-21T01:56:50.334Z [LOG] [parse_extracted_emails.js] Parsed: parsed-INBOX-uid-5932.json
2026-04-21T01:56:50.334Z [LOG] [parse_extracted_emails.js] Parsed: parsed-INBOX-uid-5934.json
2026-04-21T01:56:50.334Z [LOG] [parse_extracted_emails.js] Parsed: parsed-INBOX-uid-5935.json
2026-04-21T01:56:50.334Z [LOG] [parse_extracted_emails.js] Parsed: parsed-INBOX-uid-5936.json
2026-04-21T01:56:50.334Z [LOG] [parse_extracted_emails.js] Parsed: parsed-INBOX-uid-5937.json
2026-04-21T01:56:50.334Z [LOG] [parse_extracted_emails.js] Parsed: parsed-INBOX-uid-5938.json
2026-04-21T01:56:50.334Z [LOG] [parse_extracted_emails.js] Parsed: parsed-INBOX-uid-5939.json
2026-04-21T01:56:50.334Z [LOG] [parse_extracted_emails.js] Parsed: parsed-INBOX-uid-5940.json
2026-04-21T01:56:50.334Z [LOG] [parse_extracted_emails.js] Parsed: parsed-INBOX-uid-5941.json
2026-04-21T01:56:50.334Z [LOG] [parse_extracted_emails.js] Parsed: parsed-INBOX-uid-5942.json
2026-04-21T01:56:50.334Z [LOG] [parse_extracted_emails.js] Parsed: parsed-INBOX-uid-5943.json
2026-04-21T01:56:50.334Z [LOG] [parse_extracted_emails.js] Parsed: parsed-INBOX-uid-5944.json
2026-04-21T01:56:50.334Z [LOG] [parse_extracted_emails.js] Parsed: parsed-INBOX-uid-5945.json
2026-04-21T01:56:50.334Z [LOG] [parse_extracted_emails.js] Parsed: parsed-INBOX-uid-5946.json
2026-04-21T01:56:50.334Z [LOG] [parse_extracted_emails.js] Parsed: parsed-INBOX-uid-5948.json
2026-04-21T01:56:50.334Z [LOG] [parse_extracted_emails.js] Parsed: parsed-INBOX-uid-5949.json
2026-04-21T01:56:50.334Z [LOG] [parse_extracted_emails.js] Parsed: parsed-INBOX-uid-5950.json
2026-04-21T01:56:50.334Z [LOG] [parse_extracted_emails.js] Parsed: parsed-INBOX-uid-5951.json
2026-04-21T01:56:50.334Z [LOG] [parse_extracted_emails.js] Parsed: parsed-INBOX-uid-5952.json
2026-04-21T01:56:50.334Z [LOG] [parse_extracted_emails.js] Parsed: parsed-INBOX-uid-5953.json
2026-04-21T01:56:50.334Z [LOG] [parse_extracted_emails.js] Parsed: parsed-INBOX-uid-5954.json
2026-04-21T01:56:50.334Z [LOG] [parse_extracted_emails.js] Parsed: parsed-INBOX-uid-5955.json
2026-04-21T01:56:50.334Z [LOG] [parse_extracted_emails.js] Parsed: parsed-INBOX-uid-5956.json
2026-04-21T01:56:50.334Z [LOG] [parse_extracted_emails.js] Parsed: parsed-INBOX-uid-5957.json
2026-04-21T01:56:50.334Z [LOG] [parse_extracted_emails.js] Parsed: parsed-INBOX-uid-5958.json
2026-04-21T01:56:50.334Z [LOG] [parse_extracted_emails.js] Parsed: parsed-INBOX-uid-5959.json
2026-04-21T01:56:50.334Z [LOG] [parse_extracted_emails.js] Parsed: parsed-INBOX-uid-5960.json
2026-04-21T01:56:50.334Z [LOG] [parse_extracted_emails.js] Parsed: parsed-INBOX-uid-5961.json
2026-04-21T01:56:50.334Z [LOG] [parse_extracted_emails.js] Parsed: parsed-INBOX-uid-5962.json
2026-04-21T01:56:50.334Z [LOG] [parse_extracted_emails.js] Parsed: parsed-INBOX-uid-5963.json
2026-04-21T01:56:50.334Z [LOG] [parse_extracted_emails.js] Parsed: parsed-INBOX-uid-5964.json
2026-04-21T01:56:50.334Z [LOG] [parse_extracted_emails.js] Parsed: parsed-INBOX-uid-5965.json
2026-04-21T01:56:50.334Z [LOG] [parse_extracted_emails.js] Parsed: parsed-INBOX-uid-5966.json
2026-04-21T01:56:50.334Z [LOG] [parse_extracted_emails.js] Parsed: parsed-INBOX-uid-5967.json
2026-04-21T01:56:50.334Z [LOG] [parse_extracted_emails.js] Parsed: parsed-INBOX-uid-5968.json
2026-04-21T01:56:50.334Z [LOG] [parse_extracted_emails.js] Parsed: parsed-INBOX-uid-5969.json
2026-04-21T01:56:50.334Z [LOG] [parse_extracted_emails.js] Parsed: parsed-INBOX-uid-5970.json
2026-04-21T01:56:50.334Z [LOG] [parse_extracted_emails.js] Parsed: parsed-INBOX-uid-5971.json
2026-04-21T01:56:50.334Z [LOG] [parse_extracted_emails.js] Parsed: parsed-INBOX-uid-5972.json
2026-04-21T01:56:50.334Z [LOG] [parse_extracted_emails.js] Parsed: parsed-INBOX-uid-5973.json
2026-04-21T01:56:50.334Z [LOG] [parse_extracted_emails.js] Parsed: parsed-INBOX-uid-5974.json
2026-04-21T01:56:50.334Z [LOG] [parse_extracted_emails.js] Parsed: parsed-INBOX-uid-5975.json
2026-04-21T01:56:50.334Z [LOG] [parse_extracted_emails.js] Parsed: parsed-INBOX-uid-5976.json
2026-04-21T01:56:50.334Z [LOG] [parse_extracted_emails.js] Parsed: parsed-INBOX-uid-5977.json
2026-04-21T01:56:50.334Z [LOG] [parse_extracted_emails.js] Parsed: parsed-INBOX-uid-5978.json
2026-04-21T01:56:50.334Z [LOG] [parse_extracted_emails.js] Parsed: parsed-INBOX-uid-5979.json
2026-04-21T01:56:50.334Z [LOG] [parse_extracted_emails.js] Parsed: parsed-INBOX-uid-5980.json
2026-04-21T01:56:50.334Z [LOG] [parse_extracted_emails.js] Parsed: parsed-INBOX-uid-5981.json
2026-04-21T01:56:50.334Z [LOG] [parse_extracted_emails.js] Parsed: parsed-INBOX-uid-5982.json
2026-04-21T01:56:50.334Z [LOG] [parse_extracted_emails.js] Parsed: parsed-INBOX-uid-5983.json
2026-04-21T01:56:50.334Z [LOG] [parse_extracted_emails.js] Parsed: parsed-INBOX-uid-6005.json
2026-04-21T01:56:50.334Z [LOG] [parse_extracted_emails.js] Parsed: parsed-INBOX-uid-6006.json
2026-04-21T01:56:50.334Z [LOG] [parse_extracted_emails.js] Parsed: parsed-INBOX-uid-6007.json
2026-04-21T01:56:50.334Z [LOG] [parse_extracted_emails.js] Parsed: parsed-INBOX-uid-6008.json
2026-04-21T01:56:50.334Z [LOG] [parse_extracted_emails.js] Parsed: parsed-INBOX-uid-6009.json
2026-04-21T01:56:50.334Z [LOG] [parse_extracted_emails.js] Parsed: parsed-INBOX-uid-6010.json
2026-04-21T01:56:50.334Z [LOG] [parse_extracted_emails.js] Parsed: parsed-INBOX-uid-6011.json
2026-04-21T01:56:50.334Z [LOG] [parse_extracted_emails.js] Parsed: parsed-INBOX-uid-6012.json
2026-04-21T01:56:50.334Z [LOG] [parse_extracted_emails.js] Parsed: parsed-INBOX-uid-6013.json
2026-04-21T01:56:50.334Z [LOG] [parse_extracted_emails.js] Parsed: parsed-INBOX-uid-6014.json
2026-04-21T01:56:50.334Z [LOG] [parse_extracted_emails.js] Parsed: parsed-INBOX-uid-6015.json
2026-04-21T01:56:50.334Z [LOG] [parse_extracted_emails.js] Parsed: parsed-INBOX-uid-6016.json
2026-04-21T01:56:50.334Z [LOG] [parse_extracted_emails.js] Parsed: parsed-INBOX-uid-6017.json
2026-04-21T01:56:50.334Z [LOG] [parse_extracted_emails.js] Parsed: parsed-INBOX-uid-6018.json
2026-04-21T01:56:50.334Z [LOG] [parse_extracted_emails.js] Parsed: parsed-INBOX-uid-6019.json
2026-04-21T01:56:50.334Z [LOG] [parse_extracted_emails.js] Parsed: parsed-INBOX-uid-6020.json
2026-04-21T01:56:50.334Z [LOG] [parse_extracted_emails.js] Parsed: parsed-INBOX-uid-6021.json
2026-04-21T01:56:50.334Z [LOG] [parse_extracted_emails.js] Parsed: parsed-INBOX-uid-6022.json
2026-04-21T01:56:50.334Z [LOG] [parse_extracted_emails.js] Parsed: parsed-INBOX-uid-6023.json
2026-04-21T01:56:50.334Z [LOG] [parse_extracted_emails.js] Parsed: parsed-INBOX-uid-6024.json
2026-04-21T01:56:50.334Z [LOG] [parse_extracted_emails.js] Parsed: parsed-INBOX-uid-6025.json
2026-04-21T01:56:50.334Z [LOG] [parse_extracted_emails.js] Parsed: parsed-INBOX-uid-6026.json
2026-04-21T01:56:50.334Z [LOG] [parse_extracted_emails.js] Parsed: parsed-INBOX-uid-6027.json
2026-04-21T01:56:50.334Z [LOG] [parse_extracted_emails.js] Parsed: parsed-INBOX-uid-6028.json
2026-04-21T01:56:50.334Z [LOG] [parse_extracted_emails.js] Parsed: parsed-INBOX-uid-6029.json
2026-04-21T01:56:50.334Z [LOG] [parse_extracted_emails.js] Parsed: parsed-INBOX-uid-6030.json
2026-04-21T01:56:50.334Z [LOG] [parse_extracted_emails.js] Parsed: parsed-INBOX-uid-6031.json
2026-04-21T01:56:50.334Z [LOG] [parse_extracted_emails.js] Parsed: parsed-INBOX-uid-6032.json
2026-04-21T01:56:50.334Z [LOG] [parse_extracted_emails.js] Parsed: parsed-INBOX-uid-6033.json
2026-04-21T01:56:50.334Z [LOG] [parse_extracted_emails.js] Parsed: parsed-INBOX-uid-6034.json
2026-04-21T01:56:50.334Z [LOG] [parse_extracted_emails.js] Parsed: parsed-INBOX-uid-6035.json
2026-04-21T01:56:50.334Z [LOG] [parse_extracted_emails.js] Parsed: parsed-INBOX-uid-6036.json
2026-04-21T01:56:50.334Z [LOG] [parse_extracted_emails.js] Parsed: parsed-INBOX-uid-6037.json
2026-04-21T01:56:50.334Z [LOG] [parse_extracted_emails.js] Parsed: parsed-INBOX-uid-6038.json
2026-04-21T01:56:50.334Z [LOG] [parse_extracted_emails.js] Parsed: parsed-INBOX-uid-6039.json
2026-04-21T01:56:50.334Z [LOG] [parse_extracted_emails.js] Parsed: parsed-INBOX-uid-6040.json
2026-04-21T01:56:50.334Z [LOG] [parse_extracted_emails.js] Parsed: parsed-INBOX-uid-6041.json
2026-04-21T01:56:50.334Z [LOG] [parse_extracted_emails.js] Parsed: parsed-INBOX-uid-6042.json
2026-04-21T01:56:50.334Z [LOG] [parse_extracted_emails.js] Parsed: parsed-INBOX-uid-6043.json
2026-04-21T01:56:50.334Z [LOG] [parse_extracted_emails.js] Parsed: parsed-INBOX-uid-6044.json
2026-04-21T01:56:50.334Z [LOG] [parse_extracted_emails.js] Parsed: parsed-INBOX-uid-6045.json
2026-04-21T01:56:50.334Z [LOG] [parse_extracted_emails.js] Parsed: parsed-INBOX-uid-6046.json
2026-04-21T01:56:50.334Z [LOG] [parse_extracted_emails.js] Parsed: parsed-INBOX-uid-6047.json
2026-04-21T01:56:50.334Z [LOG] [parse_extracted_emails.js] Parsed: parsed-INBOX-uid-6048.json
2026-04-21T01:56:50.334Z [LOG] [parse_extracted_emails.js] Parsed: parsed-INBOX-uid-6049.json
2026-04-21T01:56:50.334Z [LOG] [parse_extracted_emails.js] Parsed: parsed-INBOX-uid-6050.json
2026-04-21T01:56:50.334Z [LOG] [parse_extracted_emails.js] Parsed: parsed-INBOX-uid-6051.json
2026-04-21T01:56:50.334Z [LOG] [parse_extracted_emails.js] Parsed: parsed-INBOX-uid-6052.json
2026-04-21T01:56:50.334Z [LOG] [parse_extracted_emails.js] Parsed: parsed-INBOX-uid-6053.json
2026-04-21T01:56:50.334Z [LOG] [parse_extracted_emails.js] Parsed: parsed-INBOX-uid-6054.json
2026-04-21T01:56:50.334Z [LOG] [parse_extracted_emails.js] Parsed: parsed-INBOX-uid-6055.json
2026-04-21T01:56:50.334Z [LOG] [parse_extracted_emails.js] Parsed: parsed-INBOX-uid-6056.json
2026-04-21T01:56:50.334Z [LOG] [parse_extracted_emails.js] Parsed: parsed-INBOX-uid-6057.json
2026-04-21T01:56:50.334Z [LOG] [parse_extracted_emails.js] Parsed: parsed-INBOX-uid-6058.json
2026-04-21T01:56:50.334Z [LOG] [parse_extracted_emails.js] Parsed: parsed-INBOX-uid-6059.json
2026-04-21T01:56:50.334Z [LOG] [parse_extracted_emails.js] Parsed: parsed-INBOX-uid-6060.json
2026-04-21T01:56:50.334Z [LOG] [parse_extracted_emails.js] Parsed: parsed-INBOX-uid-6061.json
2026-04-21T01:56:50.334Z [LOG] [parse_extracted_emails.js] Parsed: parsed-INBOX-uid-6062.json
2026-04-21T01:56:50.334Z [LOG] [parse_extracted_emails.js] Parsed: parsed-INBOX-uid-6063.json
2026-04-21T01:56:50.334Z [LOG] [parse_extracted_emails.js] Parsed: parsed-INBOX-uid-6064.json
2026-04-21T01:56:50.334Z [LOG] [parse_extracted_emails.js] Parsed: parsed-INBOX-uid-6065.json
2026-04-21T01:56:50.334Z [LOG] [parse_extracted_emails.js] Parsed: parsed-INBOX-uid-6066.json
2026-04-21T01:56:50.334Z [LOG] [parse_extracted_emails.js] Parsed: parsed-INBOX-uid-6067.json
2026-04-21T01:56:50.334Z [LOG] [parse_extracted_emails.js] Parsed: parsed-INBOX-uid-6068.json
2026-04-21T01:56:50.334Z [LOG] [parse_extracted_emails.js] Parsed: parsed-INBOX-uid-6069.json
2026-04-21T01:56:50.334Z [LOG] [parse_extracted_emails.js] Parsed: parsed-INBOX-uid-6070.json
2026-04-21T01:56:50.334Z [LOG] [parse_extracted_emails.js] Parsed: parsed-INBOX-uid-6071.json
2026-04-21T01:56:50.335Z [LOG] [parse_extracted_emails.js] Parsed: parsed-INBOX-uid-6072.json
2026-04-21T01:56:50.335Z [LOG] [parse_extracted_emails.js] Parsed: parsed-INBOX-uid-6073.json
2026-04-21T01:56:50.335Z [LOG] [parse_extracted_emails.js] Parsed: parsed-INBOX-uid-6074.json
2026-04-21T01:56:50.335Z [LOG] [parse_extracted_emails.js] Parsed: parsed-INBOX-uid-6075.json
2026-04-21T01:56:50.335Z [LOG] [parse_extracted_emails.js] Parsed: parsed-INBOX-uid-6076.json
2026-04-21T01:56:50.335Z [LOG] [parse_extracted_emails.js] Parsed: parsed-INBOX-uid-6077.json
2026-04-21T01:56:50.335Z [LOG] [parse_extracted_emails.js] Parsed: parsed-INBOX-uid-6078.json
2026-04-21T01:56:50.335Z [LOG] [parse_extracted_emails.js] Parsed: parsed-INBOX-uid-6079.json
2026-04-21T01:56:50.335Z [LOG] [parse_extracted_emails.js] Parsed: parsed-INBOX-uid-6080.json
2026-04-21T01:56:50.335Z [LOG] [parse_extracted_emails.js] Parsed: parsed-INBOX-uid-6081.json
2026-04-21T01:56:50.335Z [LOG] [parse_extracted_emails.js] Parsed: parsed-INBOX-uid-6082.json
2026-04-21T01:56:50.335Z [LOG] [parse_extracted_emails.js] Parsed: parsed-INBOX-uid-6083.json
2026-04-21T01:56:50.335Z [LOG] [parse_extracted_emails.js] Parsed: parsed-INBOX-uid-6084.json
2026-04-21T01:56:50.335Z [LOG] [parse_extracted_emails.js] Parsed: parsed-INBOX-uid-6085.json
2026-04-21T01:56:50.335Z [LOG] [parse_extracted_emails.js] Parsed: parsed-INBOX-uid-6086.json
2026-04-21T01:56:50.335Z [LOG] [parse_extracted_emails.js] Parsed: parsed-INBOX-uid-6087.json
2026-04-21T01:56:50.335Z [LOG] [parse_extracted_emails.js] Parsed: parsed-INBOX-uid-6088.json
2026-04-21T01:56:50.335Z [LOG] [parse_extracted_emails.js] Parsed: parsed-INBOX-uid-6089.json
2026-04-21T01:56:50.335Z [LOG] [parse_extracted_emails.js] Parsed: parsed-INBOX-uid-6090.json
2026-04-21T01:56:50.335Z [LOG] [parse_extracted_emails.js] Parsed: parsed-INBOX-uid-6091.json
2026-04-21T01:56:50.335Z [LOG] [parse_extracted_emails.js] Parsed: parsed-INBOX-uid-6092.json
2026-04-21T01:56:50.335Z [LOG] [parse_extracted_emails.js] Parsed: parsed-INBOX-uid-6093.json
2026-04-21T01:56:50.335Z [LOG] [parse_extracted_emails.js] Parsed: parsed-INBOX-uid-6094.json
2026-04-21T01:56:50.335Z [LOG] [parse_extracted_emails.js] Parsed: parsed-INBOX-uid-6095.json
2026-04-21T01:56:50.335Z [LOG] [parse_extracted_emails.js] Parsed: parsed-INBOX-uid-6096.json
2026-04-21T01:56:50.335Z [LOG] [parse_extracted_emails.js] Parsed: parsed-INBOX-uid-6097.json
2026-04-21T01:56:50.335Z [LOG] [parse_extracted_emails.js] Parsed: parsed-INBOX-uid-6098.json
2026-04-21T01:56:50.335Z [LOG] [parse_extracted_emails.js] Parsed: parsed-INBOX-uid-6099.json
2026-04-21T01:56:50.335Z [LOG] [parse_extracted_emails.js] Parsed: parsed-INBOX-uid-6100.json
2026-04-21T01:56:50.335Z [LOG] [parse_extracted_emails.js] Parsed: parsed-INBOX-uid-6101.json
2026-04-21T01:56:50.335Z [LOG] [parse_extracted_emails.js] Parsed: parsed-INBOX-uid-6102.json
2026-04-21T01:56:50.335Z [LOG] [parse_extracted_emails.js] Parsed: parsed-INBOX-uid-6103.json
2026-04-21T01:56:50.335Z [LOG] [parse_extracted_emails.js] Parsed: parsed-INBOX-uid-6104.json
2026-04-21T01:56:50.335Z [LOG] [parse_extracted_emails.js] Parsed: parsed-INBOX-uid-6105.json
2026-04-21T01:56:50.335Z [LOG] [parse_extracted_emails.js] Parsed: parsed-INBOX-uid-6106.json
2026-04-21T01:56:50.335Z [LOG] [parse_extracted_emails.js] Parsed: parsed-INBOX-uid-6107.json
2026-04-21T01:56:50.335Z [LOG] [parse_extracted_emails.js] Parsed: parsed-INBOX-uid-6108.json
2026-04-21T01:56:50.335Z [LOG] [parse_extracted_emails.js] Parsed: parsed-INBOX-uid-6109.json
2026-04-21T01:56:50.335Z [LOG] [parse_extracted_emails.js] Parsed: parsed-INBOX-uid-6110.json
2026-04-21T01:56:50.335Z [LOG] [parse_extracted_emails.js] Parsed: parsed-INBOX-uid-6111.json
2026-04-21T01:56:50.335Z [LOG] [parse_extracted_emails.js] Parsed: parsed-INBOX-uid-6112.json
2026-04-21T01:56:50.335Z [LOG] [parse_extracted_emails.js] Parsed: parsed-INBOX-uid-6113.json
2026-04-21T01:56:50.335Z [LOG] [parse_extracted_emails.js] Parsed: parsed-INBOX-uid-6114.json
2026-04-21T01:56:50.335Z [LOG] [parse_extracted_emails.js] Parsed: parsed-INBOX-uid-6115.json
2026-04-21T01:56:50.335Z [LOG] [parse_extracted_emails.js] Parsed: parsed-INBOX-uid-6116.json
2026-04-21T01:56:50.335Z [LOG] [parse_extracted_emails.js] Parsed: parsed-INBOX-uid-6117.json
2026-04-21T01:56:50.335Z [LOG] [parse_extracted_emails.js] Parsed: parsed-INBOX-uid-6118.json
2026-04-21T01:56:50.335Z [LOG] [parse_extracted_emails.js] Parsed: parsed-INBOX-uid-6119.json
2026-04-21T01:56:50.335Z [LOG] [parse_extracted_emails.js] Parsed: parsed-INBOX-uid-6120.json
2026-04-21T01:56:50.335Z [LOG] [parse_extracted_emails.js] Parsed: parsed-INBOX-uid-6121.json
2026-04-21T01:56:50.335Z [LOG] [parse_extracted_emails.js] Parsed: parsed-INBOX-uid-6122.json
2026-04-21T01:56:50.335Z [LOG] [parse_extracted_emails.js] Parsed: parsed-INBOX-uid-6123.json
2026-04-21T01:56:50.335Z [LOG] [parse_extracted_emails.js] Parsed: parsed-INBOX-uid-6124.json
2026-04-21T01:56:50.335Z [LOG] [parse_extracted_emails.js] Parsed: parsed-INBOX-uid-6125.json
2026-04-21T01:56:50.335Z [LOG] [parse_extracted_emails.js] Parsed: parsed-INBOX-uid-6126.json
2026-04-21T01:56:50.335Z [LOG] [parse_extracted_emails.js] Parsed: parsed-INBOX-uid-6127.json
2026-04-21T01:56:50.335Z [LOG] [parse_extracted_emails.js] Parsed: parsed-INBOX-uid-6128.json
2026-04-21T01:56:50.335Z [LOG] [parse_extracted_emails.js] Parsed: parsed-INBOX-uid-6129.json
2026-04-21T01:56:50.335Z [LOG] [parse_extracted_emails.js] Parsed: parsed-INBOX-uid-6130.json
2026-04-21T01:56:50.335Z [LOG] [parse_extracted_emails.js] Parsed: parsed-INBOX-uid-6131.json
2026-04-21T01:56:50.335Z [LOG] [parse_extracted_emails.js] Parsed: parsed-INBOX-uid-6132.json
2026-04-21T01:56:50.335Z [LOG] [parse_extracted_emails.js] Parsed: parsed-INBOX-uid-6133.json
2026-04-21T01:56:50.335Z [LOG] [parse_extracted_emails.js] Parsed: parsed-INBOX-uid-6134.json
2026-04-21T01:56:50.335Z [LOG] [parse_extracted_emails.js] Parsed: parsed-INBOX-uid-6135.json
2026-04-21T01:56:50.335Z [LOG] [parse_extracted_emails.js] Parsed: parsed-INBOX-uid-6136.json
2026-04-21T01:56:50.335Z [LOG] [parse_extracted_emails.js] Parsed: parsed-INBOX-uid-6137.json
2026-04-21T01:56:50.335Z [LOG] [parse_extracted_emails.js] Parsed: parsed-INBOX-uid-6138.json
2026-04-21T01:56:50.335Z [LOG] [parse_extracted_emails.js] Parsed: parsed-INBOX-uid-6139.json
2026-04-21T01:56:50.335Z [LOG] [parse_extracted_emails.js] Parsed: parsed-INBOX-uid-6140.json
2026-04-21T01:56:50.335Z [LOG] [parse_extracted_emails.js] Parsed: parsed-INBOX-uid-6141.json
2026-04-21T01:56:50.335Z [LOG] [parse_extracted_emails.js] Parsed: parsed-INBOX-uid-6142.json
2026-04-21T01:56:50.335Z [LOG] [parse_extracted_emails.js] Parsed: parsed-INBOX-uid-6143.json
2026-04-21T01:56:50.335Z [LOG] [parse_extracted_emails.js] Parsed: parsed-INBOX-uid-6144.json
2026-04-21T01:56:50.335Z [LOG] [parse_extracted_emails.js] Parsed: parsed-INBOX-uid-6145.json
2026-04-21T01:56:50.335Z [LOG] [parse_extracted_emails.js] Parsed: parsed-INBOX-uid-6146.json
2026-04-21T01:56:50.335Z [LOG] [parse_extracted_emails.js] Parsed: parsed-INBOX-uid-6147.json
2026-04-21T01:56:50.335Z [LOG] [parse_extracted_emails.js] Parsed: parsed-INBOX-uid-6148.json
2026-04-21T01:56:50.335Z [LOG] [parse_extracted_emails.js] Parsed: parsed-INBOX-uid-6149.json
2026-04-21T01:56:50.335Z [LOG] [parse_extracted_emails.js] Parsed: parsed-INBOX-uid-6150.json
2026-04-21T01:56:50.335Z [LOG] [parse_extracted_emails.js] Parsed: parsed-INBOX-uid-6151.json
2026-04-21T01:56:50.335Z [LOG] [parse_extracted_emails.js] Parsed: parsed-INBOX-uid-6152.json
2026-04-21T01:56:50.335Z [LOG] [parse_extracted_emails.js] Parsed: parsed-INBOX-uid-6156.json
2026-04-21T01:56:50.335Z [LOG] [parse_extracted_emails.js] Parsed: parsed-INBOX-uid-6157.json
2026-04-21T01:56:50.335Z [LOG] [parse_extracted_emails.js] Parsed: parsed-INBOX-uid-6158.json
2026-04-21T01:56:50.335Z [LOG] [parse_extracted_emails.js] Parsed: parsed-INBOX-uid-6159.json
2026-04-21T01:56:50.335Z [LOG] [parse_extracted_emails.js] Parsed: parsed-INBOX-uid-6160.json
2026-04-21T01:56:50.335Z [LOG] [parse_extracted_emails.js] Parsed: parsed-INBOX-uid-6161.json
2026-04-21T01:56:50.335Z [LOG] [parse_extracted_emails.js] Parsed: parsed-INBOX-uid-6162.json
2026-04-21T01:56:50.335Z [LOG] [parse_extracted_emails.js] Parsed: parsed-INBOX-uid-6163.json
2026-04-21T01:56:50.335Z [LOG] [parse_extracted_emails.js] Parsed: parsed-INBOX-uid-6164.json
2026-04-21T01:56:50.335Z [LOG] [parse_extracted_emails.js] Parsed: parsed-INBOX-uid-6165.json
2026-04-21T01:56:50.335Z [LOG] [parse_extracted_emails.js] Parsed: parsed-INBOX-uid-6166.json
2026-04-21T01:56:50.335Z [LOG] [parse_extracted_emails.js] Parsed: parsed-INBOX-uid-6167.json
2026-04-21T01:56:50.335Z [LOG] [parse_extracted_emails.js] Parsed: parsed-INBOX-uid-6168.json
2026-04-21T01:56:50.335Z [LOG] [parse_extracted_emails.js] Parsed: parsed-INBOX-uid-6169.json
2026-04-21T01:56:50.335Z [LOG] [parse_extracted_emails.js] Parsed: parsed-INBOX-uid-6170.json
2026-04-21T01:56:50.335Z [LOG] [parse_extracted_emails.js] Parsed: parsed-INBOX-uid-6171.json
2026-04-21T01:56:50.335Z [LOG] [parse_extracted_emails.js] Parsed: parsed-INBOX-uid-6172.json
2026-04-21T01:56:50.335Z [LOG] [parse_extracted_emails.js] Parsed: parsed-INBOX-uid-6173.json
2026-04-21T01:56:50.335Z [LOG] [parse_extracted_emails.js] Parsed: parsed-INBOX-uid-6174.json
2026-04-21T01:56:50.335Z [LOG] [parse_extracted_emails.js] Parsed: parsed-INBOX-uid-6175.json
2026-04-21T01:56:50.335Z [LOG] [parse_extracted_emails.js] Parsed: parsed-INBOX-uid-6176.json
2026-04-21T01:56:50.335Z [LOG] [parse_extracted_emails.js] Parsed: parsed-INBOX-uid-6177.json
2026-04-21T01:56:50.335Z [LOG] [parse_extracted_emails.js] Parsed: parsed-INBOX-uid-6178.json
2026-04-21T01:56:50.335Z [LOG] [parse_extracted_emails.js] Parsed: parsed-INBOX-uid-6179.json
2026-04-21T01:56:50.335Z [LOG] [parse_extracted_emails.js] Parsed: parsed-INBOX-uid-6180.json
2026-04-21T01:56:50.335Z [LOG] [parse_extracted_emails.js] Parsed: parsed-INBOX-uid-6181.json
2026-04-21T01:56:50.335Z [LOG] [parse_extracted_emails.js] Parsed: parsed-INBOX-uid-6182.json
2026-04-21T01:56:50.335Z [LOG] [parse_extracted_emails.js] Parsed: parsed-INBOX-uid-6183.json
2026-04-21T01:56:50.335Z [LOG] [parse_extracted_emails.js] Parsed: parsed-INBOX-uid-6184.json
2026-04-21T01:56:50.335Z [LOG] [parse_extracted_emails.js] Parsed: parsed-INBOX-uid-6185.json
2026-04-21T01:56:50.335Z [LOG] [parse_extracted_emails.js] Parsed: parsed-INBOX-uid-6186.json
2026-04-21T01:56:50.335Z [LOG] [parse_extracted_emails.js] Parsed: parsed-INBOX-uid-6187.json
2026-04-21T01:56:50.336Z [LOG] [parse_extracted_emails.js] Parsed: parsed-INBOX-uid-6188.json
2026-04-21T01:56:50.336Z [LOG] [parse_extracted_emails.js] Parsed: parsed-INBOX-uid-6189.json
2026-04-21T01:56:50.336Z [LOG] [parse_extracted_emails.js] Parsed: parsed-INBOX-uid-6190.json
2026-04-21T01:56:50.336Z [LOG] [parse_extracted_emails.js] Parsed: parsed-INBOX-uid-6191.json
2026-04-21T01:56:50.336Z [LOG] [parse_extracted_emails.js] Parsed: parsed-INBOX-uid-6192.json
2026-04-21T01:56:50.336Z [LOG] [parse_extracted_emails.js] Parsed: parsed-INBOX-uid-6193.json
2026-04-21T01:56:50.336Z [LOG] [parse_extracted_emails.js] Parsed: parsed-INBOX-uid-6194.json
2026-04-21T01:56:50.336Z [LOG] [parse_extracted_emails.js] Parsed: parsed-INBOX-uid-6195.json
2026-04-21T01:56:50.336Z [LOG] [parse_extracted_emails.js] Parsed: parsed-INBOX-uid-6196.json
2026-04-21T01:56:50.336Z [LOG] [parse_extracted_emails.js] Parsed: parsed-INBOX-uid-6197.json
2026-04-21T01:56:50.336Z [LOG] [parse_extracted_emails.js] Parsed: parsed-INBOX-uid-6198.json
2026-04-21T01:56:50.336Z [LOG] [parse_extracted_emails.js] Parsed: parsed-INBOX-uid-6199.json
2026-04-21T01:56:50.336Z [LOG] [parse_extracted_emails.js] Parsed: parsed-INBOX-uid-6200.json
2026-04-21T01:56:50.336Z [LOG] [parse_extracted_emails.js] Parsed: parsed-INBOX-uid-6201.json
2026-04-21T01:56:50.336Z [LOG] [parse_extracted_emails.js] Parsed: parsed-INBOX-uid-6202.json
2026-04-21T01:56:50.336Z [LOG] [parse_extracted_emails.js] Parsed: parsed-INBOX-uid-6203.json
2026-04-21T01:56:50.336Z [LOG] [parse_extracted_emails.js] Parsed: parsed-INBOX-uid-6204.json
2026-04-21T01:56:50.336Z [LOG] [parse_extracted_emails.js] Parsed: parsed-INBOX-uid-6205.json
2026-04-21T01:56:50.336Z [LOG] [parse_extracted_emails.js] Parsed: parsed-INBOX-uid-6206.json
2026-04-21T01:56:50.336Z [LOG] [parse_extracted_emails.js] Parsed: parsed-INBOX-uid-6207.json
2026-04-21T01:56:50.336Z [LOG] [parse_extracted_emails.js] Parsed: parsed-INBOX-uid-6208.json
2026-04-21T01:56:50.336Z [LOG] [parse_extracted_emails.js] Parsed: parsed-INBOX-uid-6209.json
2026-04-21T01:56:50.336Z [LOG] [parse_extracted_emails.js] Parsed: parsed-INBOX-uid-6210.json
2026-04-21T01:56:50.336Z [LOG] [parse_extracted_emails.js] Parsed: parsed-INBOX-uid-6211.json
2026-04-21T01:56:50.336Z [LOG] [parse_extracted_emails.js] Parsed: parsed-INBOX-uid-6212.json
2026-04-21T01:56:50.336Z [LOG] [parse_extracted_emails.js] Parsed: parsed-INBOX-uid-6213.json
2026-04-21T01:56:50.336Z [LOG] [parse_extracted_emails.js] Parsed: parsed-INBOX-uid-6214.json
2026-04-21T01:56:50.336Z [LOG] [parse_extracted_emails.js] Parsed: parsed-INBOX-uid-6215.json
2026-04-21T01:56:50.336Z [LOG] [parse_extracted_emails.js] Parsed: parsed-INBOX-uid-6216.json
2026-04-21T01:56:50.336Z [LOG] [parse_extracted_emails.js] Parsed: parsed-INBOX-uid-6217.json
2026-04-21T01:56:50.336Z [LOG] [parse_extracted_emails.js] Parsed: parsed-INBOX-uid-6218.json
2026-04-21T01:56:50.336Z [LOG] [parse_extracted_emails.js] Parsed: parsed-INBOX-uid-6219.json
2026-04-21T01:56:50.336Z [LOG] [parse_extracted_emails.js] Parsed: parsed-INBOX-uid-6220.json
2026-04-21T01:56:50.336Z [LOG] [parse_extracted_emails.js] Parsed: parsed-INBOX-uid-6221.json
2026-04-21T01:56:50.336Z [LOG] [parse_extracted_emails.js] Parsed: parsed-INBOX-uid-6222.json
2026-04-21T01:56:50.336Z [LOG] [parse_extracted_emails.js] Parsed: parsed-INBOX-uid-6223.json
2026-04-21T01:56:50.336Z [LOG] [parse_extracted_emails.js] Parsed: parsed-INBOX-uid-6224.json
2026-04-21T01:56:50.336Z [LOG] [parse_extracted_emails.js] Parsed: parsed-INBOX-uid-6225.json
2026-04-21T01:56:50.336Z [LOG] [parse_extracted_emails.js] Parsed: parsed-INBOX-uid-6226.json
2026-04-21T01:56:50.336Z [LOG] [parse_extracted_emails.js] Parsed: parsed-INBOX-uid-6227.json
2026-04-21T01:56:50.336Z [LOG] [parse_extracted_emails.js] Parsed: parsed-INBOX-uid-6228.json
2026-04-21T01:56:50.336Z [LOG] [parse_extracted_emails.js] Parsed: parsed-INBOX-uid-6229.json
2026-04-21T01:56:50.336Z [LOG] [parse_extracted_emails.js] Parsed: parsed-INBOX-uid-6230.json
2026-04-21T01:56:50.336Z [LOG] [parse_extracted_emails.js] Parsed: parsed-INBOX-uid-6231.json
2026-04-21T01:56:50.336Z [LOG] [parse_extracted_emails.js] Parsed: parsed-INBOX-uid-6232.json
2026-04-21T01:56:50.336Z [LOG] [parse_extracted_emails.js] Parsed: parsed-INBOX-uid-6233.json
2026-04-21T01:56:50.336Z [LOG] [parse_extracted_emails.js] Parsed: parsed-INBOX-uid-6234.json
2026-04-21T01:56:50.336Z [LOG] [parse_extracted_emails.js] Parsed: parsed-INBOX-uid-6235.json
2026-04-21T01:56:50.336Z [LOG] [parse_extracted_emails.js] Parsed: parsed-INBOX-uid-6236.json
2026-04-21T01:56:50.336Z [LOG] [parse_extracted_emails.js] Parsed: parsed-INBOX-uid-6237.json
2026-04-21T01:56:50.336Z [LOG] [parse_extracted_emails.js] Parsed: parsed-INBOX-uid-6238.json
2026-04-21T01:56:50.336Z [LOG] [parse_extracted_emails.js] Parsed: parsed-INBOX-uid-6239.json
2026-04-21T01:56:50.336Z [LOG] [parse_extracted_emails.js] Parsed: parsed-INBOX-uid-6240.json
2026-04-21T01:56:50.336Z [LOG] [parse_extracted_emails.js] Parsed: parsed-INBOX-uid-6241.json
2026-04-21T01:56:50.336Z [LOG] [parse_extracted_emails.js] Parsed: parsed-INBOX-uid-6242.json
2026-04-21T01:56:50.336Z [LOG] [parse_extracted_emails.js] Parsed: parsed-INBOX-uid-6243.json
2026-04-21T01:56:50.336Z [LOG] [parse_extracted_emails.js] Parsed: parsed-INBOX-uid-6244.json
2026-04-21T01:56:50.336Z [LOG] [parse_extracted_emails.js] Parsed: parsed-INBOX-uid-6245.json
2026-04-21T01:56:50.336Z [LOG] [parse_extracted_emails.js] Parsed: parsed-INBOX-uid-6246.json
2026-04-21T01:56:50.336Z [LOG] [parse_extracted_emails.js] Parsed: parsed-INBOX-uid-6247.json
2026-04-21T01:56:50.336Z [LOG] [parse_extracted_emails.js] Parsed: parsed-INBOX-uid-6248.json
2026-04-21T01:56:50.336Z [LOG] [parse_extracted_emails.js] Parsed: parsed-INBOX-uid-6249.json
2026-04-21T01:56:50.336Z [LOG] [parse_extracted_emails.js] Parsed: parsed-INBOX-uid-6250.json
2026-04-21T01:56:50.336Z [LOG] [parse_extracted_emails.js] Parsed: parsed-INBOX-uid-6251.json
2026-04-21T01:56:50.336Z [LOG] [parse_extracted_emails.js] Parsed: parsed-INBOX-uid-6252.json
2026-04-21T01:56:50.336Z [LOG] [parse_extracted_emails.js] Parsed: parsed-INBOX-uid-6253.json
2026-04-21T01:56:50.336Z [LOG] [parse_extracted_emails.js] Parsed: parsed-INBOX-uid-6254.json
2026-04-21T01:56:50.336Z [LOG] [parse_extracted_emails.js] Parsed: parsed-INBOX-uid-6255.json
2026-04-21T01:56:50.336Z [LOG] [parse_extracted_emails.js] Parsed: parsed-INBOX-uid-6256.json
2026-04-21T01:56:50.336Z [LOG] [parse_extracted_emails.js] Parsed: parsed-INBOX-uid-6257.json
2026-04-21T01:56:50.336Z [LOG] [parse_extracted_emails.js] Parsed: parsed-INBOX-uid-6258.json
2026-04-21T01:56:50.336Z [LOG] [parse_extracted_emails.js] Parsed: parsed-INBOX-uid-6259.json
2026-04-21T01:56:50.336Z [LOG] [parse_extracted_emails.js] Parsed: parsed-INBOX-uid-6260.json
2026-04-21T01:56:50.336Z [LOG] [parse_extracted_emails.js] Parsed: parsed-INBOX-uid-6261.json
2026-04-21T01:56:50.336Z [LOG] [parse_extracted_emails.js] Parsed: parsed-INBOX-uid-6262.json
2026-04-21T01:56:50.336Z [LOG] [parse_extracted_emails.js] Parsed: parsed-INBOX-uid-6263.json
2026-04-21T01:56:50.336Z [LOG] [parse_extracted_emails.js] Parsed: parsed-INBOX-uid-6264.json
2026-04-21T01:56:50.336Z [LOG] [parse_extracted_emails.js] Parsed: parsed-INBOX-uid-6265.json
2026-04-21T01:56:50.336Z [LOG] [parse_extracted_emails.js] Parsed: parsed-INBOX-uid-6266.json
2026-04-21T01:56:50.336Z [LOG] [parse_extracted_emails.js] Parsed: parsed-INBOX-uid-6267.json
2026-04-21T01:56:50.336Z [LOG] [parse_extracted_emails.js] Parsed: parsed-INBOX-uid-6268.json
2026-04-21T01:56:50.336Z [LOG] [parse_extracted_emails.js] Parsed: parsed-INBOX-uid-6269.json
2026-04-21T01:56:50.336Z [LOG] [parse_extracted_emails.js] Parsed: parsed-INBOX-uid-6270.json
2026-04-21T01:56:50.336Z [LOG] [parse_extracted_emails.js] Parsed: parsed-INBOX-uid-6271.json
2026-04-21T01:56:50.336Z [LOG] [parse_extracted_emails.js] Parsed: parsed-INBOX-uid-6272.json
2026-04-21T01:56:50.336Z [LOG] [parse_extracted_emails.js] Parsed: parsed-INBOX-uid-6273.json
2026-04-21T01:56:50.336Z [LOG] [parse_extracted_emails.js] Parsed: parsed-INBOX-uid-6274.json
2026-04-21T01:56:50.336Z [LOG] [parse_extracted_emails.js] Parsed: parsed-INBOX-uid-6275.json
2026-04-21T01:56:50.336Z [LOG] [parse_extracted_emails.js] Parsed: parsed-INBOX-uid-6276.json
2026-04-21T01:56:50.336Z [LOG] [parse_extracted_emails.js] Parsed: parsed-INBOX-uid-6277.json
2026-04-21T01:56:50.336Z [LOG] [parse_extracted_emails.js] Parsed: parsed-INBOX-uid-6278.json
2026-04-21T01:56:50.336Z [LOG] [parse_extracted_emails.js] Parsed: parsed-INBOX-uid-6279.json
2026-04-21T01:56:50.336Z [LOG] [parse_extracted_emails.js] Parsed: parsed-INBOX-uid-6280.json
2026-04-21T01:56:50.336Z [LOG] [parse_extracted_emails.js] Parsed: parsed-INBOX-uid-6281.json
2026-04-21T01:56:50.336Z [LOG] [parse_extracted_emails.js] Parsed: parsed-INBOX-uid-6282.json
2026-04-21T01:56:50.336Z [LOG] [parse_extracted_emails.js] Parsed: parsed-INBOX-uid-6283.json
2026-04-21T01:56:50.336Z [LOG] [parse_extracted_emails.js] Parsed: parsed-INBOX-uid-6284.json
2026-04-21T01:56:50.336Z [LOG] [parse_extracted_emails.js] Parsed: parsed-INBOX-uid-6285.json
2026-04-21T01:56:50.336Z [LOG] [parse_extracted_emails.js] Parsed: parsed-INBOX-uid-6286.json
2026-04-21T01:56:50.336Z [LOG] [parse_extracted_emails.js] Parsed: parsed-INBOX-uid-6287.json
2026-04-21T01:56:50.336Z [LOG] [parse_extracted_emails.js] Parsed: parsed-INBOX-uid-6288.json
2026-04-21T01:56:50.336Z [LOG] [parse_extracted_emails.js] Parsed: parsed-INBOX-uid-6289.json
2026-04-21T01:56:50.336Z [LOG] [parse_extracted_emails.js] Parsed: parsed-INBOX-uid-6290.json
2026-04-21T01:56:50.336Z [LOG] [parse_extracted_emails.js] Parsed: parsed-INBOX-uid-6291.json
2026-04-21T01:56:50.336Z [LOG] [parse_extracted_emails.js] Parsed: parsed-INBOX-uid-6292.json
2026-04-21T01:56:50.336Z [LOG] [parse_extracted_emails.js] Parsed: parsed-INBOX-uid-6293.json
2026-04-21T01:56:50.336Z [LOG] [parse_extracted_emails.js] Parsed: parsed-INBOX-uid-6296.json
2026-04-21T01:56:50.336Z [LOG] [parse_extracted_emails.js] Parsed: parsed-INBOX-uid-6297.json
2026-04-21T01:56:50.336Z [LOG] [parse_extracted_emails.js] Parsed: parsed-INBOX-uid-6298.json
2026-04-21T01:56:50.336Z [LOG] [parse_extracted_emails.js] Parsed: parsed-INBOX-uid-6299.json
2026-04-21T01:56:50.336Z [LOG] [parse_extracted_emails.js] Parsed: parsed-INBOX-uid-6300.json
2026-04-21T01:56:50.336Z [LOG] [parse_extracted_emails.js] Parsed: parsed-INBOX-uid-6301.json
2026-04-21T01:56:50.336Z [LOG] [parse_extracted_emails.js] Parsed: parsed-INBOX-uid-6302.json
2026-04-21T01:56:50.336Z [LOG] [parse_extracted_emails.js] Parsed: parsed-INBOX-uid-6303.json
2026-04-21T01:56:50.336Z [LOG] [parse_extracted_emails.js] Parsed: parsed-INBOX-uid-6304.json
2026-04-21T01:56:50.336Z [LOG] [parse_extracted_emails.js] Parsed: parsed-INBOX-uid-6305.json
2026-04-21T01:56:50.336Z [LOG] [parse_extracted_emails.js] Parsed: parsed-INBOX-uid-6306.json
2026-04-21T01:56:50.336Z [LOG] [parse_extracted_emails.js] Parsed: parsed-INBOX-uid-6307.json
2026-04-21T01:56:50.336Z [LOG] [parse_extracted_emails.js] Parsed: parsed-INBOX-uid-6308.json
2026-04-21T01:56:50.337Z [LOG] [parse_extracted_emails.js] Parsed: parsed-INBOX-uid-6309.json
2026-04-21T01:56:50.337Z [LOG] [parse_extracted_emails.js] Parsed: parsed-INBOX-uid-6310.json
2026-04-21T01:56:50.337Z [LOG] [parse_extracted_emails.js] Parsed: parsed-INBOX-uid-6311.json
2026-04-21T01:56:50.337Z [LOG] [parse_extracted_emails.js] Parsed: parsed-INBOX-uid-6312.json
2026-04-21T01:56:50.337Z [LOG] [parse_extracted_emails.js] Parsed: parsed-INBOX-uid-6313.json
2026-04-21T01:56:50.337Z [LOG] [parse_extracted_emails.js] Parsed: parsed-INBOX-uid-6314.json
2026-04-21T01:56:50.337Z [LOG] [parse_extracted_emails.js] Parsed: parsed-INBOX-uid-6315.json
2026-04-21T01:56:50.337Z [LOG] [parse_extracted_emails.js] Parsed: parsed-INBOX-uid-6316.json
2026-04-21T01:56:50.337Z [LOG] [parse_extracted_emails.js] Parsed: parsed-INBOX-uid-6317.json
2026-04-21T01:56:50.337Z [LOG] [parse_extracted_emails.js] Parsed: parsed-INBOX-uid-6318.json
2026-04-21T01:56:50.337Z [LOG] [parse_extracted_emails.js] Parsed: parsed-INBOX-uid-6319.json
2026-04-21T01:56:50.337Z [LOG] [parse_extracted_emails.js] Parsed: parsed-INBOX-uid-6320.json
2026-04-21T01:56:50.337Z [LOG] [parse_extracted_emails.js] Parsed: parsed-INBOX-uid-6321.json
2026-04-21T01:56:50.337Z [LOG] [parse_extracted_emails.js] Parsed: parsed-INBOX-uid-6322.json
2026-04-21T01:56:50.337Z [LOG] [parse_extracted_emails.js] Parsed: parsed-INBOX-uid-6323.json
2026-04-21T01:56:50.337Z [LOG] [parse_extracted_emails.js] Parsed: parsed-INBOX-uid-6324.json
2026-04-21T01:56:50.337Z [LOG] [parse_extracted_emails.js] Parsed: parsed-INBOX-uid-6325.json
2026-04-21T01:56:50.337Z [LOG] [parse_extracted_emails.js] Parsed: parsed-INBOX-uid-6326.json
2026-04-21T01:56:50.337Z [LOG] [parse_extracted_emails.js] Parsed: parsed-INBOX-uid-6327.json
2026-04-21T01:56:50.337Z [LOG] [parse_extracted_emails.js] Parsed: parsed-INBOX-uid-6328.json
2026-04-21T01:56:50.337Z [LOG] [parse_extracted_emails.js] Parsed: parsed-INBOX-uid-6329.json
2026-04-21T01:56:50.337Z [LOG] [parse_extracted_emails.js] Parsed: parsed-INBOX-uid-6330.json
2026-04-21T01:56:50.337Z [LOG] [parse_extracted_emails.js] Parsed: parsed-INBOX-uid-6331.json
2026-04-21T01:56:50.337Z [LOG] [parse_extracted_emails.js] Parsed: parsed-INBOX-uid-6332.json
2026-04-21T01:56:50.337Z [LOG] [parse_extracted_emails.js] Parsed: parsed-INBOX-uid-6333.json
2026-04-21T01:56:50.337Z [LOG] [parse_extracted_emails.js] Parsed: parsed-INBOX-uid-6334.json
2026-04-21T01:56:50.337Z [LOG] [parse_extracted_emails.js] Parsed: parsed-INBOX-uid-6335.json
2026-04-21T01:56:50.337Z [LOG] [parse_extracted_emails.js] Parsed: parsed-INBOX-uid-6336.json
2026-04-21T01:56:50.337Z [LOG] [parse_extracted_emails.js] Parsed: parsed-INBOX-uid-6337.json
2026-04-21T01:56:50.337Z [LOG] [parse_extracted_emails.js] Parsed: parsed-INBOX-uid-6338.json
2026-04-21T01:56:50.337Z [LOG] [parse_extracted_emails.js] Parsed: parsed-INBOX-uid-6339.json
2026-04-21T01:56:50.337Z [LOG] [parse_extracted_emails.js] Parsed: parsed-INBOX-uid-6340.json
2026-04-21T01:56:50.337Z [LOG] [parse_extracted_emails.js] Parsed: parsed-INBOX-uid-6341.json
2026-04-21T01:56:50.337Z [LOG] [parse_extracted_emails.js] Parsed: parsed-INBOX-uid-6342.json
2026-04-21T01:56:50.337Z [LOG] [parse_extracted_emails.js] Parsed: parsed-INBOX-uid-6343.json
2026-04-21T01:56:50.337Z [LOG] [parse_extracted_emails.js] Parsed: parsed-INBOX-uid-6344.json
2026-04-21T01:56:50.337Z [LOG] [parse_extracted_emails.js] Parsed: parsed-INBOX-uid-6345.json
2026-04-21T01:56:50.337Z [LOG] [parse_extracted_emails.js] Parsed: parsed-INBOX-uid-6346.json
2026-04-21T01:56:50.337Z [LOG] [parse_extracted_emails.js] Parsed: parsed-INBOX-uid-6347.json
2026-04-21T01:56:50.337Z [LOG] [parse_extracted_emails.js] Parsed: parsed-INBOX-uid-6348.json
2026-04-21T01:56:50.337Z [LOG] [parse_extracted_emails.js] Parsed: parsed-INBOX-uid-6349.json
2026-04-21T01:56:50.337Z [LOG] [parse_extracted_emails.js] Parsed: parsed-INBOX-uid-6350.json
2026-04-21T01:56:50.337Z [LOG] [parse_extracted_emails.js] Parsed: parsed-INBOX-uid-6351.json
2026-04-21T01:56:50.337Z [LOG] [parse_extracted_emails.js] Parsed: parsed-INBOX-uid-6352.json
2026-04-21T01:56:50.337Z [LOG] [parse_extracted_emails.js] Parsed: parsed-INBOX-uid-6353.json
2026-04-21T01:56:50.337Z [LOG] [parse_extracted_emails.js] Parsed: parsed-INBOX-uid-6354.json
2026-04-21T01:56:50.337Z [LOG] [parse_extracted_emails.js] Parsed: parsed-INBOX-uid-6355.json
2026-04-21T01:56:50.337Z [LOG] [parse_extracted_emails.js] Parsed: parsed-INBOX-uid-6356.json
2026-04-21T01:56:50.337Z [LOG] [parse_extracted_emails.js] Parsed: parsed-INBOX-uid-6365.json
2026-04-21T01:56:50.337Z [LOG] [parse_extracted_emails.js] Parsed: parsed-INBOX-uid-6366.json
2026-04-21T01:56:50.337Z [LOG] [parse_extracted_emails.js] Parsed: parsed-INBOX-uid-6367.json
2026-04-21T01:56:50.337Z [LOG] [parse_extracted_emails.js] Parsed: parsed-INBOX-uid-6368.json
2026-04-21T01:56:50.337Z [LOG] [parse_extracted_emails.js] Parsed: parsed-INBOX-uid-6371.json
2026-04-21T01:56:50.337Z [LOG] [parse_extracted_emails.js] Parsed: parsed-INBOX-uid-6376.json
2026-04-21T01:56:50.337Z [LOG] [parse_extracted_emails.js] Parsed: parsed-INBOX-uid-6377.json
2026-04-21T01:56:50.337Z [LOG] [parse_extracted_emails.js] Parsed: parsed-INBOX-uid-6378.json
2026-04-21T01:56:50.337Z [LOG] [parse_extracted_emails.js] Parsed: parsed-INBOX-uid-6383.json
2026-04-21T01:56:50.337Z [LOG] [parse_extracted_emails.js] Parsed: parsed-INBOX-uid-6384.json
2026-04-21T01:56:50.337Z [LOG] [parse_extracted_emails.js] Parsed: parsed-INBOX-uid-6395.json
2026-04-21T01:56:50.337Z [LOG] [parse_extracted_emails.js] Parsed: parsed-INBOX-uid-6423.json
2026-04-21T01:56:50.337Z [LOG] [parse_extracted_emails.js] Parsed: parsed-INBOX-uid-6428.json
2026-04-21T01:56:50.337Z [LOG] [parse_extracted_emails.js] Parsed: parsed-INBOX-uid-6429.json
2026-04-21T01:56:50.337Z [LOG] [parse_extracted_emails.js] Parsed: parsed-INBOX-uid-6430.json
2026-04-21T01:56:50.337Z [LOG] [parse_extracted_emails.js] Parsed: parsed-INBOX-uid-6431.json
2026-04-21T01:56:50.337Z [LOG] [parse_extracted_emails.js] Parsed: parsed-INBOX-uid-6433.json
2026-04-21T01:56:50.337Z [LOG] [parse_extracted_emails.js] Parsed: parsed-INBOX-uid-6436.json
2026-04-21T01:56:50.337Z [LOG] [parse_extracted_emails.js] Parsed: parsed-INBOX-uid-6437.json
2026-04-21T01:56:50.337Z [LOG] [parse_extracted_emails.js] Parsed: parsed-INBOX-uid-6438.json
2026-04-21T01:56:50.337Z [LOG] [parse_extracted_emails.js] Parsed: parsed-INBOX-uid-6439.json
2026-04-21T01:56:50.337Z [LOG] [parse_extracted_emails.js] Parsed: parsed-INBOX-uid-6440.json
2026-04-21T01:56:50.337Z [LOG] [parse_extracted_emails.js] Parsed: parsed-INBOX-uid-6441.json
2026-04-21T01:56:50.337Z [LOG] [parse_extracted_emails.js] Parsed: parsed-INBOX-uid-6442.json
2026-04-21T01:56:50.337Z [LOG] [parse_extracted_emails.js] Parsed: parsed-INBOX-uid-6443.json
2026-04-21T01:56:50.337Z [LOG] [parse_extracted_emails.js] Parsed: parsed-INBOX-uid-6444.json
2026-04-21T01:56:50.337Z [LOG] [parse_extracted_emails.js] Parsed: parsed-INBOX-uid-6445.json
2026-04-21T01:56:50.337Z [LOG] [parse_extracted_emails.js] Parsed: parsed-INBOX-uid-6446.json
2026-04-21T01:56:50.337Z [LOG] [parse_extracted_emails.js] Parsed: parsed-INBOX-uid-6447.json
2026-04-21T01:56:50.337Z [LOG] [parse_extracted_emails.js] Parsed: parsed-INBOX-uid-6448.json
2026-04-21T01:56:50.337Z [LOG] [parse_extracted_emails.js] Parsed: parsed-INBOX-uid-6449.json
2026-04-21T01:56:50.337Z [LOG] [parse_extracted_emails.js] Parsed: parsed-INBOX-uid-6450.json
2026-04-21T01:56:50.337Z [LOG] [parse_extracted_emails.js] Parsed: parsed-INBOX-uid-6451.json
2026-04-21T01:56:50.337Z [LOG] [parse_extracted_emails.js] Parsed: parsed-INBOX-uid-6452.json
2026-04-21T01:56:50.337Z [LOG] [parse_extracted_emails.js] Parsed: parsed-INBOX-uid-6453.json
2026-04-21T01:56:50.337Z [LOG] [parse_extracted_emails.js] Parsed: parsed-INBOX-uid-6456.json
2026-04-21T01:56:50.337Z [LOG] [parse_extracted_emails.js] Parsed: parsed-INBOX-uid-6457.json
2026-04-21T01:56:50.337Z [LOG] [parse_extracted_emails.js] Parsed: parsed-INBOX-uid-6459.json
2026-04-21T01:56:50.337Z [LOG] [parse_extracted_emails.js] Parsed: parsed-INBOX-uid-6460.json
2026-04-21T01:56:50.337Z [LOG] [parse_extracted_emails.js] Parsed: parsed-INBOX-uid-6461.json
2026-04-21T01:56:50.337Z [LOG] [parse_extracted_emails.js] Parsed: parsed-INBOX-uid-6462.json
2026-04-21T01:56:50.337Z [LOG] [parse_extracted_emails.js] Parsed: parsed-INBOX-uid-6463.json
2026-04-21T01:56:50.337Z [LOG] [parse_extracted_emails.js] Parsed: parsed-INBOX-uid-6464.json
2026-04-21T01:56:50.337Z [LOG] [parse_extracted_emails.js] Parsed: parsed-INBOX-uid-6465.json
2026-04-21T01:56:50.337Z [LOG] [parse_extracted_emails.js] Parsed: parsed-INBOX-uid-6466.json
2026-04-21T01:56:50.337Z [LOG] [parse_extracted_emails.js] Parsed: parsed-INBOX-uid-6467.json
2026-04-21T01:56:50.337Z [LOG] [parse_extracted_emails.js] Parsed: parsed-INBOX-uid-6468.json
2026-04-21T01:56:50.337Z [LOG] [parse_extracted_emails.js] Parsed: parsed-INBOX-uid-6469.json
2026-04-21T01:56:50.337Z [LOG] [parse_extracted_emails.js] Parsed: parsed-INBOX-uid-6470.json
2026-04-21T01:56:50.337Z [LOG] [parse_extracted_emails.js] Parsed: parsed-INBOX-uid-6471.json
2026-04-21T01:56:50.337Z [LOG] [parse_extracted_emails.js] Parsed: parsed-INBOX-uid-6472.json
2026-04-21T01:56:50.337Z [LOG] [parse_extracted_emails.js] Parsed: parsed-INBOX-uid-6473.json
2026-04-21T01:56:50.337Z [LOG] [parse_extracted_emails.js] Parsed: parsed-INBOX-uid-6474.json
2026-04-21T01:56:50.337Z [LOG] [parse_extracted_emails.js] Parsed: parsed-INBOX-uid-6475.json
2026-04-21T01:56:50.337Z [LOG] [parse_extracted_emails.js] Parsed: parsed-INBOX-uid-6476.json
2026-04-21T01:56:50.337Z [LOG] [parse_extracted_emails.js] Parsed: parsed-INBOX-uid-6477.json
2026-04-21T01:56:50.337Z [LOG] [parse_extracted_emails.js] Parsed: parsed-INBOX-uid-6478.json
2026-04-21T01:56:50.337Z [LOG] [parse_extracted_emails.js] Parsed: parsed-INBOX-uid-6479.json
2026-04-21T01:56:50.337Z [LOG] [parse_extracted_emails.js] Parsed: parsed-INBOX-uid-6480.json
2026-04-21T01:56:50.337Z [LOG] [parse_extracted_emails.js] Parsed: parsed-INBOX-uid-6481.json
2026-04-21T01:56:50.337Z [LOG] [parse_extracted_emails.js] Parsed: parsed-INBOX-uid-6482.json
2026-04-21T01:56:50.337Z [LOG] [parse_extracted_emails.js] Parsed: parsed-INBOX-uid-6483.json
2026-04-21T01:56:50.337Z [LOG] [parse_extracted_emails.js] Parsed: parsed-INBOX-uid-6484.json
2026-04-21T01:56:50.337Z [LOG] [parse_extracted_emails.js] Parsed: parsed-INBOX-uid-6485.json
2026-04-21T01:56:50.337Z [LOG] [parse_extracted_emails.js] Parsed: parsed-INBOX-uid-6486.json
2026-04-21T01:56:50.337Z [LOG] [parse_extracted_emails.js] Parsed: parsed-INBOX-uid-6487.json
2026-04-21T01:56:50.337Z [LOG] [parse_extracted_emails.js] Parsed: parsed-INBOX-uid-6488.json
2026-04-21T01:56:50.337Z [LOG] [parse_extracted_emails.js] Parsed: parsed-INBOX-uid-6489.json
2026-04-21T01:56:50.337Z [LOG] [parse_extracted_emails.js] Parsed: parsed-INBOX-uid-6490.json
2026-04-21T01:56:50.337Z [LOG] [parse_extracted_emails.js] Parsed: parsed-INBOX-uid-6491.json
2026-04-21T01:56:50.337Z [LOG] [parse_extracted_emails.js] Parsed: parsed-INBOX-uid-6492.json
2026-04-21T01:56:50.337Z [LOG] [parse_extracted_emails.js] Parsed: parsed-INBOX-uid-6493.json
2026-04-21T01:56:50.337Z [LOG] [parse_extracted_emails.js] Parsed: parsed-INBOX-uid-6494.json
2026-04-21T01:56:50.337Z [LOG] [parse_extracted_emails.js] Parsed: parsed-INBOX-uid-6495.json
2026-04-21T01:56:50.337Z [LOG] [parse_extracted_emails.js] Parsed: parsed-INBOX-uid-6515.json
2026-04-21T01:56:50.337Z [LOG] [parse_extracted_emails.js] Parsed: parsed-INBOX-uid-6516.json
2026-04-21T01:56:50.337Z [LOG] [parse_extracted_emails.js] Parsed: parsed-INBOX-uid-6517.json
2026-04-21T01:56:50.337Z [LOG] [parse_extracted_emails.js] Parsed: parsed-INBOX-uid-6518.json
2026-04-21T01:56:50.337Z [LOG] [parse_extracted_emails.js] Parsed: parsed-INBOX-uid-6519.json
2026-04-21T01:56:50.337Z [LOG] [parse_extracted_emails.js] Parsed: parsed-INBOX-uid-6520.json
2026-04-21T01:56:50.337Z [LOG] [parse_extracted_emails.js] Parsed: parsed-INBOX-uid-6521.json
2026-04-21T01:56:50.337Z [LOG] [parse_extracted_emails.js] Parsed: parsed-INBOX-uid-6522.json
2026-04-21T01:56:50.337Z [LOG] [parse_extracted_emails.js] Parsed: parsed-INBOX-uid-6523.json
2026-04-21T01:56:50.337Z [LOG] [parse_extracted_emails.js] Parsed: parsed-INBOX-uid-6524.json
2026-04-21T01:56:50.337Z [LOG] [parse_extracted_emails.js] Parsed: parsed-INBOX-uid-6525.json
2026-04-21T01:56:50.337Z [LOG] [parse_extracted_emails.js] Parsed: parsed-INBOX-uid-6526.json
2026-04-21T01:56:50.337Z [LOG] [parse_extracted_emails.js] Parsed: parsed-INBOX-uid-6527.json
2026-04-21T01:56:50.337Z [LOG] [parse_extracted_emails.js] Parsed: parsed-INBOX-uid-6528.json
2026-04-21T01:56:50.337Z [LOG] [parse_extracted_emails.js] Parsed: parsed-INBOX-uid-6529.json
2026-04-21T01:56:50.337Z [LOG] [parse_extracted_emails.js] Parsed: parsed-INBOX-uid-6530.json
2026-04-21T01:56:50.337Z [LOG] [parse_extracted_emails.js] Parsed: parsed-INBOX-uid-6531.json
2026-04-21T01:56:50.337Z [LOG] [parse_extracted_emails.js] Parsed: parsed-INBOX-uid-6532.json
2026-04-21T01:56:50.337Z [LOG] [parse_extracted_emails.js] Parsed: parsed-INBOX-uid-6533.json
2026-04-21T01:56:50.337Z [LOG] [parse_extracted_emails.js] Parsed: parsed-INBOX-uid-6534.json
2026-04-21T01:56:50.337Z [LOG] [parse_extracted_emails.js] Parsed: parsed-INBOX-uid-6535.json
2026-04-21T01:56:50.337Z [LOG] [parse_extracted_emails.js] Parsed: parsed-INBOX-uid-6536.json
2026-04-21T01:56:50.337Z [LOG] [parse_extracted_emails.js] Parsed: parsed-INBOX-uid-6537.json
2026-04-21T01:56:50.337Z [LOG] [parse_extracted_emails.js] Parsed: parsed-INBOX-uid-6538.json
2026-04-21T01:56:50.337Z [LOG] [parse_extracted_emails.js] Parsed: parsed-INBOX-uid-6539.json
2026-04-21T01:56:50.337Z [LOG] [parse_extracted_emails.js] Parsed: parsed-INBOX-uid-6540.json
2026-04-21T01:56:50.337Z [LOG] [parse_extracted_emails.js] Parsed: parsed-INBOX-uid-6541.json
2026-04-21T01:56:50.337Z [LOG] [parse_extracted_emails.js] Parsed: parsed-INBOX-uid-6542.json
2026-04-21T01:56:50.337Z [LOG] [parse_extracted_emails.js] Parsed: parsed-INBOX-uid-6543.json
2026-04-21T01:56:50.337Z [LOG] [parse_extracted_emails.js] Parsed: parsed-INBOX-uid-6544.json
2026-04-21T01:56:50.338Z [LOG] [parse_extracted_emails.js] Parsed: parsed-INBOX-uid-6545.json
2026-04-21T01:56:50.338Z [LOG] [parse_extracted_emails.js] Parsed: parsed-INBOX-uid-6546.json
2026-04-21T01:56:50.338Z [LOG] [parse_extracted_emails.js] Parsed: parsed-INBOX-uid-6547.json
2026-04-21T01:56:50.338Z [LOG] [parse_extracted_emails.js] Parsed: parsed-INBOX-uid-6548.json
2026-04-21T01:56:50.338Z [LOG] [parse_extracted_emails.js] Parsed: parsed-INBOX-uid-6549.json
2026-04-21T01:56:50.338Z [LOG] [parse_extracted_emails.js] Parsed: parsed-INBOX-uid-6550.json
2026-04-21T01:56:50.338Z [LOG] [parse_extracted_emails.js] Parsed: parsed-INBOX-uid-6551.json
2026-04-21T01:56:50.338Z [LOG] [parse_extracted_emails.js] Parsed: parsed-INBOX-uid-6552.json
2026-04-21T01:56:50.338Z [LOG] [parse_extracted_emails.js] Parsed: parsed-INBOX-uid-6553.json
2026-04-21T01:56:50.338Z [LOG] [parse_extracted_emails.js] Parsed: parsed-INBOX-uid-6554.json
2026-04-21T01:56:50.338Z [LOG] [parse_extracted_emails.js] Parsed: parsed-INBOX-uid-6555.json
2026-04-21T01:56:50.338Z [LOG] [parse_extracted_emails.js] Parsed: parsed-INBOX-uid-6556.json
2026-04-21T01:56:50.338Z [LOG] [parse_extracted_emails.js] Parsed: parsed-INBOX-uid-6557.json
2026-04-21T01:56:50.338Z [LOG] [parse_extracted_emails.js] Parsed: parsed-INBOX-uid-6558.json
2026-04-21T01:56:50.338Z [LOG] [parse_extracted_emails.js] Parsed: parsed-INBOX-uid-6559.json
2026-04-21T01:56:50.338Z [LOG] [parse_extracted_emails.js] Parsed: parsed-INBOX-uid-6560.json
2026-04-21T01:56:50.338Z [LOG] [parse_extracted_emails.js] Parsed: parsed-INBOX-uid-6561.json
2026-04-21T01:56:50.338Z [LOG] [parse_extracted_emails.js] Parsed: parsed-INBOX-uid-6562.json
2026-04-21T01:56:50.338Z [LOG] [parse_extracted_emails.js] Parsed: parsed-INBOX-uid-6563.json
2026-04-21T01:56:50.338Z [LOG] [parse_extracted_emails.js] Parsed: parsed-INBOX-uid-6564.json
2026-04-21T01:56:50.338Z [LOG] [parse_extracted_emails.js] Parsed: parsed-INBOX-uid-6565.json
2026-04-21T01:56:50.338Z [LOG] [parse_extracted_emails.js] Parsed: parsed-INBOX-uid-6566.json
2026-04-21T01:56:50.338Z [LOG] [parse_extracted_emails.js] Parsed: parsed-INBOX-uid-6567.json
2026-04-21T01:56:50.338Z [LOG] [parse_extracted_emails.js] Parsed: parsed-INBOX-uid-6568.json
2026-04-21T01:56:50.338Z [LOG] [parse_extracted_emails.js] Parsed: parsed-INBOX-uid-6569.json
2026-04-21T01:56:50.338Z [LOG] [parse_extracted_emails.js] Parsed: parsed-INBOX-uid-6570.json
2026-04-21T01:56:50.338Z [LOG] [parse_extracted_emails.js] Parsed: parsed-INBOX-uid-6571.json
2026-04-21T01:56:50.338Z [LOG] [parse_extracted_emails.js] Parsed: parsed-INBOX-uid-6572.json
2026-04-21T01:56:50.338Z [LOG] [parse_extracted_emails.js] Parsed: parsed-INBOX-uid-6573.json
2026-04-21T01:56:50.338Z [LOG] [parse_extracted_emails.js] Parsed: parsed-INBOX-uid-6574.json
2026-04-21T01:56:50.338Z [LOG] [parse_extracted_emails.js] Parsed: parsed-INBOX-uid-6575.json
2026-04-21T01:56:50.338Z [LOG] [parse_extracted_emails.js] Parsed: parsed-INBOX-uid-6576.json
2026-04-21T01:56:50.338Z [LOG] [parse_extracted_emails.js] Parsed: parsed-INBOX-uid-6577.json
2026-04-21T01:56:50.338Z [LOG] [parse_extracted_emails.js] Parsed: parsed-INBOX-uid-6578.json
2026-04-21T01:56:50.338Z [LOG] [parse_extracted_emails.js] Parsed: parsed-INBOX-uid-6579.json
2026-04-21T01:56:50.338Z [LOG] [parse_extracted_emails.js] Parsed: parsed-INBOX-uid-6580.json
2026-04-21T01:56:50.338Z [LOG] [parse_extracted_emails.js] Parsed: parsed-INBOX-uid-6581.json
2026-04-21T01:56:50.338Z [LOG] [parse_extracted_emails.js] Parsed: parsed-INBOX-uid-6582.json
2026-04-21T01:56:50.338Z [LOG] [parse_extracted_emails.js] Parsed: parsed-INBOX-uid-6583.json
2026-04-21T01:56:50.338Z [LOG] [parse_extracted_emails.js] Parsed: parsed-INBOX-uid-6584.json
2026-04-21T01:56:50.338Z [LOG] [parse_extracted_emails.js] Parsed: parsed-INBOX-uid-6585.json
2026-04-21T01:56:50.338Z [LOG] [parse_extracted_emails.js] Parsed: parsed-INBOX-uid-6586.json
2026-04-21T01:56:50.338Z [LOG] [parse_extracted_emails.js] Parsed: parsed-INBOX-uid-6587.json
2026-04-21T01:56:50.338Z [LOG] [parse_extracted_emails.js] Parsed: parsed-INBOX-uid-6588.json
2026-04-21T01:56:50.338Z [LOG] [parse_extracted_emails.js] Parsed: parsed-INBOX-uid-6589.json
2026-04-21T01:56:50.338Z [LOG] [parse_extracted_emails.js] Parsed: parsed-INBOX-uid-6590.json
2026-04-21T01:56:50.338Z [LOG] [parse_extracted_emails.js] Parsed: parsed-INBOX-uid-6591.json
2026-04-21T01:56:50.338Z [LOG] [parse_extracted_emails.js] Parsed: parsed-INBOX-uid-6592.json
2026-04-21T01:56:50.338Z [LOG] [parse_extracted_emails.js] Parsed: parsed-INBOX-uid-6593.json
2026-04-21T01:56:50.338Z [LOG] [parse_extracted_emails.js] Parsed: parsed-INBOX-uid-6594.json
2026-04-21T01:56:50.338Z [LOG] [parse_extracted_emails.js] Parsed: parsed-INBOX-uid-6595.json
2026-04-21T01:56:50.338Z [LOG] [parse_extracted_emails.js] Parsed: parsed-INBOX-uid-6596.json
2026-04-21T01:56:50.338Z [LOG] [parse_extracted_emails.js] Parsed: parsed-INBOX-uid-6605.json
2026-04-21T01:56:50.338Z [LOG] [parse_extracted_emails.js] Parsed: parsed-INBOX-uid-6608.json
2026-04-21T01:56:50.338Z [LOG] [parse_extracted_emails.js] Parsed: parsed-INBOX-uid-6609.json
2026-04-21T01:56:50.338Z [LOG] [parse_extracted_emails.js] Parsed: parsed-INBOX-uid-6610.json
2026-04-21T01:56:50.338Z [LOG] [parse_extracted_emails.js] Parsed: parsed-INBOX-uid-6611.json
2026-04-21T01:56:50.338Z [LOG] [parse_extracted_emails.js] Parsed: parsed-INBOX-uid-6612.json
2026-04-21T01:56:50.338Z [LOG] [parse_extracted_emails.js] Parsed: parsed-INBOX-uid-6613.json
2026-04-21T01:56:50.338Z [LOG] [parse_extracted_emails.js] Parsed: parsed-INBOX-uid-6614.json
2026-04-21T01:56:50.338Z [LOG] [parse_extracted_emails.js] Parsed: parsed-INBOX-uid-6615.json
2026-04-21T01:56:50.338Z [LOG] [parse_extracted_emails.js] Parsed: parsed-INBOX-uid-6616.json
2026-04-21T01:56:50.338Z [LOG] [parse_extracted_emails.js] Parsed: parsed-INBOX-uid-6617.json
2026-04-21T01:56:50.338Z [LOG] [parse_extracted_emails.js] Parsed: parsed-INBOX-uid-6618.json
2026-04-21T01:56:50.338Z [LOG] [parse_extracted_emails.js] Parsed: parsed-INBOX-uid-6619.json
2026-04-21T01:56:50.338Z [LOG] [parse_extracted_emails.js] Parsed: parsed-INBOX-uid-6620.json
2026-04-21T01:56:50.338Z [LOG] [parse_extracted_emails.js] Parsed: parsed-INBOX-uid-6621.json
2026-04-21T01:56:50.338Z [LOG] [parse_extracted_emails.js] Parsed: parsed-INBOX-uid-6622.json
2026-04-21T01:56:50.338Z [LOG] [parse_extracted_emails.js] Parsed: parsed-INBOX-uid-6627.json
2026-04-21T01:56:50.338Z [LOG] [parse_extracted_emails.js] Parsed: parsed-INBOX-uid-6633.json
2026-04-21T01:56:50.338Z [LOG] [parse_extracted_emails.js] Parsed: parsed-INBOX-uid-6634.json
2026-04-21T01:56:50.338Z [LOG] [parse_extracted_emails.js] Parsed: parsed-INBOX-uid-6635.json
2026-04-21T01:56:50.338Z [LOG] [parse_extracted_emails.js] Parsed: parsed-INBOX-uid-6636.json
2026-04-21T01:56:50.338Z [LOG] [parse_extracted_emails.js] Parsed: parsed-INBOX-uid-6637.json
2026-04-21T01:56:50.338Z [LOG] [parse_extracted_emails.js] Parsed: parsed-INBOX-uid-6638.json
2026-04-21T01:56:50.338Z [LOG] [parse_extracted_emails.js] Parsed: parsed-INBOX-uid-6639.json
2026-04-21T01:56:50.338Z [LOG] [parse_extracted_emails.js] Parsed: parsed-INBOX-uid-6640.json
2026-04-21T01:56:50.338Z [LOG] [parse_extracted_emails.js] Parsed: parsed-INBOX-uid-6641.json
2026-04-21T01:56:50.338Z [LOG] [parse_extracted_emails.js] Parsed: parsed-INBOX-uid-6647.json
2026-04-21T01:56:50.338Z [LOG] [parse_extracted_emails.js] Parsed: parsed-INBOX-uid-6648.json
2026-04-21T01:56:50.338Z [LOG] [parse_extracted_emails.js] Parsed: parsed-INBOX-uid-6649.json
2026-04-21T01:56:50.338Z [LOG] [parse_extracted_emails.js] Parsed: parsed-INBOX-uid-6650.json
2026-04-21T01:56:50.338Z [LOG] [parse_extracted_emails.js] Parsed: parsed-INBOX-uid-6652.json
2026-04-21T01:56:50.338Z [LOG] [parse_extracted_emails.js] Parsed: parsed-INBOX-uid-6653.json
2026-04-21T01:56:50.338Z [LOG] [parse_extracted_emails.js] Parsed: parsed-INBOX-uid-6654.json
2026-04-21T01:56:50.338Z [LOG] [parse_extracted_emails.js] Parsed: parsed-INBOX-uid-6655.json
2026-04-21T01:56:50.338Z [LOG] [parse_extracted_emails.js] Parsed: parsed-INBOX-uid-6664.json
2026-04-21T01:56:50.338Z [LOG] [parse_extracted_emails.js] Parsed: parsed-INBOX-uid-6666.json
2026-04-21T01:56:50.338Z [LOG] [parse_extracted_emails.js] Parsed: parsed-INBOX-uid-6667.json
2026-04-21T01:56:50.338Z [LOG] [parse_extracted_emails.js] Parsed: parsed-INBOX-uid-6668.json
2026-04-21T01:56:50.338Z [LOG] [parse_extracted_emails.js] Parsed: parsed-INBOX-uid-6669.json
2026-04-21T01:56:50.338Z [LOG] [parse_extracted_emails.js] Parsed: parsed-INBOX-uid-6670.json
2026-04-21T01:56:50.338Z [LOG] [parse_extracted_emails.js] Parsed: parsed-INBOX-uid-6671.json
2026-04-21T01:56:50.338Z [LOG] [parse_extracted_emails.js] Parsed: parsed-INBOX-uid-6672.json
2026-04-21T01:56:50.338Z [LOG] [parse_extracted_emails.js] Parsed: parsed-INBOX-uid-6673.json
2026-04-21T01:56:50.338Z [LOG] [parse_extracted_emails.js] Parsed: parsed-INBOX-uid-6674.json
2026-04-21T01:56:50.338Z [LOG] [parse_extracted_emails.js] Parsed: parsed-INBOX-uid-6675.json
2026-04-21T01:56:50.338Z [LOG] [parse_extracted_emails.js] Parsed: parsed-INBOX-uid-6676.json
2026-04-21T01:56:50.338Z [LOG] [parse_extracted_emails.js] Parsed: parsed-INBOX-uid-6677.json
2026-04-21T01:56:50.338Z [LOG] [parse_extracted_emails.js] Parsed: parsed-INBOX-uid-6678.json
2026-04-21T01:56:50.338Z [LOG] [parse_extracted_emails.js] Parsed: parsed-INBOX-uid-6679.json
2026-04-21T01:56:50.338Z [LOG] [parse_extracted_emails.js] Parsed: parsed-INBOX-uid-6680.json
2026-04-21T01:56:50.338Z [LOG] [parse_extracted_emails.js] Parsed: parsed-INBOX-uid-6681.json
2026-04-21T01:56:50.338Z [LOG] [parse_extracted_emails.js] Parsed: parsed-INBOX-uid-6682.json
2026-04-21T01:56:50.338Z [LOG] [parse_extracted_emails.js] Parsed: parsed-INBOX-uid-6683.json
2026-04-21T01:56:50.338Z [LOG] [parse_extracted_emails.js] Parsed: parsed-INBOX-uid-6684.json
2026-04-21T01:56:50.338Z [LOG] [parse_extracted_emails.js] Parsed: parsed-INBOX-uid-6685.json
2026-04-21T01:56:50.338Z [LOG] [parse_extracted_emails.js] Parsed: parsed-INBOX-uid-6686.json
2026-04-21T01:56:50.338Z [LOG] [parse_extracted_emails.js] Parsed: parsed-INBOX-uid-6687.json
2026-04-21T01:56:50.338Z [LOG] [parse_extracted_emails.js] Parsed: parsed-INBOX-uid-6688.json
2026-04-21T01:56:50.338Z [LOG] [parse_extracted_emails.js] Parsed: parsed-INBOX-uid-6689.json
2026-04-21T01:56:50.338Z [LOG] [parse_extracted_emails.js] Parsed: parsed-INBOX-uid-6690.json
2026-04-21T01:56:50.338Z [LOG] [parse_extracted_emails.js] Parsed: parsed-INBOX-uid-6692.json
2026-04-21T01:56:50.338Z [LOG] [parse_extracted_emails.js] Parsed: parsed-INBOX-uid-6693.json
2026-04-21T01:56:50.338Z [LOG] [parse_extracted_emails.js] Parsed: parsed-INBOX-uid-6694.json
2026-04-21T01:56:50.338Z [LOG] [parse_extracted_emails.js] Parsed: parsed-INBOX-uid-6695.json
2026-04-21T01:56:50.338Z [LOG] [parse_extracted_emails.js] Parsed: parsed-INBOX-uid-6696.json
2026-04-21T01:56:50.338Z [LOG] [parse_extracted_emails.js] Parsed: parsed-INBOX-uid-6697.json
2026-04-21T01:56:50.338Z [LOG] [parse_extracted_emails.js] Parsed: parsed-INBOX-uid-6698.json
2026-04-21T01:56:50.338Z [LOG] [parse_extracted_emails.js] Parsed: parsed-INBOX-uid-6699.json
2026-04-21T01:56:50.338Z [LOG] [parse_extracted_emails.js] Parsed: parsed-INBOX-uid-6700.json
2026-04-21T01:56:50.338Z [LOG] [parse_extracted_emails.js] Parsed: parsed-INBOX-uid-6701.json
2026-04-21T01:56:50.338Z [LOG] [parse_extracted_emails.js] Parsed: parsed-INBOX-uid-6702.json
2026-04-21T01:56:50.338Z [LOG] [parse_extracted_emails.js] Parsed: parsed-INBOX-uid-6703.json
2026-04-21T01:56:50.338Z [LOG] [parse_extracted_emails.js] Parsed: parsed-INBOX-uid-6704.json
2026-04-21T01:56:50.338Z [LOG] [parse_extracted_emails.js] Parsed: parsed-INBOX-uid-6705.json
2026-04-21T01:56:50.338Z [LOG] [parse_extracted_emails.js] Parsed: parsed-INBOX-uid-6706.json
2026-04-21T01:56:50.338Z [LOG] [parse_extracted_emails.js] Parsed: parsed-INBOX-uid-6707.json
2026-04-21T01:56:50.338Z [LOG] [parse_extracted_emails.js] Parsed: parsed-INBOX-uid-6708.json
2026-04-21T01:56:50.338Z [LOG] [parse_extracted_emails.js] Parsed: parsed-INBOX-uid-6709.json
2026-04-21T01:56:50.338Z [LOG] [parse_extracted_emails.js] Parsed: parsed-INBOX-uid-6710.json
2026-04-21T01:56:50.338Z [LOG] [parse_extracted_emails.js] Parsed: parsed-INBOX-uid-6711.json
2026-04-21T01:56:50.338Z [LOG] [parse_extracted_emails.js] Parsed: parsed-INBOX-uid-6718.json
2026-04-21T01:56:50.338Z [LOG] [parse_extracted_emails.js] Parsed: parsed-INBOX-uid-6722.json
2026-04-21T01:56:50.338Z [LOG] [parse_extracted_emails.js] Parsed: parsed-INBOX-uid-6723.json
2026-04-21T01:56:50.338Z [LOG] [parse_extracted_emails.js] Parsed: parsed-INBOX-uid-6725.json
2026-04-21T01:56:50.338Z [LOG] [parse_extracted_emails.js] Parsed: parsed-INBOX-uid-6726.json
2026-04-21T01:56:50.338Z [LOG] [parse_extracted_emails.js] Parsed: parsed-INBOX-uid-6729.json
2026-04-21T01:56:50.338Z [LOG] [parse_extracted_emails.js] Parsed: parsed-INBOX-uid-6730.json
2026-04-21T01:56:50.338Z [LOG] [parse_extracted_emails.js] Parsed: parsed-INBOX-uid-6732.json
2026-04-21T01:56:50.338Z [LOG] [parse_extracted_emails.js] Parsed: parsed-INBOX-uid-6733.json
2026-04-21T01:56:50.338Z [LOG] [parse_extracted_emails.js] Parsed: parsed-INBOX-uid-6734.json
2026-04-21T01:56:50.338Z [LOG] [parse_extracted_emails.js] Parsed: parsed-INBOX-uid-6735.json
2026-04-21T01:56:50.338Z [LOG] [parse_extracted_emails.js] Parsed: parsed-INBOX-uid-6736.json
2026-04-21T01:56:50.338Z [LOG] [parse_extracted_emails.js] Parsed: parsed-INBOX-uid-6737.json
2026-04-21T01:56:50.338Z [LOG] [parse_extracted_emails.js] Parsed: parsed-INBOX-uid-6738.json
2026-04-21T01:56:50.338Z [LOG] [parse_extracted_emails.js] Parsed: parsed-INBOX-uid-6748.json
2026-04-21T01:56:50.338Z [LOG] [parse_extracted_emails.js] Parsed: parsed-INBOX-uid-6749.json
2026-04-21T01:56:50.338Z [LOG] [parse_extracted_emails.js] Parsed: parsed-INBOX-uid-6750.json
2026-04-21T01:56:50.338Z [LOG] [parse_extracted_emails.js] Parsed: parsed-INBOX-uid-6751.json
2026-04-21T01:56:50.338Z [LOG] [parse_extracted_emails.js] Parsed: parsed-INBOX-uid-6752.json
2026-04-21T01:56:50.338Z [LOG] [parse_extracted_emails.js] Parsed: parsed-INBOX-uid-6753.json
2026-04-21T01:56:50.338Z [LOG] [parse_extracted_emails.js] Parsed: parsed-INBOX-uid-6754.json
2026-04-21T01:56:50.338Z [LOG] [parse_extracted_emails.js] Parsed: parsed-INBOX-uid-6755.json
2026-04-21T01:56:50.338Z [LOG] [parse_extracted_emails.js] Parsed: parsed-INBOX-uid-6756.json
2026-04-21T01:56:50.338Z [LOG] [parse_extracted_emails.js] Parsed: parsed-INBOX-uid-6757.json
2026-04-21T01:56:50.338Z [LOG] [parse_extracted_emails.js] Parsed: parsed-INBOX-uid-6758.json
2026-04-21T01:56:50.338Z [LOG] [parse_extracted_emails.js] Parsed: parsed-INBOX-uid-6759.json
2026-04-21T01:56:50.338Z [LOG] [parse_extracted_emails.js] Parsed: parsed-INBOX-uid-6760.json
2026-04-21T01:56:50.338Z [LOG] [parse_extracted_emails.js] Parsed: parsed-INBOX-uid-6761.json
2026-04-21T01:56:50.338Z [LOG] [parse_extracted_emails.js] Parsed: parsed-INBOX-uid-6762.json
2026-04-21T01:56:50.338Z [LOG] [parse_extracted_emails.js] Parsed: parsed-INBOX-uid-6763.json
2026-04-21T01:56:50.338Z [LOG] [parse_extracted_emails.js] Parsed: parsed-INBOX-uid-6764.json
2026-04-21T01:56:50.338Z [LOG] [parse_extracted_emails.js] Parsed: parsed-INBOX-uid-6765.json
2026-04-21T01:56:50.338Z [LOG] [parse_extracted_emails.js] Parsed: parsed-INBOX-uid-6766.json
2026-04-21T01:56:50.338Z [LOG] [parse_extracted_emails.js] Parsed: parsed-INBOX-uid-6767.json
2026-04-21T01:56:50.338Z [LOG] [parse_extracted_emails.js] Parsed: parsed-INBOX-uid-6768.json
2026-04-21T01:56:50.338Z [LOG] [parse_extracted_emails.js] Parsed: parsed-INBOX-uid-6769.json
2026-04-21T01:56:50.338Z [LOG] [parse_extracted_emails.js] Parsed: parsed-INBOX-uid-6770.json
2026-04-21T01:56:50.338Z [LOG] [parse_extracted_emails.js] Parsed: parsed-INBOX-uid-6771.json
2026-04-21T01:56:50.338Z [LOG] [parse_extracted_emails.js] Parsed: parsed-INBOX-uid-6772.json
2026-04-21T01:56:50.338Z [LOG] [parse_extracted_emails.js] Parsed: parsed-INBOX-uid-6773.json
2026-04-21T01:56:50.338Z [LOG] [parse_extracted_emails.js] Parsed: parsed-INBOX-uid-6774.json
2026-04-21T01:56:50.338Z [LOG] [parse_extracted_emails.js] Parsed: parsed-INBOX-uid-6775.json
2026-04-21T01:56:50.338Z [LOG] [parse_extracted_emails.js] Parsed: parsed-INBOX-uid-6776.json
2026-04-21T01:56:50.338Z [LOG] [parse_extracted_emails.js] Parsed: parsed-INBOX-uid-6777.json
2026-04-21T01:56:50.338Z [LOG] [parse_extracted_emails.js] Parsed: parsed-INBOX-uid-6778.json
2026-04-21T01:56:50.338Z [LOG] [parse_extracted_emails.js] Parsed: parsed-INBOX-uid-6779.json
2026-04-21T01:56:50.338Z [LOG] [parse_extracted_emails.js] Parsed: parsed-INBOX-uid-6780.json
2026-04-21T01:56:50.338Z [LOG] [parse_extracted_emails.js] Parsed: parsed-INBOX-uid-6781.json
2026-04-21T01:56:50.338Z [LOG] [parse_extracted_emails.js] Parsed: parsed-INBOX-uid-6782.json
2026-04-21T01:56:50.339Z [LOG] [parse_extracted_emails.js] Parsed: parsed-INBOX-uid-6783.json
2026-04-21T01:56:50.339Z [LOG] [parse_extracted_emails.js] Parsed: parsed-INBOX-uid-6784.json
2026-04-21T01:56:50.339Z [LOG] [parse_extracted_emails.js] Parsed: parsed-INBOX-uid-6785.json
2026-04-21T01:56:50.339Z [LOG] [parse_extracted_emails.js] Parsed: parsed-INBOX-uid-6786.json
2026-04-21T01:56:50.339Z [LOG] [parse_extracted_emails.js] Parsed: parsed-INBOX-uid-6787.json
2026-04-21T01:56:50.339Z [LOG] [parse_extracted_emails.js] Parsed: parsed-INBOX-uid-6788.json
2026-04-21T01:56:50.339Z [LOG] [parse_extracted_emails.js] Parsed: parsed-INBOX-uid-6789.json
2026-04-21T01:56:50.339Z [LOG] [parse_extracted_emails.js] Parsed: parsed-INBOX-uid-6790.json
2026-04-21T01:56:50.339Z [LOG] [parse_extracted_emails.js] Parsed: parsed-INBOX-uid-6791.json
2026-04-21T01:56:50.339Z [LOG] [parse_extracted_emails.js] Parsed: parsed-INBOX-uid-6792.json
2026-04-21T01:56:50.339Z [LOG] [parse_extracted_emails.js] Parsed: parsed-INBOX-uid-6793.json
2026-04-21T01:56:50.339Z [LOG] [parse_extracted_emails.js] Parsed: parsed-INBOX-uid-6794.json
2026-04-21T01:56:50.339Z [LOG] [parse_extracted_emails.js] Parsed: parsed-INBOX-uid-6795.json
2026-04-21T01:56:50.339Z [LOG] [parse_extracted_emails.js] Parsed: parsed-INBOX-uid-6796.json
2026-04-21T01:56:50.339Z [LOG] [parse_extracted_emails.js] Parsed: parsed-INBOX-uid-6797.json
2026-04-21T01:56:50.339Z [LOG] [parse_extracted_emails.js] Parsed: parsed-INBOX-uid-6798.json
2026-04-21T01:56:50.339Z [LOG] [parse_extracted_emails.js] Parsed: parsed-INBOX-uid-6799.json
2026-04-21T01:56:50.339Z [LOG] [parse_extracted_emails.js] Parsed: parsed-INBOX-uid-6800.json
2026-04-21T01:56:50.339Z [LOG] [parse_extracted_emails.js] Parsed: parsed-INBOX-uid-6801.json
2026-04-21T01:56:50.339Z [LOG] [parse_extracted_emails.js] Parsed: parsed-INBOX-uid-6802.json
2026-04-21T01:56:50.339Z [LOG] [parse_extracted_emails.js] Parsed: parsed-INBOX-uid-6803.json
2026-04-21T01:56:50.339Z [LOG] [parse_extracted_emails.js] Parsed: parsed-INBOX-uid-6804.json
2026-04-21T01:56:50.339Z [LOG] [parse_extracted_emails.js] Parsed: parsed-INBOX-uid-6805.json
2026-04-21T01:56:50.339Z [LOG] [parse_extracted_emails.js] Parsed: parsed-INBOX-uid-6806.json
2026-04-21T01:56:50.339Z [LOG] [parse_extracted_emails.js] Parsed: parsed-INBOX-uid-6807.json
2026-04-21T01:56:50.339Z [LOG] [parse_extracted_emails.js] Parsed: parsed-INBOX-uid-6808.json
2026-04-21T01:56:50.339Z [LOG] [parse_extracted_emails.js] Parsed: parsed-INBOX-uid-6809.json
2026-04-21T01:56:50.339Z [LOG] [parse_extracted_emails.js] Parsed: parsed-INBOX-uid-6810.json
2026-04-21T01:56:50.339Z [LOG] [parse_extracted_emails.js] Parsed: parsed-INBOX-uid-6811.json
2026-04-21T01:56:50.339Z [LOG] [parse_extracted_emails.js] Parsed: parsed-INBOX-uid-6812.json
2026-04-21T01:56:50.339Z [LOG] [parse_extracted_emails.js] Parsed: parsed-INBOX-uid-6813.json
2026-04-21T01:56:50.339Z [LOG] [parse_extracted_emails.js] Parsed: parsed-INBOX-uid-6814.json
2026-04-21T01:56:50.339Z [LOG] [parse_extracted_emails.js] Parsed: parsed-INBOX-uid-6815.json
2026-04-21T01:56:50.339Z [LOG] [parse_extracted_emails.js] Parsed: parsed-INBOX-uid-6816.json
2026-04-21T01:56:50.339Z [LOG] [parse_extracted_emails.js] Parsed: parsed-INBOX-uid-6817.json
2026-04-21T01:56:50.339Z [LOG] [parse_extracted_emails.js] Parsed: parsed-INBOX-uid-6818.json
2026-04-21T01:56:50.339Z [LOG] [parse_extracted_emails.js] Parsed: parsed-INBOX-uid-6819.json
2026-04-21T01:56:50.339Z [LOG] [parse_extracted_emails.js] Parsed: parsed-INBOX-uid-6820.json
2026-04-21T01:56:50.339Z [LOG] [parse_extracted_emails.js] Parsed: parsed-INBOX-uid-6821.json
2026-04-21T01:56:50.339Z [LOG] [parse_extracted_emails.js] Parsed: parsed-INBOX-uid-6822.json
2026-04-21T01:56:50.339Z [LOG] [parse_extracted_emails.js] Parsed: parsed-INBOX-uid-6823.json
2026-04-21T01:56:50.339Z [LOG] [parse_extracted_emails.js] Parsed: parsed-INBOX-uid-6824.json
2026-04-21T01:56:50.339Z [LOG] [parse_extracted_emails.js] Parsed: parsed-INBOX-uid-6825.json
2026-04-21T01:56:50.339Z [LOG] [parse_extracted_emails.js] Parsed: parsed-INBOX-uid-6826.json
2026-04-21T01:56:50.339Z [LOG] [parse_extracted_emails.js] Parsed: parsed-INBOX-uid-6827.json
2026-04-21T01:56:50.339Z [LOG] [parse_extracted_emails.js] Parsed: parsed-INBOX-uid-6828.json
2026-04-21T01:56:50.339Z [LOG] [parse_extracted_emails.js] Parsed: parsed-INBOX-uid-6829.json
2026-04-21T01:56:50.339Z [LOG] [parse_extracted_emails.js] Parsed: parsed-INBOX-uid-6830.json
2026-04-21T01:56:50.339Z [LOG] [parse_extracted_emails.js] Parsed: parsed-INBOX-uid-6831.json
2026-04-21T01:56:50.339Z [LOG] [parse_extracted_emails.js] Parsed: parsed-INBOX-uid-6832.json
2026-04-21T01:56:50.339Z [LOG] [parse_extracted_emails.js] Parsed: parsed-INBOX-uid-6833.json
2026-04-21T01:56:50.339Z [LOG] [parse_extracted_emails.js] Parsed: parsed-INBOX-uid-6834.json
2026-04-21T01:56:50.339Z [LOG] [parse_extracted_emails.js] Parsed: parsed-INBOX-uid-6835.json
2026-04-21T01:56:50.339Z [LOG] [parse_extracted_emails.js] Parsed: parsed-INBOX-uid-6836.json
2026-04-21T01:56:50.339Z [LOG] [parse_extracted_emails.js] Parsed: parsed-INBOX-uid-6837.json
2026-04-21T01:56:50.339Z [LOG] [parse_extracted_emails.js] Parsed: parsed-INBOX-uid-6838.json
2026-04-21T01:56:50.339Z [LOG] [parse_extracted_emails.js] Parsed: parsed-INBOX-uid-6839.json
2026-04-21T01:56:50.339Z [LOG] [parse_extracted_emails.js] Parsed: parsed-INBOX-uid-6840.json
2026-04-21T01:56:50.339Z [LOG] [parse_extracted_emails.js] Parsed: parsed-INBOX-uid-6841.json
2026-04-21T01:56:50.339Z [LOG] [parse_extracted_emails.js] Parsed: parsed-INBOX-uid-6842.json
2026-04-21T01:56:50.339Z [LOG] [parse_extracted_emails.js] Parsed: parsed-INBOX-uid-6843.json
2026-04-21T01:56:50.339Z [LOG] [parse_extracted_emails.js] Parsed: parsed-INBOX-uid-6844.json
2026-04-21T01:56:50.339Z [LOG] [parse_extracted_emails.js] Parsed: parsed-INBOX-uid-6845.json
2026-04-21T01:56:50.339Z [LOG] [parse_extracted_emails.js] Parsed: parsed-INBOX-uid-6846.json
2026-04-21T01:56:50.339Z [LOG] [parse_extracted_emails.js] Parsed: parsed-INBOX-uid-6847.json
2026-04-21T01:56:50.339Z [LOG] [parse_extracted_emails.js] Parsed: parsed-INBOX-uid-6848.json
2026-04-21T01:56:50.339Z [LOG] [parse_extracted_emails.js] Parsed: parsed-INBOX-uid-6849.json
2026-04-21T01:56:50.339Z [LOG] [parse_extracted_emails.js] Parsed: parsed-INBOX-uid-6850.json
2026-04-21T01:56:50.339Z [LOG] [parse_extracted_emails.js] Parsed: parsed-INBOX-uid-6851.json
2026-04-21T01:56:50.339Z [LOG] [parse_extracted_emails.js] Parsed: parsed-INBOX-uid-6852.json
2026-04-21T01:56:50.339Z [LOG] [parse_extracted_emails.js] Parsed: parsed-INBOX-uid-6853.json
2026-04-21T01:56:50.339Z [LOG] [parse_extracted_emails.js] Parsed: parsed-INBOX-uid-6854.json
2026-04-21T01:56:50.339Z [LOG] [parse_extracted_emails.js] Parsed: parsed-INBOX-uid-6855.json
2026-04-21T01:56:50.339Z [LOG] [parse_extracted_emails.js] Parsed: parsed-INBOX-uid-6856.json
2026-04-21T01:56:50.339Z [LOG] [parse_extracted_emails.js] Parsed: parsed-INBOX-uid-6857.json
2026-04-21T01:56:50.339Z [LOG] [parse_extracted_emails.js] Parsed: parsed-INBOX-uid-6858.json
2026-04-21T01:56:50.339Z [LOG] [parse_extracted_emails.js] Parsed: parsed-INBOX-uid-6859.json
2026-04-21T01:56:50.339Z [LOG] [parse_extracted_emails.js] Parsed: parsed-INBOX-uid-6860.json
2026-04-21T01:56:50.339Z [LOG] [parse_extracted_emails.js] Parsed: parsed-INBOX-uid-6861.json
2026-04-21T01:56:50.339Z [LOG] [parse_extracted_emails.js] Parsed: parsed-INBOX-uid-6862.json
2026-04-21T01:56:50.339Z [LOG] [parse_extracted_emails.js] Parsed: parsed-INBOX-uid-6863.json
2026-04-21T01:56:50.339Z [LOG] [parse_extracted_emails.js] Parsed: parsed-INBOX-uid-6864.json
2026-04-21T01:56:50.339Z [LOG] [parse_extracted_emails.js] Parsed: parsed-INBOX-uid-6865.json
2026-04-21T01:56:50.339Z [LOG] [parse_extracted_emails.js] Parsed: parsed-INBOX-uid-6866.json
2026-04-21T01:56:50.339Z [LOG] [parse_extracted_emails.js] Parsed: parsed-INBOX-uid-6867.json
2026-04-21T01:56:50.339Z [LOG] [parse_extracted_emails.js] Parsed: parsed-INBOX-uid-6868.json
2026-04-21T01:56:50.339Z [LOG] [parse_extracted_emails.js] Parsed: parsed-INBOX-uid-6869.json
2026-04-21T01:56:50.339Z [LOG] [parse_extracted_emails.js] Parsed: parsed-INBOX-uid-6870.json
2026-04-21T01:56:50.339Z [LOG] [parse_extracted_emails.js] Parsed: parsed-INBOX-uid-6871.json
2026-04-21T01:56:50.339Z [LOG] [parse_extracted_emails.js] Parsed: parsed-INBOX-uid-6872.json
2026-04-21T01:56:50.339Z [LOG] [parse_extracted_emails.js] Parsed: parsed-INBOX-uid-6873.json
2026-04-21T01:56:50.339Z [LOG] [parse_extracted_emails.js] Parsed: parsed-INBOX-uid-6874.json
2026-04-21T01:56:50.339Z [LOG] [parse_extracted_emails.js] Parsed: parsed-INBOX-uid-6875.json
2026-04-21T01:56:50.339Z [LOG] [parse_extracted_emails.js] Parsed: parsed-INBOX-uid-6907.json
2026-04-21T01:56:50.339Z [LOG] [parse_extracted_emails.js] Parsed: parsed-INBOX-uid-6908.json
2026-04-21T01:56:50.339Z [LOG] [parse_extracted_emails.js] Parsed: parsed-INBOX-uid-6909.json
2026-04-21T01:56:50.339Z [LOG] [parse_extracted_emails.js] Parsed: parsed-INBOX-uid-6910.json
2026-04-21T01:56:50.339Z [LOG] [parse_extracted_emails.js] Parsed: parsed-INBOX-uid-6911.json
2026-04-21T01:56:50.339Z [LOG] [parse_extracted_emails.js] Parsed: parsed-INBOX-uid-6912.json
2026-04-21T01:56:50.339Z [LOG] [parse_extracted_emails.js] Parsed: parsed-INBOX-uid-6913.json
2026-04-21T01:56:50.339Z [LOG] [parse_extracted_emails.js] Parsed: parsed-INBOX-uid-6914.json
2026-04-21T01:56:50.339Z [LOG] [parse_extracted_emails.js] Parsed: parsed-INBOX-uid-6915.json
2026-04-21T01:56:50.339Z [LOG] [parse_extracted_emails.js] Parsed: parsed-INBOX-uid-6916.json
2026-04-21T01:56:50.339Z [LOG] [parse_extracted_emails.js] Parsed: parsed-INBOX-uid-6917.json
2026-04-21T01:56:50.339Z [LOG] [parse_extracted_emails.js] Parsed: parsed-INBOX-uid-6918.json
2026-04-21T01:56:50.339Z [LOG] [parse_extracted_emails.js] Parsed: parsed-INBOX-uid-6919.json
2026-04-21T01:56:50.339Z [LOG] [parse_extracted_emails.js] Parsed: parsed-INBOX-uid-6920.json
2026-04-21T01:56:50.339Z [LOG] [parse_extracted_emails.js] Parsed: parsed-INBOX-uid-6921.json
2026-04-21T01:56:50.339Z [LOG] [parse_extracted_emails.js] Parsed: parsed-INBOX-uid-6922.json
2026-04-21T01:56:50.339Z [LOG] [parse_extracted_emails.js] Parsed: parsed-INBOX-uid-6923.json
2026-04-21T01:56:50.339Z [LOG] [parse_extracted_emails.js] Parsed: parsed-INBOX-uid-6924.json
2026-04-21T01:56:50.339Z [LOG] [parse_extracted_emails.js] Parsed: parsed-INBOX-uid-6925.json
2026-04-21T01:56:50.339Z [LOG] [parse_extracted_emails.js] Parsed: parsed-INBOX-uid-6926.json
2026-04-21T01:56:50.339Z [LOG] [parse_extracted_emails.js] Parsed: parsed-INBOX-uid-6927.json
2026-04-21T01:56:50.339Z [LOG] [parse_extracted_emails.js] Parsed: parsed-INBOX-uid-6928.json
2026-04-21T01:56:50.339Z [LOG] [parse_extracted_emails.js] Parsed: parsed-INBOX-uid-6929.json
2026-04-21T01:56:50.339Z [LOG] [parse_extracted_emails.js] Parsed: parsed-INBOX-uid-6930.json
2026-04-21T01:56:50.339Z [LOG] [parse_extracted_emails.js] Parsed: parsed-INBOX-uid-6931.json
2026-04-21T01:56:50.339Z [LOG] [parse_extracted_emails.js] Parsed: parsed-INBOX-uid-6932.json
2026-04-21T01:56:50.339Z [LOG] [parse_extracted_emails.js] Parsed: parsed-INBOX-uid-6933.json
2026-04-21T01:56:50.339Z [LOG] [parse_extracted_emails.js] Parsed: parsed-INBOX-uid-6934.json
2026-04-21T01:56:50.339Z [LOG] [parse_extracted_emails.js] Parsed: parsed-INBOX-uid-6935.json
2026-04-21T01:56:50.339Z [LOG] [parse_extracted_emails.js] Parsed: parsed-INBOX-uid-6936.json
2026-04-21T01:56:50.339Z [LOG] [parse_extracted_emails.js] Parsed: parsed-INBOX-uid-6937.json
2026-04-21T01:56:50.339Z [LOG] [parse_extracted_emails.js] Parsed: parsed-INBOX-uid-6938.json
2026-04-21T01:56:50.339Z [LOG] [parse_extracted_emails.js] Parsed: parsed-INBOX-uid-6939.json
2026-04-21T01:56:50.339Z [LOG] [parse_extracted_emails.js] Parsed: parsed-INBOX-uid-6940.json
2026-04-21T01:56:50.339Z [LOG] [parse_extracted_emails.js] Parsed: parsed-INBOX-uid-6941.json
2026-04-21T01:56:50.339Z [LOG] [parse_extracted_emails.js] Parsed: parsed-INBOX-uid-6942.json
2026-04-21T01:56:50.339Z [LOG] [parse_extracted_emails.js] Parsed: parsed-INBOX-uid-6943.json
2026-04-21T01:56:50.339Z [LOG] [parse_extracted_emails.js] Parsed: parsed-INBOX-uid-6945.json
2026-04-21T01:56:50.339Z [LOG] [parse_extracted_emails.js] Parsed: parsed-INBOX-uid-6946.json
2026-04-21T01:56:50.339Z [LOG] [parse_extracted_emails.js] Parsed: parsed-INBOX-uid-6947.json
2026-04-21T01:56:50.339Z [LOG] [parse_extracted_emails.js] Parsed: parsed-INBOX-uid-6948.json
2026-04-21T01:56:50.339Z [LOG] [parse_extracted_emails.js] Parsed: parsed-INBOX-uid-6949.json
2026-04-21T01:56:50.339Z [LOG] [parse_extracted_emails.js] Parsed: parsed-INBOX-uid-6950.json
2026-04-21T01:56:50.339Z [LOG] [parse_extracted_emails.js] Parsed: parsed-INBOX-uid-6951.json
2026-04-21T01:56:50.339Z [LOG] [parse_extracted_emails.js] Parsed: parsed-INBOX-uid-6952.json
2026-04-21T01:56:50.339Z [LOG] [parse_extracted_emails.js] Parsed: parsed-INBOX-uid-6953.json
2026-04-21T01:56:50.339Z [LOG] [parse_extracted_emails.js] Parsed: parsed-INBOX-uid-6954.json
2026-04-21T01:56:50.339Z [LOG] [parse_extracted_emails.js] Parsed: parsed-INBOX-uid-6955.json
2026-04-21T01:56:50.339Z [LOG] [parse_extracted_emails.js] Parsed: parsed-INBOX-uid-6956.json
2026-04-21T01:56:50.339Z [LOG] [parse_extracted_emails.js] Parsed: parsed-INBOX-uid-6957.json
2026-04-21T01:56:50.339Z [LOG] [parse_extracted_emails.js] Parsed: parsed-INBOX-uid-6958.json
2026-04-21T01:56:50.339Z [LOG] [parse_extracted_emails.js] Parsed: parsed-INBOX-uid-6959.json
2026-04-21T01:56:50.339Z [LOG] [parse_extracted_emails.js] Parsed: parsed-INBOX-uid-6960.json
2026-04-21T01:56:50.339Z [LOG] [parse_extracted_emails.js] Parsed: parsed-INBOX-uid-6961.json
2026-04-21T01:56:50.339Z [LOG] [parse_extracted_emails.js] Parsed: parsed-INBOX-uid-6962.json
2026-04-21T01:56:50.339Z [LOG] [parse_extracted_emails.js] Parsed: parsed-INBOX-uid-6963.json
2026-04-21T01:56:50.339Z [LOG] [parse_extracted_emails.js] Parsed: parsed-INBOX-uid-6964.json
2026-04-21T01:56:50.378Z [LOG] [parse_extracted_emails.js] Parsed: parsed-INBOX-uid-6965.json
2026-04-21T01:56:50.378Z [LOG] [parse_extracted_emails.js] Parsed: parsed-INBOX-uid-6966.json
2026-04-21T01:56:50.378Z [LOG] [parse_extracted_emails.js] Parsed: parsed-INBOX-uid-6967.json
2026-04-21T01:56:50.378Z [LOG] [parse_extracted_emails.js] Parsed: parsed-INBOX-uid-6968.json
2026-04-21T01:56:50.378Z [LOG] [parse_extracted_emails.js] Parsed: parsed-INBOX-uid-6969.json
2026-04-21T01:56:50.378Z [LOG] [parse_extracted_emails.js] Parsed: parsed-INBOX-uid-6970.json
2026-04-21T01:56:50.378Z [LOG] [parse_extracted_emails.js] Parsed: parsed-INBOX-uid-6971.json
2026-04-21T01:56:50.378Z [LOG] [parse_extracted_emails.js] Parsed: parsed-INBOX-uid-6972.json
2026-04-21T01:56:50.378Z [LOG] [parse_extracted_emails.js] Parsed: parsed-INBOX-uid-6973.json
2026-04-21T01:56:50.378Z [LOG] [parse_extracted_emails.js] Parsed: parsed-INBOX-uid-6974.json
2026-04-21T01:56:50.378Z [LOG] [parse_extracted_emails.js] Parsed: parsed-INBOX-uid-6975.json
2026-04-21T01:56:50.378Z [LOG] [parse_extracted_emails.js] Parsed: parsed-INBOX-uid-6976.json
2026-04-21T01:56:50.378Z [LOG] [parse_extracted_emails.js] Parsed: parsed-INBOX-uid-6977.json
2026-04-21T01:56:50.378Z [LOG] [parse_extracted_emails.js] Parsed: parsed-INBOX-uid-6978.json
2026-04-21T01:56:50.378Z [LOG] [parse_extracted_emails.js] Parsed: parsed-INBOX-uid-6979.json
2026-04-21T01:56:50.378Z [LOG] [parse_extracted_emails.js] Parsed: parsed-INBOX-uid-6980.json
2026-04-21T01:56:50.378Z [LOG] [parse_extracted_emails.js] Parsed: parsed-INBOX-uid-6981.json
2026-04-21T01:56:50.378Z [LOG] [parse_extracted_emails.js] Parsed: parsed-INBOX-uid-6982.json
2026-04-21T01:56:50.378Z [LOG] [parse_extracted_emails.js] Parsed: parsed-INBOX-uid-6983.json
2026-04-21T01:56:50.378Z [LOG] [parse_extracted_emails.js] Parsed: parsed-INBOX-uid-6984.json
2026-04-21T01:56:50.378Z [LOG] [parse_extracted_emails.js] Parsed: parsed-INBOX-uid-6985.json
2026-04-21T01:56:50.378Z [LOG] [parse_extracted_emails.js] Parsed: parsed-INBOX-uid-6986.json
2026-04-21T01:56:50.378Z [LOG] [parse_extracted_emails.js] Parsed: parsed-INBOX-uid-6987.json
2026-04-21T01:56:50.378Z [LOG] [parse_extracted_emails.js] Parsed: parsed-INBOX-uid-6988.json
2026-04-21T01:56:50.378Z [LOG] [parse_extracted_emails.js] Parsed: parsed-INBOX-uid-6989.json
2026-04-21T01:56:50.378Z [LOG] [parse_extracted_emails.js] Parsed: parsed-INBOX-uid-6990.json
2026-04-21T01:56:50.378Z [LOG] [parse_extracted_emails.js] Parsed: parsed-INBOX-uid-6991.json
2026-04-21T01:56:50.378Z [LOG] [parse_extracted_emails.js] Parsed: parsed-INBOX-uid-6992.json
2026-04-21T01:56:50.378Z [LOG] [parse_extracted_emails.js] Parsed: parsed-INBOX-uid-6993.json
2026-04-21T01:56:50.378Z [LOG] [parse_extracted_emails.js] Parsed: parsed-INBOX-uid-6996.json
2026-04-21T01:56:50.378Z [LOG] [parse_extracted_emails.js] Parsed: parsed-INBOX-uid-7006.json
2026-04-21T01:56:50.378Z [LOG] [parse_extracted_emails.js] Parsed: parsed-INBOX-uid-7007.json
2026-04-21T01:56:50.378Z [LOG] [parse_extracted_emails.js] Parsed: parsed-INBOX-uid-7008.json
2026-04-21T01:56:50.378Z [LOG] [parse_extracted_emails.js] Parsed: parsed-INBOX-uid-7009.json
2026-04-21T01:56:50.378Z [LOG] [parse_extracted_emails.js] Parsed: parsed-INBOX-uid-7010.json
2026-04-21T01:56:50.378Z [LOG] [parse_extracted_emails.js] Parsed: parsed-INBOX-uid-7011.json
2026-04-21T01:56:50.378Z [LOG] [parse_extracted_emails.js] Parsed: parsed-INBOX-uid-7012.json
2026-04-21T01:56:50.378Z [LOG] [parse_extracted_emails.js] Parsed: parsed-INBOX-uid-7013.json
2026-04-21T01:56:50.378Z [LOG] [parse_extracted_emails.js] Parsed: parsed-INBOX-uid-7014.json
2026-04-21T01:56:50.378Z [LOG] [parse_extracted_emails.js] Parsed: parsed-INBOX-uid-7015.json
2026-04-21T01:56:50.378Z [LOG] [parse_extracted_emails.js] Parsed: parsed-INBOX-uid-7016.json
2026-04-21T01:56:50.378Z [LOG] [parse_extracted_emails.js] Parsed: parsed-INBOX-uid-7017.json
2026-04-21T01:56:50.378Z [LOG] [parse_extracted_emails.js] Parsed: parsed-INBOX-uid-7018.json
2026-04-21T01:56:50.378Z [LOG] [parse_extracted_emails.js] Parsed: parsed-INBOX-uid-7019.json
2026-04-21T01:56:50.378Z [LOG] [parse_extracted_emails.js] Parsed: parsed-INBOX-uid-7020.json
2026-04-21T01:56:50.378Z [LOG] [parse_extracted_emails.js] Parsed: parsed-INBOX-uid-7021.json
2026-04-21T01:56:50.378Z [LOG] [parse_extracted_emails.js] Parsed: parsed-INBOX-uid-7022.json
2026-04-21T01:56:50.378Z [LOG] [parse_extracted_emails.js] Parsed: parsed-INBOX-uid-7023.json
2026-04-21T01:56:50.378Z [LOG] [parse_extracted_emails.js] Parsed: parsed-INBOX-uid-7024.json
2026-04-21T01:56:50.378Z [LOG] [parse_extracted_emails.js] Parsed: parsed-INBOX-uid-7025.json
2026-04-21T01:56:50.378Z [LOG] [parse_extracted_emails.js] Parsed: parsed-INBOX-uid-7026.json
2026-04-21T01:56:50.378Z [LOG] [parse_extracted_emails.js] Parsed: parsed-INBOX-uid-7028.json
2026-04-21T01:56:50.378Z [LOG] [parse_extracted_emails.js] Parsed: parsed-INBOX-uid-7029.json
2026-04-21T01:56:50.378Z [LOG] [parse_extracted_emails.js] Parsed: parsed-INBOX-uid-7030.json
2026-04-21T01:56:50.378Z [LOG] [parse_extracted_emails.js] Parsed: parsed-INBOX-uid-7031.json
2026-04-21T01:56:50.378Z [LOG] [parse_extracted_emails.js] Parsed: parsed-INBOX-uid-7032.json
2026-04-21T01:56:50.378Z [LOG] [parse_extracted_emails.js] Parsed: parsed-INBOX-uid-7033.json
2026-04-21T01:56:50.378Z [LOG] [parse_extracted_emails.js] Parsed: parsed-INBOX-uid-7034.json
2026-04-21T01:56:50.378Z [LOG] [parse_extracted_emails.js] Parsed: parsed-INBOX-uid-7035.json
2026-04-21T01:56:50.378Z [LOG] [parse_extracted_emails.js] Parsed: parsed-INBOX-uid-7036.json
2026-04-21T01:56:50.378Z [LOG] [parse_extracted_emails.js] Parsed: parsed-INBOX-uid-7037.json
2026-04-21T01:56:50.378Z [LOG] [parse_extracted_emails.js] Parsed: parsed-INBOX-uid-7038.json
2026-04-21T01:56:50.378Z [LOG] [parse_extracted_emails.js] Parsed: parsed-INBOX-uid-7040.json
2026-04-21T01:56:50.378Z [LOG] [parse_extracted_emails.js] Parsed: parsed-INBOX-uid-7049.json
2026-04-21T01:56:50.378Z [LOG] [parse_extracted_emails.js] Parsed: parsed-INBOX-uid-7050.json
2026-04-21T01:56:50.378Z [LOG] [parse_extracted_emails.js] Parsed: parsed-INBOX-uid-7051.json
2026-04-21T01:56:50.378Z [LOG] [parse_extracted_emails.js] Parsed: parsed-INBOX-uid-7052.json
2026-04-21T01:56:50.378Z [LOG] [parse_extracted_emails.js] Parsed: parsed-INBOX-uid-7053.json
2026-04-21T01:56:50.378Z [LOG] [parse_extracted_emails.js] Parsed: parsed-INBOX-uid-7054.json
2026-04-21T01:56:50.378Z [LOG] [parse_extracted_emails.js] Parsed: parsed-INBOX-uid-7055.json
2026-04-21T01:56:50.378Z [LOG] [parse_extracted_emails.js] Parsed: parsed-INBOX-uid-7056.json
2026-04-21T01:56:50.378Z [LOG] [parse_extracted_emails.js] Parsed: parsed-INBOX-uid-7057.json
2026-04-21T01:56:50.378Z [LOG] [parse_extracted_emails.js] Parsed: parsed-INBOX-uid-7058.json
2026-04-21T01:56:50.378Z [LOG] [parse_extracted_emails.js] Parsed: parsed-INBOX-uid-7059.json
2026-04-21T01:56:50.378Z [LOG] [parse_extracted_emails.js] Parsed: parsed-INBOX-uid-7060.json
2026-04-21T01:56:50.379Z [LOG] [parse_extracted_emails.js] Parsed: parsed-INBOX-uid-7061.json
2026-04-21T01:56:50.379Z [LOG] [parse_extracted_emails.js] Parsed: parsed-INBOX-uid-7062.json
2026-04-21T01:56:50.379Z [LOG] [parse_extracted_emails.js] Parsed: parsed-INBOX-uid-7063.json
2026-04-21T01:56:50.321Z [LOG] parse summary: total=1870, parsed=1621, alreadyParsed=0, missingFields=249, invalidMessageType=0, missingParser=0, parseErrors=6
2026-04-21T01:56:50.379Z [LOG] [parse_extracted_emails.js] done
2026-04-21T01:56:50.379Z [LOG] [pipeline #1] new emails parsed: 1621
2026-04-21T01:56:50.379Z [LOG] [build_cfs_csv_mawb.js] starting…
2026-04-21T01:56:50.564Z [LOG] Written 401 rows to CFS_mawb.csv
2026-04-21T01:56:50.566Z [LOG]   Rows with no FFM match (no flight data): 3
2026-04-21T01:56:50.571Z [LOG] [build_cfs_csv_mawb.js] done
2026-04-21T01:56:50.571Z [LOG] [build_cfs_csv_uld.js] starting…
2026-04-21T01:56:50.768Z [LOG] [build_cfs_csv_uld.js] Written 721 rows to /home/wesleywu9/tolead/NCAParser/server/data/outputs/parsed_tables/CFS_uld.csv
2026-04-21T01:56:50.768Z [LOG] [build_cfs_csv_uld.js]   Rows with no FFM match: 3
2026-04-21T01:56:50.768Z [LOG] [build_cfs_csv_uld.js]   Extra rows from MAWBs split across multiple ULDs: 320
2026-04-21T01:56:50.768Z [LOG] [build_cfs_csv_uld.js] done
2026-04-21T01:56:50.768Z [LOG] [build_cfs_csv_hawb.js] starting…
2026-04-21T01:56:50.945Z [LOG] Written 812 rows to CFS_hawb.csv
2026-04-21T01:56:50.948Z [LOG]   HAWB rows: 719
2026-04-21T01:56:50.948Z [LOG]   MAWB-only rows: 93
2026-04-21T01:56:50.952Z [LOG] [build_cfs_csv_hawb.js] done
2026-04-21T01:56:50.952Z [LOG] [upload_tables_to_sheets.js] starting…
2026-04-21T01:56:51.012Z [LOG] [mawb] Clearing 'CFS_by_MAWB'!A:AZ …
2026-04-21T01:56:51.743Z [LOG] [mawb] Writing 402 rows → 'CFS_by_MAWB'!A1 …
2026-04-21T01:56:53.469Z [LOG] [mawb] Applied sheet formatting and sorting
2026-04-21T01:56:53.469Z [LOG] [mawb] Done — 401 data rows uploaded.
2026-04-21T01:56:53.472Z [LOG] [uld] Clearing 'CFS_by_ULD'!A:AZ …
2026-04-21T01:56:54.006Z [LOG] [uld] Writing 722 rows → 'CFS_by_ULD'!A1 …
2026-04-21T01:56:56.623Z [LOG] [uld] Applied sheet formatting and sorting
2026-04-21T01:56:57.647Z [LOG] [uld] Applied ULD grouping formatting (641 ULD blocks)
2026-04-21T01:56:57.647Z [LOG] [uld] Done — 721 data rows uploaded.
2026-04-21T01:56:57.651Z [LOG] [hawb] Clearing 'CFS_by_HAWB'!A:AZ …
2026-04-21T01:56:57.993Z [LOG] [hawb] Writing 813 rows → 'CFS_by_HAWB'!A1 …
2026-04-21T01:57:00.034Z [LOG] [hawb] Applied sheet formatting and sorting
2026-04-21T01:57:00.718Z [LOG] [hawb] Applied MAWB grouping formatting (402 MAWB blocks)
2026-04-21T01:57:00.718Z [LOG] [hawb] Done — 812 data rows uploaded.
2026-04-21T01:57:00.725Z [LOG] [upload_tables_to_sheets.js] done
2026-04-21T01:57:00.725Z [LOG] [pipeline #1] pipeline complete
2026-04-21T02:51:43.163Z [LOG] Pipeline polling every 300s. Press Ctrl+C to stop.
2026-04-21T02:51:43.166Z [LOG] ────────────────────────────────────────────────────────────
2026-04-21T02:51:43.166Z [LOG] [pipeline #1] 2026-04-21T02:51:43.166Z
2026-04-21T02:51:43.166Z [LOG] [extract_emails.js] starting…
2026-04-21T02:51:47.195Z [LOG] extracted 0 email(s) this run
2026-04-21T02:51:47.490Z [LOG] extraction finished
2026-04-21T02:51:47.499Z [LOG] [extract_emails.js] done
2026-04-21T02:51:47.499Z [LOG] [pipeline #1] new emails extracted: 0
2026-04-21T02:51:47.500Z [LOG] [parse_extracted_emails.js] starting…
2026-04-21T02:51:47.566Z [LOG] parse summary: total=1870, parsed=0, alreadyParsed=1621, missingFields=249, invalidMessageType=0, missingParser=0, parseErrors=0
2026-04-21T02:51:47.572Z [LOG] [parse_extracted_emails.js] done
2026-04-21T02:51:47.573Z [LOG] [pipeline #1] new emails parsed: 0
2026-04-21T02:51:47.573Z [LOG] [pipeline #1] no new data — skipping CSV rebuild and Sheets upload
2026-04-21T02:56:47.673Z [LOG] ────────────────────────────────────────────────────────────
2026-04-21T02:56:47.673Z [LOG] [pipeline #2] 2026-04-21T02:56:47.673Z
2026-04-21T02:56:47.673Z [LOG] [extract_emails.js] starting…
2026-04-21T02:56:51.262Z [LOG] extracted 0 email(s) this run
2026-04-21T02:56:51.497Z [LOG] extraction finished
2026-04-21T02:56:51.506Z [LOG] [extract_emails.js] done
2026-04-21T02:56:51.506Z [LOG] [pipeline #2] new emails extracted: 0
2026-04-21T02:56:51.506Z [LOG] [parse_extracted_emails.js] starting…
2026-04-21T02:56:51.567Z [LOG] parse summary: total=1870, parsed=0, alreadyParsed=1621, missingFields=249, invalidMessageType=0, missingParser=0, parseErrors=0
2026-04-21T02:56:51.574Z [LOG] [parse_extracted_emails.js] done
2026-04-21T02:56:51.574Z [LOG] [pipeline #2] new emails parsed: 0
2026-04-21T02:56:51.574Z [LOG] [pipeline #2] no new data — skipping CSV rebuild and Sheets upload
2026-04-21T03:01:47.676Z [LOG] ────────────────────────────────────────────────────────────
2026-04-21T03:01:47.676Z [LOG] [pipeline #3] 2026-04-21T03:01:47.676Z
2026-04-21T03:01:47.676Z [LOG] [extract_emails.js] starting…
2026-04-21T03:01:51.345Z [LOG] extracted 0 email(s) this run
2026-04-21T03:01:51.578Z [LOG] extraction finished
2026-04-21T03:01:51.587Z [LOG] [extract_emails.js] done
2026-04-21T03:01:51.587Z [LOG] [pipeline #3] new emails extracted: 0
2026-04-21T03:01:51.587Z [LOG] [parse_extracted_emails.js] starting…
2026-04-21T03:01:51.646Z [LOG] parse summary: total=1870, parsed=0, alreadyParsed=1621, missingFields=249, invalidMessageType=0, missingParser=0, parseErrors=0
2026-04-21T03:01:51.653Z [LOG] [parse_extracted_emails.js] done
2026-04-21T03:01:51.653Z [LOG] [pipeline #3] new emails parsed: 0
2026-04-21T03:01:51.653Z [LOG] [pipeline #3] no new data — skipping CSV rebuild and Sheets upload
2026-04-21T03:06:47.681Z [LOG] ────────────────────────────────────────────────────────────
2026-04-21T03:06:47.681Z [LOG] [pipeline #4] 2026-04-21T03:06:47.681Z
2026-04-21T03:06:47.681Z [LOG] [extract_emails.js] starting…
2026-04-21T03:06:51.669Z [LOG] extracted 0 email(s) this run
2026-04-21T03:06:51.966Z [LOG] extraction finished
2026-04-21T03:06:51.975Z [LOG] [extract_emails.js] done
2026-04-21T03:06:51.975Z [LOG] [pipeline #4] new emails extracted: 0
2026-04-21T03:06:51.975Z [LOG] [parse_extracted_emails.js] starting…
2026-04-21T03:06:52.032Z [LOG] parse summary: total=1870, parsed=0, alreadyParsed=1621, missingFields=249, invalidMessageType=0, missingParser=0, parseErrors=0
2026-04-21T03:06:52.037Z [LOG] [parse_extracted_emails.js] done
2026-04-21T03:06:52.038Z [LOG] [pipeline #4] new emails parsed: 0
2026-04-21T03:06:52.038Z [LOG] [pipeline #4] no new data — skipping CSV rebuild and Sheets upload
2026-04-21T03:11:47.684Z [LOG] ────────────────────────────────────────────────────────────
2026-04-21T03:11:47.684Z [LOG] [pipeline #5] 2026-04-21T03:11:47.684Z
2026-04-21T03:11:47.684Z [LOG] [extract_emails.js] starting…
2026-04-21T03:11:53.521Z [LOG] extraction finished
2026-04-21T03:11:53.522Z [ERROR] extractor failed: getaddrinfo EAI_AGAIN imap.qiye.aliyun.com
2026-04-21T03:11:53.530Z [ERROR] [extract_emails.js] exited with code 1
2026-04-21T03:11:53.530Z [WARN] [pipeline #5] extract_emails failed; continuing to parse existing extracted files
2026-04-21T03:11:53.530Z [LOG] [parse_extracted_emails.js] starting…
2026-04-21T03:11:53.583Z [LOG] parse summary: total=1870, parsed=0, alreadyParsed=1621, missingFields=249, invalidMessageType=0, missingParser=0, parseErrors=0
2026-04-21T03:11:53.589Z [LOG] [parse_extracted_emails.js] done
2026-04-21T03:11:53.590Z [LOG] [pipeline #5] new emails parsed: 0
2026-04-21T03:11:53.590Z [LOG] [pipeline #5] no new data — skipping CSV rebuild and Sheets upload
2026-04-21T03:16:47.686Z [LOG] ────────────────────────────────────────────────────────────
2026-04-21T03:16:47.687Z [LOG] [pipeline #6] 2026-04-21T03:16:47.687Z
2026-04-21T03:16:47.687Z [LOG] [extract_emails.js] starting…
2026-04-21T03:16:51.917Z [LOG] extracted 0 email(s) this run
2026-04-21T03:16:52.212Z [LOG] extraction finished
2026-04-21T03:16:52.221Z [LOG] [extract_emails.js] done
2026-04-21T03:16:52.221Z [LOG] [pipeline #6] new emails extracted: 0
2026-04-21T03:16:52.221Z [LOG] [parse_extracted_emails.js] starting…
2026-04-21T03:16:52.276Z [LOG] parse summary: total=1870, parsed=0, alreadyParsed=1621, missingFields=249, invalidMessageType=0, missingParser=0, parseErrors=0
2026-04-21T03:16:52.282Z [LOG] [parse_extracted_emails.js] done
2026-04-21T03:16:52.282Z [LOG] [pipeline #6] new emails parsed: 0
2026-04-21T03:16:52.282Z [LOG] [pipeline #6] no new data — skipping CSV rebuild and Sheets upload
2026-04-21T03:21:47.689Z [LOG] ────────────────────────────────────────────────────────────
2026-04-21T03:21:47.689Z [LOG] [pipeline #7] 2026-04-21T03:21:47.689Z
2026-04-21T03:21:47.689Z [LOG] [extract_emails.js] starting…
2026-04-21T03:21:51.057Z [LOG] extracted 0 email(s) this run
2026-04-21T03:21:51.329Z [LOG] extraction finished
2026-04-21T03:21:51.338Z [LOG] [extract_emails.js] done
2026-04-21T03:21:51.339Z [LOG] [pipeline #7] new emails extracted: 0
2026-04-21T03:21:51.339Z [LOG] [parse_extracted_emails.js] starting…
2026-04-21T03:21:51.394Z [LOG] parse summary: total=1870, parsed=0, alreadyParsed=1621, missingFields=249, invalidMessageType=0, missingParser=0, parseErrors=0
2026-04-21T03:21:51.400Z [LOG] [parse_extracted_emails.js] done
2026-04-21T03:21:51.400Z [LOG] [pipeline #7] new emails parsed: 0
2026-04-21T03:21:51.400Z [LOG] [pipeline #7] no new data — skipping CSV rebuild and Sheets upload
2026-04-21T03:26:47.692Z [LOG] ────────────────────────────────────────────────────────────
2026-04-21T03:26:47.692Z [LOG] [pipeline #8] 2026-04-21T03:26:47.692Z
2026-04-21T03:26:47.692Z [LOG] [extract_emails.js] starting…
2026-04-21T03:26:51.402Z [LOG] extracted 0 email(s) this run
2026-04-21T03:26:51.673Z [LOG] extraction finished
2026-04-21T03:26:51.683Z [LOG] [extract_emails.js] done
2026-04-21T03:26:51.683Z [LOG] [pipeline #8] new emails extracted: 0
2026-04-21T03:26:51.683Z [LOG] [parse_extracted_emails.js] starting…
2026-04-21T03:26:51.741Z [LOG] parse summary: total=1870, parsed=0, alreadyParsed=1621, missingFields=249, invalidMessageType=0, missingParser=0, parseErrors=0
2026-04-21T03:26:51.748Z [LOG] [parse_extracted_emails.js] done
2026-04-21T03:26:51.748Z [LOG] [pipeline #8] new emails parsed: 0
2026-04-21T03:26:51.748Z [LOG] [pipeline #8] no new data — skipping CSV rebuild and Sheets upload
2026-04-21T03:31:47.695Z [LOG] ────────────────────────────────────────────────────────────
2026-04-21T03:31:47.695Z [LOG] [pipeline #9] 2026-04-21T03:31:47.695Z
2026-04-21T03:31:47.695Z [LOG] [extract_emails.js] starting…
2026-04-21T03:31:51.513Z [LOG] extracted 0 email(s) this run
2026-04-21T03:31:51.909Z [LOG] extraction finished
2026-04-21T03:31:51.918Z [LOG] [extract_emails.js] done
2026-04-21T03:31:51.918Z [LOG] [pipeline #9] new emails extracted: 0
2026-04-21T03:31:51.918Z [LOG] [parse_extracted_emails.js] starting…
2026-04-21T03:31:51.977Z [LOG] parse summary: total=1870, parsed=0, alreadyParsed=1621, missingFields=249, invalidMessageType=0, missingParser=0, parseErrors=0
2026-04-21T03:31:51.983Z [LOG] [parse_extracted_emails.js] done
2026-04-21T03:31:51.983Z [LOG] [pipeline #9] new emails parsed: 0
2026-04-21T03:31:51.983Z [LOG] [pipeline #9] no new data — skipping CSV rebuild and Sheets upload
2026-04-21T03:36:47.697Z [LOG] ────────────────────────────────────────────────────────────
2026-04-21T03:36:47.697Z [LOG] [pipeline #10] 2026-04-21T03:36:47.697Z
2026-04-21T03:36:47.697Z [LOG] [extract_emails.js] starting…
2026-04-21T03:36:51.384Z [LOG] extracted 0 email(s) this run
2026-04-21T03:36:51.661Z [LOG] extraction finished
2026-04-21T03:36:51.671Z [LOG] [extract_emails.js] done
2026-04-21T03:36:51.671Z [LOG] [pipeline #10] new emails extracted: 0
2026-04-21T03:36:51.671Z [LOG] [parse_extracted_emails.js] starting…
2026-04-21T03:36:51.729Z [LOG] parse summary: total=1870, parsed=0, alreadyParsed=1621, missingFields=249, invalidMessageType=0, missingParser=0, parseErrors=0
2026-04-21T03:36:51.735Z [LOG] [parse_extracted_emails.js] done
2026-04-21T03:36:51.735Z [LOG] [pipeline #10] new emails parsed: 0
2026-04-21T03:36:51.735Z [LOG] [pipeline #10] no new data — skipping CSV rebuild and Sheets upload
2026-04-21T03:41:47.698Z [LOG] ────────────────────────────────────────────────────────────
2026-04-21T03:41:47.699Z [LOG] [pipeline #11] 2026-04-21T03:41:47.699Z
2026-04-21T03:41:47.699Z [LOG] [extract_emails.js] starting…
2026-04-21T03:41:51.230Z [LOG] extracted 0 email(s) this run
2026-04-21T03:41:51.510Z [LOG] extraction finished
2026-04-21T03:41:51.519Z [LOG] [extract_emails.js] done
2026-04-21T03:41:51.519Z [LOG] [pipeline #11] new emails extracted: 0
2026-04-21T03:41:51.519Z [LOG] [parse_extracted_emails.js] starting…
2026-04-21T03:41:51.575Z [LOG] parse summary: total=1870, parsed=0, alreadyParsed=1621, missingFields=249, invalidMessageType=0, missingParser=0, parseErrors=0
2026-04-21T03:41:51.582Z [LOG] [parse_extracted_emails.js] done
2026-04-21T03:41:51.582Z [LOG] [pipeline #11] new emails parsed: 0
2026-04-21T03:41:51.582Z [LOG] [pipeline #11] no new data — skipping CSV rebuild and Sheets upload
2026-04-21T03:45:52.613Z [WARN] Received SIGINT; shutting down pipeline...
2026-04-21T03:45:54.524Z [LOG] ────────────────────────────────────────────────────────────
2026-04-21T03:45:54.527Z [LOG] [pipeline #1] 2026-04-21T03:45:54.527Z
2026-04-21T03:45:54.527Z [LOG] [extract_emails.js] starting…
2026-04-21T03:45:58.517Z [LOG] extracted 0 email(s) this run
2026-04-21T03:45:58.813Z [LOG] extraction finished
2026-04-21T03:45:58.822Z [LOG] [extract_emails.js] done
2026-04-21T03:45:58.822Z [LOG] [pipeline #1] new emails extracted: 0
2026-04-21T03:45:58.822Z [LOG] [parse_extracted_emails.js] starting…
2026-04-21T03:46:28.142Z [LOG] [parse_extracted_emails.js] Parsed: parsed-INBOX-uid-1001.json
2026-04-21T03:46:28.142Z [LOG] [parse_extracted_emails.js] Parsed: parsed-INBOX-uid-1002.json
2026-04-21T03:46:28.142Z [LOG] [parse_extracted_emails.js] Parsed: parsed-INBOX-uid-1004.json
2026-04-21T03:46:28.143Z [LOG] [parse_extracted_emails.js] Parsed: parsed-INBOX-uid-1005.json
2026-04-21T03:46:28.143Z [LOG] [parse_extracted_emails.js] Parsed: parsed-INBOX-uid-1006.json
2026-04-21T03:46:28.143Z [LOG] [parse_extracted_emails.js] Parsed: parsed-INBOX-uid-1007.json
2026-04-21T03:46:28.143Z [LOG] [parse_extracted_emails.js] Parsed: parsed-INBOX-uid-1008.json
2026-04-21T03:46:28.143Z [LOG] [parse_extracted_emails.js] Parsed: parsed-INBOX-uid-1009.json
2026-04-21T03:46:28.143Z [LOG] [parse_extracted_emails.js] Parsed: parsed-INBOX-uid-1010.json
2026-04-21T03:46:28.143Z [LOG] [parse_extracted_emails.js] Parsed: parsed-INBOX-uid-1014.json
2026-04-21T03:46:28.143Z [LOG] [parse_extracted_emails.js] Parsed: parsed-INBOX-uid-1020.json
2026-04-21T03:46:28.143Z [LOG] [parse_extracted_emails.js] Parsed: parsed-INBOX-uid-1021.json
2026-04-21T03:46:28.143Z [LOG] [parse_extracted_emails.js] Parsed: parsed-INBOX-uid-1022.json
2026-04-21T03:46:28.143Z [LOG] [parse_extracted_emails.js] Parsed: parsed-INBOX-uid-1023.json
2026-04-21T03:46:28.143Z [LOG] [parse_extracted_emails.js] Parsed: parsed-INBOX-uid-1264.json
2026-04-21T03:46:28.143Z [LOG] [parse_extracted_emails.js] Parsed: parsed-INBOX-uid-1265.json
2026-04-21T03:46:28.143Z [LOG] [parse_extracted_emails.js] Parsed: parsed-INBOX-uid-1266.json
2026-04-21T03:46:28.143Z [LOG] [parse_extracted_emails.js] Parsed: parsed-INBOX-uid-1339.json
2026-04-21T03:46:28.143Z [LOG] [parse_extracted_emails.js] Parsed: parsed-INBOX-uid-1340.json
2026-04-21T03:46:28.143Z [LOG] [parse_extracted_emails.js] Parsed: parsed-INBOX-uid-1341.json
2026-04-21T03:46:28.143Z [LOG] [parse_extracted_emails.js] Parsed: parsed-INBOX-uid-1342.json
2026-04-21T03:46:28.143Z [LOG] [parse_extracted_emails.js] Parsed: parsed-INBOX-uid-1343.json
2026-04-21T03:46:28.143Z [LOG] [parse_extracted_emails.js] Parsed: parsed-INBOX-uid-1344.json
2026-04-21T03:46:28.143Z [LOG] [parse_extracted_emails.js] Parsed: parsed-INBOX-uid-1345.json
2026-04-21T03:46:28.143Z [LOG] [parse_extracted_emails.js] Parsed: parsed-INBOX-uid-1346.json
2026-04-21T03:46:28.143Z [LOG] [parse_extracted_emails.js] Parsed: parsed-INBOX-uid-1347.json
2026-04-21T03:46:28.143Z [LOG] [parse_extracted_emails.js] Parsed: parsed-INBOX-uid-1348.json
2026-04-21T03:46:28.143Z [LOG] [parse_extracted_emails.js] Parsed: parsed-INBOX-uid-1349.json
2026-04-21T03:46:28.143Z [LOG] [parse_extracted_emails.js] Parsed: parsed-INBOX-uid-1350.json
2026-04-21T03:46:28.143Z [LOG] [parse_extracted_emails.js] Parsed: parsed-INBOX-uid-1351.json
2026-04-21T03:46:28.143Z [LOG] [parse_extracted_emails.js] Parsed: parsed-INBOX-uid-1352.json
2026-04-21T03:46:28.143Z [LOG] [parse_extracted_emails.js] Parsed: parsed-INBOX-uid-1353.json
2026-04-21T03:46:28.143Z [LOG] [parse_extracted_emails.js] Parsed: parsed-INBOX-uid-1354.json
2026-04-21T03:46:28.143Z [LOG] [parse_extracted_emails.js] Parsed: parsed-INBOX-uid-1407.json
2026-04-21T03:46:28.143Z [LOG] [parse_extracted_emails.js] Parsed: parsed-INBOX-uid-1408.json
2026-04-21T03:46:28.143Z [LOG] [parse_extracted_emails.js] Parsed: parsed-INBOX-uid-1409.json
2026-04-21T03:46:28.143Z [LOG] [parse_extracted_emails.js] Parsed: parsed-INBOX-uid-1410.json
2026-04-21T03:46:28.143Z [LOG] [parse_extracted_emails.js] Parsed: parsed-INBOX-uid-1411.json
2026-04-21T03:46:28.143Z [LOG] [parse_extracted_emails.js] Parsed: parsed-INBOX-uid-1412.json
2026-04-21T03:46:28.143Z [LOG] [parse_extracted_emails.js] Parsed: parsed-INBOX-uid-1413.json
2026-04-21T03:46:28.143Z [LOG] [parse_extracted_emails.js] Parsed: parsed-INBOX-uid-1414.json
2026-04-21T03:46:28.143Z [LOG] [parse_extracted_emails.js] Parsed: parsed-INBOX-uid-1415.json
2026-04-21T03:46:28.143Z [LOG] [parse_extracted_emails.js] Parsed: parsed-INBOX-uid-1416.json
2026-04-21T03:46:28.143Z [LOG] [parse_extracted_emails.js] Parsed: parsed-INBOX-uid-1417.json
2026-04-21T03:46:28.143Z [LOG] [parse_extracted_emails.js] Parsed: parsed-INBOX-uid-1923.json
2026-04-21T03:46:28.143Z [LOG] [parse_extracted_emails.js] Parsed: parsed-INBOX-uid-1924.json
2026-04-21T03:46:28.143Z [LOG] [parse_extracted_emails.js] Parsed: parsed-INBOX-uid-1925.json
2026-04-21T03:46:28.143Z [LOG] [parse_extracted_emails.js] Parsed: parsed-INBOX-uid-1926.json
2026-04-21T03:46:28.143Z [LOG] [parse_extracted_emails.js] Parsed: parsed-INBOX-uid-1927.json
2026-04-21T03:46:28.143Z [LOG] [parse_extracted_emails.js] Parsed: parsed-INBOX-uid-1939.json
2026-04-21T03:46:28.143Z [LOG] [parse_extracted_emails.js] Parsed: parsed-INBOX-uid-1940.json
2026-04-21T03:46:28.143Z [LOG] [parse_extracted_emails.js] Parsed: parsed-INBOX-uid-1941.json
2026-04-21T03:46:28.143Z [LOG] [parse_extracted_emails.js] Parsed: parsed-INBOX-uid-1942.json
2026-04-21T03:46:28.143Z [LOG] [parse_extracted_emails.js] Parsed: parsed-INBOX-uid-1943.json
2026-04-21T03:46:28.144Z [LOG] [parse_extracted_emails.js] Parsed: parsed-INBOX-uid-1945.json
2026-04-21T03:46:28.144Z [LOG] [parse_extracted_emails.js] Parsed: parsed-INBOX-uid-1946.json
2026-04-21T03:46:28.144Z [LOG] [parse_extracted_emails.js] Parsed: parsed-INBOX-uid-1947.json
2026-04-21T03:46:28.144Z [LOG] [parse_extracted_emails.js] Parsed: parsed-INBOX-uid-1948.json
2026-04-21T03:46:28.144Z [LOG] [parse_extracted_emails.js] Parsed: parsed-INBOX-uid-1949.json
2026-04-21T03:46:28.144Z [LOG] [parse_extracted_emails.js] Parsed: parsed-INBOX-uid-1950.json
2026-04-21T03:46:28.144Z [LOG] [parse_extracted_emails.js] Parsed: parsed-INBOX-uid-1951.json
2026-04-21T03:46:28.144Z [LOG] [parse_extracted_emails.js] Parsed: parsed-INBOX-uid-1952.json
2026-04-21T03:46:28.144Z [LOG] [parse_extracted_emails.js] Parsed: parsed-INBOX-uid-1953.json
2026-04-21T03:46:28.144Z [LOG] [parse_extracted_emails.js] Parsed: parsed-INBOX-uid-1954.json
2026-04-21T03:46:28.144Z [LOG] [parse_extracted_emails.js] Parsed: parsed-INBOX-uid-1955.json
2026-04-21T03:46:28.144Z [LOG] [parse_extracted_emails.js] Parsed: parsed-INBOX-uid-1956.json
2026-04-21T03:46:28.144Z [LOG] [parse_extracted_emails.js] Parsed: parsed-INBOX-uid-1957.json
2026-04-21T03:46:28.144Z [LOG] [parse_extracted_emails.js] Parsed: parsed-INBOX-uid-1958.json
2026-04-21T03:46:28.144Z [LOG] [parse_extracted_emails.js] Parsed: parsed-INBOX-uid-1959.json
2026-04-21T03:46:28.144Z [LOG] [parse_extracted_emails.js] Parsed: parsed-INBOX-uid-1960.json
2026-04-21T03:46:28.144Z [LOG] [parse_extracted_emails.js] Parsed: parsed-INBOX-uid-1961.json
2026-04-21T03:46:28.144Z [LOG] [parse_extracted_emails.js] Parsed: parsed-INBOX-uid-1962.json
2026-04-21T03:46:28.144Z [LOG] [parse_extracted_emails.js] Parsed: parsed-INBOX-uid-1963.json
2026-04-21T03:46:28.144Z [LOG] [parse_extracted_emails.js] Parsed: parsed-INBOX-uid-1964.json
2026-04-21T03:46:28.144Z [LOG] [parse_extracted_emails.js] Parsed: parsed-INBOX-uid-1965.json
2026-04-21T03:46:28.144Z [LOG] [parse_extracted_emails.js] Parsed: parsed-INBOX-uid-1966.json
2026-04-21T03:46:28.144Z [LOG] [parse_extracted_emails.js] Parsed: parsed-INBOX-uid-1967.json
2026-04-21T03:46:28.144Z [LOG] [parse_extracted_emails.js] Parsed: parsed-INBOX-uid-1968.json
2026-04-21T03:46:28.144Z [LOG] [parse_extracted_emails.js] Parsed: parsed-INBOX-uid-1969.json
2026-04-21T03:46:28.144Z [LOG] [parse_extracted_emails.js] Parsed: parsed-INBOX-uid-1970.json
2026-04-21T03:46:28.144Z [LOG] [parse_extracted_emails.js] Parsed: parsed-INBOX-uid-1971.json
2026-04-21T03:46:28.144Z [LOG] [parse_extracted_emails.js] Parsed: parsed-INBOX-uid-1972.json
2026-04-21T03:46:28.144Z [LOG] [parse_extracted_emails.js] Parsed: parsed-INBOX-uid-1973.json
2026-04-21T03:46:28.144Z [LOG] [parse_extracted_emails.js] Parsed: parsed-INBOX-uid-3287.json
2026-04-21T03:46:28.144Z [LOG] [parse_extracted_emails.js] Parsed: parsed-INBOX-uid-3478.json
2026-04-21T03:46:28.144Z [LOG] [parse_extracted_emails.js] Parsed: parsed-INBOX-uid-3479.json
2026-04-21T03:46:28.144Z [LOG] [parse_extracted_emails.js] Parsed: parsed-INBOX-uid-3480.json
2026-04-21T03:46:28.144Z [LOG] [parse_extracted_emails.js] Parsed: parsed-INBOX-uid-3481.json
2026-04-21T03:46:28.144Z [LOG] [parse_extracted_emails.js] Parsed: parsed-INBOX-uid-3482.json
2026-04-21T03:46:28.144Z [LOG] [parse_extracted_emails.js] Parsed: parsed-INBOX-uid-3483.json
2026-04-21T03:46:28.144Z [LOG] [parse_extracted_emails.js] Parsed: parsed-INBOX-uid-3484.json
2026-04-21T03:46:28.144Z [LOG] [parse_extracted_emails.js] Parsed: parsed-INBOX-uid-3485.json
2026-04-21T03:46:28.144Z [LOG] [parse_extracted_emails.js] Parsed: parsed-INBOX-uid-3486.json
2026-04-21T03:46:28.144Z [LOG] [parse_extracted_emails.js] Parsed: parsed-INBOX-uid-3487.json
2026-04-21T03:46:28.144Z [LOG] [parse_extracted_emails.js] Parsed: parsed-INBOX-uid-3488.json
2026-04-21T03:46:28.144Z [LOG] [parse_extracted_emails.js] Parsed: parsed-INBOX-uid-3489.json
2026-04-21T03:46:28.144Z [LOG] [parse_extracted_emails.js] Parsed: parsed-INBOX-uid-3490.json
2026-04-21T03:46:28.144Z [LOG] [parse_extracted_emails.js] Parsed: parsed-INBOX-uid-3491.json
2026-04-21T03:46:28.144Z [LOG] [parse_extracted_emails.js] Parsed: parsed-INBOX-uid-3492.json
2026-04-21T03:46:28.144Z [LOG] [parse_extracted_emails.js] Parsed: parsed-INBOX-uid-3493.json
2026-04-21T03:46:28.144Z [LOG] [parse_extracted_emails.js] Parsed: parsed-INBOX-uid-3494.json
2026-04-21T03:46:28.144Z [LOG] [parse_extracted_emails.js] Parsed: parsed-INBOX-uid-3495.json
2026-04-21T03:46:28.144Z [LOG] [parse_extracted_emails.js] Parsed: parsed-INBOX-uid-3496.json
2026-04-21T03:46:28.145Z [LOG] [parse_extracted_emails.js] Parsed: parsed-INBOX-uid-3497.json
2026-04-21T03:46:28.145Z [LOG] [parse_extracted_emails.js] Parsed: parsed-INBOX-uid-4267.json
2026-04-21T03:46:28.145Z [LOG] [parse_extracted_emails.js] Parsed: parsed-INBOX-uid-4268.json
2026-04-21T03:46:28.145Z [LOG] [parse_extracted_emails.js] Parsed: parsed-INBOX-uid-4269.json
2026-04-21T03:46:28.145Z [LOG] [parse_extracted_emails.js] Parsed: parsed-INBOX-uid-4270.json
2026-04-21T03:46:28.145Z [LOG] [parse_extracted_emails.js] Parsed: parsed-INBOX-uid-4271.json
2026-04-21T03:46:28.145Z [LOG] [parse_extracted_emails.js] Parsed: parsed-INBOX-uid-4272.json
2026-04-21T03:46:28.145Z [LOG] [parse_extracted_emails.js] Parsed: parsed-INBOX-uid-4273.json
2026-04-21T03:46:28.145Z [LOG] [parse_extracted_emails.js] Parsed: parsed-INBOX-uid-4274.json
2026-04-21T03:46:28.145Z [LOG] [parse_extracted_emails.js] Parsed: parsed-INBOX-uid-4275.json
2026-04-21T03:46:28.145Z [LOG] [parse_extracted_emails.js] Parsed: parsed-INBOX-uid-4276.json
2026-04-21T03:46:28.145Z [LOG] [parse_extracted_emails.js] Parsed: parsed-INBOX-uid-4277.json
2026-04-21T03:46:28.145Z [LOG] [parse_extracted_emails.js] Parsed: parsed-INBOX-uid-4278.json
2026-04-21T03:46:28.145Z [LOG] [parse_extracted_emails.js] Parsed: parsed-INBOX-uid-4279.json
2026-04-21T03:46:28.145Z [LOG] [parse_extracted_emails.js] Parsed: parsed-INBOX-uid-4280.json
2026-04-21T03:46:28.145Z [LOG] [parse_extracted_emails.js] Parsed: parsed-INBOX-uid-4281.json
2026-04-21T03:46:28.145Z [LOG] [parse_extracted_emails.js] Parsed: parsed-INBOX-uid-4282.json
2026-04-21T03:46:28.145Z [LOG] [parse_extracted_emails.js] Parsed: parsed-INBOX-uid-4310.json
2026-04-21T03:46:28.145Z [LOG] [parse_extracted_emails.js] Parsed: parsed-INBOX-uid-4311.json
2026-04-21T03:46:28.145Z [LOG] [parse_extracted_emails.js] Parsed: parsed-INBOX-uid-4312.json
2026-04-21T03:46:28.145Z [LOG] [parse_extracted_emails.js] Parsed: parsed-INBOX-uid-4313.json
2026-04-21T03:46:28.145Z [LOG] [parse_extracted_emails.js] Parsed: parsed-INBOX-uid-4314.json
2026-04-21T03:46:28.145Z [LOG] [parse_extracted_emails.js] Parsed: parsed-INBOX-uid-4315.json
2026-04-21T03:46:28.145Z [LOG] [parse_extracted_emails.js] Parsed: parsed-INBOX-uid-4316.json
2026-04-21T03:46:28.145Z [LOG] [parse_extracted_emails.js] Parsed: parsed-INBOX-uid-4317.json
2026-04-21T03:46:28.145Z [LOG] [parse_extracted_emails.js] Parsed: parsed-INBOX-uid-4318.json
2026-04-21T03:46:28.145Z [LOG] [parse_extracted_emails.js] Parsed: parsed-INBOX-uid-4319.json
2026-04-21T03:46:28.145Z [LOG] [parse_extracted_emails.js] Parsed: parsed-INBOX-uid-4320.json
2026-04-21T03:46:28.145Z [LOG] [parse_extracted_emails.js] Parsed: parsed-INBOX-uid-4321.json
2026-04-21T03:46:28.145Z [LOG] [parse_extracted_emails.js] Parsed: parsed-INBOX-uid-4322.json
2026-04-21T03:46:28.145Z [LOG] [parse_extracted_emails.js] Parsed: parsed-INBOX-uid-4323.json
2026-04-21T03:46:28.145Z [LOG] [parse_extracted_emails.js] Parsed: parsed-INBOX-uid-4324.json
2026-04-21T03:46:28.145Z [LOG] [parse_extracted_emails.js] Parsed: parsed-INBOX-uid-4325.json
2026-04-21T03:46:28.145Z [LOG] [parse_extracted_emails.js] Parsed: parsed-INBOX-uid-4326.json
2026-04-21T03:46:28.146Z [LOG] [parse_extracted_emails.js] Parsed: parsed-INBOX-uid-4327.json
2026-04-21T03:46:28.146Z [LOG] [parse_extracted_emails.js] Parsed: parsed-INBOX-uid-4328.json
2026-04-21T03:46:28.146Z [LOG] [parse_extracted_emails.js] Parsed: parsed-INBOX-uid-4329.json
2026-04-21T03:46:28.146Z [LOG] [parse_extracted_emails.js] Parsed: parsed-INBOX-uid-4330.json
2026-04-21T03:46:28.146Z [LOG] [parse_extracted_emails.js] Parsed: parsed-INBOX-uid-4331.json
2026-04-21T03:46:28.146Z [LOG] [parse_extracted_emails.js] Parsed: parsed-INBOX-uid-4332.json
2026-04-21T03:46:28.146Z [LOG] [parse_extracted_emails.js] Parsed: parsed-INBOX-uid-4333.json
2026-04-21T03:46:28.146Z [LOG] [parse_extracted_emails.js] Parsed: parsed-INBOX-uid-4334.json
2026-04-21T03:46:28.146Z [LOG] [parse_extracted_emails.js] Parsed: parsed-INBOX-uid-4335.json
2026-04-21T03:46:28.146Z [LOG] [parse_extracted_emails.js] Parsed: parsed-INBOX-uid-4336.json
2026-04-21T03:46:28.146Z [LOG] [parse_extracted_emails.js] Parsed: parsed-INBOX-uid-4337.json
2026-04-21T03:46:28.146Z [LOG] [parse_extracted_emails.js] Parsed: parsed-INBOX-uid-4338.json
2026-04-21T03:46:28.146Z [LOG] [parse_extracted_emails.js] Parsed: parsed-INBOX-uid-4339.json
2026-04-21T03:46:28.146Z [LOG] [parse_extracted_emails.js] Parsed: parsed-INBOX-uid-4340.json
2026-04-21T03:46:28.146Z [LOG] [parse_extracted_emails.js] Parsed: parsed-INBOX-uid-4341.json
2026-04-21T03:46:28.146Z [LOG] [parse_extracted_emails.js] Parsed: parsed-INBOX-uid-4342.json
2026-04-21T03:46:28.146Z [LOG] [parse_extracted_emails.js] Parsed: parsed-INBOX-uid-4343.json
2026-04-21T03:46:28.146Z [LOG] [parse_extracted_emails.js] Parsed: parsed-INBOX-uid-4344.json
2026-04-21T03:46:28.146Z [LOG] [parse_extracted_emails.js] Parsed: parsed-INBOX-uid-4345.json
2026-04-21T03:46:28.146Z [LOG] [parse_extracted_emails.js] Parsed: parsed-INBOX-uid-4577.json
2026-04-21T03:46:28.146Z [LOG] [parse_extracted_emails.js] Parsed: parsed-INBOX-uid-4578.json
2026-04-21T03:46:28.146Z [LOG] [parse_extracted_emails.js] Parsed: parsed-INBOX-uid-4579.json
2026-04-21T03:46:28.146Z [LOG] [parse_extracted_emails.js] Parsed: parsed-INBOX-uid-4580.json
2026-04-21T03:46:28.146Z [LOG] [parse_extracted_emails.js] Parsed: parsed-INBOX-uid-4581.json
2026-04-21T03:46:28.146Z [LOG] [parse_extracted_emails.js] Parsed: parsed-INBOX-uid-4582.json
2026-04-21T03:46:28.146Z [LOG] [parse_extracted_emails.js] Parsed: parsed-INBOX-uid-4583.json
2026-04-21T03:46:28.146Z [LOG] [parse_extracted_emails.js] Parsed: parsed-INBOX-uid-4584.json
2026-04-21T03:46:28.147Z [LOG] [parse_extracted_emails.js] Parsed: parsed-INBOX-uid-4585.json
2026-04-21T03:46:28.147Z [LOG] [parse_extracted_emails.js] Parsed: parsed-INBOX-uid-4586.json
2026-04-21T03:46:28.147Z [LOG] [parse_extracted_emails.js] Parsed: parsed-INBOX-uid-4587.json
2026-04-21T03:46:28.147Z [LOG] [parse_extracted_emails.js] Parsed: parsed-INBOX-uid-4588.json
2026-04-21T03:46:28.147Z [LOG] [parse_extracted_emails.js] Parsed: parsed-INBOX-uid-4589.json
2026-04-21T03:46:28.147Z [LOG] [parse_extracted_emails.js] Parsed: parsed-INBOX-uid-4590.json
2026-04-21T03:46:28.147Z [LOG] [parse_extracted_emails.js] Parsed: parsed-INBOX-uid-4591.json
2026-04-21T03:46:28.147Z [LOG] [parse_extracted_emails.js] Parsed: parsed-INBOX-uid-4592.json
2026-04-21T03:46:28.147Z [LOG] [parse_extracted_emails.js] Parsed: parsed-INBOX-uid-4593.json
2026-04-21T03:46:28.147Z [LOG] [parse_extracted_emails.js] Parsed: parsed-INBOX-uid-4594.json
2026-04-21T03:46:28.147Z [LOG] [parse_extracted_emails.js] Parsed: parsed-INBOX-uid-4595.json
2026-04-21T03:46:28.147Z [LOG] [parse_extracted_emails.js] Parsed: parsed-INBOX-uid-4596.json
2026-04-21T03:46:28.147Z [LOG] [parse_extracted_emails.js] Parsed: parsed-INBOX-uid-4597.json
2026-04-21T03:46:28.147Z [LOG] [parse_extracted_emails.js] Parsed: parsed-INBOX-uid-4598.json
2026-04-21T03:46:28.147Z [LOG] [parse_extracted_emails.js] Parsed: parsed-INBOX-uid-4650.json
2026-04-21T03:46:28.147Z [LOG] [parse_extracted_emails.js] Parsed: parsed-INBOX-uid-4651.json
2026-04-21T03:46:28.147Z [LOG] [parse_extracted_emails.js] Parsed: parsed-INBOX-uid-4652.json
2026-04-21T03:46:28.147Z [LOG] [parse_extracted_emails.js] Parsed: parsed-INBOX-uid-4653.json
2026-04-21T03:46:28.147Z [LOG] [parse_extracted_emails.js] Parsed: parsed-INBOX-uid-4654.json
2026-04-21T03:46:28.147Z [LOG] [parse_extracted_emails.js] Parsed: parsed-INBOX-uid-4655.json
2026-04-21T03:46:28.147Z [LOG] [parse_extracted_emails.js] Parsed: parsed-INBOX-uid-4656.json
2026-04-21T03:46:28.147Z [LOG] [parse_extracted_emails.js] Parsed: parsed-INBOX-uid-4657.json
2026-04-21T03:46:28.147Z [LOG] [parse_extracted_emails.js] Parsed: parsed-INBOX-uid-4658.json
2026-04-21T03:46:28.147Z [LOG] [parse_extracted_emails.js] Parsed: parsed-INBOX-uid-4659.json
2026-04-21T03:46:28.147Z [LOG] [parse_extracted_emails.js] Parsed: parsed-INBOX-uid-4660.json
2026-04-21T03:46:28.147Z [LOG] [parse_extracted_emails.js] Parsed: parsed-INBOX-uid-4661.json
2026-04-21T03:46:28.147Z [LOG] [parse_extracted_emails.js] Parsed: parsed-INBOX-uid-4662.json
2026-04-21T03:46:28.147Z [LOG] [parse_extracted_emails.js] Parsed: parsed-INBOX-uid-4663.json
2026-04-21T03:46:28.147Z [LOG] [parse_extracted_emails.js] Parsed: parsed-INBOX-uid-4664.json
2026-04-21T03:46:28.147Z [LOG] [parse_extracted_emails.js] Parsed: parsed-INBOX-uid-4665.json
2026-04-21T03:46:28.147Z [LOG] [parse_extracted_emails.js] Parsed: parsed-INBOX-uid-4666.json
2026-04-21T03:46:28.147Z [LOG] [parse_extracted_emails.js] Parsed: parsed-INBOX-uid-4667.json
2026-04-21T03:46:28.147Z [LOG] [parse_extracted_emails.js] Parsed: parsed-INBOX-uid-4668.json
2026-04-21T03:46:28.147Z [LOG] [parse_extracted_emails.js] Parsed: parsed-INBOX-uid-4669.json
2026-04-21T03:46:28.147Z [LOG] [parse_extracted_emails.js] Parsed: parsed-INBOX-uid-4670.json
2026-04-21T03:46:28.147Z [LOG] [parse_extracted_emails.js] Parsed: parsed-INBOX-uid-5417.json
2026-04-21T03:46:28.147Z [LOG] [parse_extracted_emails.js] Parsed: parsed-INBOX-uid-5418.json
2026-04-21T03:46:28.147Z [LOG] [parse_extracted_emails.js] Parsed: parsed-INBOX-uid-5419.json
2026-04-21T03:46:28.147Z [LOG] [parse_extracted_emails.js] Parsed: parsed-INBOX-uid-5420.json
2026-04-21T03:46:28.147Z [LOG] [parse_extracted_emails.js] Parsed: parsed-INBOX-uid-5421.json
2026-04-21T03:46:28.147Z [LOG] [parse_extracted_emails.js] Parsed: parsed-INBOX-uid-5422.json
2026-04-21T03:46:28.147Z [LOG] [parse_extracted_emails.js] Parsed: parsed-INBOX-uid-5423.json
2026-04-21T03:46:28.147Z [LOG] [parse_extracted_emails.js] Parsed: parsed-INBOX-uid-5424.json
2026-04-21T03:46:28.147Z [LOG] [parse_extracted_emails.js] Parsed: parsed-INBOX-uid-5425.json
2026-04-21T03:46:28.147Z [LOG] [parse_extracted_emails.js] Parsed: parsed-INBOX-uid-5426.json
2026-04-21T03:46:28.147Z [LOG] [parse_extracted_emails.js] Parsed: parsed-INBOX-uid-5427.json
2026-04-21T03:46:28.147Z [LOG] [parse_extracted_emails.js] Parsed: parsed-INBOX-uid-5428.json
2026-04-21T03:46:28.147Z [LOG] [parse_extracted_emails.js] Parsed: parsed-INBOX-uid-5429.json
2026-04-21T03:46:28.147Z [LOG] [parse_extracted_emails.js] Parsed: parsed-INBOX-uid-5430.json
2026-04-21T03:46:28.147Z [LOG] [parse_extracted_emails.js] Parsed: parsed-INBOX-uid-5431.json
2026-04-21T03:46:28.147Z [LOG] [parse_extracted_emails.js] Parsed: parsed-INBOX-uid-5432.json
2026-04-21T03:46:28.147Z [LOG] [parse_extracted_emails.js] Parsed: parsed-INBOX-uid-5433.json
2026-04-21T03:46:28.147Z [LOG] [parse_extracted_emails.js] Parsed: parsed-INBOX-uid-5434.json
2026-04-21T03:46:28.147Z [LOG] [parse_extracted_emails.js] Parsed: parsed-INBOX-uid-5435.json
2026-04-21T03:46:28.147Z [LOG] [parse_extracted_emails.js] Parsed: parsed-INBOX-uid-5436.json
2026-04-21T03:46:28.147Z [LOG] [parse_extracted_emails.js] Parsed: parsed-INBOX-uid-5437.json
2026-04-21T03:46:28.147Z [LOG] [parse_extracted_emails.js] Parsed: parsed-INBOX-uid-5438.json
2026-04-21T03:46:28.147Z [LOG] [parse_extracted_emails.js] Parsed: parsed-INBOX-uid-5439.json
2026-04-21T03:46:28.147Z [LOG] [parse_extracted_emails.js] Parsed: parsed-INBOX-uid-5440.json
2026-04-21T03:46:28.147Z [LOG] [parse_extracted_emails.js] Parsed: parsed-INBOX-uid-5441.json
2026-04-21T03:46:28.147Z [LOG] [parse_extracted_emails.js] Parsed: parsed-INBOX-uid-5442.json
2026-04-21T03:46:28.147Z [LOG] [parse_extracted_emails.js] Parsed: parsed-INBOX-uid-5443.json
2026-04-21T03:46:28.147Z [LOG] [parse_extracted_emails.js] Parsed: parsed-INBOX-uid-5444.json
2026-04-21T03:46:28.147Z [LOG] [parse_extracted_emails.js] Parsed: parsed-INBOX-uid-5445.json
2026-04-21T03:46:28.147Z [LOG] [parse_extracted_emails.js] Parsed: parsed-INBOX-uid-5446.json
2026-04-21T03:46:28.147Z [LOG] [parse_extracted_emails.js] Parsed: parsed-INBOX-uid-5447.json
2026-04-21T03:46:28.147Z [LOG] [parse_extracted_emails.js] Parsed: parsed-INBOX-uid-5448.json
2026-04-21T03:46:28.147Z [LOG] [parse_extracted_emails.js] Parsed: parsed-INBOX-uid-5449.json
2026-04-21T03:46:28.147Z [LOG] [parse_extracted_emails.js] Parsed: parsed-INBOX-uid-5450.json
2026-04-21T03:46:28.147Z [LOG] [parse_extracted_emails.js] Parsed: parsed-INBOX-uid-5451.json
2026-04-21T03:46:28.147Z [LOG] [parse_extracted_emails.js] Parsed: parsed-INBOX-uid-5452.json
2026-04-21T03:46:28.147Z [LOG] [parse_extracted_emails.js] Parsed: parsed-INBOX-uid-5453.json
2026-04-21T03:46:28.147Z [LOG] [parse_extracted_emails.js] Parsed: parsed-INBOX-uid-5454.json
2026-04-21T03:46:28.147Z [LOG] [parse_extracted_emails.js] Parsed: parsed-INBOX-uid-5455.json
2026-04-21T03:46:28.147Z [LOG] [parse_extracted_emails.js] Parsed: parsed-INBOX-uid-5456.json
2026-04-21T03:46:28.147Z [LOG] [parse_extracted_emails.js] Parsed: parsed-INBOX-uid-5457.json
2026-04-21T03:46:28.147Z [LOG] [parse_extracted_emails.js] Parsed: parsed-INBOX-uid-5458.json
2026-04-21T03:46:28.147Z [LOG] [parse_extracted_emails.js] Parsed: parsed-INBOX-uid-5459.json
2026-04-21T03:46:28.147Z [LOG] [parse_extracted_emails.js] Parsed: parsed-INBOX-uid-5460.json
2026-04-21T03:46:28.147Z [LOG] [parse_extracted_emails.js] Parsed: parsed-INBOX-uid-5461.json
2026-04-21T03:46:28.147Z [LOG] [parse_extracted_emails.js] Parsed: parsed-INBOX-uid-5462.json
2026-04-21T03:46:28.147Z [LOG] [parse_extracted_emails.js] Parsed: parsed-INBOX-uid-5463.json
2026-04-21T03:46:28.147Z [LOG] [parse_extracted_emails.js] Parsed: parsed-INBOX-uid-5464.json
2026-04-21T03:46:28.147Z [LOG] [parse_extracted_emails.js] Parsed: parsed-INBOX-uid-5465.json
2026-04-21T03:46:28.147Z [LOG] [parse_extracted_emails.js] Parsed: parsed-INBOX-uid-5466.json
2026-04-21T03:46:28.147Z [LOG] [parse_extracted_emails.js] Parsed: parsed-INBOX-uid-5467.json
2026-04-21T03:46:28.147Z [LOG] [parse_extracted_emails.js] Parsed: parsed-INBOX-uid-5468.json
2026-04-21T03:46:28.147Z [LOG] [parse_extracted_emails.js] Parsed: parsed-INBOX-uid-5469.json
2026-04-21T03:46:28.147Z [LOG] [parse_extracted_emails.js] Parsed: parsed-INBOX-uid-5470.json
2026-04-21T03:46:28.147Z [LOG] [parse_extracted_emails.js] Parsed: parsed-INBOX-uid-5471.json
2026-04-21T03:46:28.147Z [LOG] [parse_extracted_emails.js] Parsed: parsed-INBOX-uid-5472.json
2026-04-21T03:46:28.147Z [LOG] [parse_extracted_emails.js] Parsed: parsed-INBOX-uid-5473.json
2026-04-21T03:46:28.147Z [LOG] [parse_extracted_emails.js] Parsed: parsed-INBOX-uid-5474.json
2026-04-21T03:46:28.147Z [LOG] [parse_extracted_emails.js] Parsed: parsed-INBOX-uid-5475.json
2026-04-21T03:46:28.147Z [LOG] [parse_extracted_emails.js] Parsed: parsed-INBOX-uid-5476.json
2026-04-21T03:46:28.147Z [LOG] [parse_extracted_emails.js] Parsed: parsed-INBOX-uid-5477.json
2026-04-21T03:46:28.147Z [LOG] [parse_extracted_emails.js] Parsed: parsed-INBOX-uid-5478.json
2026-04-21T03:46:28.147Z [LOG] [parse_extracted_emails.js] Parsed: parsed-INBOX-uid-5479.json
2026-04-21T03:46:28.147Z [LOG] [parse_extracted_emails.js] Parsed: parsed-INBOX-uid-5480.json
2026-04-21T03:46:28.147Z [LOG] [parse_extracted_emails.js] Parsed: parsed-INBOX-uid-5481.json
2026-04-21T03:46:28.147Z [LOG] [parse_extracted_emails.js] Parsed: parsed-INBOX-uid-5482.json
2026-04-21T03:46:28.147Z [LOG] [parse_extracted_emails.js] Parsed: parsed-INBOX-uid-5483.json
2026-04-21T03:46:28.147Z [LOG] [parse_extracted_emails.js] Parsed: parsed-INBOX-uid-5484.json
2026-04-21T03:46:28.147Z [LOG] [parse_extracted_emails.js] Parsed: parsed-INBOX-uid-5485.json
2026-04-21T03:46:28.147Z [LOG] [parse_extracted_emails.js] Parsed: parsed-INBOX-uid-5486.json
2026-04-21T03:46:28.148Z [LOG] [parse_extracted_emails.js] Parsed: parsed-INBOX-uid-5487.json
2026-04-21T03:46:28.148Z [LOG] [parse_extracted_emails.js] Parsed: parsed-INBOX-uid-5488.json
2026-04-21T03:46:28.148Z [LOG] [parse_extracted_emails.js] Parsed: parsed-INBOX-uid-5489.json
2026-04-21T03:46:28.148Z [LOG] [parse_extracted_emails.js] Parsed: parsed-INBOX-uid-5490.json
2026-04-21T03:46:28.148Z [LOG] [parse_extracted_emails.js] Parsed: parsed-INBOX-uid-5491.json
2026-04-21T03:46:28.148Z [LOG] [parse_extracted_emails.js] Parsed: parsed-INBOX-uid-5492.json
2026-04-21T03:46:28.148Z [LOG] [parse_extracted_emails.js] Parsed: parsed-INBOX-uid-5493.json
2026-04-21T03:46:28.148Z [LOG] [parse_extracted_emails.js] Parsed: parsed-INBOX-uid-5494.json
2026-04-21T03:46:28.148Z [LOG] [parse_extracted_emails.js] Parsed: parsed-INBOX-uid-5495.json
2026-04-21T03:46:28.148Z [LOG] [parse_extracted_emails.js] Parsed: parsed-INBOX-uid-5496.json
2026-04-21T03:46:28.148Z [LOG] [parse_extracted_emails.js] Parsed: parsed-INBOX-uid-5497.json
2026-04-21T03:46:28.148Z [LOG] [parse_extracted_emails.js] Parsed: parsed-INBOX-uid-5498.json
2026-04-21T03:46:28.148Z [LOG] [parse_extracted_emails.js] Parsed: parsed-INBOX-uid-5499.json
2026-04-21T03:46:28.148Z [LOG] [parse_extracted_emails.js] Parsed: parsed-INBOX-uid-5500.json
2026-04-21T03:46:28.148Z [LOG] [parse_extracted_emails.js] Parsed: parsed-INBOX-uid-5501.json
2026-04-21T03:46:28.148Z [LOG] [parse_extracted_emails.js] Parsed: parsed-INBOX-uid-5502.json
2026-04-21T03:46:28.148Z [LOG] [parse_extracted_emails.js] Parsed: parsed-INBOX-uid-5503.json
2026-04-21T03:46:28.148Z [LOG] [parse_extracted_emails.js] Parsed: parsed-INBOX-uid-5504.json
2026-04-21T03:46:28.148Z [LOG] [parse_extracted_emails.js] Parsed: parsed-INBOX-uid-5505.json
2026-04-21T03:46:28.148Z [LOG] [parse_extracted_emails.js] Parsed: parsed-INBOX-uid-5506.json
2026-04-21T03:46:28.148Z [LOG] [parse_extracted_emails.js] Parsed: parsed-INBOX-uid-5507.json
2026-04-21T03:46:28.148Z [LOG] [parse_extracted_emails.js] Parsed: parsed-INBOX-uid-5508.json
2026-04-21T03:46:28.148Z [LOG] [parse_extracted_emails.js] Parsed: parsed-INBOX-uid-5509.json
2026-04-21T03:46:28.148Z [LOG] [parse_extracted_emails.js] Parsed: parsed-INBOX-uid-5510.json
2026-04-21T03:46:28.148Z [LOG] [parse_extracted_emails.js] Parsed: parsed-INBOX-uid-5511.json
2026-04-21T03:46:28.148Z [LOG] [parse_extracted_emails.js] Parsed: parsed-INBOX-uid-5512.json
2026-04-21T03:46:28.148Z [LOG] [parse_extracted_emails.js] Parsed: parsed-INBOX-uid-5513.json
2026-04-21T03:46:28.148Z [LOG] [parse_extracted_emails.js] Parsed: parsed-INBOX-uid-5514.json
2026-04-21T03:46:28.148Z [LOG] [parse_extracted_emails.js] Parsed: parsed-INBOX-uid-5515.json
2026-04-21T03:46:28.148Z [LOG] [parse_extracted_emails.js] Parsed: parsed-INBOX-uid-5516.json
2026-04-21T03:46:28.148Z [LOG] [parse_extracted_emails.js] Parsed: parsed-INBOX-uid-5517.json
2026-04-21T03:46:28.148Z [LOG] [parse_extracted_emails.js] Parsed: parsed-INBOX-uid-5518.json
2026-04-21T03:46:28.148Z [LOG] [parse_extracted_emails.js] Parsed: parsed-INBOX-uid-5519.json
2026-04-21T03:46:28.148Z [LOG] [parse_extracted_emails.js] Parsed: parsed-INBOX-uid-5520.json
2026-04-21T03:46:28.148Z [LOG] [parse_extracted_emails.js] Parsed: parsed-INBOX-uid-5521.json
2026-04-21T03:46:28.148Z [LOG] [parse_extracted_emails.js] Parsed: parsed-INBOX-uid-5522.json
2026-04-21T03:46:28.148Z [LOG] [parse_extracted_emails.js] Parsed: parsed-INBOX-uid-5523.json
2026-04-21T03:46:28.148Z [LOG] [parse_extracted_emails.js] Parsed: parsed-INBOX-uid-5524.json
2026-04-21T03:46:28.148Z [LOG] [parse_extracted_emails.js] Parsed: parsed-INBOX-uid-5525.json
2026-04-21T03:46:28.148Z [LOG] [parse_extracted_emails.js] Parsed: parsed-INBOX-uid-5526.json
2026-04-21T03:46:28.148Z [LOG] [parse_extracted_emails.js] Parsed: parsed-INBOX-uid-5527.json
2026-04-21T03:46:28.148Z [LOG] [parse_extracted_emails.js] Parsed: parsed-INBOX-uid-5528.json
2026-04-21T03:46:28.148Z [LOG] [parse_extracted_emails.js] Parsed: parsed-INBOX-uid-5529.json
2026-04-21T03:46:28.148Z [LOG] [parse_extracted_emails.js] Parsed: parsed-INBOX-uid-5530.json
2026-04-21T03:46:28.148Z [LOG] [parse_extracted_emails.js] Parsed: parsed-INBOX-uid-5531.json
2026-04-21T03:46:28.148Z [LOG] [parse_extracted_emails.js] Parsed: parsed-INBOX-uid-5532.json
2026-04-21T03:46:28.148Z [LOG] [parse_extracted_emails.js] Parsed: parsed-INBOX-uid-5533.json
2026-04-21T03:46:28.148Z [LOG] [parse_extracted_emails.js] Parsed: parsed-INBOX-uid-5534.json
2026-04-21T03:46:28.148Z [LOG] [parse_extracted_emails.js] Parsed: parsed-INBOX-uid-5535.json
2026-04-21T03:46:28.148Z [LOG] [parse_extracted_emails.js] Parsed: parsed-INBOX-uid-5536.json
2026-04-21T03:46:28.148Z [LOG] [parse_extracted_emails.js] Parsed: parsed-INBOX-uid-5537.json
2026-04-21T03:46:28.148Z [LOG] [parse_extracted_emails.js] Parsed: parsed-INBOX-uid-5538.json
2026-04-21T03:46:28.148Z [LOG] [parse_extracted_emails.js] Parsed: parsed-INBOX-uid-5539.json
2026-04-21T03:46:28.148Z [LOG] [parse_extracted_emails.js] Parsed: parsed-INBOX-uid-5540.json
2026-04-21T03:46:28.148Z [LOG] [parse_extracted_emails.js] Parsed: parsed-INBOX-uid-5541.json
2026-04-21T03:46:28.148Z [LOG] [parse_extracted_emails.js] Parsed: parsed-INBOX-uid-5542.json
2026-04-21T03:46:28.148Z [LOG] [parse_extracted_emails.js] Parsed: parsed-INBOX-uid-5543.json
2026-04-21T03:46:28.148Z [LOG] [parse_extracted_emails.js] Parsed: parsed-INBOX-uid-5544.json
2026-04-21T03:46:28.148Z [LOG] [parse_extracted_emails.js] Parsed: parsed-INBOX-uid-5545.json
2026-04-21T03:46:28.148Z [LOG] [parse_extracted_emails.js] Parsed: parsed-INBOX-uid-5546.json
2026-04-21T03:46:28.148Z [LOG] [parse_extracted_emails.js] Parsed: parsed-INBOX-uid-5547.json
2026-04-21T03:46:28.148Z [LOG] [parse_extracted_emails.js] Parsed: parsed-INBOX-uid-5548.json
2026-04-21T03:46:28.148Z [LOG] [parse_extracted_emails.js] Parsed: parsed-INBOX-uid-5549.json
2026-04-21T03:46:28.148Z [LOG] [parse_extracted_emails.js] Parsed: parsed-INBOX-uid-5550.json
2026-04-21T03:46:28.148Z [LOG] [parse_extracted_emails.js] Parsed: parsed-INBOX-uid-5551.json
2026-04-21T03:46:28.148Z [LOG] [parse_extracted_emails.js] Parsed: parsed-INBOX-uid-5552.json
2026-04-21T03:46:28.148Z [LOG] [parse_extracted_emails.js] Parsed: parsed-INBOX-uid-5553.json
2026-04-21T03:46:28.148Z [LOG] [parse_extracted_emails.js] Parsed: parsed-INBOX-uid-5554.json
2026-04-21T03:46:28.148Z [LOG] [parse_extracted_emails.js] Parsed: parsed-INBOX-uid-5555.json
2026-04-21T03:46:28.148Z [LOG] [parse_extracted_emails.js] Parsed: parsed-INBOX-uid-5556.json
2026-04-21T03:46:28.148Z [LOG] [parse_extracted_emails.js] Parsed: parsed-INBOX-uid-5557.json
2026-04-21T03:46:28.148Z [LOG] [parse_extracted_emails.js] Parsed: parsed-INBOX-uid-5558.json
2026-04-21T03:46:28.148Z [LOG] [parse_extracted_emails.js] Parsed: parsed-INBOX-uid-5559.json
2026-04-21T03:46:28.148Z [LOG] [parse_extracted_emails.js] Parsed: parsed-INBOX-uid-5560.json
2026-04-21T03:46:28.148Z [LOG] [parse_extracted_emails.js] Parsed: parsed-INBOX-uid-5561.json
2026-04-21T03:46:28.148Z [LOG] [parse_extracted_emails.js] Parsed: parsed-INBOX-uid-5562.json
2026-04-21T03:46:28.148Z [LOG] [parse_extracted_emails.js] Parsed: parsed-INBOX-uid-5563.json
2026-04-21T03:46:28.148Z [LOG] [parse_extracted_emails.js] Parsed: parsed-INBOX-uid-5564.json
2026-04-21T03:46:28.148Z [LOG] [parse_extracted_emails.js] Parsed: parsed-INBOX-uid-5565.json
2026-04-21T03:46:28.148Z [LOG] [parse_extracted_emails.js] Parsed: parsed-INBOX-uid-5566.json
2026-04-21T03:46:28.148Z [LOG] [parse_extracted_emails.js] Parsed: parsed-INBOX-uid-5567.json
2026-04-21T03:46:28.148Z [LOG] [parse_extracted_emails.js] Parsed: parsed-INBOX-uid-5568.json
2026-04-21T03:46:28.148Z [LOG] [parse_extracted_emails.js] Parsed: parsed-INBOX-uid-5569.json
2026-04-21T03:46:28.148Z [LOG] [parse_extracted_emails.js] Parsed: parsed-INBOX-uid-5570.json
2026-04-21T03:46:28.148Z [LOG] [parse_extracted_emails.js] Parsed: parsed-INBOX-uid-5571.json
2026-04-21T03:46:28.148Z [LOG] [parse_extracted_emails.js] Parsed: parsed-INBOX-uid-5572.json
2026-04-21T03:46:28.148Z [LOG] [parse_extracted_emails.js] Parsed: parsed-INBOX-uid-5573.json
2026-04-21T03:46:28.148Z [LOG] [parse_extracted_emails.js] Parsed: parsed-INBOX-uid-5574.json
2026-04-21T03:46:28.148Z [LOG] [parse_extracted_emails.js] Parsed: parsed-INBOX-uid-5575.json
2026-04-21T03:46:28.148Z [LOG] [parse_extracted_emails.js] Parsed: parsed-INBOX-uid-5576.json
2026-04-21T03:46:28.148Z [LOG] [parse_extracted_emails.js] Parsed: parsed-INBOX-uid-5577.json
2026-04-21T03:46:28.148Z [LOG] [parse_extracted_emails.js] Parsed: parsed-INBOX-uid-5578.json
2026-04-21T03:46:28.148Z [LOG] [parse_extracted_emails.js] Parsed: parsed-INBOX-uid-5579.json
2026-04-21T03:46:28.148Z [LOG] [parse_extracted_emails.js] Parsed: parsed-INBOX-uid-5580.json
2026-04-21T03:46:28.148Z [LOG] [parse_extracted_emails.js] Parsed: parsed-INBOX-uid-5581.json
2026-04-21T03:46:28.148Z [LOG] [parse_extracted_emails.js] Parsed: parsed-INBOX-uid-5582.json
2026-04-21T03:46:28.148Z [LOG] [parse_extracted_emails.js] Parsed: parsed-INBOX-uid-5583.json
2026-04-21T03:46:28.148Z [LOG] [parse_extracted_emails.js] Parsed: parsed-INBOX-uid-5584.json
2026-04-21T03:46:28.148Z [LOG] [parse_extracted_emails.js] Parsed: parsed-INBOX-uid-5585.json
2026-04-21T03:46:28.148Z [LOG] [parse_extracted_emails.js] Parsed: parsed-INBOX-uid-5586.json
2026-04-21T03:46:28.148Z [LOG] [parse_extracted_emails.js] Parsed: parsed-INBOX-uid-5587.json
2026-04-21T03:46:28.148Z [LOG] [parse_extracted_emails.js] Parsed: parsed-INBOX-uid-5588.json
2026-04-21T03:46:28.148Z [LOG] [parse_extracted_emails.js] Parsed: parsed-INBOX-uid-5589.json
2026-04-21T03:46:28.148Z [LOG] [parse_extracted_emails.js] Parsed: parsed-INBOX-uid-5590.json
2026-04-21T03:46:28.148Z [LOG] [parse_extracted_emails.js] Parsed: parsed-INBOX-uid-5591.json
2026-04-21T03:46:28.148Z [LOG] [parse_extracted_emails.js] Parsed: parsed-INBOX-uid-5592.json
2026-04-21T03:46:28.148Z [LOG] [parse_extracted_emails.js] Parsed: parsed-INBOX-uid-5593.json
2026-04-21T03:46:28.148Z [LOG] [parse_extracted_emails.js] Parsed: parsed-INBOX-uid-5594.json
2026-04-21T03:46:28.148Z [LOG] [parse_extracted_emails.js] Parsed: parsed-INBOX-uid-5595.json
2026-04-21T03:46:28.148Z [LOG] [parse_extracted_emails.js] Parsed: parsed-INBOX-uid-5596.json
2026-04-21T03:46:28.148Z [LOG] [parse_extracted_emails.js] Parsed: parsed-INBOX-uid-5597.json
2026-04-21T03:46:28.148Z [LOG] [parse_extracted_emails.js] Parsed: parsed-INBOX-uid-5598.json
2026-04-21T03:46:28.148Z [LOG] [parse_extracted_emails.js] Parsed: parsed-INBOX-uid-5599.json
2026-04-21T03:46:28.148Z [LOG] [parse_extracted_emails.js] Parsed: parsed-INBOX-uid-5600.json
2026-04-21T03:46:28.148Z [LOG] [parse_extracted_emails.js] Parsed: parsed-INBOX-uid-5601.json
2026-04-21T03:46:28.148Z [LOG] [parse_extracted_emails.js] Parsed: parsed-INBOX-uid-5602.json
2026-04-21T03:46:28.148Z [LOG] [parse_extracted_emails.js] Parsed: parsed-INBOX-uid-5603.json
2026-04-21T03:46:28.148Z [LOG] [parse_extracted_emails.js] Parsed: parsed-INBOX-uid-5604.json
2026-04-21T03:46:28.148Z [LOG] [parse_extracted_emails.js] Parsed: parsed-INBOX-uid-5605.json
2026-04-21T03:46:28.148Z [LOG] [parse_extracted_emails.js] Parsed: parsed-INBOX-uid-5606.json
2026-04-21T03:46:28.148Z [LOG] [parse_extracted_emails.js] Parsed: parsed-INBOX-uid-5607.json
2026-04-21T03:46:28.148Z [LOG] [parse_extracted_emails.js] Parsed: parsed-INBOX-uid-5608.json
2026-04-21T03:46:28.148Z [LOG] [parse_extracted_emails.js] Parsed: parsed-INBOX-uid-5609.json
2026-04-21T03:46:28.148Z [LOG] [parse_extracted_emails.js] Parsed: parsed-INBOX-uid-5610.json
2026-04-21T03:46:28.148Z [LOG] [parse_extracted_emails.js] Parsed: parsed-INBOX-uid-5611.json
2026-04-21T03:46:28.148Z [LOG] [parse_extracted_emails.js] Parsed: parsed-INBOX-uid-5612.json
2026-04-21T03:46:28.148Z [LOG] [parse_extracted_emails.js] Parsed: parsed-INBOX-uid-5613.json
2026-04-21T03:46:28.148Z [LOG] [parse_extracted_emails.js] Parsed: parsed-INBOX-uid-5614.json
2026-04-21T03:46:28.148Z [LOG] [parse_extracted_emails.js] Parsed: parsed-INBOX-uid-5615.json
2026-04-21T03:46:28.148Z [LOG] [parse_extracted_emails.js] Parsed: parsed-INBOX-uid-5616.json
2026-04-21T03:46:28.149Z [LOG] [parse_extracted_emails.js] Parsed: parsed-INBOX-uid-5617.json
2026-04-21T03:46:28.149Z [LOG] [parse_extracted_emails.js] Parsed: parsed-INBOX-uid-5618.json
2026-04-21T03:46:28.149Z [LOG] [parse_extracted_emails.js] Parsed: parsed-INBOX-uid-5619.json
2026-04-21T03:46:28.149Z [LOG] [parse_extracted_emails.js] Parsed: parsed-INBOX-uid-5620.json
2026-04-21T03:46:28.149Z [LOG] [parse_extracted_emails.js] Parsed: parsed-INBOX-uid-5621.json
2026-04-21T03:46:28.149Z [LOG] [parse_extracted_emails.js] Parsed: parsed-INBOX-uid-5622.json
2026-04-21T03:46:28.149Z [LOG] [parse_extracted_emails.js] Parsed: parsed-INBOX-uid-5623.json
2026-04-21T03:46:28.149Z [LOG] [parse_extracted_emails.js] Parsed: parsed-INBOX-uid-5624.json
2026-04-21T03:46:28.149Z [LOG] [parse_extracted_emails.js] Parsed: parsed-INBOX-uid-5625.json
2026-04-21T03:46:28.149Z [LOG] [parse_extracted_emails.js] Parsed: parsed-INBOX-uid-5626.json
2026-04-21T03:46:28.149Z [LOG] [parse_extracted_emails.js] Parsed: parsed-INBOX-uid-5627.json
2026-04-21T03:46:28.149Z [LOG] [parse_extracted_emails.js] Parsed: parsed-INBOX-uid-5628.json
2026-04-21T03:46:28.149Z [LOG] [parse_extracted_emails.js] Parsed: parsed-INBOX-uid-5629.json
2026-04-21T03:46:28.149Z [LOG] [parse_extracted_emails.js] Parsed: parsed-INBOX-uid-5630.json
2026-04-21T03:46:28.149Z [LOG] [parse_extracted_emails.js] Parsed: parsed-INBOX-uid-5631.json
2026-04-21T03:46:28.149Z [LOG] [parse_extracted_emails.js] Parsed: parsed-INBOX-uid-5632.json
2026-04-21T03:46:28.149Z [LOG] [parse_extracted_emails.js] Parsed: parsed-INBOX-uid-5633.json
2026-04-21T03:46:28.149Z [LOG] [parse_extracted_emails.js] Parsed: parsed-INBOX-uid-5634.json
2026-04-21T03:46:28.149Z [LOG] [parse_extracted_emails.js] Parsed: parsed-INBOX-uid-5635.json
2026-04-21T03:46:28.149Z [LOG] [parse_extracted_emails.js] Parsed: parsed-INBOX-uid-5636.json
2026-04-21T03:46:28.149Z [LOG] [parse_extracted_emails.js] Parsed: parsed-INBOX-uid-5637.json
2026-04-21T03:46:28.149Z [LOG] [parse_extracted_emails.js] Parsed: parsed-INBOX-uid-5638.json
2026-04-21T03:46:28.149Z [LOG] [parse_extracted_emails.js] Parsed: parsed-INBOX-uid-5639.json
2026-04-21T03:46:28.149Z [LOG] [parse_extracted_emails.js] Parsed: parsed-INBOX-uid-5640.json
2026-04-21T03:46:28.149Z [LOG] [parse_extracted_emails.js] Parsed: parsed-INBOX-uid-5641.json
2026-04-21T03:46:28.149Z [LOG] [parse_extracted_emails.js] Parsed: parsed-INBOX-uid-5642.json
2026-04-21T03:46:28.149Z [LOG] [parse_extracted_emails.js] Parsed: parsed-INBOX-uid-5643.json
2026-04-21T03:46:28.149Z [LOG] [parse_extracted_emails.js] Parsed: parsed-INBOX-uid-5644.json
2026-04-21T03:46:28.149Z [LOG] [parse_extracted_emails.js] Parsed: parsed-INBOX-uid-5645.json
2026-04-21T03:46:28.149Z [LOG] [parse_extracted_emails.js] Parsed: parsed-INBOX-uid-5646.json
2026-04-21T03:46:28.149Z [LOG] [parse_extracted_emails.js] Parsed: parsed-INBOX-uid-5647.json
2026-04-21T03:46:28.149Z [LOG] [parse_extracted_emails.js] Parsed: parsed-INBOX-uid-5648.json
2026-04-21T03:46:28.149Z [LOG] [parse_extracted_emails.js] Parsed: parsed-INBOX-uid-5649.json
2026-04-21T03:46:28.149Z [LOG] [parse_extracted_emails.js] Parsed: parsed-INBOX-uid-5650.json
2026-04-21T03:46:28.149Z [LOG] [parse_extracted_emails.js] Parsed: parsed-INBOX-uid-5651.json
2026-04-21T03:46:28.149Z [LOG] [parse_extracted_emails.js] Parsed: parsed-INBOX-uid-5652.json
2026-04-21T03:46:28.149Z [LOG] [parse_extracted_emails.js] Parsed: parsed-INBOX-uid-5653.json
2026-04-21T03:46:28.149Z [LOG] [parse_extracted_emails.js] Parsed: parsed-INBOX-uid-5654.json
2026-04-21T03:46:28.149Z [LOG] [parse_extracted_emails.js] Parsed: parsed-INBOX-uid-5655.json
2026-04-21T03:46:28.149Z [LOG] [parse_extracted_emails.js] Parsed: parsed-INBOX-uid-5656.json
2026-04-21T03:46:28.149Z [LOG] [parse_extracted_emails.js] Parsed: parsed-INBOX-uid-5657.json
2026-04-21T03:46:28.149Z [LOG] [parse_extracted_emails.js] Parsed: parsed-INBOX-uid-5658.json
2026-04-21T03:46:28.153Z [LOG] [parse_extracted_emails.js] Parsed: parsed-INBOX-uid-5659.json
2026-04-21T03:46:28.153Z [LOG] [parse_extracted_emails.js] Parsed: parsed-INBOX-uid-5660.json
2026-04-21T03:46:28.153Z [LOG] [parse_extracted_emails.js] Parsed: parsed-INBOX-uid-5661.json
2026-04-21T03:46:28.153Z [LOG] [parse_extracted_emails.js] Parsed: parsed-INBOX-uid-5662.json
2026-04-21T03:46:28.153Z [LOG] [parse_extracted_emails.js] Parsed: parsed-INBOX-uid-5663.json
2026-04-21T03:46:28.153Z [LOG] [parse_extracted_emails.js] Parsed: parsed-INBOX-uid-5664.json
2026-04-21T03:46:28.153Z [LOG] [parse_extracted_emails.js] Parsed: parsed-INBOX-uid-5665.json
2026-04-21T03:46:28.153Z [LOG] [parse_extracted_emails.js] Parsed: parsed-INBOX-uid-5666.json
2026-04-21T03:46:28.153Z [LOG] [parse_extracted_emails.js] Parsed: parsed-INBOX-uid-5667.json
2026-04-21T03:46:28.153Z [LOG] [parse_extracted_emails.js] Parsed: parsed-INBOX-uid-5668.json
2026-04-21T03:46:28.153Z [LOG] [parse_extracted_emails.js] Parsed: parsed-INBOX-uid-5669.json
2026-04-21T03:46:28.153Z [LOG] [parse_extracted_emails.js] Parsed: parsed-INBOX-uid-5670.json
2026-04-21T03:46:28.153Z [LOG] [parse_extracted_emails.js] Parsed: parsed-INBOX-uid-5671.json
2026-04-21T03:46:28.153Z [LOG] [parse_extracted_emails.js] Parsed: parsed-INBOX-uid-5672.json
2026-04-21T03:46:28.153Z [LOG] [parse_extracted_emails.js] Parsed: parsed-INBOX-uid-5673.json
2026-04-21T03:46:28.153Z [LOG] [parse_extracted_emails.js] Parsed: parsed-INBOX-uid-5674.json
2026-04-21T03:46:28.153Z [LOG] [parse_extracted_emails.js] Parsed: parsed-INBOX-uid-5675.json
2026-04-21T03:46:28.153Z [LOG] [parse_extracted_emails.js] Parsed: parsed-INBOX-uid-5676.json
2026-04-21T03:46:28.153Z [LOG] [parse_extracted_emails.js] Parsed: parsed-INBOX-uid-5677.json
2026-04-21T03:46:28.153Z [LOG] [parse_extracted_emails.js] Parsed: parsed-INBOX-uid-5678.json
2026-04-21T03:46:28.153Z [LOG] [parse_extracted_emails.js] Parsed: parsed-INBOX-uid-5679.json
2026-04-21T03:46:28.153Z [LOG] [parse_extracted_emails.js] Parsed: parsed-INBOX-uid-5680.json
2026-04-21T03:46:28.153Z [LOG] [parse_extracted_emails.js] Parsed: parsed-INBOX-uid-5681.json
2026-04-21T03:46:28.153Z [LOG] [parse_extracted_emails.js] Parsed: parsed-INBOX-uid-5682.json
2026-04-21T03:46:28.153Z [LOG] [parse_extracted_emails.js] Parsed: parsed-INBOX-uid-5683.json
2026-04-21T03:46:28.153Z [LOG] [parse_extracted_emails.js] Parsed: parsed-INBOX-uid-5684.json
2026-04-21T03:46:28.153Z [LOG] [parse_extracted_emails.js] Parsed: parsed-INBOX-uid-5685.json
2026-04-21T03:46:28.153Z [LOG] [parse_extracted_emails.js] Parsed: parsed-INBOX-uid-5686.json
2026-04-21T03:46:28.153Z [LOG] [parse_extracted_emails.js] Parsed: parsed-INBOX-uid-5687.json
2026-04-21T03:46:28.153Z [LOG] [parse_extracted_emails.js] Parsed: parsed-INBOX-uid-5688.json
2026-04-21T03:46:28.153Z [LOG] [parse_extracted_emails.js] Parsed: parsed-INBOX-uid-5689.json
2026-04-21T03:46:28.153Z [LOG] [parse_extracted_emails.js] Parsed: parsed-INBOX-uid-5690.json
2026-04-21T03:46:28.153Z [LOG] [parse_extracted_emails.js] Parsed: parsed-INBOX-uid-5691.json
2026-04-21T03:46:28.153Z [LOG] [parse_extracted_emails.js] Parsed: parsed-INBOX-uid-5692.json
2026-04-21T03:46:28.153Z [LOG] [parse_extracted_emails.js] Parsed: parsed-INBOX-uid-5693.json
2026-04-21T03:46:28.153Z [LOG] [parse_extracted_emails.js] Parsed: parsed-INBOX-uid-5694.json
2026-04-21T03:46:28.154Z [LOG] [parse_extracted_emails.js] Parsed: parsed-INBOX-uid-5695.json
2026-04-21T03:46:28.154Z [LOG] [parse_extracted_emails.js] Parsed: parsed-INBOX-uid-5696.json
2026-04-21T03:46:28.154Z [LOG] [parse_extracted_emails.js] Parsed: parsed-INBOX-uid-5697.json
2026-04-21T03:46:28.154Z [LOG] [parse_extracted_emails.js] Parsed: parsed-INBOX-uid-5698.json
2026-04-21T03:46:28.154Z [LOG] [parse_extracted_emails.js] Parsed: parsed-INBOX-uid-5699.json
2026-04-21T03:46:28.154Z [LOG] [parse_extracted_emails.js] Parsed: parsed-INBOX-uid-5700.json
2026-04-21T03:46:28.154Z [LOG] [parse_extracted_emails.js] Parsed: parsed-INBOX-uid-5701.json
2026-04-21T03:46:28.154Z [LOG] [parse_extracted_emails.js] Parsed: parsed-INBOX-uid-5702.json
2026-04-21T03:46:28.154Z [LOG] [parse_extracted_emails.js] Parsed: parsed-INBOX-uid-5703.json
2026-04-21T03:46:28.154Z [LOG] [parse_extracted_emails.js] Parsed: parsed-INBOX-uid-5704.json
2026-04-21T03:46:28.154Z [LOG] [parse_extracted_emails.js] Parsed: parsed-INBOX-uid-5705.json
2026-04-21T03:46:28.154Z [LOG] [parse_extracted_emails.js] Parsed: parsed-INBOX-uid-5706.json
2026-04-21T03:46:28.154Z [LOG] [parse_extracted_emails.js] Parsed: parsed-INBOX-uid-5707.json
2026-04-21T03:46:28.154Z [LOG] [parse_extracted_emails.js] Parsed: parsed-INBOX-uid-5708.json
2026-04-21T03:46:28.154Z [LOG] [parse_extracted_emails.js] Parsed: parsed-INBOX-uid-5709.json
2026-04-21T03:46:28.154Z [LOG] [parse_extracted_emails.js] Parsed: parsed-INBOX-uid-5710.json
2026-04-21T03:46:28.154Z [LOG] [parse_extracted_emails.js] Parsed: parsed-INBOX-uid-5711.json
2026-04-21T03:46:28.154Z [LOG] [parse_extracted_emails.js] Parsed: parsed-INBOX-uid-5712.json
2026-04-21T03:46:28.154Z [LOG] [parse_extracted_emails.js] Parsed: parsed-INBOX-uid-5713.json
2026-04-21T03:46:28.154Z [LOG] [parse_extracted_emails.js] Parsed: parsed-INBOX-uid-5714.json
2026-04-21T03:46:28.154Z [LOG] [parse_extracted_emails.js] Parsed: parsed-INBOX-uid-5715.json
2026-04-21T03:46:28.154Z [LOG] [parse_extracted_emails.js] Parsed: parsed-INBOX-uid-5716.json
2026-04-21T03:46:28.154Z [LOG] [parse_extracted_emails.js] Parsed: parsed-INBOX-uid-5717.json
2026-04-21T03:46:28.154Z [LOG] [parse_extracted_emails.js] Parsed: parsed-INBOX-uid-5718.json
2026-04-21T03:46:28.154Z [LOG] [parse_extracted_emails.js] Parsed: parsed-INBOX-uid-5719.json
2026-04-21T03:46:28.154Z [LOG] [parse_extracted_emails.js] Parsed: parsed-INBOX-uid-5720.json
2026-04-21T03:46:28.154Z [LOG] [parse_extracted_emails.js] Parsed: parsed-INBOX-uid-5721.json
2026-04-21T03:46:28.155Z [LOG] [parse_extracted_emails.js] Parsed: parsed-INBOX-uid-5722.json
2026-04-21T03:46:28.155Z [LOG] [parse_extracted_emails.js] Parsed: parsed-INBOX-uid-5723.json
2026-04-21T03:46:28.155Z [LOG] [parse_extracted_emails.js] Parsed: parsed-INBOX-uid-5724.json
2026-04-21T03:46:28.155Z [LOG] [parse_extracted_emails.js] Parsed: parsed-INBOX-uid-5725.json
2026-04-21T03:46:28.155Z [LOG] [parse_extracted_emails.js] Parsed: parsed-INBOX-uid-5726.json
2026-04-21T03:46:28.155Z [LOG] [parse_extracted_emails.js] Parsed: parsed-INBOX-uid-5727.json
2026-04-21T03:46:28.155Z [LOG] [parse_extracted_emails.js] Parsed: parsed-INBOX-uid-5728.json
2026-04-21T03:46:28.155Z [LOG] [parse_extracted_emails.js] Parsed: parsed-INBOX-uid-5729.json
2026-04-21T03:46:28.155Z [LOG] [parse_extracted_emails.js] Parsed: parsed-INBOX-uid-5730.json
2026-04-21T03:46:28.155Z [LOG] [parse_extracted_emails.js] Parsed: parsed-INBOX-uid-5731.json
2026-04-21T03:46:28.155Z [LOG] [parse_extracted_emails.js] Parsed: parsed-INBOX-uid-5732.json
2026-04-21T03:46:28.155Z [LOG] [parse_extracted_emails.js] Parsed: parsed-INBOX-uid-5733.json
2026-04-21T03:46:28.155Z [LOG] [parse_extracted_emails.js] Parsed: parsed-INBOX-uid-5734.json
2026-04-21T03:46:28.155Z [LOG] [parse_extracted_emails.js] Parsed: parsed-INBOX-uid-5735.json
2026-04-21T03:46:28.155Z [LOG] [parse_extracted_emails.js] Parsed: parsed-INBOX-uid-5736.json
2026-04-21T03:46:28.155Z [LOG] [parse_extracted_emails.js] Parsed: parsed-INBOX-uid-5737.json
2026-04-21T03:46:28.155Z [LOG] [parse_extracted_emails.js] Parsed: parsed-INBOX-uid-5738.json
2026-04-21T03:46:28.155Z [LOG] [parse_extracted_emails.js] Parsed: parsed-INBOX-uid-5739.json
2026-04-21T03:46:28.155Z [LOG] [parse_extracted_emails.js] Parsed: parsed-INBOX-uid-5740.json
2026-04-21T03:46:28.155Z [LOG] [parse_extracted_emails.js] Parsed: parsed-INBOX-uid-5741.json
2026-04-21T03:46:28.155Z [LOG] [parse_extracted_emails.js] Parsed: parsed-INBOX-uid-5742.json
2026-04-21T03:46:28.155Z [LOG] [parse_extracted_emails.js] Parsed: parsed-INBOX-uid-5743.json
2026-04-21T03:46:28.155Z [LOG] [parse_extracted_emails.js] Parsed: parsed-INBOX-uid-5744.json
2026-04-21T03:46:28.155Z [LOG] [parse_extracted_emails.js] Parsed: parsed-INBOX-uid-5745.json
2026-04-21T03:46:28.155Z [LOG] [parse_extracted_emails.js] Parsed: parsed-INBOX-uid-5746.json
2026-04-21T03:46:28.155Z [LOG] [parse_extracted_emails.js] Parsed: parsed-INBOX-uid-5747.json
2026-04-21T03:46:28.155Z [LOG] [parse_extracted_emails.js] Parsed: parsed-INBOX-uid-5748.json
2026-04-21T03:46:28.155Z [LOG] [parse_extracted_emails.js] Parsed: parsed-INBOX-uid-5749.json
2026-04-21T03:46:28.155Z [LOG] [parse_extracted_emails.js] Parsed: parsed-INBOX-uid-5750.json
2026-04-21T03:46:28.155Z [LOG] [parse_extracted_emails.js] Parsed: parsed-INBOX-uid-5751.json
2026-04-21T03:46:28.155Z [LOG] [parse_extracted_emails.js] Parsed: parsed-INBOX-uid-5752.json
2026-04-21T03:46:28.155Z [LOG] [parse_extracted_emails.js] Parsed: parsed-INBOX-uid-5753.json
2026-04-21T03:46:28.155Z [LOG] [parse_extracted_emails.js] Parsed: parsed-INBOX-uid-5754.json
2026-04-21T03:46:28.155Z [LOG] [parse_extracted_emails.js] Parsed: parsed-INBOX-uid-5755.json
2026-04-21T03:46:28.155Z [LOG] [parse_extracted_emails.js] Parsed: parsed-INBOX-uid-5756.json
2026-04-21T03:46:28.155Z [LOG] [parse_extracted_emails.js] Parsed: parsed-INBOX-uid-5757.json
2026-04-21T03:46:28.155Z [LOG] [parse_extracted_emails.js] Parsed: parsed-INBOX-uid-5758.json
2026-04-21T03:46:28.155Z [LOG] [parse_extracted_emails.js] Parsed: parsed-INBOX-uid-5759.json
2026-04-21T03:46:28.155Z [LOG] [parse_extracted_emails.js] Parsed: parsed-INBOX-uid-5760.json
2026-04-21T03:46:28.155Z [LOG] [parse_extracted_emails.js] Parsed: parsed-INBOX-uid-5761.json
2026-04-21T03:46:28.155Z [LOG] [parse_extracted_emails.js] Parsed: parsed-INBOX-uid-5762.json
2026-04-21T03:46:28.155Z [LOG] [parse_extracted_emails.js] Parsed: parsed-INBOX-uid-5763.json
2026-04-21T03:46:28.155Z [LOG] [parse_extracted_emails.js] Parsed: parsed-INBOX-uid-5764.json
2026-04-21T03:46:28.155Z [LOG] [parse_extracted_emails.js] Parsed: parsed-INBOX-uid-5765.json
2026-04-21T03:46:28.156Z [LOG] [parse_extracted_emails.js] Parsed: parsed-INBOX-uid-5766.json
2026-04-21T03:46:28.156Z [LOG] [parse_extracted_emails.js] Parsed: parsed-INBOX-uid-5767.json
2026-04-21T03:46:28.156Z [LOG] [parse_extracted_emails.js] Parsed: parsed-INBOX-uid-5768.json
2026-04-21T03:46:28.156Z [LOG] [parse_extracted_emails.js] Parsed: parsed-INBOX-uid-5769.json
2026-04-21T03:46:28.156Z [LOG] [parse_extracted_emails.js] Parsed: parsed-INBOX-uid-5770.json
2026-04-21T03:46:28.156Z [LOG] [parse_extracted_emails.js] Parsed: parsed-INBOX-uid-5771.json
2026-04-21T03:46:28.156Z [LOG] [parse_extracted_emails.js] Parsed: parsed-INBOX-uid-5772.json
2026-04-21T03:46:28.156Z [LOG] [parse_extracted_emails.js] Parsed: parsed-INBOX-uid-5773.json
2026-04-21T03:46:28.156Z [LOG] [parse_extracted_emails.js] Parsed: parsed-INBOX-uid-5774.json
2026-04-21T03:46:28.156Z [LOG] [parse_extracted_emails.js] Parsed: parsed-INBOX-uid-5775.json
2026-04-21T03:46:28.156Z [LOG] [parse_extracted_emails.js] Parsed: parsed-INBOX-uid-5776.json
2026-04-21T03:46:28.156Z [LOG] [parse_extracted_emails.js] Parsed: parsed-INBOX-uid-5777.json
2026-04-21T03:46:28.156Z [LOG] [parse_extracted_emails.js] Parsed: parsed-INBOX-uid-5778.json
2026-04-21T03:46:28.156Z [LOG] [parse_extracted_emails.js] Parsed: parsed-INBOX-uid-5779.json
2026-04-21T03:46:28.156Z [LOG] [parse_extracted_emails.js] Parsed: parsed-INBOX-uid-5780.json
2026-04-21T03:46:28.156Z [LOG] [parse_extracted_emails.js] Parsed: parsed-INBOX-uid-5781.json
2026-04-21T03:46:28.156Z [LOG] [parse_extracted_emails.js] Parsed: parsed-INBOX-uid-5782.json
2026-04-21T03:46:28.156Z [LOG] [parse_extracted_emails.js] Parsed: parsed-INBOX-uid-5783.json
2026-04-21T03:46:28.156Z [LOG] [parse_extracted_emails.js] Parsed: parsed-INBOX-uid-5784.json
2026-04-21T03:46:28.156Z [LOG] [parse_extracted_emails.js] Parsed: parsed-INBOX-uid-5785.json
2026-04-21T03:46:28.156Z [LOG] [parse_extracted_emails.js] Parsed: parsed-INBOX-uid-5786.json
2026-04-21T03:46:28.156Z [LOG] [parse_extracted_emails.js] Parsed: parsed-INBOX-uid-5787.json
2026-04-21T03:46:28.156Z [LOG] [parse_extracted_emails.js] Parsed: parsed-INBOX-uid-5788.json
2026-04-21T03:46:28.156Z [LOG] [parse_extracted_emails.js] Parsed: parsed-INBOX-uid-5789.json
2026-04-21T03:46:28.156Z [LOG] [parse_extracted_emails.js] Parsed: parsed-INBOX-uid-5790.json
2026-04-21T03:46:28.156Z [LOG] [parse_extracted_emails.js] Parsed: parsed-INBOX-uid-5791.json
2026-04-21T03:46:28.156Z [LOG] [parse_extracted_emails.js] Parsed: parsed-INBOX-uid-5792.json
2026-04-21T03:46:28.156Z [LOG] [parse_extracted_emails.js] Parsed: parsed-INBOX-uid-5793.json
2026-04-21T03:46:28.156Z [LOG] [parse_extracted_emails.js] Parsed: parsed-INBOX-uid-5794.json
2026-04-21T03:46:28.156Z [LOG] [parse_extracted_emails.js] Parsed: parsed-INBOX-uid-5795.json
2026-04-21T03:46:28.156Z [LOG] [parse_extracted_emails.js] Parsed: parsed-INBOX-uid-5796.json
2026-04-21T03:46:28.156Z [LOG] [parse_extracted_emails.js] Parsed: parsed-INBOX-uid-5797.json
2026-04-21T03:46:28.156Z [LOG] [parse_extracted_emails.js] Parsed: parsed-INBOX-uid-5798.json
2026-04-21T03:46:28.156Z [LOG] [parse_extracted_emails.js] Parsed: parsed-INBOX-uid-5799.json
2026-04-21T03:46:28.156Z [LOG] [parse_extracted_emails.js] Parsed: parsed-INBOX-uid-5800.json
2026-04-21T03:46:28.156Z [LOG] [parse_extracted_emails.js] Parsed: parsed-INBOX-uid-5801.json
2026-04-21T03:46:28.156Z [LOG] [parse_extracted_emails.js] Parsed: parsed-INBOX-uid-5802.json
2026-04-21T03:46:28.156Z [LOG] [parse_extracted_emails.js] Parsed: parsed-INBOX-uid-5803.json
2026-04-21T03:46:28.156Z [LOG] [parse_extracted_emails.js] Parsed: parsed-INBOX-uid-5804.json
2026-04-21T03:46:28.156Z [LOG] [parse_extracted_emails.js] Parsed: parsed-INBOX-uid-5805.json
2026-04-21T03:46:28.156Z [LOG] [parse_extracted_emails.js] Parsed: parsed-INBOX-uid-5806.json
2026-04-21T03:46:28.156Z [LOG] [parse_extracted_emails.js] Parsed: parsed-INBOX-uid-5807.json
2026-04-21T03:46:28.156Z [LOG] [parse_extracted_emails.js] Parsed: parsed-INBOX-uid-5808.json
2026-04-21T03:46:28.156Z [LOG] [parse_extracted_emails.js] Parsed: parsed-INBOX-uid-5809.json
2026-04-21T03:46:28.156Z [LOG] [parse_extracted_emails.js] Parsed: parsed-INBOX-uid-5810.json
2026-04-21T03:46:28.156Z [LOG] [parse_extracted_emails.js] Parsed: parsed-INBOX-uid-5811.json
2026-04-21T03:46:28.156Z [LOG] [parse_extracted_emails.js] Parsed: parsed-INBOX-uid-5812.json
2026-04-21T03:46:28.157Z [LOG] [parse_extracted_emails.js] Parsed: parsed-INBOX-uid-5813.json
2026-04-21T03:46:28.157Z [LOG] [parse_extracted_emails.js] Parsed: parsed-INBOX-uid-5814.json
2026-04-21T03:46:28.157Z [LOG] [parse_extracted_emails.js] Parsed: parsed-INBOX-uid-5815.json
2026-04-21T03:46:28.157Z [LOG] [parse_extracted_emails.js] Parsed: parsed-INBOX-uid-5816.json
2026-04-21T03:46:28.157Z [LOG] [parse_extracted_emails.js] Parsed: parsed-INBOX-uid-5817.json
2026-04-21T03:46:28.157Z [LOG] [parse_extracted_emails.js] Parsed: parsed-INBOX-uid-5818.json
2026-04-21T03:46:28.157Z [LOG] [parse_extracted_emails.js] Parsed: parsed-INBOX-uid-5819.json
2026-04-21T03:46:28.157Z [LOG] [parse_extracted_emails.js] Parsed: parsed-INBOX-uid-5820.json
2026-04-21T03:46:28.157Z [LOG] [parse_extracted_emails.js] Parsed: parsed-INBOX-uid-5821.json
2026-04-21T03:46:28.157Z [LOG] [parse_extracted_emails.js] Parsed: parsed-INBOX-uid-5822.json
2026-04-21T03:46:28.157Z [LOG] [parse_extracted_emails.js] Parsed: parsed-INBOX-uid-5823.json
2026-04-21T03:46:28.157Z [LOG] [parse_extracted_emails.js] Parsed: parsed-INBOX-uid-5824.json
2026-04-21T03:46:28.157Z [LOG] [parse_extracted_emails.js] Parsed: parsed-INBOX-uid-5825.json
2026-04-21T03:46:28.157Z [LOG] [parse_extracted_emails.js] Parsed: parsed-INBOX-uid-5826.json
2026-04-21T03:46:28.157Z [LOG] [parse_extracted_emails.js] Parsed: parsed-INBOX-uid-5827.json
2026-04-21T03:46:28.157Z [LOG] [parse_extracted_emails.js] Parsed: parsed-INBOX-uid-5828.json
2026-04-21T03:46:28.157Z [LOG] [parse_extracted_emails.js] Parsed: parsed-INBOX-uid-5829.json
2026-04-21T03:46:28.157Z [LOG] [parse_extracted_emails.js] Parsed: parsed-INBOX-uid-5830.json
2026-04-21T03:46:28.157Z [LOG] [parse_extracted_emails.js] Parsed: parsed-INBOX-uid-5831.json
2026-04-21T03:46:28.157Z [LOG] [parse_extracted_emails.js] Parsed: parsed-INBOX-uid-5832.json
2026-04-21T03:46:28.157Z [LOG] [parse_extracted_emails.js] Parsed: parsed-INBOX-uid-5833.json
2026-04-21T03:46:28.157Z [LOG] [parse_extracted_emails.js] Parsed: parsed-INBOX-uid-5834.json
2026-04-21T03:46:28.157Z [LOG] [parse_extracted_emails.js] Parsed: parsed-INBOX-uid-5835.json
2026-04-21T03:46:28.157Z [LOG] [parse_extracted_emails.js] Parsed: parsed-INBOX-uid-5836.json
2026-04-21T03:46:28.157Z [LOG] [parse_extracted_emails.js] Parsed: parsed-INBOX-uid-5837.json
2026-04-21T03:46:28.157Z [LOG] [parse_extracted_emails.js] Parsed: parsed-INBOX-uid-5838.json
2026-04-21T03:46:28.157Z [LOG] [parse_extracted_emails.js] Parsed: parsed-INBOX-uid-5839.json
2026-04-21T03:46:28.157Z [LOG] [parse_extracted_emails.js] Parsed: parsed-INBOX-uid-5840.json
2026-04-21T03:46:28.157Z [LOG] [parse_extracted_emails.js] Parsed: parsed-INBOX-uid-5841.json
2026-04-21T03:46:28.157Z [LOG] [parse_extracted_emails.js] Parsed: parsed-INBOX-uid-5842.json
2026-04-21T03:46:28.157Z [LOG] [parse_extracted_emails.js] Parsed: parsed-INBOX-uid-5843.json
2026-04-21T03:46:28.157Z [LOG] [parse_extracted_emails.js] Parsed: parsed-INBOX-uid-5844.json
2026-04-21T03:46:28.157Z [LOG] [parse_extracted_emails.js] Parsed: parsed-INBOX-uid-5845.json
2026-04-21T03:46:28.157Z [LOG] [parse_extracted_emails.js] Parsed: parsed-INBOX-uid-5846.json
2026-04-21T03:46:28.157Z [LOG] [parse_extracted_emails.js] Parsed: parsed-INBOX-uid-5847.json
2026-04-21T03:46:28.157Z [LOG] [parse_extracted_emails.js] Parsed: parsed-INBOX-uid-5848.json
2026-04-21T03:46:28.157Z [LOG] [parse_extracted_emails.js] Parsed: parsed-INBOX-uid-5849.json
2026-04-21T03:46:28.157Z [LOG] [parse_extracted_emails.js] Parsed: parsed-INBOX-uid-5850.json
2026-04-21T03:46:28.157Z [LOG] [parse_extracted_emails.js] Parsed: parsed-INBOX-uid-5851.json
2026-04-21T03:46:28.157Z [LOG] [parse_extracted_emails.js] Parsed: parsed-INBOX-uid-5852.json
2026-04-21T03:46:28.157Z [LOG] [parse_extracted_emails.js] Parsed: parsed-INBOX-uid-5853.json
2026-04-21T03:46:28.157Z [LOG] [parse_extracted_emails.js] Parsed: parsed-INBOX-uid-5854.json
2026-04-21T03:46:28.157Z [LOG] [parse_extracted_emails.js] Parsed: parsed-INBOX-uid-5855.json
2026-04-21T03:46:28.157Z [LOG] [parse_extracted_emails.js] Parsed: parsed-INBOX-uid-5856.json
2026-04-21T03:46:28.157Z [LOG] [parse_extracted_emails.js] Parsed: parsed-INBOX-uid-5857.json
2026-04-21T03:46:28.157Z [LOG] [parse_extracted_emails.js] Parsed: parsed-INBOX-uid-5858.json
2026-04-21T03:46:28.157Z [LOG] [parse_extracted_emails.js] Parsed: parsed-INBOX-uid-5859.json
2026-04-21T03:46:28.157Z [LOG] [parse_extracted_emails.js] Parsed: parsed-INBOX-uid-5860.json
2026-04-21T03:46:28.157Z [LOG] [parse_extracted_emails.js] Parsed: parsed-INBOX-uid-5861.json
2026-04-21T03:46:28.157Z [LOG] [parse_extracted_emails.js] Parsed: parsed-INBOX-uid-5862.json
2026-04-21T03:46:28.157Z [LOG] [parse_extracted_emails.js] Parsed: parsed-INBOX-uid-5863.json
2026-04-21T03:46:28.158Z [LOG] [parse_extracted_emails.js] Parsed: parsed-INBOX-uid-5864.json
2026-04-21T03:46:28.158Z [LOG] [parse_extracted_emails.js] Parsed: parsed-INBOX-uid-5865.json
2026-04-21T03:46:28.158Z [LOG] [parse_extracted_emails.js] Parsed: parsed-INBOX-uid-5866.json
2026-04-21T03:46:28.158Z [LOG] [parse_extracted_emails.js] Parsed: parsed-INBOX-uid-5867.json
2026-04-21T03:46:28.158Z [LOG] [parse_extracted_emails.js] Parsed: parsed-INBOX-uid-5868.json
2026-04-21T03:46:28.158Z [LOG] [parse_extracted_emails.js] Parsed: parsed-INBOX-uid-5869.json
2026-04-21T03:46:28.158Z [LOG] [parse_extracted_emails.js] Parsed: parsed-INBOX-uid-5870.json
2026-04-21T03:46:28.158Z [LOG] [parse_extracted_emails.js] Parsed: parsed-INBOX-uid-5871.json
2026-04-21T03:46:28.158Z [LOG] [parse_extracted_emails.js] Parsed: parsed-INBOX-uid-5872.json
2026-04-21T03:46:28.158Z [LOG] [parse_extracted_emails.js] Parsed: parsed-INBOX-uid-5873.json
2026-04-21T03:46:28.158Z [LOG] [parse_extracted_emails.js] Parsed: parsed-INBOX-uid-5874.json
2026-04-21T03:46:28.158Z [LOG] [parse_extracted_emails.js] Parsed: parsed-INBOX-uid-5875.json
2026-04-21T03:46:28.158Z [LOG] [parse_extracted_emails.js] Parsed: parsed-INBOX-uid-5876.json
2026-04-21T03:46:28.158Z [LOG] [parse_extracted_emails.js] Parsed: parsed-INBOX-uid-5877.json
2026-04-21T03:46:28.158Z [LOG] [parse_extracted_emails.js] Parsed: parsed-INBOX-uid-5878.json
2026-04-21T03:46:28.158Z [LOG] [parse_extracted_emails.js] Parsed: parsed-INBOX-uid-5879.json
2026-04-21T03:46:28.158Z [LOG] [parse_extracted_emails.js] Parsed: parsed-INBOX-uid-5880.json
2026-04-21T03:46:28.158Z [LOG] [parse_extracted_emails.js] Parsed: parsed-INBOX-uid-5881.json
2026-04-21T03:46:28.158Z [LOG] [parse_extracted_emails.js] Parsed: parsed-INBOX-uid-5882.json
2026-04-21T03:46:28.158Z [LOG] [parse_extracted_emails.js] Parsed: parsed-INBOX-uid-5883.json
2026-04-21T03:46:28.158Z [LOG] [parse_extracted_emails.js] Parsed: parsed-INBOX-uid-5884.json
2026-04-21T03:46:28.158Z [LOG] [parse_extracted_emails.js] Parsed: parsed-INBOX-uid-5885.json
2026-04-21T03:46:28.158Z [LOG] [parse_extracted_emails.js] Parsed: parsed-INBOX-uid-5886.json
2026-04-21T03:46:28.158Z [LOG] [parse_extracted_emails.js] Parsed: parsed-INBOX-uid-5887.json
2026-04-21T03:46:28.158Z [LOG] [parse_extracted_emails.js] Parsed: parsed-INBOX-uid-5888.json
2026-04-21T03:46:28.158Z [LOG] [parse_extracted_emails.js] Parsed: parsed-INBOX-uid-5889.json
2026-04-21T03:46:28.158Z [LOG] [parse_extracted_emails.js] Parsed: parsed-INBOX-uid-5890.json
2026-04-21T03:46:28.158Z [LOG] [parse_extracted_emails.js] Parsed: parsed-INBOX-uid-5891.json
2026-04-21T03:46:28.158Z [LOG] [parse_extracted_emails.js] Parsed: parsed-INBOX-uid-5892.json
2026-04-21T03:46:28.158Z [LOG] [parse_extracted_emails.js] Parsed: parsed-INBOX-uid-5893.json
2026-04-21T03:46:28.158Z [LOG] [parse_extracted_emails.js] Parsed: parsed-INBOX-uid-5894.json
2026-04-21T03:46:28.158Z [LOG] [parse_extracted_emails.js] Parsed: parsed-INBOX-uid-5895.json
2026-04-21T03:46:28.158Z [LOG] [parse_extracted_emails.js] Parsed: parsed-INBOX-uid-5896.json
2026-04-21T03:46:28.158Z [LOG] [parse_extracted_emails.js] Parsed: parsed-INBOX-uid-5897.json
2026-04-21T03:46:28.158Z [LOG] [parse_extracted_emails.js] Parsed: parsed-INBOX-uid-5898.json
2026-04-21T03:46:28.158Z [LOG] [parse_extracted_emails.js] Parsed: parsed-INBOX-uid-5899.json
2026-04-21T03:46:28.158Z [LOG] [parse_extracted_emails.js] Parsed: parsed-INBOX-uid-5900.json
2026-04-21T03:46:28.158Z [LOG] [parse_extracted_emails.js] Parsed: parsed-INBOX-uid-5901.json
2026-04-21T03:46:28.158Z [LOG] [parse_extracted_emails.js] Parsed: parsed-INBOX-uid-5902.json
2026-04-21T03:46:28.158Z [LOG] [parse_extracted_emails.js] Parsed: parsed-INBOX-uid-5903.json
2026-04-21T03:46:28.158Z [LOG] [parse_extracted_emails.js] Parsed: parsed-INBOX-uid-5904.json
2026-04-21T03:46:28.158Z [LOG] [parse_extracted_emails.js] Parsed: parsed-INBOX-uid-5905.json
2026-04-21T03:46:28.158Z [LOG] [parse_extracted_emails.js] Parsed: parsed-INBOX-uid-5906.json
2026-04-21T03:46:28.158Z [LOG] [parse_extracted_emails.js] Parsed: parsed-INBOX-uid-5907.json
2026-04-21T03:46:28.158Z [LOG] [parse_extracted_emails.js] Parsed: parsed-INBOX-uid-5911.json
2026-04-21T03:46:28.158Z [LOG] [parse_extracted_emails.js] Parsed: parsed-INBOX-uid-5912.json
2026-04-21T03:46:28.158Z [LOG] [parse_extracted_emails.js] Parsed: parsed-INBOX-uid-5913.json
2026-04-21T03:46:28.158Z [LOG] [parse_extracted_emails.js] Parsed: parsed-INBOX-uid-5914.json
2026-04-21T03:46:28.158Z [LOG] [parse_extracted_emails.js] Parsed: parsed-INBOX-uid-5915.json
2026-04-21T03:46:28.158Z [LOG] [parse_extracted_emails.js] Parsed: parsed-INBOX-uid-5916.json
2026-04-21T03:46:28.158Z [LOG] [parse_extracted_emails.js] Parsed: parsed-INBOX-uid-5917.json
2026-04-21T03:46:28.158Z [LOG] [parse_extracted_emails.js] Parsed: parsed-INBOX-uid-5918.json
2026-04-21T03:46:28.158Z [LOG] [parse_extracted_emails.js] Parsed: parsed-INBOX-uid-5919.json
2026-04-21T03:46:28.158Z [LOG] [parse_extracted_emails.js] Parsed: parsed-INBOX-uid-5920.json
2026-04-21T03:46:28.158Z [LOG] [parse_extracted_emails.js] Parsed: parsed-INBOX-uid-5921.json
2026-04-21T03:46:28.158Z [LOG] [parse_extracted_emails.js] Parsed: parsed-INBOX-uid-5922.json
2026-04-21T03:46:28.158Z [LOG] [parse_extracted_emails.js] Parsed: parsed-INBOX-uid-5923.json
2026-04-21T03:46:28.158Z [LOG] [parse_extracted_emails.js] Parsed: parsed-INBOX-uid-5924.json
2026-04-21T03:46:28.158Z [LOG] [parse_extracted_emails.js] Parsed: parsed-INBOX-uid-5925.json
2026-04-21T03:46:28.158Z [LOG] [parse_extracted_emails.js] Parsed: parsed-INBOX-uid-5926.json
2026-04-21T03:46:28.158Z [LOG] [parse_extracted_emails.js] Parsed: parsed-INBOX-uid-5927.json
2026-04-21T03:46:28.158Z [LOG] [parse_extracted_emails.js] Parsed: parsed-INBOX-uid-5928.json
2026-04-21T03:46:28.158Z [LOG] [parse_extracted_emails.js] Parsed: parsed-INBOX-uid-5929.json
2026-04-21T03:46:28.158Z [LOG] [parse_extracted_emails.js] Parsed: parsed-INBOX-uid-5930.json
2026-04-21T03:46:28.158Z [LOG] [parse_extracted_emails.js] Parsed: parsed-INBOX-uid-5931.json
2026-04-21T03:46:28.158Z [LOG] [parse_extracted_emails.js] Parsed: parsed-INBOX-uid-5932.json
2026-04-21T03:46:28.158Z [LOG] [parse_extracted_emails.js] Parsed: parsed-INBOX-uid-5934.json
2026-04-21T03:46:28.158Z [LOG] [parse_extracted_emails.js] Parsed: parsed-INBOX-uid-5935.json
2026-04-21T03:46:28.158Z [LOG] [parse_extracted_emails.js] Parsed: parsed-INBOX-uid-5936.json
2026-04-21T03:46:28.158Z [LOG] [parse_extracted_emails.js] Parsed: parsed-INBOX-uid-5937.json
2026-04-21T03:46:28.158Z [LOG] [parse_extracted_emails.js] Parsed: parsed-INBOX-uid-5938.json
2026-04-21T03:46:28.158Z [LOG] [parse_extracted_emails.js] Parsed: parsed-INBOX-uid-5939.json
2026-04-21T03:46:28.158Z [LOG] [parse_extracted_emails.js] Parsed: parsed-INBOX-uid-5940.json
2026-04-21T03:46:28.158Z [LOG] [parse_extracted_emails.js] Parsed: parsed-INBOX-uid-5941.json
2026-04-21T03:46:28.158Z [LOG] [parse_extracted_emails.js] Parsed: parsed-INBOX-uid-5942.json
2026-04-21T03:46:28.158Z [LOG] [parse_extracted_emails.js] Parsed: parsed-INBOX-uid-5943.json
2026-04-21T03:46:28.158Z [LOG] [parse_extracted_emails.js] Parsed: parsed-INBOX-uid-5944.json
2026-04-21T03:46:28.158Z [LOG] [parse_extracted_emails.js] Parsed: parsed-INBOX-uid-5945.json
2026-04-21T03:46:28.158Z [LOG] [parse_extracted_emails.js] Parsed: parsed-INBOX-uid-5946.json
2026-04-21T03:46:28.158Z [LOG] [parse_extracted_emails.js] Parsed: parsed-INBOX-uid-5948.json
2026-04-21T03:46:28.159Z [LOG] [parse_extracted_emails.js] Parsed: parsed-INBOX-uid-5949.json
2026-04-21T03:46:28.159Z [LOG] [parse_extracted_emails.js] Parsed: parsed-INBOX-uid-5950.json
2026-04-21T03:46:28.159Z [LOG] [parse_extracted_emails.js] Parsed: parsed-INBOX-uid-5951.json
2026-04-21T03:46:28.159Z [LOG] [parse_extracted_emails.js] Parsed: parsed-INBOX-uid-5952.json
2026-04-21T03:46:28.159Z [LOG] [parse_extracted_emails.js] Parsed: parsed-INBOX-uid-5953.json
2026-04-21T03:46:28.159Z [LOG] [parse_extracted_emails.js] Parsed: parsed-INBOX-uid-5954.json
2026-04-21T03:46:28.159Z [LOG] [parse_extracted_emails.js] Parsed: parsed-INBOX-uid-5955.json
2026-04-21T03:46:28.159Z [LOG] [parse_extracted_emails.js] Parsed: parsed-INBOX-uid-5956.json
2026-04-21T03:46:28.159Z [LOG] [parse_extracted_emails.js] Parsed: parsed-INBOX-uid-5957.json
2026-04-21T03:46:28.159Z [LOG] [parse_extracted_emails.js] Parsed: parsed-INBOX-uid-5958.json
2026-04-21T03:46:28.159Z [LOG] [parse_extracted_emails.js] Parsed: parsed-INBOX-uid-5959.json
2026-04-21T03:46:28.159Z [LOG] [parse_extracted_emails.js] Parsed: parsed-INBOX-uid-5960.json
2026-04-21T03:46:28.159Z [LOG] [parse_extracted_emails.js] Parsed: parsed-INBOX-uid-5961.json
2026-04-21T03:46:28.159Z [LOG] [parse_extracted_emails.js] Parsed: parsed-INBOX-uid-5962.json
2026-04-21T03:46:28.159Z [LOG] [parse_extracted_emails.js] Parsed: parsed-INBOX-uid-5963.json
2026-04-21T03:46:28.159Z [LOG] [parse_extracted_emails.js] Parsed: parsed-INBOX-uid-5964.json
2026-04-21T03:46:28.159Z [LOG] [parse_extracted_emails.js] Parsed: parsed-INBOX-uid-5965.json
2026-04-21T03:46:28.159Z [LOG] [parse_extracted_emails.js] Parsed: parsed-INBOX-uid-5966.json
2026-04-21T03:46:28.159Z [LOG] [parse_extracted_emails.js] Parsed: parsed-INBOX-uid-5967.json
2026-04-21T03:46:28.159Z [LOG] [parse_extracted_emails.js] Parsed: parsed-INBOX-uid-5968.json
2026-04-21T03:46:28.159Z [LOG] [parse_extracted_emails.js] Parsed: parsed-INBOX-uid-5969.json
2026-04-21T03:46:28.159Z [LOG] [parse_extracted_emails.js] Parsed: parsed-INBOX-uid-5970.json
2026-04-21T03:46:28.159Z [LOG] [parse_extracted_emails.js] Parsed: parsed-INBOX-uid-5971.json
2026-04-21T03:46:28.159Z [LOG] [parse_extracted_emails.js] Parsed: parsed-INBOX-uid-5972.json
2026-04-21T03:46:28.159Z [LOG] [parse_extracted_emails.js] Parsed: parsed-INBOX-uid-5973.json
2026-04-21T03:46:28.159Z [LOG] [parse_extracted_emails.js] Parsed: parsed-INBOX-uid-5974.json
2026-04-21T03:46:28.159Z [LOG] [parse_extracted_emails.js] Parsed: parsed-INBOX-uid-5975.json
2026-04-21T03:46:28.159Z [LOG] [parse_extracted_emails.js] Parsed: parsed-INBOX-uid-5976.json
2026-04-21T03:46:28.159Z [LOG] [parse_extracted_emails.js] Parsed: parsed-INBOX-uid-5977.json
2026-04-21T03:46:28.159Z [LOG] [parse_extracted_emails.js] Parsed: parsed-INBOX-uid-5978.json
2026-04-21T03:46:28.159Z [LOG] [parse_extracted_emails.js] Parsed: parsed-INBOX-uid-5979.json
2026-04-21T03:46:28.159Z [LOG] [parse_extracted_emails.js] Parsed: parsed-INBOX-uid-5980.json
2026-04-21T03:46:28.159Z [LOG] [parse_extracted_emails.js] Parsed: parsed-INBOX-uid-5981.json
2026-04-21T03:46:28.159Z [LOG] [parse_extracted_emails.js] Parsed: parsed-INBOX-uid-5982.json
2026-04-21T03:46:28.159Z [LOG] [parse_extracted_emails.js] Parsed: parsed-INBOX-uid-5983.json
2026-04-21T03:46:28.159Z [LOG] [parse_extracted_emails.js] Parsed: parsed-INBOX-uid-6005.json
2026-04-21T03:46:28.159Z [LOG] [parse_extracted_emails.js] Parsed: parsed-INBOX-uid-6006.json
2026-04-21T03:46:28.159Z [LOG] [parse_extracted_emails.js] Parsed: parsed-INBOX-uid-6007.json
2026-04-21T03:46:28.159Z [LOG] [parse_extracted_emails.js] Parsed: parsed-INBOX-uid-6008.json
2026-04-21T03:46:28.159Z [LOG] [parse_extracted_emails.js] Parsed: parsed-INBOX-uid-6009.json
2026-04-21T03:46:28.159Z [LOG] [parse_extracted_emails.js] Parsed: parsed-INBOX-uid-6010.json
2026-04-21T03:46:28.159Z [LOG] [parse_extracted_emails.js] Parsed: parsed-INBOX-uid-6011.json
2026-04-21T03:46:28.159Z [LOG] [parse_extracted_emails.js] Parsed: parsed-INBOX-uid-6012.json
2026-04-21T03:46:28.159Z [LOG] [parse_extracted_emails.js] Parsed: parsed-INBOX-uid-6013.json
2026-04-21T03:46:28.159Z [LOG] [parse_extracted_emails.js] Parsed: parsed-INBOX-uid-6014.json
2026-04-21T03:46:28.159Z [LOG] [parse_extracted_emails.js] Parsed: parsed-INBOX-uid-6015.json
2026-04-21T03:46:28.159Z [LOG] [parse_extracted_emails.js] Parsed: parsed-INBOX-uid-6016.json
2026-04-21T03:46:28.159Z [LOG] [parse_extracted_emails.js] Parsed: parsed-INBOX-uid-6017.json
2026-04-21T03:46:28.159Z [LOG] [parse_extracted_emails.js] Parsed: parsed-INBOX-uid-6018.json
2026-04-21T03:46:28.159Z [LOG] [parse_extracted_emails.js] Parsed: parsed-INBOX-uid-6019.json
2026-04-21T03:46:28.159Z [LOG] [parse_extracted_emails.js] Parsed: parsed-INBOX-uid-6020.json
2026-04-21T03:46:28.159Z [LOG] [parse_extracted_emails.js] Parsed: parsed-INBOX-uid-6021.json
2026-04-21T03:46:28.159Z [LOG] [parse_extracted_emails.js] Parsed: parsed-INBOX-uid-6022.json
2026-04-21T03:46:28.159Z [LOG] [parse_extracted_emails.js] Parsed: parsed-INBOX-uid-6023.json
2026-04-21T03:46:28.159Z [LOG] [parse_extracted_emails.js] Parsed: parsed-INBOX-uid-6024.json
2026-04-21T03:46:28.159Z [LOG] [parse_extracted_emails.js] Parsed: parsed-INBOX-uid-6025.json
2026-04-21T03:46:28.159Z [LOG] [parse_extracted_emails.js] Parsed: parsed-INBOX-uid-6026.json
2026-04-21T03:46:28.159Z [LOG] [parse_extracted_emails.js] Parsed: parsed-INBOX-uid-6027.json
2026-04-21T03:46:28.159Z [LOG] [parse_extracted_emails.js] Parsed: parsed-INBOX-uid-6028.json
2026-04-21T03:46:28.159Z [LOG] [parse_extracted_emails.js] Parsed: parsed-INBOX-uid-6029.json
2026-04-21T03:46:28.159Z [LOG] [parse_extracted_emails.js] Parsed: parsed-INBOX-uid-6030.json
2026-04-21T03:46:28.159Z [LOG] [parse_extracted_emails.js] Parsed: parsed-INBOX-uid-6031.json
2026-04-21T03:46:28.159Z [LOG] [parse_extracted_emails.js] Parsed: parsed-INBOX-uid-6032.json
2026-04-21T03:46:28.159Z [LOG] [parse_extracted_emails.js] Parsed: parsed-INBOX-uid-6033.json
2026-04-21T03:46:28.159Z [LOG] [parse_extracted_emails.js] Parsed: parsed-INBOX-uid-6034.json
2026-04-21T03:46:28.159Z [LOG] [parse_extracted_emails.js] Parsed: parsed-INBOX-uid-6035.json
2026-04-21T03:46:28.160Z [LOG] [parse_extracted_emails.js] Parsed: parsed-INBOX-uid-6036.json
2026-04-21T03:46:28.160Z [LOG] [parse_extracted_emails.js] Parsed: parsed-INBOX-uid-6037.json
2026-04-21T03:46:28.160Z [LOG] [parse_extracted_emails.js] Parsed: parsed-INBOX-uid-6038.json
2026-04-21T03:46:28.160Z [LOG] [parse_extracted_emails.js] Parsed: parsed-INBOX-uid-6039.json
2026-04-21T03:46:28.160Z [LOG] [parse_extracted_emails.js] Parsed: parsed-INBOX-uid-6040.json
2026-04-21T03:46:28.160Z [LOG] [parse_extracted_emails.js] Parsed: parsed-INBOX-uid-6041.json
2026-04-21T03:46:28.160Z [LOG] [parse_extracted_emails.js] Parsed: parsed-INBOX-uid-6042.json
2026-04-21T03:46:28.160Z [LOG] [parse_extracted_emails.js] Parsed: parsed-INBOX-uid-6043.json
2026-04-21T03:46:28.160Z [LOG] [parse_extracted_emails.js] Parsed: parsed-INBOX-uid-6044.json
2026-04-21T03:46:28.160Z [LOG] [parse_extracted_emails.js] Parsed: parsed-INBOX-uid-6045.json
2026-04-21T03:46:28.160Z [LOG] [parse_extracted_emails.js] Parsed: parsed-INBOX-uid-6046.json
2026-04-21T03:46:28.160Z [LOG] [parse_extracted_emails.js] Parsed: parsed-INBOX-uid-6047.json
2026-04-21T03:46:28.160Z [LOG] [parse_extracted_emails.js] Parsed: parsed-INBOX-uid-6048.json
2026-04-21T03:46:28.160Z [LOG] [parse_extracted_emails.js] Parsed: parsed-INBOX-uid-6049.json
2026-04-21T03:46:28.160Z [LOG] [parse_extracted_emails.js] Parsed: parsed-INBOX-uid-6050.json
2026-04-21T03:46:28.160Z [LOG] [parse_extracted_emails.js] Parsed: parsed-INBOX-uid-6051.json
2026-04-21T03:46:28.160Z [LOG] [parse_extracted_emails.js] Parsed: parsed-INBOX-uid-6052.json
2026-04-21T03:46:28.160Z [LOG] [parse_extracted_emails.js] Parsed: parsed-INBOX-uid-6053.json
2026-04-21T03:46:28.160Z [LOG] [parse_extracted_emails.js] Parsed: parsed-INBOX-uid-6054.json
2026-04-21T03:46:28.160Z [LOG] [parse_extracted_emails.js] Parsed: parsed-INBOX-uid-6055.json
2026-04-21T03:46:28.160Z [LOG] [parse_extracted_emails.js] Parsed: parsed-INBOX-uid-6056.json
2026-04-21T03:46:28.160Z [LOG] [parse_extracted_emails.js] Parsed: parsed-INBOX-uid-6057.json
2026-04-21T03:46:28.160Z [LOG] [parse_extracted_emails.js] Parsed: parsed-INBOX-uid-6058.json
2026-04-21T03:46:28.160Z [LOG] [parse_extracted_emails.js] Parsed: parsed-INBOX-uid-6059.json
2026-04-21T03:46:28.160Z [LOG] [parse_extracted_emails.js] Parsed: parsed-INBOX-uid-6060.json
2026-04-21T03:46:28.160Z [LOG] [parse_extracted_emails.js] Parsed: parsed-INBOX-uid-6061.json
2026-04-21T03:46:28.160Z [LOG] [parse_extracted_emails.js] Parsed: parsed-INBOX-uid-6062.json
2026-04-21T03:46:28.160Z [LOG] [parse_extracted_emails.js] Parsed: parsed-INBOX-uid-6063.json
2026-04-21T03:46:28.160Z [LOG] [parse_extracted_emails.js] Parsed: parsed-INBOX-uid-6064.json
2026-04-21T03:46:28.160Z [LOG] [parse_extracted_emails.js] Parsed: parsed-INBOX-uid-6065.json
2026-04-21T03:46:28.160Z [LOG] [parse_extracted_emails.js] Parsed: parsed-INBOX-uid-6066.json
2026-04-21T03:46:28.160Z [LOG] [parse_extracted_emails.js] Parsed: parsed-INBOX-uid-6067.json
2026-04-21T03:46:28.160Z [LOG] [parse_extracted_emails.js] Parsed: parsed-INBOX-uid-6068.json
2026-04-21T03:46:28.160Z [LOG] [parse_extracted_emails.js] Parsed: parsed-INBOX-uid-6069.json
2026-04-21T03:46:28.160Z [LOG] [parse_extracted_emails.js] Parsed: parsed-INBOX-uid-6070.json
2026-04-21T03:46:28.160Z [LOG] [parse_extracted_emails.js] Parsed: parsed-INBOX-uid-6071.json
2026-04-21T03:46:28.160Z [LOG] [parse_extracted_emails.js] Parsed: parsed-INBOX-uid-6072.json
2026-04-21T03:46:28.160Z [LOG] [parse_extracted_emails.js] Parsed: parsed-INBOX-uid-6073.json
2026-04-21T03:46:28.160Z [LOG] [parse_extracted_emails.js] Parsed: parsed-INBOX-uid-6074.json
2026-04-21T03:46:28.160Z [LOG] [parse_extracted_emails.js] Parsed: parsed-INBOX-uid-6075.json
2026-04-21T03:46:28.160Z [LOG] [parse_extracted_emails.js] Parsed: parsed-INBOX-uid-6076.json
2026-04-21T03:46:28.160Z [LOG] [parse_extracted_emails.js] Parsed: parsed-INBOX-uid-6077.json
2026-04-21T03:46:28.160Z [LOG] [parse_extracted_emails.js] Parsed: parsed-INBOX-uid-6078.json
2026-04-21T03:46:28.160Z [LOG] [parse_extracted_emails.js] Parsed: parsed-INBOX-uid-6079.json
2026-04-21T03:46:28.160Z [LOG] [parse_extracted_emails.js] Parsed: parsed-INBOX-uid-6080.json
2026-04-21T03:46:28.160Z [LOG] [parse_extracted_emails.js] Parsed: parsed-INBOX-uid-6081.json
2026-04-21T03:46:28.160Z [LOG] [parse_extracted_emails.js] Parsed: parsed-INBOX-uid-6082.json
2026-04-21T03:46:28.160Z [LOG] [parse_extracted_emails.js] Parsed: parsed-INBOX-uid-6083.json
2026-04-21T03:46:28.160Z [LOG] [parse_extracted_emails.js] Parsed: parsed-INBOX-uid-6084.json
2026-04-21T03:46:28.160Z [LOG] [parse_extracted_emails.js] Parsed: parsed-INBOX-uid-6085.json
2026-04-21T03:46:28.160Z [LOG] [parse_extracted_emails.js] Parsed: parsed-INBOX-uid-6086.json
2026-04-21T03:46:28.160Z [LOG] [parse_extracted_emails.js] Parsed: parsed-INBOX-uid-6087.json
2026-04-21T03:46:28.160Z [LOG] [parse_extracted_emails.js] Parsed: parsed-INBOX-uid-6088.json
2026-04-21T03:46:28.160Z [LOG] [parse_extracted_emails.js] Parsed: parsed-INBOX-uid-6089.json
2026-04-21T03:46:28.160Z [LOG] [parse_extracted_emails.js] Parsed: parsed-INBOX-uid-6090.json
2026-04-21T03:46:28.161Z [LOG] [parse_extracted_emails.js] Parsed: parsed-INBOX-uid-6091.json
2026-04-21T03:46:28.161Z [LOG] [parse_extracted_emails.js] Parsed: parsed-INBOX-uid-6092.json
2026-04-21T03:46:28.161Z [LOG] [parse_extracted_emails.js] Parsed: parsed-INBOX-uid-6093.json
2026-04-21T03:46:28.161Z [LOG] [parse_extracted_emails.js] Parsed: parsed-INBOX-uid-6094.json
2026-04-21T03:46:28.161Z [LOG] [parse_extracted_emails.js] Parsed: parsed-INBOX-uid-6095.json
2026-04-21T03:46:28.161Z [LOG] [parse_extracted_emails.js] Parsed: parsed-INBOX-uid-6096.json
2026-04-21T03:46:28.161Z [LOG] [parse_extracted_emails.js] Parsed: parsed-INBOX-uid-6097.json
2026-04-21T03:46:28.161Z [LOG] [parse_extracted_emails.js] Parsed: parsed-INBOX-uid-6098.json
2026-04-21T03:46:28.161Z [LOG] [parse_extracted_emails.js] Parsed: parsed-INBOX-uid-6099.json
2026-04-21T03:46:28.161Z [LOG] [parse_extracted_emails.js] Parsed: parsed-INBOX-uid-6100.json
2026-04-21T03:46:28.161Z [LOG] [parse_extracted_emails.js] Parsed: parsed-INBOX-uid-6101.json
2026-04-21T03:46:28.161Z [LOG] [parse_extracted_emails.js] Parsed: parsed-INBOX-uid-6102.json
2026-04-21T03:46:28.161Z [LOG] [parse_extracted_emails.js] Parsed: parsed-INBOX-uid-6103.json
2026-04-21T03:46:28.161Z [LOG] [parse_extracted_emails.js] Parsed: parsed-INBOX-uid-6104.json
2026-04-21T03:46:28.161Z [LOG] [parse_extracted_emails.js] Parsed: parsed-INBOX-uid-6105.json
2026-04-21T03:46:28.161Z [LOG] [parse_extracted_emails.js] Parsed: parsed-INBOX-uid-6106.json
2026-04-21T03:46:28.161Z [LOG] [parse_extracted_emails.js] Parsed: parsed-INBOX-uid-6107.json
2026-04-21T03:46:28.161Z [LOG] [parse_extracted_emails.js] Parsed: parsed-INBOX-uid-6108.json
2026-04-21T03:46:28.161Z [LOG] [parse_extracted_emails.js] Parsed: parsed-INBOX-uid-6109.json
2026-04-21T03:46:28.161Z [LOG] [parse_extracted_emails.js] Parsed: parsed-INBOX-uid-6110.json
2026-04-21T03:46:28.161Z [LOG] [parse_extracted_emails.js] Parsed: parsed-INBOX-uid-6111.json
2026-04-21T03:46:28.161Z [LOG] [parse_extracted_emails.js] Parsed: parsed-INBOX-uid-6112.json
2026-04-21T03:46:28.161Z [LOG] [parse_extracted_emails.js] Parsed: parsed-INBOX-uid-6113.json
2026-04-21T03:46:28.161Z [LOG] [parse_extracted_emails.js] Parsed: parsed-INBOX-uid-6114.json
2026-04-21T03:46:28.161Z [LOG] [parse_extracted_emails.js] Parsed: parsed-INBOX-uid-6115.json
2026-04-21T03:46:28.161Z [LOG] [parse_extracted_emails.js] Parsed: parsed-INBOX-uid-6116.json
2026-04-21T03:46:28.161Z [LOG] [parse_extracted_emails.js] Parsed: parsed-INBOX-uid-6117.json
2026-04-21T03:46:28.161Z [LOG] [parse_extracted_emails.js] Parsed: parsed-INBOX-uid-6118.json
2026-04-21T03:46:28.161Z [LOG] [parse_extracted_emails.js] Parsed: parsed-INBOX-uid-6119.json
2026-04-21T03:46:28.161Z [LOG] [parse_extracted_emails.js] Parsed: parsed-INBOX-uid-6120.json
2026-04-21T03:46:28.161Z [LOG] [parse_extracted_emails.js] Parsed: parsed-INBOX-uid-6121.json
2026-04-21T03:46:28.161Z [LOG] [parse_extracted_emails.js] Parsed: parsed-INBOX-uid-6122.json
2026-04-21T03:46:28.161Z [LOG] [parse_extracted_emails.js] Parsed: parsed-INBOX-uid-6123.json
2026-04-21T03:46:28.161Z [LOG] [parse_extracted_emails.js] Parsed: parsed-INBOX-uid-6124.json
2026-04-21T03:46:28.161Z [LOG] [parse_extracted_emails.js] Parsed: parsed-INBOX-uid-6125.json
2026-04-21T03:46:28.161Z [LOG] [parse_extracted_emails.js] Parsed: parsed-INBOX-uid-6126.json
2026-04-21T03:46:28.161Z [LOG] [parse_extracted_emails.js] Parsed: parsed-INBOX-uid-6127.json
2026-04-21T03:46:28.161Z [LOG] [parse_extracted_emails.js] Parsed: parsed-INBOX-uid-6128.json
2026-04-21T03:46:28.161Z [LOG] [parse_extracted_emails.js] Parsed: parsed-INBOX-uid-6129.json
2026-04-21T03:46:28.161Z [LOG] [parse_extracted_emails.js] Parsed: parsed-INBOX-uid-6130.json
2026-04-21T03:46:28.161Z [LOG] [parse_extracted_emails.js] Parsed: parsed-INBOX-uid-6131.json
2026-04-21T03:46:28.161Z [LOG] [parse_extracted_emails.js] Parsed: parsed-INBOX-uid-6132.json
2026-04-21T03:46:28.161Z [LOG] [parse_extracted_emails.js] Parsed: parsed-INBOX-uid-6133.json
2026-04-21T03:46:28.161Z [LOG] [parse_extracted_emails.js] Parsed: parsed-INBOX-uid-6134.json
2026-04-21T03:46:28.161Z [LOG] [parse_extracted_emails.js] Parsed: parsed-INBOX-uid-6135.json
2026-04-21T03:46:28.161Z [LOG] [parse_extracted_emails.js] Parsed: parsed-INBOX-uid-6136.json
2026-04-21T03:46:28.161Z [LOG] [parse_extracted_emails.js] Parsed: parsed-INBOX-uid-6137.json
2026-04-21T03:46:28.161Z [LOG] [parse_extracted_emails.js] Parsed: parsed-INBOX-uid-6138.json
2026-04-21T03:46:28.161Z [LOG] [parse_extracted_emails.js] Parsed: parsed-INBOX-uid-6139.json
2026-04-21T03:46:28.162Z [LOG] [parse_extracted_emails.js] Parsed: parsed-INBOX-uid-6140.json
2026-04-21T03:46:28.162Z [LOG] [parse_extracted_emails.js] Parsed: parsed-INBOX-uid-6141.json
2026-04-21T03:46:28.162Z [LOG] [parse_extracted_emails.js] Parsed: parsed-INBOX-uid-6142.json
2026-04-21T03:46:28.162Z [LOG] [parse_extracted_emails.js] Parsed: parsed-INBOX-uid-6143.json
2026-04-21T03:46:28.162Z [LOG] [parse_extracted_emails.js] Parsed: parsed-INBOX-uid-6144.json
2026-04-21T03:46:28.162Z [LOG] [parse_extracted_emails.js] Parsed: parsed-INBOX-uid-6145.json
2026-04-21T03:46:28.162Z [LOG] [parse_extracted_emails.js] Parsed: parsed-INBOX-uid-6146.json
2026-04-21T03:46:28.162Z [LOG] [parse_extracted_emails.js] Parsed: parsed-INBOX-uid-6147.json
2026-04-21T03:46:28.162Z [LOG] [parse_extracted_emails.js] Parsed: parsed-INBOX-uid-6148.json
2026-04-21T03:46:28.162Z [LOG] [parse_extracted_emails.js] Parsed: parsed-INBOX-uid-6149.json
2026-04-21T03:46:28.162Z [LOG] [parse_extracted_emails.js] Parsed: parsed-INBOX-uid-6150.json
2026-04-21T03:46:28.162Z [LOG] [parse_extracted_emails.js] Parsed: parsed-INBOX-uid-6151.json
2026-04-21T03:46:28.162Z [LOG] [parse_extracted_emails.js] Parsed: parsed-INBOX-uid-6152.json
2026-04-21T03:46:28.162Z [LOG] [parse_extracted_emails.js] Parsed: parsed-INBOX-uid-6156.json
2026-04-21T03:46:28.162Z [LOG] [parse_extracted_emails.js] Parsed: parsed-INBOX-uid-6157.json
2026-04-21T03:46:28.162Z [LOG] [parse_extracted_emails.js] Parsed: parsed-INBOX-uid-6158.json
2026-04-21T03:46:28.162Z [LOG] [parse_extracted_emails.js] Parsed: parsed-INBOX-uid-6159.json
2026-04-21T03:46:28.162Z [LOG] [parse_extracted_emails.js] Parsed: parsed-INBOX-uid-6160.json
2026-04-21T03:46:28.162Z [LOG] [parse_extracted_emails.js] Parsed: parsed-INBOX-uid-6161.json
2026-04-21T03:46:28.162Z [LOG] [parse_extracted_emails.js] Parsed: parsed-INBOX-uid-6162.json
2026-04-21T03:46:28.162Z [LOG] [parse_extracted_emails.js] Parsed: parsed-INBOX-uid-6163.json
2026-04-21T03:46:28.162Z [LOG] [parse_extracted_emails.js] Parsed: parsed-INBOX-uid-6164.json
2026-04-21T03:46:28.162Z [LOG] [parse_extracted_emails.js] Parsed: parsed-INBOX-uid-6165.json
2026-04-21T03:46:28.162Z [LOG] [parse_extracted_emails.js] Parsed: parsed-INBOX-uid-6166.json
2026-04-21T03:46:28.162Z [LOG] [parse_extracted_emails.js] Parsed: parsed-INBOX-uid-6167.json
2026-04-21T03:46:28.162Z [LOG] [parse_extracted_emails.js] Parsed: parsed-INBOX-uid-6168.json
2026-04-21T03:46:28.162Z [LOG] [parse_extracted_emails.js] Parsed: parsed-INBOX-uid-6169.json
2026-04-21T03:46:28.162Z [LOG] [parse_extracted_emails.js] Parsed: parsed-INBOX-uid-6170.json
2026-04-21T03:46:28.162Z [LOG] [parse_extracted_emails.js] Parsed: parsed-INBOX-uid-6171.json
2026-04-21T03:46:28.162Z [LOG] [parse_extracted_emails.js] Parsed: parsed-INBOX-uid-6172.json
2026-04-21T03:46:28.162Z [LOG] [parse_extracted_emails.js] Parsed: parsed-INBOX-uid-6173.json
2026-04-21T03:46:28.162Z [LOG] [parse_extracted_emails.js] Parsed: parsed-INBOX-uid-6174.json
2026-04-21T03:46:28.162Z [LOG] [parse_extracted_emails.js] Parsed: parsed-INBOX-uid-6175.json
2026-04-21T03:46:28.162Z [LOG] [parse_extracted_emails.js] Parsed: parsed-INBOX-uid-6176.json
2026-04-21T03:46:28.162Z [LOG] [parse_extracted_emails.js] Parsed: parsed-INBOX-uid-6177.json
2026-04-21T03:46:28.162Z [LOG] [parse_extracted_emails.js] Parsed: parsed-INBOX-uid-6178.json
2026-04-21T03:46:28.162Z [LOG] [parse_extracted_emails.js] Parsed: parsed-INBOX-uid-6179.json
2026-04-21T03:46:28.162Z [LOG] [parse_extracted_emails.js] Parsed: parsed-INBOX-uid-6180.json
2026-04-21T03:46:28.162Z [LOG] [parse_extracted_emails.js] Parsed: parsed-INBOX-uid-6181.json
2026-04-21T03:46:28.162Z [LOG] [parse_extracted_emails.js] Parsed: parsed-INBOX-uid-6182.json
2026-04-21T03:46:28.162Z [LOG] [parse_extracted_emails.js] Parsed: parsed-INBOX-uid-6183.json
2026-04-21T03:46:28.162Z [LOG] [parse_extracted_emails.js] Parsed: parsed-INBOX-uid-6184.json
2026-04-21T03:46:28.162Z [LOG] [parse_extracted_emails.js] Parsed: parsed-INBOX-uid-6185.json
2026-04-21T03:46:28.162Z [LOG] [parse_extracted_emails.js] Parsed: parsed-INBOX-uid-6186.json
2026-04-21T03:46:28.162Z [LOG] [parse_extracted_emails.js] Parsed: parsed-INBOX-uid-6187.json
2026-04-21T03:46:28.162Z [LOG] [parse_extracted_emails.js] Parsed: parsed-INBOX-uid-6188.json
2026-04-21T03:46:28.162Z [LOG] [parse_extracted_emails.js] Parsed: parsed-INBOX-uid-6189.json
2026-04-21T03:46:28.162Z [LOG] [parse_extracted_emails.js] Parsed: parsed-INBOX-uid-6190.json
2026-04-21T03:46:28.162Z [LOG] [parse_extracted_emails.js] Parsed: parsed-INBOX-uid-6191.json
2026-04-21T03:46:28.163Z [LOG] [parse_extracted_emails.js] Parsed: parsed-INBOX-uid-6192.json
2026-04-21T03:46:28.163Z [LOG] [parse_extracted_emails.js] Parsed: parsed-INBOX-uid-6193.json
2026-04-21T03:46:28.163Z [LOG] [parse_extracted_emails.js] Parsed: parsed-INBOX-uid-6194.json
2026-04-21T03:46:28.163Z [LOG] [parse_extracted_emails.js] Parsed: parsed-INBOX-uid-6195.json
2026-04-21T03:46:28.163Z [LOG] [parse_extracted_emails.js] Parsed: parsed-INBOX-uid-6196.json
2026-04-21T03:46:28.163Z [LOG] [parse_extracted_emails.js] Parsed: parsed-INBOX-uid-6197.json
2026-04-21T03:46:28.163Z [LOG] [parse_extracted_emails.js] Parsed: parsed-INBOX-uid-6198.json
2026-04-21T03:46:28.163Z [LOG] [parse_extracted_emails.js] Parsed: parsed-INBOX-uid-6199.json
2026-04-21T03:46:28.163Z [LOG] [parse_extracted_emails.js] Parsed: parsed-INBOX-uid-6200.json
2026-04-21T03:46:28.163Z [LOG] [parse_extracted_emails.js] Parsed: parsed-INBOX-uid-6201.json
2026-04-21T03:46:28.163Z [LOG] [parse_extracted_emails.js] Parsed: parsed-INBOX-uid-6202.json
2026-04-21T03:46:28.163Z [LOG] [parse_extracted_emails.js] Parsed: parsed-INBOX-uid-6203.json
2026-04-21T03:46:28.163Z [LOG] [parse_extracted_emails.js] Parsed: parsed-INBOX-uid-6204.json
2026-04-21T03:46:28.163Z [LOG] [parse_extracted_emails.js] Parsed: parsed-INBOX-uid-6205.json
2026-04-21T03:46:28.163Z [LOG] [parse_extracted_emails.js] Parsed: parsed-INBOX-uid-6206.json
2026-04-21T03:46:28.163Z [LOG] [parse_extracted_emails.js] Parsed: parsed-INBOX-uid-6207.json
2026-04-21T03:46:28.163Z [LOG] [parse_extracted_emails.js] Parsed: parsed-INBOX-uid-6208.json
2026-04-21T03:46:28.163Z [LOG] [parse_extracted_emails.js] Parsed: parsed-INBOX-uid-6209.json
2026-04-21T03:46:28.163Z [LOG] [parse_extracted_emails.js] Parsed: parsed-INBOX-uid-6210.json
2026-04-21T03:46:28.163Z [LOG] [parse_extracted_emails.js] Parsed: parsed-INBOX-uid-6211.json
2026-04-21T03:46:28.163Z [LOG] [parse_extracted_emails.js] Parsed: parsed-INBOX-uid-6212.json
2026-04-21T03:46:28.163Z [LOG] [parse_extracted_emails.js] Parsed: parsed-INBOX-uid-6213.json
2026-04-21T03:46:28.163Z [LOG] [parse_extracted_emails.js] Parsed: parsed-INBOX-uid-6214.json
2026-04-21T03:46:28.163Z [LOG] [parse_extracted_emails.js] Parsed: parsed-INBOX-uid-6215.json
2026-04-21T03:46:28.163Z [LOG] [parse_extracted_emails.js] Parsed: parsed-INBOX-uid-6216.json
2026-04-21T03:46:28.163Z [LOG] [parse_extracted_emails.js] Parsed: parsed-INBOX-uid-6217.json
2026-04-21T03:46:28.163Z [LOG] [parse_extracted_emails.js] Parsed: parsed-INBOX-uid-6218.json
2026-04-21T03:46:28.163Z [LOG] [parse_extracted_emails.js] Parsed: parsed-INBOX-uid-6219.json
2026-04-21T03:46:28.163Z [LOG] [parse_extracted_emails.js] Parsed: parsed-INBOX-uid-6220.json
2026-04-21T03:46:28.163Z [LOG] [parse_extracted_emails.js] Parsed: parsed-INBOX-uid-6221.json
2026-04-21T03:46:28.163Z [LOG] [parse_extracted_emails.js] Parsed: parsed-INBOX-uid-6222.json
2026-04-21T03:46:28.163Z [LOG] [parse_extracted_emails.js] Parsed: parsed-INBOX-uid-6223.json
2026-04-21T03:46:28.163Z [LOG] [parse_extracted_emails.js] Parsed: parsed-INBOX-uid-6224.json
2026-04-21T03:46:28.163Z [LOG] [parse_extracted_emails.js] Parsed: parsed-INBOX-uid-6225.json
2026-04-21T03:46:28.163Z [LOG] [parse_extracted_emails.js] Parsed: parsed-INBOX-uid-6226.json
2026-04-21T03:46:28.163Z [LOG] [parse_extracted_emails.js] Parsed: parsed-INBOX-uid-6227.json
2026-04-21T03:46:28.163Z [LOG] [parse_extracted_emails.js] Parsed: parsed-INBOX-uid-6228.json
2026-04-21T03:46:28.163Z [LOG] [parse_extracted_emails.js] Parsed: parsed-INBOX-uid-6229.json
2026-04-21T03:46:28.163Z [LOG] [parse_extracted_emails.js] Parsed: parsed-INBOX-uid-6230.json
2026-04-21T03:46:28.163Z [LOG] [parse_extracted_emails.js] Parsed: parsed-INBOX-uid-6231.json
2026-04-21T03:46:28.163Z [LOG] [parse_extracted_emails.js] Parsed: parsed-INBOX-uid-6232.json
2026-04-21T03:46:28.163Z [LOG] [parse_extracted_emails.js] Parsed: parsed-INBOX-uid-6233.json
2026-04-21T03:46:28.163Z [LOG] [parse_extracted_emails.js] Parsed: parsed-INBOX-uid-6234.json
2026-04-21T03:46:28.164Z [LOG] [parse_extracted_emails.js] Parsed: parsed-INBOX-uid-6235.json
2026-04-21T03:46:28.164Z [LOG] [parse_extracted_emails.js] Parsed: parsed-INBOX-uid-6236.json
2026-04-21T03:46:28.164Z [LOG] [parse_extracted_emails.js] Parsed: parsed-INBOX-uid-6237.json
2026-04-21T03:46:28.164Z [LOG] [parse_extracted_emails.js] Parsed: parsed-INBOX-uid-6238.json
2026-04-21T03:46:28.164Z [LOG] [parse_extracted_emails.js] Parsed: parsed-INBOX-uid-6239.json
2026-04-21T03:46:28.164Z [LOG] [parse_extracted_emails.js] Parsed: parsed-INBOX-uid-6240.json
2026-04-21T03:46:28.164Z [LOG] [parse_extracted_emails.js] Parsed: parsed-INBOX-uid-6241.json
2026-04-21T03:46:28.164Z [LOG] [parse_extracted_emails.js] Parsed: parsed-INBOX-uid-6242.json
2026-04-21T03:46:28.164Z [LOG] [parse_extracted_emails.js] Parsed: parsed-INBOX-uid-6243.json
2026-04-21T03:46:28.164Z [LOG] [parse_extracted_emails.js] Parsed: parsed-INBOX-uid-6244.json
2026-04-21T03:46:28.164Z [LOG] [parse_extracted_emails.js] Parsed: parsed-INBOX-uid-6245.json
2026-04-21T03:46:28.164Z [LOG] [parse_extracted_emails.js] Parsed: parsed-INBOX-uid-6246.json
2026-04-21T03:46:28.164Z [LOG] [parse_extracted_emails.js] Parsed: parsed-INBOX-uid-6247.json
2026-04-21T03:46:28.164Z [LOG] [parse_extracted_emails.js] Parsed: parsed-INBOX-uid-6248.json
2026-04-21T03:46:28.164Z [LOG] [parse_extracted_emails.js] Parsed: parsed-INBOX-uid-6249.json
2026-04-21T03:46:28.164Z [LOG] [parse_extracted_emails.js] Parsed: parsed-INBOX-uid-6250.json
2026-04-21T03:46:28.164Z [LOG] [parse_extracted_emails.js] Parsed: parsed-INBOX-uid-6251.json
2026-04-21T03:46:28.164Z [LOG] [parse_extracted_emails.js] Parsed: parsed-INBOX-uid-6252.json
2026-04-21T03:46:28.164Z [LOG] [parse_extracted_emails.js] Parsed: parsed-INBOX-uid-6253.json
2026-04-21T03:46:28.164Z [LOG] [parse_extracted_emails.js] Parsed: parsed-INBOX-uid-6254.json
2026-04-21T03:46:28.164Z [LOG] [parse_extracted_emails.js] Parsed: parsed-INBOX-uid-6255.json
2026-04-21T03:46:28.164Z [LOG] [parse_extracted_emails.js] Parsed: parsed-INBOX-uid-6256.json
2026-04-21T03:46:28.164Z [LOG] [parse_extracted_emails.js] Parsed: parsed-INBOX-uid-6257.json
2026-04-21T03:46:28.164Z [LOG] [parse_extracted_emails.js] Parsed: parsed-INBOX-uid-6258.json
2026-04-21T03:46:28.164Z [LOG] [parse_extracted_emails.js] Parsed: parsed-INBOX-uid-6259.json
2026-04-21T03:46:28.164Z [LOG] [parse_extracted_emails.js] Parsed: parsed-INBOX-uid-6260.json
2026-04-21T03:46:28.164Z [LOG] [parse_extracted_emails.js] Parsed: parsed-INBOX-uid-6261.json
2026-04-21T03:46:28.164Z [LOG] [parse_extracted_emails.js] Parsed: parsed-INBOX-uid-6262.json
2026-04-21T03:46:28.164Z [LOG] [parse_extracted_emails.js] Parsed: parsed-INBOX-uid-6263.json
2026-04-21T03:46:28.164Z [LOG] [parse_extracted_emails.js] Parsed: parsed-INBOX-uid-6264.json
2026-04-21T03:46:28.164Z [LOG] [parse_extracted_emails.js] Parsed: parsed-INBOX-uid-6265.json
2026-04-21T03:46:28.164Z [LOG] [parse_extracted_emails.js] Parsed: parsed-INBOX-uid-6266.json
2026-04-21T03:46:28.164Z [LOG] [parse_extracted_emails.js] Parsed: parsed-INBOX-uid-6267.json
2026-04-21T03:46:28.164Z [LOG] [parse_extracted_emails.js] Parsed: parsed-INBOX-uid-6268.json
2026-04-21T03:46:28.164Z [LOG] [parse_extracted_emails.js] Parsed: parsed-INBOX-uid-6269.json
2026-04-21T03:46:28.164Z [LOG] [parse_extracted_emails.js] Parsed: parsed-INBOX-uid-6270.json
2026-04-21T03:46:28.164Z [LOG] [parse_extracted_emails.js] Parsed: parsed-INBOX-uid-6271.json
2026-04-21T03:46:28.164Z [LOG] [parse_extracted_emails.js] Parsed: parsed-INBOX-uid-6272.json
2026-04-21T03:46:28.164Z [LOG] [parse_extracted_emails.js] Parsed: parsed-INBOX-uid-6273.json
2026-04-21T03:46:28.164Z [LOG] [parse_extracted_emails.js] Parsed: parsed-INBOX-uid-6274.json
2026-04-21T03:46:28.164Z [LOG] [parse_extracted_emails.js] Parsed: parsed-INBOX-uid-6275.json
2026-04-21T03:46:28.165Z [LOG] [parse_extracted_emails.js] Parsed: parsed-INBOX-uid-6276.json
2026-04-21T03:46:28.165Z [LOG] [parse_extracted_emails.js] Parsed: parsed-INBOX-uid-6277.json
2026-04-21T03:46:28.165Z [LOG] [parse_extracted_emails.js] Parsed: parsed-INBOX-uid-6278.json
2026-04-21T03:46:28.165Z [LOG] [parse_extracted_emails.js] Parsed: parsed-INBOX-uid-6279.json
2026-04-21T03:46:28.165Z [LOG] [parse_extracted_emails.js] Parsed: parsed-INBOX-uid-6280.json
2026-04-21T03:46:28.165Z [LOG] [parse_extracted_emails.js] Parsed: parsed-INBOX-uid-6281.json
2026-04-21T03:46:28.165Z [LOG] [parse_extracted_emails.js] Parsed: parsed-INBOX-uid-6282.json
2026-04-21T03:46:28.165Z [LOG] [parse_extracted_emails.js] Parsed: parsed-INBOX-uid-6283.json
2026-04-21T03:46:28.165Z [LOG] [parse_extracted_emails.js] Parsed: parsed-INBOX-uid-6284.json
2026-04-21T03:46:28.165Z [LOG] [parse_extracted_emails.js] Parsed: parsed-INBOX-uid-6285.json
2026-04-21T03:46:28.165Z [LOG] [parse_extracted_emails.js] Parsed: parsed-INBOX-uid-6286.json
2026-04-21T03:46:28.165Z [LOG] [parse_extracted_emails.js] Parsed: parsed-INBOX-uid-6287.json
2026-04-21T03:46:28.165Z [LOG] [parse_extracted_emails.js] Parsed: parsed-INBOX-uid-6288.json
2026-04-21T03:46:28.165Z [LOG] [parse_extracted_emails.js] Parsed: parsed-INBOX-uid-6289.json
2026-04-21T03:46:28.165Z [LOG] [parse_extracted_emails.js] Parsed: parsed-INBOX-uid-6290.json
2026-04-21T03:46:28.165Z [LOG] [parse_extracted_emails.js] Parsed: parsed-INBOX-uid-6291.json
2026-04-21T03:46:28.165Z [LOG] [parse_extracted_emails.js] Parsed: parsed-INBOX-uid-6292.json
2026-04-21T03:46:28.165Z [LOG] [parse_extracted_emails.js] Parsed: parsed-INBOX-uid-6293.json
2026-04-21T03:46:28.165Z [LOG] [parse_extracted_emails.js] Parsed: parsed-INBOX-uid-6296.json
2026-04-21T03:46:28.165Z [LOG] [parse_extracted_emails.js] Parsed: parsed-INBOX-uid-6297.json
2026-04-21T03:46:28.165Z [LOG] [parse_extracted_emails.js] Parsed: parsed-INBOX-uid-6298.json
2026-04-21T03:46:28.165Z [LOG] [parse_extracted_emails.js] Parsed: parsed-INBOX-uid-6299.json
2026-04-21T03:46:28.165Z [LOG] [parse_extracted_emails.js] Parsed: parsed-INBOX-uid-6300.json
2026-04-21T03:46:28.165Z [LOG] [parse_extracted_emails.js] Parsed: parsed-INBOX-uid-6301.json
2026-04-21T03:46:28.165Z [LOG] [parse_extracted_emails.js] Parsed: parsed-INBOX-uid-6302.json
2026-04-21T03:46:28.165Z [LOG] [parse_extracted_emails.js] Parsed: parsed-INBOX-uid-6303.json
2026-04-21T03:46:28.165Z [LOG] [parse_extracted_emails.js] Parsed: parsed-INBOX-uid-6304.json
2026-04-21T03:46:28.165Z [LOG] [parse_extracted_emails.js] Parsed: parsed-INBOX-uid-6305.json
2026-04-21T03:46:28.165Z [LOG] [parse_extracted_emails.js] Parsed: parsed-INBOX-uid-6306.json
2026-04-21T03:46:28.165Z [LOG] [parse_extracted_emails.js] Parsed: parsed-INBOX-uid-6307.json
2026-04-21T03:46:28.165Z [LOG] [parse_extracted_emails.js] Parsed: parsed-INBOX-uid-6308.json
2026-04-21T03:46:28.165Z [LOG] [parse_extracted_emails.js] Parsed: parsed-INBOX-uid-6309.json
2026-04-21T03:46:28.165Z [LOG] [parse_extracted_emails.js] Parsed: parsed-INBOX-uid-6310.json
2026-04-21T03:46:28.165Z [LOG] [parse_extracted_emails.js] Parsed: parsed-INBOX-uid-6311.json
2026-04-21T03:46:28.165Z [LOG] [parse_extracted_emails.js] Parsed: parsed-INBOX-uid-6312.json
2026-04-21T03:46:28.165Z [LOG] [parse_extracted_emails.js] Parsed: parsed-INBOX-uid-6313.json
2026-04-21T03:46:28.165Z [LOG] [parse_extracted_emails.js] Parsed: parsed-INBOX-uid-6314.json
2026-04-21T03:46:28.165Z [LOG] [parse_extracted_emails.js] Parsed: parsed-INBOX-uid-6315.json
2026-04-21T03:46:28.165Z [LOG] [parse_extracted_emails.js] Parsed: parsed-INBOX-uid-6316.json
2026-04-21T03:46:28.165Z [LOG] [parse_extracted_emails.js] Parsed: parsed-INBOX-uid-6317.json
2026-04-21T03:46:28.165Z [LOG] [parse_extracted_emails.js] Parsed: parsed-INBOX-uid-6318.json
2026-04-21T03:46:28.165Z [LOG] [parse_extracted_emails.js] Parsed: parsed-INBOX-uid-6319.json
2026-04-21T03:46:28.165Z [LOG] [parse_extracted_emails.js] Parsed: parsed-INBOX-uid-6320.json
2026-04-21T03:46:28.165Z [LOG] [parse_extracted_emails.js] Parsed: parsed-INBOX-uid-6321.json
2026-04-21T03:46:28.165Z [LOG] [parse_extracted_emails.js] Parsed: parsed-INBOX-uid-6322.json
2026-04-21T03:46:28.165Z [LOG] [parse_extracted_emails.js] Parsed: parsed-INBOX-uid-6323.json
2026-04-21T03:46:28.165Z [LOG] [parse_extracted_emails.js] Parsed: parsed-INBOX-uid-6324.json
2026-04-21T03:46:28.165Z [LOG] [parse_extracted_emails.js] Parsed: parsed-INBOX-uid-6325.json
2026-04-21T03:46:28.165Z [LOG] [parse_extracted_emails.js] Parsed: parsed-INBOX-uid-6326.json
2026-04-21T03:46:28.165Z [LOG] [parse_extracted_emails.js] Parsed: parsed-INBOX-uid-6327.json
2026-04-21T03:46:28.165Z [LOG] [parse_extracted_emails.js] Parsed: parsed-INBOX-uid-6328.json
2026-04-21T03:46:28.166Z [LOG] [parse_extracted_emails.js] Parsed: parsed-INBOX-uid-6329.json
2026-04-21T03:46:28.166Z [LOG] [parse_extracted_emails.js] Parsed: parsed-INBOX-uid-6330.json
2026-04-21T03:46:28.166Z [LOG] [parse_extracted_emails.js] Parsed: parsed-INBOX-uid-6331.json
2026-04-21T03:46:28.166Z [LOG] [parse_extracted_emails.js] Parsed: parsed-INBOX-uid-6332.json
2026-04-21T03:46:28.166Z [LOG] [parse_extracted_emails.js] Parsed: parsed-INBOX-uid-6333.json
2026-04-21T03:46:28.166Z [LOG] [parse_extracted_emails.js] Parsed: parsed-INBOX-uid-6334.json
2026-04-21T03:46:28.166Z [LOG] [parse_extracted_emails.js] Parsed: parsed-INBOX-uid-6335.json
2026-04-21T03:46:28.166Z [LOG] [parse_extracted_emails.js] Parsed: parsed-INBOX-uid-6336.json
2026-04-21T03:46:28.166Z [LOG] [parse_extracted_emails.js] Parsed: parsed-INBOX-uid-6337.json
2026-04-21T03:46:28.166Z [LOG] [parse_extracted_emails.js] Parsed: parsed-INBOX-uid-6338.json
2026-04-21T03:46:28.166Z [LOG] [parse_extracted_emails.js] Parsed: parsed-INBOX-uid-6339.json
2026-04-21T03:46:28.166Z [LOG] [parse_extracted_emails.js] Parsed: parsed-INBOX-uid-6340.json
2026-04-21T03:46:28.166Z [LOG] [parse_extracted_emails.js] Parsed: parsed-INBOX-uid-6341.json
2026-04-21T03:46:28.166Z [LOG] [parse_extracted_emails.js] Parsed: parsed-INBOX-uid-6342.json
2026-04-21T03:46:28.166Z [LOG] [parse_extracted_emails.js] Parsed: parsed-INBOX-uid-6343.json
2026-04-21T03:46:28.166Z [LOG] [parse_extracted_emails.js] Parsed: parsed-INBOX-uid-6344.json
2026-04-21T03:46:28.166Z [LOG] [parse_extracted_emails.js] Parsed: parsed-INBOX-uid-6345.json
2026-04-21T03:46:28.166Z [LOG] [parse_extracted_emails.js] Parsed: parsed-INBOX-uid-6346.json
2026-04-21T03:46:28.166Z [LOG] [parse_extracted_emails.js] Parsed: parsed-INBOX-uid-6347.json
2026-04-21T03:46:28.166Z [LOG] [parse_extracted_emails.js] Parsed: parsed-INBOX-uid-6348.json
2026-04-21T03:46:28.166Z [LOG] [parse_extracted_emails.js] Parsed: parsed-INBOX-uid-6349.json
2026-04-21T03:46:28.166Z [LOG] [parse_extracted_emails.js] Parsed: parsed-INBOX-uid-6350.json
2026-04-21T03:46:28.166Z [LOG] [parse_extracted_emails.js] Parsed: parsed-INBOX-uid-6351.json
2026-04-21T03:46:28.166Z [LOG] [parse_extracted_emails.js] Parsed: parsed-INBOX-uid-6352.json
2026-04-21T03:46:28.166Z [LOG] [parse_extracted_emails.js] Parsed: parsed-INBOX-uid-6353.json
2026-04-21T03:46:28.166Z [LOG] [parse_extracted_emails.js] Parsed: parsed-INBOX-uid-6354.json
2026-04-21T03:46:28.166Z [LOG] [parse_extracted_emails.js] Parsed: parsed-INBOX-uid-6355.json
2026-04-21T03:46:28.166Z [LOG] [parse_extracted_emails.js] Parsed: parsed-INBOX-uid-6356.json
2026-04-21T03:46:28.166Z [LOG] [parse_extracted_emails.js] Parsed: parsed-INBOX-uid-6365.json
2026-04-21T03:46:28.166Z [LOG] [parse_extracted_emails.js] Parsed: parsed-INBOX-uid-6366.json
2026-04-21T03:46:28.166Z [LOG] [parse_extracted_emails.js] Parsed: parsed-INBOX-uid-6367.json
2026-04-21T03:46:28.166Z [LOG] [parse_extracted_emails.js] Parsed: parsed-INBOX-uid-6368.json
2026-04-21T03:46:28.166Z [LOG] [parse_extracted_emails.js] Parsed: parsed-INBOX-uid-6371.json
2026-04-21T03:46:28.166Z [LOG] [parse_extracted_emails.js] Parsed: parsed-INBOX-uid-6376.json
2026-04-21T03:46:28.166Z [LOG] [parse_extracted_emails.js] Parsed: parsed-INBOX-uid-6377.json
2026-04-21T03:46:28.166Z [LOG] [parse_extracted_emails.js] Parsed: parsed-INBOX-uid-6378.json
2026-04-21T03:46:28.166Z [LOG] [parse_extracted_emails.js] Parsed: parsed-INBOX-uid-6383.json
2026-04-21T03:46:28.166Z [LOG] [parse_extracted_emails.js] Parsed: parsed-INBOX-uid-6384.json
2026-04-21T03:46:28.166Z [LOG] [parse_extracted_emails.js] Parsed: parsed-INBOX-uid-6395.json
2026-04-21T03:46:28.166Z [LOG] [parse_extracted_emails.js] Parsed: parsed-INBOX-uid-6423.json
2026-04-21T03:46:28.166Z [LOG] [parse_extracted_emails.js] Parsed: parsed-INBOX-uid-6428.json
2026-04-21T03:46:28.167Z [LOG] [parse_extracted_emails.js] Parsed: parsed-INBOX-uid-6429.json
2026-04-21T03:46:28.167Z [LOG] [parse_extracted_emails.js] Parsed: parsed-INBOX-uid-6430.json
2026-04-21T03:46:28.167Z [LOG] [parse_extracted_emails.js] Parsed: parsed-INBOX-uid-6431.json
2026-04-21T03:46:28.167Z [LOG] [parse_extracted_emails.js] Parsed: parsed-INBOX-uid-6433.json
2026-04-21T03:46:28.167Z [LOG] [parse_extracted_emails.js] Parsed: parsed-INBOX-uid-6436.json
2026-04-21T03:46:28.167Z [LOG] [parse_extracted_emails.js] Parsed: parsed-INBOX-uid-6437.json
2026-04-21T03:46:28.167Z [LOG] [parse_extracted_emails.js] Parsed: parsed-INBOX-uid-6438.json
2026-04-21T03:46:28.167Z [LOG] [parse_extracted_emails.js] Parsed: parsed-INBOX-uid-6439.json
2026-04-21T03:46:28.167Z [LOG] [parse_extracted_emails.js] Parsed: parsed-INBOX-uid-6440.json
2026-04-21T03:46:28.167Z [LOG] [parse_extracted_emails.js] Parsed: parsed-INBOX-uid-6441.json
2026-04-21T03:46:28.167Z [LOG] [parse_extracted_emails.js] Parsed: parsed-INBOX-uid-6442.json
2026-04-21T03:46:28.167Z [LOG] [parse_extracted_emails.js] Parsed: parsed-INBOX-uid-6443.json
2026-04-21T03:46:28.167Z [LOG] [parse_extracted_emails.js] Parsed: parsed-INBOX-uid-6444.json
2026-04-21T03:46:28.167Z [LOG] [parse_extracted_emails.js] Parsed: parsed-INBOX-uid-6445.json
2026-04-21T03:46:28.167Z [LOG] [parse_extracted_emails.js] Parsed: parsed-INBOX-uid-6446.json
2026-04-21T03:46:28.167Z [LOG] [parse_extracted_emails.js] Parsed: parsed-INBOX-uid-6447.json
2026-04-21T03:46:28.167Z [LOG] [parse_extracted_emails.js] Parsed: parsed-INBOX-uid-6448.json
2026-04-21T03:46:28.167Z [LOG] [parse_extracted_emails.js] Parsed: parsed-INBOX-uid-6449.json
2026-04-21T03:46:28.167Z [LOG] [parse_extracted_emails.js] Parsed: parsed-INBOX-uid-6450.json
2026-04-21T03:46:28.167Z [LOG] [parse_extracted_emails.js] Parsed: parsed-INBOX-uid-6451.json
2026-04-21T03:46:28.167Z [LOG] [parse_extracted_emails.js] Parsed: parsed-INBOX-uid-6452.json
2026-04-21T03:46:28.167Z [LOG] [parse_extracted_emails.js] Parsed: parsed-INBOX-uid-6453.json
2026-04-21T03:46:28.167Z [LOG] [parse_extracted_emails.js] Parsed: parsed-INBOX-uid-6456.json
2026-04-21T03:46:28.167Z [LOG] [parse_extracted_emails.js] Parsed: parsed-INBOX-uid-6457.json
2026-04-21T03:46:28.167Z [LOG] [parse_extracted_emails.js] Parsed: parsed-INBOX-uid-6459.json
2026-04-21T03:46:28.167Z [LOG] [parse_extracted_emails.js] Parsed: parsed-INBOX-uid-6460.json
2026-04-21T03:46:28.167Z [LOG] [parse_extracted_emails.js] Parsed: parsed-INBOX-uid-6461.json
2026-04-21T03:46:28.167Z [LOG] [parse_extracted_emails.js] Parsed: parsed-INBOX-uid-6462.json
2026-04-21T03:46:28.167Z [LOG] [parse_extracted_emails.js] Parsed: parsed-INBOX-uid-6463.json
2026-04-21T03:46:28.167Z [LOG] [parse_extracted_emails.js] Parsed: parsed-INBOX-uid-6464.json
2026-04-21T03:46:28.167Z [LOG] [parse_extracted_emails.js] Parsed: parsed-INBOX-uid-6465.json
2026-04-21T03:46:28.167Z [LOG] [parse_extracted_emails.js] Parsed: parsed-INBOX-uid-6466.json
2026-04-21T03:46:28.167Z [LOG] [parse_extracted_emails.js] Parsed: parsed-INBOX-uid-6467.json
2026-04-21T03:46:28.167Z [LOG] [parse_extracted_emails.js] Parsed: parsed-INBOX-uid-6468.json
2026-04-21T03:46:28.168Z [LOG] [parse_extracted_emails.js] Parsed: parsed-INBOX-uid-6469.json
2026-04-21T03:46:28.168Z [LOG] [parse_extracted_emails.js] Parsed: parsed-INBOX-uid-6470.json
2026-04-21T03:46:28.168Z [LOG] [parse_extracted_emails.js] Parsed: parsed-INBOX-uid-6471.json
2026-04-21T03:46:28.168Z [LOG] [parse_extracted_emails.js] Parsed: parsed-INBOX-uid-6472.json
2026-04-21T03:46:28.168Z [LOG] [parse_extracted_emails.js] Parsed: parsed-INBOX-uid-6473.json
2026-04-21T03:46:28.168Z [LOG] [parse_extracted_emails.js] Parsed: parsed-INBOX-uid-6474.json
2026-04-21T03:46:28.168Z [LOG] [parse_extracted_emails.js] Parsed: parsed-INBOX-uid-6475.json
2026-04-21T03:46:28.168Z [LOG] [parse_extracted_emails.js] Parsed: parsed-INBOX-uid-6476.json
2026-04-21T03:46:28.168Z [LOG] [parse_extracted_emails.js] Parsed: parsed-INBOX-uid-6477.json
2026-04-21T03:46:28.168Z [LOG] [parse_extracted_emails.js] Parsed: parsed-INBOX-uid-6478.json
2026-04-21T03:46:28.168Z [LOG] [parse_extracted_emails.js] Parsed: parsed-INBOX-uid-6479.json
2026-04-21T03:46:28.168Z [LOG] [parse_extracted_emails.js] Parsed: parsed-INBOX-uid-6480.json
2026-04-21T03:46:28.168Z [LOG] [parse_extracted_emails.js] Parsed: parsed-INBOX-uid-6481.json
2026-04-21T03:46:28.168Z [LOG] [parse_extracted_emails.js] Parsed: parsed-INBOX-uid-6482.json
2026-04-21T03:46:28.168Z [LOG] [parse_extracted_emails.js] Parsed: parsed-INBOX-uid-6483.json
2026-04-21T03:46:28.168Z [LOG] [parse_extracted_emails.js] Parsed: parsed-INBOX-uid-6484.json
2026-04-21T03:46:28.168Z [LOG] [parse_extracted_emails.js] Parsed: parsed-INBOX-uid-6485.json
2026-04-21T03:46:28.168Z [LOG] [parse_extracted_emails.js] Parsed: parsed-INBOX-uid-6486.json
2026-04-21T03:46:28.168Z [LOG] [parse_extracted_emails.js] Parsed: parsed-INBOX-uid-6487.json
2026-04-21T03:46:28.168Z [LOG] [parse_extracted_emails.js] Parsed: parsed-INBOX-uid-6488.json
2026-04-21T03:46:28.168Z [LOG] [parse_extracted_emails.js] Parsed: parsed-INBOX-uid-6489.json
2026-04-21T03:46:28.168Z [LOG] [parse_extracted_emails.js] Parsed: parsed-INBOX-uid-6490.json
2026-04-21T03:46:28.168Z [LOG] [parse_extracted_emails.js] Parsed: parsed-INBOX-uid-6491.json
2026-04-21T03:46:28.169Z [LOG] [parse_extracted_emails.js] Parsed: parsed-INBOX-uid-6492.json
2026-04-21T03:46:28.169Z [LOG] [parse_extracted_emails.js] Parsed: parsed-INBOX-uid-6493.json
2026-04-21T03:46:28.169Z [LOG] [parse_extracted_emails.js] Parsed: parsed-INBOX-uid-6494.json
2026-04-21T03:46:28.169Z [LOG] [parse_extracted_emails.js] Parsed: parsed-INBOX-uid-6495.json
2026-04-21T03:46:28.169Z [LOG] [parse_extracted_emails.js] Parsed: parsed-INBOX-uid-6515.json
2026-04-21T03:46:28.169Z [LOG] [parse_extracted_emails.js] Parsed: parsed-INBOX-uid-6516.json
2026-04-21T03:46:28.169Z [LOG] [parse_extracted_emails.js] Parsed: parsed-INBOX-uid-6517.json
2026-04-21T03:46:28.169Z [LOG] [parse_extracted_emails.js] Parsed: parsed-INBOX-uid-6518.json
2026-04-21T03:46:28.169Z [LOG] [parse_extracted_emails.js] Parsed: parsed-INBOX-uid-6519.json
2026-04-21T03:46:28.169Z [LOG] [parse_extracted_emails.js] Parsed: parsed-INBOX-uid-6520.json
2026-04-21T03:46:28.169Z [LOG] [parse_extracted_emails.js] Parsed: parsed-INBOX-uid-6521.json
2026-04-21T03:46:28.169Z [LOG] [parse_extracted_emails.js] Parsed: parsed-INBOX-uid-6522.json
2026-04-21T03:46:28.169Z [LOG] [parse_extracted_emails.js] Parsed: parsed-INBOX-uid-6523.json
2026-04-21T03:46:28.169Z [LOG] [parse_extracted_emails.js] Parsed: parsed-INBOX-uid-6524.json
2026-04-21T03:46:28.169Z [LOG] [parse_extracted_emails.js] Parsed: parsed-INBOX-uid-6525.json
2026-04-21T03:46:28.169Z [LOG] [parse_extracted_emails.js] Parsed: parsed-INBOX-uid-6526.json
2026-04-21T03:46:28.169Z [LOG] [parse_extracted_emails.js] Parsed: parsed-INBOX-uid-6527.json
2026-04-21T03:46:28.169Z [LOG] [parse_extracted_emails.js] Parsed: parsed-INBOX-uid-6528.json
2026-04-21T03:46:28.169Z [LOG] [parse_extracted_emails.js] Parsed: parsed-INBOX-uid-6529.json
2026-04-21T03:46:28.169Z [LOG] [parse_extracted_emails.js] Parsed: parsed-INBOX-uid-6530.json
2026-04-21T03:46:28.169Z [LOG] [parse_extracted_emails.js] Parsed: parsed-INBOX-uid-6531.json
2026-04-21T03:46:28.169Z [LOG] [parse_extracted_emails.js] Parsed: parsed-INBOX-uid-6532.json
2026-04-21T03:46:28.169Z [LOG] [parse_extracted_emails.js] Parsed: parsed-INBOX-uid-6533.json
2026-04-21T03:46:28.169Z [LOG] [parse_extracted_emails.js] Parsed: parsed-INBOX-uid-6534.json
2026-04-21T03:46:28.169Z [LOG] [parse_extracted_emails.js] Parsed: parsed-INBOX-uid-6535.json
2026-04-21T03:46:28.169Z [LOG] [parse_extracted_emails.js] Parsed: parsed-INBOX-uid-6536.json
2026-04-21T03:46:28.169Z [LOG] [parse_extracted_emails.js] Parsed: parsed-INBOX-uid-6537.json
2026-04-21T03:46:28.169Z [LOG] [parse_extracted_emails.js] Parsed: parsed-INBOX-uid-6538.json
2026-04-21T03:46:28.169Z [LOG] [parse_extracted_emails.js] Parsed: parsed-INBOX-uid-6539.json
2026-04-21T03:46:28.169Z [LOG] [parse_extracted_emails.js] Parsed: parsed-INBOX-uid-6540.json
2026-04-21T03:46:28.169Z [LOG] [parse_extracted_emails.js] Parsed: parsed-INBOX-uid-6541.json
2026-04-21T03:46:28.169Z [LOG] [parse_extracted_emails.js] Parsed: parsed-INBOX-uid-6542.json
2026-04-21T03:46:28.169Z [LOG] [parse_extracted_emails.js] Parsed: parsed-INBOX-uid-6543.json
2026-04-21T03:46:28.169Z [LOG] [parse_extracted_emails.js] Parsed: parsed-INBOX-uid-6544.json
2026-04-21T03:46:28.169Z [LOG] [parse_extracted_emails.js] Parsed: parsed-INBOX-uid-6545.json
2026-04-21T03:46:28.169Z [LOG] [parse_extracted_emails.js] Parsed: parsed-INBOX-uid-6546.json
2026-04-21T03:46:28.169Z [LOG] [parse_extracted_emails.js] Parsed: parsed-INBOX-uid-6547.json
2026-04-21T03:46:28.169Z [LOG] [parse_extracted_emails.js] Parsed: parsed-INBOX-uid-6548.json
2026-04-21T03:46:28.169Z [LOG] [parse_extracted_emails.js] Parsed: parsed-INBOX-uid-6549.json
2026-04-21T03:46:28.169Z [LOG] [parse_extracted_emails.js] Parsed: parsed-INBOX-uid-6550.json
2026-04-21T03:46:28.169Z [LOG] [parse_extracted_emails.js] Parsed: parsed-INBOX-uid-6551.json
2026-04-21T03:46:28.169Z [LOG] [parse_extracted_emails.js] Parsed: parsed-INBOX-uid-6552.json
2026-04-21T03:46:28.169Z [LOG] [parse_extracted_emails.js] Parsed: parsed-INBOX-uid-6553.json
2026-04-21T03:46:28.169Z [LOG] [parse_extracted_emails.js] Parsed: parsed-INBOX-uid-6554.json
2026-04-21T03:46:28.169Z [LOG] [parse_extracted_emails.js] Parsed: parsed-INBOX-uid-6555.json
2026-04-21T03:46:28.169Z [LOG] [parse_extracted_emails.js] Parsed: parsed-INBOX-uid-6556.json
2026-04-21T03:46:28.169Z [LOG] [parse_extracted_emails.js] Parsed: parsed-INBOX-uid-6557.json
2026-04-21T03:46:28.169Z [LOG] [parse_extracted_emails.js] Parsed: parsed-INBOX-uid-6558.json
2026-04-21T03:46:28.170Z [LOG] [parse_extracted_emails.js] Parsed: parsed-INBOX-uid-6559.json
2026-04-21T03:46:28.170Z [LOG] [parse_extracted_emails.js] Parsed: parsed-INBOX-uid-6560.json
2026-04-21T03:46:28.170Z [LOG] [parse_extracted_emails.js] Parsed: parsed-INBOX-uid-6561.json
2026-04-21T03:46:28.170Z [LOG] [parse_extracted_emails.js] Parsed: parsed-INBOX-uid-6562.json
2026-04-21T03:46:28.170Z [LOG] [parse_extracted_emails.js] Parsed: parsed-INBOX-uid-6563.json
2026-04-21T03:46:28.170Z [LOG] [parse_extracted_emails.js] Parsed: parsed-INBOX-uid-6564.json
2026-04-21T03:46:28.170Z [LOG] [parse_extracted_emails.js] Parsed: parsed-INBOX-uid-6565.json
2026-04-21T03:46:28.170Z [LOG] [parse_extracted_emails.js] Parsed: parsed-INBOX-uid-6566.json
2026-04-21T03:46:28.170Z [LOG] [parse_extracted_emails.js] Parsed: parsed-INBOX-uid-6567.json
2026-04-21T03:46:28.170Z [LOG] [parse_extracted_emails.js] Parsed: parsed-INBOX-uid-6568.json
2026-04-21T03:46:28.170Z [LOG] [parse_extracted_emails.js] Parsed: parsed-INBOX-uid-6569.json
2026-04-21T03:46:28.170Z [LOG] [parse_extracted_emails.js] Parsed: parsed-INBOX-uid-6570.json
2026-04-21T03:46:28.170Z [LOG] [parse_extracted_emails.js] Parsed: parsed-INBOX-uid-6571.json
2026-04-21T03:46:28.170Z [LOG] [parse_extracted_emails.js] Parsed: parsed-INBOX-uid-6572.json
2026-04-21T03:46:28.170Z [LOG] [parse_extracted_emails.js] Parsed: parsed-INBOX-uid-6573.json
2026-04-21T03:46:28.170Z [LOG] [parse_extracted_emails.js] Parsed: parsed-INBOX-uid-6574.json
2026-04-21T03:46:28.170Z [LOG] [parse_extracted_emails.js] Parsed: parsed-INBOX-uid-6575.json
2026-04-21T03:46:28.170Z [LOG] [parse_extracted_emails.js] Parsed: parsed-INBOX-uid-6576.json
2026-04-21T03:46:28.170Z [LOG] [parse_extracted_emails.js] Parsed: parsed-INBOX-uid-6577.json
2026-04-21T03:46:28.170Z [LOG] [parse_extracted_emails.js] Parsed: parsed-INBOX-uid-6578.json
2026-04-21T03:46:28.170Z [LOG] [parse_extracted_emails.js] Parsed: parsed-INBOX-uid-6579.json
2026-04-21T03:46:28.170Z [LOG] [parse_extracted_emails.js] Parsed: parsed-INBOX-uid-6580.json
2026-04-21T03:46:28.170Z [LOG] [parse_extracted_emails.js] Parsed: parsed-INBOX-uid-6581.json
2026-04-21T03:46:28.170Z [LOG] [parse_extracted_emails.js] Parsed: parsed-INBOX-uid-6582.json
2026-04-21T03:46:28.170Z [LOG] [parse_extracted_emails.js] Parsed: parsed-INBOX-uid-6583.json
2026-04-21T03:46:28.170Z [LOG] [parse_extracted_emails.js] Parsed: parsed-INBOX-uid-6584.json
2026-04-21T03:46:28.170Z [LOG] [parse_extracted_emails.js] Parsed: parsed-INBOX-uid-6585.json
2026-04-21T03:46:28.170Z [LOG] [parse_extracted_emails.js] Parsed: parsed-INBOX-uid-6586.json
2026-04-21T03:46:28.170Z [LOG] [parse_extracted_emails.js] Parsed: parsed-INBOX-uid-6587.json
2026-04-21T03:46:28.170Z [LOG] [parse_extracted_emails.js] Parsed: parsed-INBOX-uid-6588.json
2026-04-21T03:46:28.170Z [LOG] [parse_extracted_emails.js] Parsed: parsed-INBOX-uid-6589.json
2026-04-21T03:46:28.170Z [LOG] [parse_extracted_emails.js] Parsed: parsed-INBOX-uid-6590.json
2026-04-21T03:46:28.170Z [LOG] [parse_extracted_emails.js] Parsed: parsed-INBOX-uid-6591.json
2026-04-21T03:46:28.170Z [LOG] [parse_extracted_emails.js] Parsed: parsed-INBOX-uid-6592.json
2026-04-21T03:46:28.170Z [LOG] [parse_extracted_emails.js] Parsed: parsed-INBOX-uid-6593.json
2026-04-21T03:46:28.170Z [LOG] [parse_extracted_emails.js] Parsed: parsed-INBOX-uid-6594.json
2026-04-21T03:46:28.170Z [LOG] [parse_extracted_emails.js] Parsed: parsed-INBOX-uid-6595.json
2026-04-21T03:46:28.170Z [LOG] [parse_extracted_emails.js] Parsed: parsed-INBOX-uid-6596.json
2026-04-21T03:46:28.170Z [LOG] [parse_extracted_emails.js] Parsed: parsed-INBOX-uid-6605.json
2026-04-21T03:46:28.170Z [LOG] [parse_extracted_emails.js] Parsed: parsed-INBOX-uid-6608.json
2026-04-21T03:46:28.170Z [LOG] [parse_extracted_emails.js] Parsed: parsed-INBOX-uid-6609.json
2026-04-21T03:46:28.170Z [LOG] [parse_extracted_emails.js] Parsed: parsed-INBOX-uid-6610.json
2026-04-21T03:46:28.170Z [LOG] [parse_extracted_emails.js] Parsed: parsed-INBOX-uid-6611.json
2026-04-21T03:46:28.170Z [LOG] [parse_extracted_emails.js] Parsed: parsed-INBOX-uid-6612.json
2026-04-21T03:46:28.170Z [LOG] [parse_extracted_emails.js] Parsed: parsed-INBOX-uid-6613.json
2026-04-21T03:46:28.170Z [LOG] [parse_extracted_emails.js] Parsed: parsed-INBOX-uid-6614.json
2026-04-21T03:46:28.170Z [LOG] [parse_extracted_emails.js] Parsed: parsed-INBOX-uid-6615.json
2026-04-21T03:46:28.170Z [LOG] [parse_extracted_emails.js] Parsed: parsed-INBOX-uid-6616.json
2026-04-21T03:46:28.170Z [LOG] [parse_extracted_emails.js] Parsed: parsed-INBOX-uid-6617.json
2026-04-21T03:46:28.170Z [LOG] [parse_extracted_emails.js] Parsed: parsed-INBOX-uid-6618.json
2026-04-21T03:46:28.170Z [LOG] [parse_extracted_emails.js] Parsed: parsed-INBOX-uid-6619.json
2026-04-21T03:46:28.171Z [LOG] [parse_extracted_emails.js] Parsed: parsed-INBOX-uid-6620.json
2026-04-21T03:46:28.171Z [LOG] [parse_extracted_emails.js] Parsed: parsed-INBOX-uid-6621.json
2026-04-21T03:46:28.171Z [LOG] [parse_extracted_emails.js] Parsed: parsed-INBOX-uid-6622.json
2026-04-21T03:46:28.171Z [LOG] [parse_extracted_emails.js] Parsed: parsed-INBOX-uid-6627.json
2026-04-21T03:46:28.171Z [LOG] [parse_extracted_emails.js] Parsed: parsed-INBOX-uid-6633.json
2026-04-21T03:46:28.171Z [LOG] [parse_extracted_emails.js] Parsed: parsed-INBOX-uid-6634.json
2026-04-21T03:46:28.171Z [LOG] [parse_extracted_emails.js] Parsed: parsed-INBOX-uid-6635.json
2026-04-21T03:46:28.171Z [LOG] [parse_extracted_emails.js] Parsed: parsed-INBOX-uid-6636.json
2026-04-21T03:46:28.171Z [LOG] [parse_extracted_emails.js] Parsed: parsed-INBOX-uid-6637.json
2026-04-21T03:46:28.171Z [LOG] [parse_extracted_emails.js] Parsed: parsed-INBOX-uid-6638.json
2026-04-21T03:46:28.171Z [LOG] [parse_extracted_emails.js] Parsed: parsed-INBOX-uid-6639.json
2026-04-21T03:46:28.171Z [LOG] [parse_extracted_emails.js] Parsed: parsed-INBOX-uid-6640.json
2026-04-21T03:46:28.171Z [LOG] [parse_extracted_emails.js] Parsed: parsed-INBOX-uid-6641.json
2026-04-21T03:46:28.171Z [LOG] [parse_extracted_emails.js] Parsed: parsed-INBOX-uid-6647.json
2026-04-21T03:46:28.171Z [LOG] [parse_extracted_emails.js] Parsed: parsed-INBOX-uid-6648.json
2026-04-21T03:46:28.171Z [LOG] [parse_extracted_emails.js] Parsed: parsed-INBOX-uid-6649.json
2026-04-21T03:46:28.171Z [LOG] [parse_extracted_emails.js] Parsed: parsed-INBOX-uid-6650.json
2026-04-21T03:46:28.171Z [LOG] [parse_extracted_emails.js] Parsed: parsed-INBOX-uid-6652.json
2026-04-21T03:46:28.171Z [LOG] [parse_extracted_emails.js] Parsed: parsed-INBOX-uid-6653.json
2026-04-21T03:46:28.171Z [LOG] [parse_extracted_emails.js] Parsed: parsed-INBOX-uid-6654.json
2026-04-21T03:46:28.171Z [LOG] [parse_extracted_emails.js] Parsed: parsed-INBOX-uid-6655.json
2026-04-21T03:46:28.171Z [LOG] [parse_extracted_emails.js] Parsed: parsed-INBOX-uid-6664.json
2026-04-21T03:46:28.171Z [LOG] [parse_extracted_emails.js] Parsed: parsed-INBOX-uid-6666.json
2026-04-21T03:46:28.171Z [LOG] [parse_extracted_emails.js] Parsed: parsed-INBOX-uid-6667.json
2026-04-21T03:46:28.171Z [LOG] [parse_extracted_emails.js] Parsed: parsed-INBOX-uid-6668.json
2026-04-21T03:46:28.171Z [LOG] [parse_extracted_emails.js] Parsed: parsed-INBOX-uid-6669.json
2026-04-21T03:46:28.171Z [LOG] [parse_extracted_emails.js] Parsed: parsed-INBOX-uid-6670.json
2026-04-21T03:46:28.171Z [LOG] [parse_extracted_emails.js] Parsed: parsed-INBOX-uid-6671.json
2026-04-21T03:46:28.171Z [LOG] [parse_extracted_emails.js] Parsed: parsed-INBOX-uid-6672.json
2026-04-21T03:46:28.171Z [LOG] [parse_extracted_emails.js] Parsed: parsed-INBOX-uid-6673.json
2026-04-21T03:46:28.171Z [LOG] [parse_extracted_emails.js] Parsed: parsed-INBOX-uid-6674.json
2026-04-21T03:46:28.171Z [LOG] [parse_extracted_emails.js] Parsed: parsed-INBOX-uid-6675.json
2026-04-21T03:46:28.171Z [LOG] [parse_extracted_emails.js] Parsed: parsed-INBOX-uid-6676.json
2026-04-21T03:46:28.171Z [LOG] [parse_extracted_emails.js] Parsed: parsed-INBOX-uid-6677.json
2026-04-21T03:46:28.171Z [LOG] [parse_extracted_emails.js] Parsed: parsed-INBOX-uid-6678.json
2026-04-21T03:46:28.171Z [LOG] [parse_extracted_emails.js] Parsed: parsed-INBOX-uid-6679.json
2026-04-21T03:46:28.171Z [LOG] [parse_extracted_emails.js] Parsed: parsed-INBOX-uid-6680.json
2026-04-21T03:46:28.171Z [LOG] [parse_extracted_emails.js] Parsed: parsed-INBOX-uid-6681.json
2026-04-21T03:46:28.171Z [LOG] [parse_extracted_emails.js] Parsed: parsed-INBOX-uid-6682.json
2026-04-21T03:46:28.171Z [LOG] [parse_extracted_emails.js] Parsed: parsed-INBOX-uid-6683.json
2026-04-21T03:46:28.171Z [LOG] [parse_extracted_emails.js] Parsed: parsed-INBOX-uid-6684.json
2026-04-21T03:46:28.171Z [LOG] [parse_extracted_emails.js] Parsed: parsed-INBOX-uid-6685.json
2026-04-21T03:46:28.171Z [LOG] [parse_extracted_emails.js] Parsed: parsed-INBOX-uid-6686.json
2026-04-21T03:46:28.171Z [LOG] [parse_extracted_emails.js] Parsed: parsed-INBOX-uid-6687.json
2026-04-21T03:46:28.171Z [LOG] [parse_extracted_emails.js] Parsed: parsed-INBOX-uid-6688.json
2026-04-21T03:46:28.171Z [LOG] [parse_extracted_emails.js] Parsed: parsed-INBOX-uid-6689.json
2026-04-21T03:46:28.171Z [LOG] [parse_extracted_emails.js] Parsed: parsed-INBOX-uid-6690.json
2026-04-21T03:46:28.171Z [LOG] [parse_extracted_emails.js] Parsed: parsed-INBOX-uid-6692.json
2026-04-21T03:46:28.171Z [LOG] [parse_extracted_emails.js] Parsed: parsed-INBOX-uid-6693.json
2026-04-21T03:46:28.171Z [LOG] [parse_extracted_emails.js] Parsed: parsed-INBOX-uid-6694.json
2026-04-21T03:46:28.171Z [LOG] [parse_extracted_emails.js] Parsed: parsed-INBOX-uid-6695.json
2026-04-21T03:46:28.171Z [LOG] [parse_extracted_emails.js] Parsed: parsed-INBOX-uid-6696.json
2026-04-21T03:46:28.171Z [LOG] [parse_extracted_emails.js] Parsed: parsed-INBOX-uid-6697.json
2026-04-21T03:46:28.171Z [LOG] [parse_extracted_emails.js] Parsed: parsed-INBOX-uid-6698.json
2026-04-21T03:46:28.171Z [LOG] [parse_extracted_emails.js] Parsed: parsed-INBOX-uid-6699.json
2026-04-21T03:46:28.172Z [LOG] [parse_extracted_emails.js] Parsed: parsed-INBOX-uid-6700.json
2026-04-21T03:46:28.172Z [LOG] [parse_extracted_emails.js] Parsed: parsed-INBOX-uid-6701.json
2026-04-21T03:46:28.172Z [LOG] [parse_extracted_emails.js] Parsed: parsed-INBOX-uid-6702.json
2026-04-21T03:46:28.172Z [LOG] [parse_extracted_emails.js] Parsed: parsed-INBOX-uid-6703.json
2026-04-21T03:46:28.172Z [LOG] [parse_extracted_emails.js] Parsed: parsed-INBOX-uid-6704.json
2026-04-21T03:46:28.172Z [LOG] [parse_extracted_emails.js] Parsed: parsed-INBOX-uid-6705.json
2026-04-21T03:46:28.172Z [LOG] [parse_extracted_emails.js] Parsed: parsed-INBOX-uid-6706.json
2026-04-21T03:46:28.172Z [LOG] [parse_extracted_emails.js] Parsed: parsed-INBOX-uid-6707.json
2026-04-21T03:46:28.172Z [LOG] [parse_extracted_emails.js] Parsed: parsed-INBOX-uid-6708.json
2026-04-21T03:46:28.172Z [LOG] [parse_extracted_emails.js] Parsed: parsed-INBOX-uid-6709.json
2026-04-21T03:46:28.172Z [LOG] [parse_extracted_emails.js] Parsed: parsed-INBOX-uid-6710.json
2026-04-21T03:46:28.172Z [LOG] [parse_extracted_emails.js] Parsed: parsed-INBOX-uid-6711.json
2026-04-21T03:46:28.172Z [LOG] [parse_extracted_emails.js] Parsed: parsed-INBOX-uid-6718.json
2026-04-21T03:46:28.172Z [LOG] [parse_extracted_emails.js] Parsed: parsed-INBOX-uid-6722.json
2026-04-21T03:46:28.172Z [LOG] [parse_extracted_emails.js] Parsed: parsed-INBOX-uid-6723.json
2026-04-21T03:46:28.172Z [LOG] [parse_extracted_emails.js] Parsed: parsed-INBOX-uid-6725.json
2026-04-21T03:46:28.172Z [LOG] [parse_extracted_emails.js] Parsed: parsed-INBOX-uid-6726.json
2026-04-21T03:46:28.172Z [LOG] [parse_extracted_emails.js] Parsed: parsed-INBOX-uid-6729.json
2026-04-21T03:46:28.172Z [LOG] [parse_extracted_emails.js] Parsed: parsed-INBOX-uid-6730.json
2026-04-21T03:46:28.172Z [LOG] [parse_extracted_emails.js] Parsed: parsed-INBOX-uid-6732.json
2026-04-21T03:46:28.172Z [LOG] [parse_extracted_emails.js] Parsed: parsed-INBOX-uid-6733.json
2026-04-21T03:46:28.172Z [LOG] [parse_extracted_emails.js] Parsed: parsed-INBOX-uid-6734.json
2026-04-21T03:46:28.172Z [LOG] [parse_extracted_emails.js] Parsed: parsed-INBOX-uid-6735.json
2026-04-21T03:46:28.172Z [LOG] [parse_extracted_emails.js] Parsed: parsed-INBOX-uid-6736.json
2026-04-21T03:46:28.172Z [LOG] [parse_extracted_emails.js] Parsed: parsed-INBOX-uid-6737.json
2026-04-21T03:46:28.172Z [LOG] [parse_extracted_emails.js] Parsed: parsed-INBOX-uid-6738.json
2026-04-21T03:46:28.172Z [LOG] [parse_extracted_emails.js] Parsed: parsed-INBOX-uid-6748.json
2026-04-21T03:46:28.172Z [LOG] [parse_extracted_emails.js] Parsed: parsed-INBOX-uid-6749.json
2026-04-21T03:46:28.172Z [LOG] [parse_extracted_emails.js] Parsed: parsed-INBOX-uid-6750.json
2026-04-21T03:46:28.172Z [LOG] [parse_extracted_emails.js] Parsed: parsed-INBOX-uid-6751.json
2026-04-21T03:46:28.172Z [LOG] [parse_extracted_emails.js] Parsed: parsed-INBOX-uid-6752.json
2026-04-21T03:46:28.172Z [LOG] [parse_extracted_emails.js] Parsed: parsed-INBOX-uid-6753.json
2026-04-21T03:46:28.172Z [LOG] [parse_extracted_emails.js] Parsed: parsed-INBOX-uid-6754.json
2026-04-21T03:46:28.172Z [LOG] [parse_extracted_emails.js] Parsed: parsed-INBOX-uid-6755.json
2026-04-21T03:46:28.172Z [LOG] [parse_extracted_emails.js] Parsed: parsed-INBOX-uid-6756.json
2026-04-21T03:46:28.172Z [LOG] [parse_extracted_emails.js] Parsed: parsed-INBOX-uid-6757.json
2026-04-21T03:46:28.172Z [LOG] [parse_extracted_emails.js] Parsed: parsed-INBOX-uid-6758.json
2026-04-21T03:46:28.172Z [LOG] [parse_extracted_emails.js] Parsed: parsed-INBOX-uid-6759.json
2026-04-21T03:46:28.172Z [LOG] [parse_extracted_emails.js] Parsed: parsed-INBOX-uid-6760.json
2026-04-21T03:46:28.172Z [LOG] [parse_extracted_emails.js] Parsed: parsed-INBOX-uid-6761.json
2026-04-21T03:46:28.172Z [LOG] [parse_extracted_emails.js] Parsed: parsed-INBOX-uid-6762.json
2026-04-21T03:46:28.172Z [LOG] [parse_extracted_emails.js] Parsed: parsed-INBOX-uid-6763.json
2026-04-21T03:46:28.172Z [LOG] [parse_extracted_emails.js] Parsed: parsed-INBOX-uid-6764.json
2026-04-21T03:46:28.172Z [LOG] [parse_extracted_emails.js] Parsed: parsed-INBOX-uid-6765.json
2026-04-21T03:46:28.172Z [LOG] [parse_extracted_emails.js] Parsed: parsed-INBOX-uid-6766.json
2026-04-21T03:46:28.172Z [LOG] [parse_extracted_emails.js] Parsed: parsed-INBOX-uid-6767.json
2026-04-21T03:46:28.172Z [LOG] [parse_extracted_emails.js] Parsed: parsed-INBOX-uid-6768.json
2026-04-21T03:46:28.172Z [LOG] [parse_extracted_emails.js] Parsed: parsed-INBOX-uid-6769.json
2026-04-21T03:46:28.172Z [LOG] [parse_extracted_emails.js] Parsed: parsed-INBOX-uid-6770.json
2026-04-21T03:46:28.172Z [LOG] [parse_extracted_emails.js] Parsed: parsed-INBOX-uid-6771.json
2026-04-21T03:46:28.172Z [LOG] [parse_extracted_emails.js] Parsed: parsed-INBOX-uid-6772.json
2026-04-21T03:46:28.172Z [LOG] [parse_extracted_emails.js] Parsed: parsed-INBOX-uid-6773.json
2026-04-21T03:46:28.172Z [LOG] [parse_extracted_emails.js] Parsed: parsed-INBOX-uid-6774.json
2026-04-21T03:46:28.172Z [LOG] [parse_extracted_emails.js] Parsed: parsed-INBOX-uid-6775.json
2026-04-21T03:46:28.172Z [LOG] [parse_extracted_emails.js] Parsed: parsed-INBOX-uid-6776.json
2026-04-21T03:46:28.173Z [LOG] [parse_extracted_emails.js] Parsed: parsed-INBOX-uid-6777.json
2026-04-21T03:46:28.173Z [LOG] [parse_extracted_emails.js] Parsed: parsed-INBOX-uid-6778.json
2026-04-21T03:46:28.173Z [LOG] [parse_extracted_emails.js] Parsed: parsed-INBOX-uid-6779.json
2026-04-21T03:46:28.173Z [LOG] [parse_extracted_emails.js] Parsed: parsed-INBOX-uid-6780.json
2026-04-21T03:46:28.173Z [LOG] [parse_extracted_emails.js] Parsed: parsed-INBOX-uid-6781.json
2026-04-21T03:46:28.173Z [LOG] [parse_extracted_emails.js] Parsed: parsed-INBOX-uid-6782.json
2026-04-21T03:46:28.173Z [LOG] [parse_extracted_emails.js] Parsed: parsed-INBOX-uid-6783.json
2026-04-21T03:46:28.173Z [LOG] [parse_extracted_emails.js] Parsed: parsed-INBOX-uid-6784.json
2026-04-21T03:46:28.173Z [LOG] [parse_extracted_emails.js] Parsed: parsed-INBOX-uid-6785.json
2026-04-21T03:46:28.173Z [LOG] [parse_extracted_emails.js] Parsed: parsed-INBOX-uid-6786.json
2026-04-21T03:46:28.173Z [LOG] [parse_extracted_emails.js] Parsed: parsed-INBOX-uid-6787.json
2026-04-21T03:46:28.173Z [LOG] [parse_extracted_emails.js] Parsed: parsed-INBOX-uid-6788.json
2026-04-21T03:46:28.173Z [LOG] [parse_extracted_emails.js] Parsed: parsed-INBOX-uid-6789.json
2026-04-21T03:46:28.173Z [LOG] [parse_extracted_emails.js] Parsed: parsed-INBOX-uid-6790.json
2026-04-21T03:46:28.173Z [LOG] [parse_extracted_emails.js] Parsed: parsed-INBOX-uid-6791.json
2026-04-21T03:46:28.173Z [LOG] [parse_extracted_emails.js] Parsed: parsed-INBOX-uid-6792.json
2026-04-21T03:46:28.173Z [LOG] [parse_extracted_emails.js] Parsed: parsed-INBOX-uid-6793.json
2026-04-21T03:46:28.173Z [LOG] [parse_extracted_emails.js] Parsed: parsed-INBOX-uid-6794.json
2026-04-21T03:46:28.173Z [LOG] [parse_extracted_emails.js] Parsed: parsed-INBOX-uid-6795.json
2026-04-21T03:46:28.173Z [LOG] [parse_extracted_emails.js] Parsed: parsed-INBOX-uid-6796.json
2026-04-21T03:46:28.173Z [LOG] [parse_extracted_emails.js] Parsed: parsed-INBOX-uid-6797.json
2026-04-21T03:46:28.173Z [LOG] [parse_extracted_emails.js] Parsed: parsed-INBOX-uid-6798.json
2026-04-21T03:46:28.173Z [LOG] [parse_extracted_emails.js] Parsed: parsed-INBOX-uid-6799.json
2026-04-21T03:46:28.173Z [LOG] [parse_extracted_emails.js] Parsed: parsed-INBOX-uid-6800.json
2026-04-21T03:46:28.173Z [LOG] [parse_extracted_emails.js] Parsed: parsed-INBOX-uid-6801.json
2026-04-21T03:46:28.173Z [LOG] [parse_extracted_emails.js] Parsed: parsed-INBOX-uid-6802.json
2026-04-21T03:46:28.173Z [LOG] [parse_extracted_emails.js] Parsed: parsed-INBOX-uid-6803.json
2026-04-21T03:46:28.173Z [LOG] [parse_extracted_emails.js] Parsed: parsed-INBOX-uid-6804.json
2026-04-21T03:46:28.173Z [LOG] [parse_extracted_emails.js] Parsed: parsed-INBOX-uid-6805.json
2026-04-21T03:46:28.173Z [LOG] [parse_extracted_emails.js] Parsed: parsed-INBOX-uid-6806.json
2026-04-21T03:46:28.173Z [LOG] [parse_extracted_emails.js] Parsed: parsed-INBOX-uid-6807.json
2026-04-21T03:46:28.173Z [LOG] [parse_extracted_emails.js] Parsed: parsed-INBOX-uid-6808.json
2026-04-21T03:46:28.173Z [LOG] [parse_extracted_emails.js] Parsed: parsed-INBOX-uid-6809.json
2026-04-21T03:46:28.173Z [LOG] [parse_extracted_emails.js] Parsed: parsed-INBOX-uid-6810.json
2026-04-21T03:46:28.173Z [LOG] [parse_extracted_emails.js] Parsed: parsed-INBOX-uid-6811.json
2026-04-21T03:46:28.173Z [LOG] [parse_extracted_emails.js] Parsed: parsed-INBOX-uid-6812.json
2026-04-21T03:46:28.173Z [LOG] [parse_extracted_emails.js] Parsed: parsed-INBOX-uid-6813.json
2026-04-21T03:46:28.173Z [LOG] [parse_extracted_emails.js] Parsed: parsed-INBOX-uid-6814.json
2026-04-21T03:46:28.173Z [LOG] [parse_extracted_emails.js] Parsed: parsed-INBOX-uid-6815.json
2026-04-21T03:46:28.173Z [LOG] [parse_extracted_emails.js] Parsed: parsed-INBOX-uid-6816.json
2026-04-21T03:46:28.173Z [LOG] [parse_extracted_emails.js] Parsed: parsed-INBOX-uid-6817.json
2026-04-21T03:46:28.173Z [LOG] [parse_extracted_emails.js] Parsed: parsed-INBOX-uid-6818.json
2026-04-21T03:46:28.173Z [LOG] [parse_extracted_emails.js] Parsed: parsed-INBOX-uid-6819.json
2026-04-21T03:46:28.173Z [LOG] [parse_extracted_emails.js] Parsed: parsed-INBOX-uid-6820.json
2026-04-21T03:46:28.173Z [LOG] [parse_extracted_emails.js] Parsed: parsed-INBOX-uid-6821.json
2026-04-21T03:46:28.173Z [LOG] [parse_extracted_emails.js] Parsed: parsed-INBOX-uid-6822.json
2026-04-21T03:46:28.173Z [LOG] [parse_extracted_emails.js] Parsed: parsed-INBOX-uid-6823.json
2026-04-21T03:46:28.173Z [LOG] [parse_extracted_emails.js] Parsed: parsed-INBOX-uid-6824.json
2026-04-21T03:46:28.173Z [LOG] [parse_extracted_emails.js] Parsed: parsed-INBOX-uid-6825.json
2026-04-21T03:46:28.173Z [LOG] [parse_extracted_emails.js] Parsed: parsed-INBOX-uid-6826.json
2026-04-21T03:46:28.173Z [LOG] [parse_extracted_emails.js] Parsed: parsed-INBOX-uid-6827.json
2026-04-21T03:46:28.173Z [LOG] [parse_extracted_emails.js] Parsed: parsed-INBOX-uid-6828.json
2026-04-21T03:46:28.173Z [LOG] [parse_extracted_emails.js] Parsed: parsed-INBOX-uid-6829.json
2026-04-21T03:46:28.173Z [LOG] [parse_extracted_emails.js] Parsed: parsed-INBOX-uid-6830.json
2026-04-21T03:46:28.174Z [LOG] [parse_extracted_emails.js] Parsed: parsed-INBOX-uid-6831.json
2026-04-21T03:46:28.174Z [LOG] [parse_extracted_emails.js] Parsed: parsed-INBOX-uid-6832.json
2026-04-21T03:46:28.174Z [LOG] [parse_extracted_emails.js] Parsed: parsed-INBOX-uid-6833.json
2026-04-21T03:46:28.174Z [LOG] [parse_extracted_emails.js] Parsed: parsed-INBOX-uid-6834.json
2026-04-21T03:46:28.174Z [LOG] [parse_extracted_emails.js] Parsed: parsed-INBOX-uid-6835.json
2026-04-21T03:46:28.174Z [LOG] [parse_extracted_emails.js] Parsed: parsed-INBOX-uid-6836.json
2026-04-21T03:46:28.174Z [LOG] [parse_extracted_emails.js] Parsed: parsed-INBOX-uid-6837.json
2026-04-21T03:46:28.174Z [LOG] [parse_extracted_emails.js] Parsed: parsed-INBOX-uid-6838.json
2026-04-21T03:46:28.174Z [LOG] [parse_extracted_emails.js] Parsed: parsed-INBOX-uid-6839.json
2026-04-21T03:46:28.174Z [LOG] [parse_extracted_emails.js] Parsed: parsed-INBOX-uid-6840.json
2026-04-21T03:46:28.174Z [LOG] [parse_extracted_emails.js] Parsed: parsed-INBOX-uid-6841.json
2026-04-21T03:46:28.174Z [LOG] [parse_extracted_emails.js] Parsed: parsed-INBOX-uid-6842.json
2026-04-21T03:46:28.174Z [LOG] [parse_extracted_emails.js] Parsed: parsed-INBOX-uid-6843.json
2026-04-21T03:46:28.174Z [LOG] [parse_extracted_emails.js] Parsed: parsed-INBOX-uid-6844.json
2026-04-21T03:46:28.174Z [LOG] [parse_extracted_emails.js] Parsed: parsed-INBOX-uid-6845.json
2026-04-21T03:46:28.174Z [LOG] [parse_extracted_emails.js] Parsed: parsed-INBOX-uid-6846.json
2026-04-21T03:46:28.174Z [LOG] [parse_extracted_emails.js] Parsed: parsed-INBOX-uid-6847.json
2026-04-21T03:46:28.174Z [LOG] [parse_extracted_emails.js] Parsed: parsed-INBOX-uid-6848.json
2026-04-21T03:46:28.174Z [LOG] [parse_extracted_emails.js] Parsed: parsed-INBOX-uid-6849.json
2026-04-21T03:46:28.174Z [LOG] [parse_extracted_emails.js] Parsed: parsed-INBOX-uid-6850.json
2026-04-21T03:46:28.174Z [LOG] [parse_extracted_emails.js] Parsed: parsed-INBOX-uid-6851.json
2026-04-21T03:46:28.174Z [LOG] [parse_extracted_emails.js] Parsed: parsed-INBOX-uid-6852.json
2026-04-21T03:46:28.174Z [LOG] [parse_extracted_emails.js] Parsed: parsed-INBOX-uid-6853.json
2026-04-21T03:46:28.174Z [LOG] [parse_extracted_emails.js] Parsed: parsed-INBOX-uid-6854.json
2026-04-21T03:46:28.174Z [LOG] [parse_extracted_emails.js] Parsed: parsed-INBOX-uid-6855.json
2026-04-21T03:46:28.174Z [LOG] [parse_extracted_emails.js] Parsed: parsed-INBOX-uid-6856.json
2026-04-21T03:46:28.174Z [LOG] [parse_extracted_emails.js] Parsed: parsed-INBOX-uid-6857.json
2026-04-21T03:46:28.174Z [LOG] [parse_extracted_emails.js] Parsed: parsed-INBOX-uid-6858.json
2026-04-21T03:46:28.174Z [LOG] [parse_extracted_emails.js] Parsed: parsed-INBOX-uid-6859.json
2026-04-21T03:46:28.174Z [LOG] [parse_extracted_emails.js] Parsed: parsed-INBOX-uid-6860.json
2026-04-21T03:46:28.174Z [LOG] [parse_extracted_emails.js] Parsed: parsed-INBOX-uid-6861.json
2026-04-21T03:46:28.174Z [LOG] [parse_extracted_emails.js] Parsed: parsed-INBOX-uid-6862.json
2026-04-21T03:46:28.174Z [LOG] [parse_extracted_emails.js] Parsed: parsed-INBOX-uid-6863.json
2026-04-21T03:46:28.174Z [LOG] [parse_extracted_emails.js] Parsed: parsed-INBOX-uid-6864.json
2026-04-21T03:46:28.174Z [LOG] [parse_extracted_emails.js] Parsed: parsed-INBOX-uid-6865.json
2026-04-21T03:46:28.174Z [LOG] [parse_extracted_emails.js] Parsed: parsed-INBOX-uid-6866.json
2026-04-21T03:46:28.174Z [LOG] [parse_extracted_emails.js] Parsed: parsed-INBOX-uid-6867.json
2026-04-21T03:46:28.174Z [LOG] [parse_extracted_emails.js] Parsed: parsed-INBOX-uid-6868.json
2026-04-21T03:46:28.174Z [LOG] [parse_extracted_emails.js] Parsed: parsed-INBOX-uid-6869.json
2026-04-21T03:46:28.174Z [LOG] [parse_extracted_emails.js] Parsed: parsed-INBOX-uid-6870.json
2026-04-21T03:46:28.174Z [LOG] [parse_extracted_emails.js] Parsed: parsed-INBOX-uid-6871.json
2026-04-21T03:46:28.174Z [LOG] [parse_extracted_emails.js] Parsed: parsed-INBOX-uid-6872.json
2026-04-21T03:46:28.174Z [LOG] [parse_extracted_emails.js] Parsed: parsed-INBOX-uid-6873.json
2026-04-21T03:46:28.174Z [LOG] [parse_extracted_emails.js] Parsed: parsed-INBOX-uid-6874.json
2026-04-21T03:46:28.174Z [LOG] [parse_extracted_emails.js] Parsed: parsed-INBOX-uid-6875.json
2026-04-21T03:46:28.174Z [LOG] [parse_extracted_emails.js] Parsed: parsed-INBOX-uid-6907.json
2026-04-21T03:46:28.174Z [LOG] [parse_extracted_emails.js] Parsed: parsed-INBOX-uid-6908.json
2026-04-21T03:46:28.174Z [LOG] [parse_extracted_emails.js] Parsed: parsed-INBOX-uid-6909.json
2026-04-21T03:46:28.174Z [LOG] [parse_extracted_emails.js] Parsed: parsed-INBOX-uid-6910.json
2026-04-21T03:46:28.174Z [LOG] [parse_extracted_emails.js] Parsed: parsed-INBOX-uid-6911.json
2026-04-21T03:46:28.174Z [LOG] [parse_extracted_emails.js] Parsed: parsed-INBOX-uid-6912.json
2026-04-21T03:46:28.174Z [LOG] [parse_extracted_emails.js] Parsed: parsed-INBOX-uid-6913.json
2026-04-21T03:46:28.174Z [LOG] [parse_extracted_emails.js] Parsed: parsed-INBOX-uid-6914.json
2026-04-21T03:46:28.175Z [LOG] [parse_extracted_emails.js] Parsed: parsed-INBOX-uid-6915.json
2026-04-21T03:46:28.175Z [LOG] [parse_extracted_emails.js] Parsed: parsed-INBOX-uid-6916.json
2026-04-21T03:46:28.175Z [LOG] [parse_extracted_emails.js] Parsed: parsed-INBOX-uid-6917.json
2026-04-21T03:46:28.175Z [LOG] [parse_extracted_emails.js] Parsed: parsed-INBOX-uid-6918.json
2026-04-21T03:46:28.175Z [LOG] [parse_extracted_emails.js] Parsed: parsed-INBOX-uid-6919.json
2026-04-21T03:46:28.175Z [LOG] [parse_extracted_emails.js] Parsed: parsed-INBOX-uid-6920.json
2026-04-21T03:46:28.175Z [LOG] [parse_extracted_emails.js] Parsed: parsed-INBOX-uid-6921.json
2026-04-21T03:46:28.175Z [LOG] [parse_extracted_emails.js] Parsed: parsed-INBOX-uid-6922.json
2026-04-21T03:46:28.175Z [LOG] [parse_extracted_emails.js] Parsed: parsed-INBOX-uid-6923.json
2026-04-21T03:46:28.175Z [LOG] [parse_extracted_emails.js] Parsed: parsed-INBOX-uid-6924.json
2026-04-21T03:46:28.175Z [LOG] [parse_extracted_emails.js] Parsed: parsed-INBOX-uid-6925.json
2026-04-21T03:46:28.175Z [LOG] [parse_extracted_emails.js] Parsed: parsed-INBOX-uid-6926.json
2026-04-21T03:46:28.175Z [LOG] [parse_extracted_emails.js] Parsed: parsed-INBOX-uid-6927.json
2026-04-21T03:46:28.175Z [LOG] [parse_extracted_emails.js] Parsed: parsed-INBOX-uid-6928.json
2026-04-21T03:46:28.175Z [LOG] [parse_extracted_emails.js] Parsed: parsed-INBOX-uid-6929.json
2026-04-21T03:46:28.175Z [LOG] [parse_extracted_emails.js] Parsed: parsed-INBOX-uid-6930.json
2026-04-21T03:46:28.175Z [LOG] [parse_extracted_emails.js] Parsed: parsed-INBOX-uid-6931.json
2026-04-21T03:46:28.175Z [LOG] [parse_extracted_emails.js] Parsed: parsed-INBOX-uid-6932.json
2026-04-21T03:46:28.175Z [LOG] [parse_extracted_emails.js] Parsed: parsed-INBOX-uid-6933.json
2026-04-21T03:46:28.175Z [LOG] [parse_extracted_emails.js] Parsed: parsed-INBOX-uid-6934.json
2026-04-21T03:46:28.175Z [LOG] [parse_extracted_emails.js] Parsed: parsed-INBOX-uid-6935.json
2026-04-21T03:46:28.175Z [LOG] [parse_extracted_emails.js] Parsed: parsed-INBOX-uid-6936.json
2026-04-21T03:46:28.175Z [LOG] [parse_extracted_emails.js] Parsed: parsed-INBOX-uid-6937.json
2026-04-21T03:46:28.175Z [LOG] [parse_extracted_emails.js] Parsed: parsed-INBOX-uid-6938.json
2026-04-21T03:46:28.175Z [LOG] [parse_extracted_emails.js] Parsed: parsed-INBOX-uid-6939.json
2026-04-21T03:46:28.175Z [LOG] [parse_extracted_emails.js] Parsed: parsed-INBOX-uid-6940.json
2026-04-21T03:46:28.175Z [LOG] [parse_extracted_emails.js] Parsed: parsed-INBOX-uid-6941.json
2026-04-21T03:46:28.175Z [LOG] [parse_extracted_emails.js] Parsed: parsed-INBOX-uid-6942.json
2026-04-21T03:46:28.175Z [LOG] [parse_extracted_emails.js] Parsed: parsed-INBOX-uid-6943.json
2026-04-21T03:46:28.175Z [LOG] [parse_extracted_emails.js] Parsed: parsed-INBOX-uid-6945.json
2026-04-21T03:46:28.175Z [LOG] [parse_extracted_emails.js] Parsed: parsed-INBOX-uid-6946.json
2026-04-21T03:46:28.175Z [LOG] [parse_extracted_emails.js] Parsed: parsed-INBOX-uid-6947.json
2026-04-21T03:46:28.175Z [LOG] [parse_extracted_emails.js] Parsed: parsed-INBOX-uid-6948.json
2026-04-21T03:46:28.175Z [LOG] [parse_extracted_emails.js] Parsed: parsed-INBOX-uid-6949.json
2026-04-21T03:46:28.175Z [LOG] [parse_extracted_emails.js] Parsed: parsed-INBOX-uid-6950.json
2026-04-21T03:46:28.175Z [LOG] [parse_extracted_emails.js] Parsed: parsed-INBOX-uid-6951.json
2026-04-21T03:46:28.175Z [LOG] [parse_extracted_emails.js] Parsed: parsed-INBOX-uid-6952.json
2026-04-21T03:46:28.175Z [LOG] [parse_extracted_emails.js] Parsed: parsed-INBOX-uid-6953.json
2026-04-21T03:46:28.175Z [LOG] [parse_extracted_emails.js] Parsed: parsed-INBOX-uid-6954.json
2026-04-21T03:46:28.175Z [LOG] [parse_extracted_emails.js] Parsed: parsed-INBOX-uid-6955.json
2026-04-21T03:46:28.175Z [LOG] [parse_extracted_emails.js] Parsed: parsed-INBOX-uid-6956.json
2026-04-21T03:46:28.175Z [LOG] [parse_extracted_emails.js] Parsed: parsed-INBOX-uid-6957.json
2026-04-21T03:46:28.175Z [LOG] [parse_extracted_emails.js] Parsed: parsed-INBOX-uid-6958.json
2026-04-21T03:46:28.175Z [LOG] [parse_extracted_emails.js] Parsed: parsed-INBOX-uid-6959.json
2026-04-21T03:46:28.175Z [LOG] [parse_extracted_emails.js] Parsed: parsed-INBOX-uid-6960.json
2026-04-21T03:46:28.175Z [LOG] [parse_extracted_emails.js] Parsed: parsed-INBOX-uid-6961.json
2026-04-21T03:46:28.175Z [LOG] [parse_extracted_emails.js] Parsed: parsed-INBOX-uid-6962.json
2026-04-21T03:46:28.175Z [LOG] [parse_extracted_emails.js] Parsed: parsed-INBOX-uid-6963.json
2026-04-21T03:46:28.175Z [LOG] [parse_extracted_emails.js] Parsed: parsed-INBOX-uid-6964.json
2026-04-21T03:46:28.175Z [LOG] [parse_extracted_emails.js] Parsed: parsed-INBOX-uid-6965.json
2026-04-21T03:46:28.175Z [LOG] [parse_extracted_emails.js] Parsed: parsed-INBOX-uid-6966.json
2026-04-21T03:46:28.175Z [LOG] [parse_extracted_emails.js] Parsed: parsed-INBOX-uid-6967.json
2026-04-21T03:46:28.176Z [LOG] [parse_extracted_emails.js] Parsed: parsed-INBOX-uid-6968.json
2026-04-21T03:46:28.176Z [LOG] [parse_extracted_emails.js] Parsed: parsed-INBOX-uid-6969.json
2026-04-21T03:46:28.176Z [LOG] [parse_extracted_emails.js] Parsed: parsed-INBOX-uid-6970.json
2026-04-21T03:46:28.176Z [LOG] [parse_extracted_emails.js] Parsed: parsed-INBOX-uid-6971.json
2026-04-21T03:46:28.176Z [LOG] [parse_extracted_emails.js] Parsed: parsed-INBOX-uid-6972.json
2026-04-21T03:46:28.176Z [LOG] [parse_extracted_emails.js] Parsed: parsed-INBOX-uid-6973.json
2026-04-21T03:46:28.176Z [LOG] [parse_extracted_emails.js] Parsed: parsed-INBOX-uid-6974.json
2026-04-21T03:46:28.176Z [LOG] [parse_extracted_emails.js] Parsed: parsed-INBOX-uid-6975.json
2026-04-21T03:46:28.176Z [LOG] [parse_extracted_emails.js] Parsed: parsed-INBOX-uid-6976.json
2026-04-21T03:46:28.176Z [LOG] [parse_extracted_emails.js] Parsed: parsed-INBOX-uid-6977.json
2026-04-21T03:46:28.176Z [LOG] [parse_extracted_emails.js] Parsed: parsed-INBOX-uid-6978.json
2026-04-21T03:46:28.176Z [LOG] [parse_extracted_emails.js] Parsed: parsed-INBOX-uid-6979.json
2026-04-21T03:46:28.176Z [LOG] [parse_extracted_emails.js] Parsed: parsed-INBOX-uid-6980.json
2026-04-21T03:46:28.176Z [LOG] [parse_extracted_emails.js] Parsed: parsed-INBOX-uid-6981.json
2026-04-21T03:46:28.176Z [LOG] [parse_extracted_emails.js] Parsed: parsed-INBOX-uid-6982.json
2026-04-21T03:46:28.176Z [LOG] [parse_extracted_emails.js] Parsed: parsed-INBOX-uid-6983.json
2026-04-21T03:46:28.176Z [LOG] [parse_extracted_emails.js] Parsed: parsed-INBOX-uid-6984.json
2026-04-21T03:46:28.176Z [LOG] [parse_extracted_emails.js] Parsed: parsed-INBOX-uid-6985.json
2026-04-21T03:46:28.176Z [LOG] [parse_extracted_emails.js] Parsed: parsed-INBOX-uid-6986.json
2026-04-21T03:46:28.176Z [LOG] [parse_extracted_emails.js] Parsed: parsed-INBOX-uid-6987.json
2026-04-21T03:46:28.176Z [LOG] [parse_extracted_emails.js] Parsed: parsed-INBOX-uid-6988.json
2026-04-21T03:46:28.197Z [LOG] [parse_extracted_emails.js] Parsed: parsed-INBOX-uid-6989.json
2026-04-21T03:46:28.197Z [LOG] [parse_extracted_emails.js] Parsed: parsed-INBOX-uid-6990.json
2026-04-21T03:46:28.197Z [LOG] [parse_extracted_emails.js] Parsed: parsed-INBOX-uid-6991.json
2026-04-21T03:46:28.197Z [LOG] [parse_extracted_emails.js] Parsed: parsed-INBOX-uid-6992.json
2026-04-21T03:46:28.197Z [LOG] [parse_extracted_emails.js] Parsed: parsed-INBOX-uid-6993.json
2026-04-21T03:46:28.197Z [LOG] [parse_extracted_emails.js] Parsed: parsed-INBOX-uid-6996.json
2026-04-21T03:46:28.197Z [LOG] [parse_extracted_emails.js] Parsed: parsed-INBOX-uid-7006.json
2026-04-21T03:46:28.197Z [LOG] [parse_extracted_emails.js] Parsed: parsed-INBOX-uid-7007.json
2026-04-21T03:46:28.197Z [LOG] [parse_extracted_emails.js] Parsed: parsed-INBOX-uid-7008.json
2026-04-21T03:46:28.197Z [LOG] [parse_extracted_emails.js] Parsed: parsed-INBOX-uid-7009.json
2026-04-21T03:46:28.197Z [LOG] [parse_extracted_emails.js] Parsed: parsed-INBOX-uid-7010.json
2026-04-21T03:46:28.197Z [LOG] [parse_extracted_emails.js] Parsed: parsed-INBOX-uid-7011.json
2026-04-21T03:46:28.197Z [LOG] [parse_extracted_emails.js] Parsed: parsed-INBOX-uid-7012.json
2026-04-21T03:46:28.197Z [LOG] [parse_extracted_emails.js] Parsed: parsed-INBOX-uid-7013.json
2026-04-21T03:46:28.197Z [LOG] [parse_extracted_emails.js] Parsed: parsed-INBOX-uid-7014.json
2026-04-21T03:46:28.197Z [LOG] [parse_extracted_emails.js] Parsed: parsed-INBOX-uid-7015.json
2026-04-21T03:46:28.197Z [LOG] [parse_extracted_emails.js] Parsed: parsed-INBOX-uid-7016.json
2026-04-21T03:46:28.197Z [LOG] [parse_extracted_emails.js] Parsed: parsed-INBOX-uid-7017.json
2026-04-21T03:46:28.197Z [LOG] [parse_extracted_emails.js] Parsed: parsed-INBOX-uid-7018.json
2026-04-21T03:46:28.197Z [LOG] [parse_extracted_emails.js] Parsed: parsed-INBOX-uid-7019.json
2026-04-21T03:46:28.197Z [LOG] [parse_extracted_emails.js] Parsed: parsed-INBOX-uid-7020.json
2026-04-21T03:46:28.197Z [LOG] [parse_extracted_emails.js] Parsed: parsed-INBOX-uid-7021.json
2026-04-21T03:46:28.197Z [LOG] [parse_extracted_emails.js] Parsed: parsed-INBOX-uid-7022.json
2026-04-21T03:46:28.197Z [LOG] [parse_extracted_emails.js] Parsed: parsed-INBOX-uid-7023.json
2026-04-21T03:46:28.197Z [LOG] [parse_extracted_emails.js] Parsed: parsed-INBOX-uid-7024.json
2026-04-21T03:46:28.197Z [LOG] [parse_extracted_emails.js] Parsed: parsed-INBOX-uid-7025.json
2026-04-21T03:46:28.197Z [LOG] [parse_extracted_emails.js] Parsed: parsed-INBOX-uid-7026.json
2026-04-21T03:46:28.197Z [LOG] [parse_extracted_emails.js] Parsed: parsed-INBOX-uid-7028.json
2026-04-21T03:46:28.197Z [LOG] [parse_extracted_emails.js] Parsed: parsed-INBOX-uid-7029.json
2026-04-21T03:46:28.197Z [LOG] [parse_extracted_emails.js] Parsed: parsed-INBOX-uid-7030.json
2026-04-21T03:46:28.197Z [LOG] [parse_extracted_emails.js] Parsed: parsed-INBOX-uid-7031.json
2026-04-21T03:46:28.197Z [LOG] [parse_extracted_emails.js] Parsed: parsed-INBOX-uid-7032.json
2026-04-21T03:46:28.197Z [LOG] [parse_extracted_emails.js] Parsed: parsed-INBOX-uid-7033.json
2026-04-21T03:46:28.197Z [LOG] [parse_extracted_emails.js] Parsed: parsed-INBOX-uid-7034.json
2026-04-21T03:46:28.197Z [LOG] [parse_extracted_emails.js] Parsed: parsed-INBOX-uid-7035.json
2026-04-21T03:46:28.197Z [LOG] [parse_extracted_emails.js] Parsed: parsed-INBOX-uid-7036.json
2026-04-21T03:46:28.197Z [LOG] [parse_extracted_emails.js] Parsed: parsed-INBOX-uid-7037.json
2026-04-21T03:46:28.197Z [LOG] [parse_extracted_emails.js] Parsed: parsed-INBOX-uid-7038.json
2026-04-21T03:46:28.198Z [LOG] [parse_extracted_emails.js] Parsed: parsed-INBOX-uid-7040.json
2026-04-21T03:46:28.198Z [LOG] [parse_extracted_emails.js] Parsed: parsed-INBOX-uid-7049.json
2026-04-21T03:46:28.198Z [LOG] [parse_extracted_emails.js] Parsed: parsed-INBOX-uid-7050.json
2026-04-21T03:46:28.198Z [LOG] [parse_extracted_emails.js] Parsed: parsed-INBOX-uid-7051.json
2026-04-21T03:46:28.198Z [LOG] [parse_extracted_emails.js] Parsed: parsed-INBOX-uid-7052.json
2026-04-21T03:46:28.198Z [LOG] [parse_extracted_emails.js] Parsed: parsed-INBOX-uid-7053.json
2026-04-21T03:46:28.198Z [LOG] [parse_extracted_emails.js] Parsed: parsed-INBOX-uid-7054.json
2026-04-21T03:46:28.198Z [LOG] [parse_extracted_emails.js] Parsed: parsed-INBOX-uid-7055.json
2026-04-21T03:46:28.198Z [LOG] [parse_extracted_emails.js] Parsed: parsed-INBOX-uid-7056.json
2026-04-21T03:46:28.198Z [LOG] [parse_extracted_emails.js] Parsed: parsed-INBOX-uid-7057.json
2026-04-21T03:46:28.198Z [LOG] [parse_extracted_emails.js] Parsed: parsed-INBOX-uid-7058.json
2026-04-21T03:46:28.198Z [LOG] [parse_extracted_emails.js] Parsed: parsed-INBOX-uid-7059.json
2026-04-21T03:46:28.198Z [LOG] [parse_extracted_emails.js] Parsed: parsed-INBOX-uid-7060.json
2026-04-21T03:46:28.198Z [LOG] [parse_extracted_emails.js] Parsed: parsed-INBOX-uid-7061.json
2026-04-21T03:46:28.198Z [LOG] [parse_extracted_emails.js] Parsed: parsed-INBOX-uid-7062.json
2026-04-21T03:46:28.198Z [LOG] [parse_extracted_emails.js] Parsed: parsed-INBOX-uid-7063.json
2026-04-21T03:46:28.137Z [LOG] parse summary: total=1870, parsed=1621, alreadyParsed=0, missingFields=249, invalidMessageType=0, missingParser=0, parseErrors=6
2026-04-21T03:46:28.198Z [LOG] [parse_extracted_emails.js] done
2026-04-21T03:46:28.198Z [LOG] [pipeline #1] new emails parsed: 1621
2026-04-21T03:46:28.198Z [LOG] [build_cfs_csv_mawb.js] starting…
2026-04-21T03:46:28.386Z [LOG] Written 401 rows to CFS_mawb.csv
2026-04-21T03:46:28.388Z [LOG]   Rows with no FFM match (no flight data): 3
2026-04-21T03:46:28.393Z [LOG] [build_cfs_csv_mawb.js] done
2026-04-21T03:46:28.393Z [LOG] [build_cfs_csv_uld.js] starting…
2026-04-21T03:46:28.591Z [LOG] [build_cfs_csv_uld.js] Written 721 rows to /home/wesleywu9/tolead/NCAParser/server/data/outputs/parsed_tables/CFS_uld.csv
2026-04-21T03:46:28.591Z [LOG] [build_cfs_csv_uld.js]   Rows with no FFM match: 3
2026-04-21T03:46:28.591Z [LOG] [build_cfs_csv_uld.js]   Extra rows from MAWBs split across multiple ULDs: 320
2026-04-21T03:46:28.591Z [LOG] [build_cfs_csv_uld.js] done
2026-04-21T03:46:28.591Z [LOG] [build_cfs_csv_hawb.js] starting…
2026-04-21T03:46:28.794Z [LOG] Written 812 rows to CFS_hawb.csv
2026-04-21T03:46:28.796Z [LOG]   HAWB rows: 719
2026-04-21T03:46:28.796Z [LOG]   MAWB-only rows: 93
2026-04-21T03:46:28.801Z [LOG] [build_cfs_csv_hawb.js] done
2026-04-21T03:46:28.801Z [LOG] [upload_tables_to_sheets.js] starting…
2026-04-21T03:46:28.866Z [LOG] [mawb] Clearing 'CFS_by_MAWB'!A:AZ …
2026-04-21T03:46:29.707Z [LOG] [mawb] Writing 402 rows → 'CFS_by_MAWB'!A1 …
2026-04-21T03:46:32.357Z [LOG] [mawb] Applied sheet formatting and sorting
2026-04-21T03:46:32.357Z [LOG] [mawb] Done — 401 data rows uploaded.
2026-04-21T03:46:32.359Z [LOG] [uld] Clearing 'CFS_by_ULD'!A:AZ …
2026-04-21T03:46:32.870Z [LOG] [uld] Writing 722 rows → 'CFS_by_ULD'!A1 …
2026-04-21T03:46:36.398Z [LOG] [uld] Applied sheet formatting and sorting
2026-04-21T03:46:37.522Z [LOG] [uld] Applied ULD grouping formatting (641 ULD blocks)
2026-04-21T03:46:37.522Z [LOG] [uld] Done — 721 data rows uploaded.
2026-04-21T03:46:37.528Z [LOG] [hawb] Clearing 'CFS_by_HAWB'!A:AZ …
2026-04-21T03:46:37.931Z [LOG] [hawb] Writing 813 rows → 'CFS_by_HAWB'!A1 …
2026-04-21T03:46:39.980Z [LOG] [hawb] Applied sheet formatting and sorting
2026-04-21T03:46:41.002Z [LOG] [hawb] Applied MAWB grouping formatting (402 MAWB blocks)
2026-04-21T03:46:41.002Z [LOG] [hawb] Done — 812 data rows uploaded.
2026-04-21T03:46:41.008Z [LOG] [upload_tables_to_sheets.js] done
2026-04-21T03:46:41.008Z [LOG] [pipeline #1] pipeline complete
2026-04-21T03:57:00.940Z [LOG] ────────────────────────────────────────────────────────────
2026-04-21T03:57:00.942Z [LOG] [pipeline #1] 2026-04-21T03:57:00.942Z
2026-04-21T03:57:00.943Z [LOG] [extract_emails.js] starting…
2026-04-21T03:57:05.366Z [LOG] extracted 0 email(s) this run
2026-04-21T03:57:05.666Z [LOG] extraction finished
2026-04-21T03:57:05.675Z [LOG] [extract_emails.js] done
2026-04-21T03:57:05.675Z [LOG] [pipeline #1] new emails extracted: 0
2026-04-21T03:57:05.675Z [LOG] [parse_extracted_emails.js] starting…
2026-04-21T03:57:34.568Z [LOG] [parse_extracted_emails.js] Parsed: parsed-INBOX-uid-1001.json
2026-04-21T03:57:34.568Z [LOG] [parse_extracted_emails.js] Parsed: parsed-INBOX-uid-1002.json
2026-04-21T03:57:34.568Z [LOG] [parse_extracted_emails.js] Parsed: parsed-INBOX-uid-1004.json
2026-04-21T03:57:34.568Z [LOG] [parse_extracted_emails.js] Parsed: parsed-INBOX-uid-1005.json
2026-04-21T03:57:34.568Z [LOG] [parse_extracted_emails.js] Parsed: parsed-INBOX-uid-1006.json
2026-04-21T03:57:34.568Z [LOG] [parse_extracted_emails.js] Parsed: parsed-INBOX-uid-1007.json
2026-04-21T03:57:34.568Z [LOG] [parse_extracted_emails.js] Parsed: parsed-INBOX-uid-1008.json
2026-04-21T03:57:34.568Z [LOG] [parse_extracted_emails.js] Parsed: parsed-INBOX-uid-1009.json
2026-04-21T03:57:34.568Z [LOG] [parse_extracted_emails.js] Parsed: parsed-INBOX-uid-1010.json
2026-04-21T03:57:34.568Z [LOG] [parse_extracted_emails.js] Parsed: parsed-INBOX-uid-1014.json
2026-04-21T03:57:34.568Z [LOG] [parse_extracted_emails.js] Parsed: parsed-INBOX-uid-1020.json
2026-04-21T03:57:34.568Z [LOG] [parse_extracted_emails.js] Parsed: parsed-INBOX-uid-1021.json
2026-04-21T03:57:34.568Z [LOG] [parse_extracted_emails.js] Parsed: parsed-INBOX-uid-1022.json
2026-04-21T03:57:34.568Z [LOG] [parse_extracted_emails.js] Parsed: parsed-INBOX-uid-1023.json
2026-04-21T03:57:34.568Z [LOG] [parse_extracted_emails.js] Parsed: parsed-INBOX-uid-1264.json
2026-04-21T03:57:34.568Z [LOG] [parse_extracted_emails.js] Parsed: parsed-INBOX-uid-1265.json
2026-04-21T03:57:34.568Z [LOG] [parse_extracted_emails.js] Parsed: parsed-INBOX-uid-1266.json
2026-04-21T03:57:34.568Z [LOG] [parse_extracted_emails.js] Parsed: parsed-INBOX-uid-1339.json
2026-04-21T03:57:34.568Z [LOG] [parse_extracted_emails.js] Parsed: parsed-INBOX-uid-1340.json
2026-04-21T03:57:34.568Z [LOG] [parse_extracted_emails.js] Parsed: parsed-INBOX-uid-1341.json
2026-04-21T03:57:34.568Z [LOG] [parse_extracted_emails.js] Parsed: parsed-INBOX-uid-1342.json
2026-04-21T03:57:34.568Z [LOG] [parse_extracted_emails.js] Parsed: parsed-INBOX-uid-1343.json
2026-04-21T03:57:34.568Z [LOG] [parse_extracted_emails.js] Parsed: parsed-INBOX-uid-1344.json
2026-04-21T03:57:34.568Z [LOG] [parse_extracted_emails.js] Parsed: parsed-INBOX-uid-1345.json
2026-04-21T03:57:34.568Z [LOG] [parse_extracted_emails.js] Parsed: parsed-INBOX-uid-1346.json
2026-04-21T03:57:34.568Z [LOG] [parse_extracted_emails.js] Parsed: parsed-INBOX-uid-1347.json
2026-04-21T03:57:34.568Z [LOG] [parse_extracted_emails.js] Parsed: parsed-INBOX-uid-1348.json
2026-04-21T03:57:34.568Z [LOG] [parse_extracted_emails.js] Parsed: parsed-INBOX-uid-1349.json
2026-04-21T03:57:34.568Z [LOG] [parse_extracted_emails.js] Parsed: parsed-INBOX-uid-1350.json
2026-04-21T03:57:34.568Z [LOG] [parse_extracted_emails.js] Parsed: parsed-INBOX-uid-1351.json
2026-04-21T03:57:34.568Z [LOG] [parse_extracted_emails.js] Parsed: parsed-INBOX-uid-1352.json
2026-04-21T03:57:34.568Z [LOG] [parse_extracted_emails.js] Parsed: parsed-INBOX-uid-1353.json
2026-04-21T03:57:34.568Z [LOG] [parse_extracted_emails.js] Parsed: parsed-INBOX-uid-1354.json
2026-04-21T03:57:34.568Z [LOG] [parse_extracted_emails.js] Parsed: parsed-INBOX-uid-1407.json
2026-04-21T03:57:34.568Z [LOG] [parse_extracted_emails.js] Parsed: parsed-INBOX-uid-1408.json
2026-04-21T03:57:34.568Z [LOG] [parse_extracted_emails.js] Parsed: parsed-INBOX-uid-1409.json
2026-04-21T03:57:34.568Z [LOG] [parse_extracted_emails.js] Parsed: parsed-INBOX-uid-1410.json
2026-04-21T03:57:34.568Z [LOG] [parse_extracted_emails.js] Parsed: parsed-INBOX-uid-1411.json
2026-04-21T03:57:34.568Z [LOG] [parse_extracted_emails.js] Parsed: parsed-INBOX-uid-1412.json
2026-04-21T03:57:34.568Z [LOG] [parse_extracted_emails.js] Parsed: parsed-INBOX-uid-1413.json
2026-04-21T03:57:34.568Z [LOG] [parse_extracted_emails.js] Parsed: parsed-INBOX-uid-1414.json
2026-04-21T03:57:34.568Z [LOG] [parse_extracted_emails.js] Parsed: parsed-INBOX-uid-1415.json
2026-04-21T03:57:34.568Z [LOG] [parse_extracted_emails.js] Parsed: parsed-INBOX-uid-1416.json
2026-04-21T03:57:34.568Z [LOG] [parse_extracted_emails.js] Parsed: parsed-INBOX-uid-1417.json
2026-04-21T03:57:34.568Z [LOG] [parse_extracted_emails.js] Parsed: parsed-INBOX-uid-1923.json
2026-04-21T03:57:34.568Z [LOG] [parse_extracted_emails.js] Parsed: parsed-INBOX-uid-1924.json
2026-04-21T03:57:34.568Z [LOG] [parse_extracted_emails.js] Parsed: parsed-INBOX-uid-1925.json
2026-04-21T03:57:34.568Z [LOG] [parse_extracted_emails.js] Parsed: parsed-INBOX-uid-1926.json
2026-04-21T03:57:34.568Z [LOG] [parse_extracted_emails.js] Parsed: parsed-INBOX-uid-1927.json
2026-04-21T03:57:34.568Z [LOG] [parse_extracted_emails.js] Parsed: parsed-INBOX-uid-1939.json
2026-04-21T03:57:34.568Z [LOG] [parse_extracted_emails.js] Parsed: parsed-INBOX-uid-1940.json
2026-04-21T03:57:34.568Z [LOG] [parse_extracted_emails.js] Parsed: parsed-INBOX-uid-1941.json
2026-04-21T03:57:34.568Z [LOG] [parse_extracted_emails.js] Parsed: parsed-INBOX-uid-1942.json
2026-04-21T03:57:34.568Z [LOG] [parse_extracted_emails.js] Parsed: parsed-INBOX-uid-1943.json
2026-04-21T03:57:34.568Z [LOG] [parse_extracted_emails.js] Parsed: parsed-INBOX-uid-1945.json
2026-04-21T03:57:34.568Z [LOG] [parse_extracted_emails.js] Parsed: parsed-INBOX-uid-1946.json
2026-04-21T03:57:34.568Z [LOG] [parse_extracted_emails.js] Parsed: parsed-INBOX-uid-1947.json
2026-04-21T03:57:34.568Z [LOG] [parse_extracted_emails.js] Parsed: parsed-INBOX-uid-1948.json
2026-04-21T03:57:34.568Z [LOG] [parse_extracted_emails.js] Parsed: parsed-INBOX-uid-1949.json
2026-04-21T03:57:34.568Z [LOG] [parse_extracted_emails.js] Parsed: parsed-INBOX-uid-1950.json
2026-04-21T03:57:34.568Z [LOG] [parse_extracted_emails.js] Parsed: parsed-INBOX-uid-1951.json
2026-04-21T03:57:34.568Z [LOG] [parse_extracted_emails.js] Parsed: parsed-INBOX-uid-1952.json
2026-04-21T03:57:34.569Z [LOG] [parse_extracted_emails.js] Parsed: parsed-INBOX-uid-1953.json
2026-04-21T03:57:34.569Z [LOG] [parse_extracted_emails.js] Parsed: parsed-INBOX-uid-1954.json
2026-04-21T03:57:34.569Z [LOG] [parse_extracted_emails.js] Parsed: parsed-INBOX-uid-1955.json
2026-04-21T03:57:34.569Z [LOG] [parse_extracted_emails.js] Parsed: parsed-INBOX-uid-1956.json
2026-04-21T03:57:34.569Z [LOG] [parse_extracted_emails.js] Parsed: parsed-INBOX-uid-1957.json
2026-04-21T03:57:34.569Z [LOG] [parse_extracted_emails.js] Parsed: parsed-INBOX-uid-1958.json
2026-04-21T03:57:34.569Z [LOG] [parse_extracted_emails.js] Parsed: parsed-INBOX-uid-1959.json
2026-04-21T03:57:34.569Z [LOG] [parse_extracted_emails.js] Parsed: parsed-INBOX-uid-1960.json
2026-04-21T03:57:34.569Z [LOG] [parse_extracted_emails.js] Parsed: parsed-INBOX-uid-1961.json
2026-04-21T03:57:34.569Z [LOG] [parse_extracted_emails.js] Parsed: parsed-INBOX-uid-1962.json
2026-04-21T03:57:34.569Z [LOG] [parse_extracted_emails.js] Parsed: parsed-INBOX-uid-1963.json
2026-04-21T03:57:34.569Z [LOG] [parse_extracted_emails.js] Parsed: parsed-INBOX-uid-1964.json
2026-04-21T03:57:34.569Z [LOG] [parse_extracted_emails.js] Parsed: parsed-INBOX-uid-1965.json
2026-04-21T03:57:34.569Z [LOG] [parse_extracted_emails.js] Parsed: parsed-INBOX-uid-1966.json
2026-04-21T03:57:34.569Z [LOG] [parse_extracted_emails.js] Parsed: parsed-INBOX-uid-1967.json
2026-04-21T03:57:34.569Z [LOG] [parse_extracted_emails.js] Parsed: parsed-INBOX-uid-1968.json
2026-04-21T03:57:34.569Z [LOG] [parse_extracted_emails.js] Parsed: parsed-INBOX-uid-1969.json
2026-04-21T03:57:34.569Z [LOG] [parse_extracted_emails.js] Parsed: parsed-INBOX-uid-1970.json
2026-04-21T03:57:34.569Z [LOG] [parse_extracted_emails.js] Parsed: parsed-INBOX-uid-1971.json
2026-04-21T03:57:34.569Z [LOG] [parse_extracted_emails.js] Parsed: parsed-INBOX-uid-1972.json
2026-04-21T03:57:34.569Z [LOG] [parse_extracted_emails.js] Parsed: parsed-INBOX-uid-1973.json
2026-04-21T03:57:34.569Z [LOG] [parse_extracted_emails.js] Parsed: parsed-INBOX-uid-3287.json
2026-04-21T03:57:34.569Z [LOG] [parse_extracted_emails.js] Parsed: parsed-INBOX-uid-3478.json
2026-04-21T03:57:34.569Z [LOG] [parse_extracted_emails.js] Parsed: parsed-INBOX-uid-3479.json
2026-04-21T03:57:34.569Z [LOG] [parse_extracted_emails.js] Parsed: parsed-INBOX-uid-3480.json
2026-04-21T03:57:34.569Z [LOG] [parse_extracted_emails.js] Parsed: parsed-INBOX-uid-3481.json
2026-04-21T03:57:34.569Z [LOG] [parse_extracted_emails.js] Parsed: parsed-INBOX-uid-3482.json
2026-04-21T03:57:34.569Z [LOG] [parse_extracted_emails.js] Parsed: parsed-INBOX-uid-3483.json
2026-04-21T03:57:34.569Z [LOG] [parse_extracted_emails.js] Parsed: parsed-INBOX-uid-3484.json
2026-04-21T03:57:34.569Z [LOG] [parse_extracted_emails.js] Parsed: parsed-INBOX-uid-3485.json
2026-04-21T03:57:34.569Z [LOG] [parse_extracted_emails.js] Parsed: parsed-INBOX-uid-3486.json
2026-04-21T03:57:34.569Z [LOG] [parse_extracted_emails.js] Parsed: parsed-INBOX-uid-3487.json
2026-04-21T03:57:34.569Z [LOG] [parse_extracted_emails.js] Parsed: parsed-INBOX-uid-3488.json
2026-04-21T03:57:34.569Z [LOG] [parse_extracted_emails.js] Parsed: parsed-INBOX-uid-3489.json
2026-04-21T03:57:34.569Z [LOG] [parse_extracted_emails.js] Parsed: parsed-INBOX-uid-3490.json
2026-04-21T03:57:34.569Z [LOG] [parse_extracted_emails.js] Parsed: parsed-INBOX-uid-3491.json
2026-04-21T03:57:34.569Z [LOG] [parse_extracted_emails.js] Parsed: parsed-INBOX-uid-3492.json
2026-04-21T03:57:34.569Z [LOG] [parse_extracted_emails.js] Parsed: parsed-INBOX-uid-3493.json
2026-04-21T03:57:34.569Z [LOG] [parse_extracted_emails.js] Parsed: parsed-INBOX-uid-3494.json
2026-04-21T03:57:34.569Z [LOG] [parse_extracted_emails.js] Parsed: parsed-INBOX-uid-3495.json
2026-04-21T03:57:34.569Z [LOG] [parse_extracted_emails.js] Parsed: parsed-INBOX-uid-3496.json
2026-04-21T03:57:34.569Z [LOG] [parse_extracted_emails.js] Parsed: parsed-INBOX-uid-3497.json
2026-04-21T03:57:34.569Z [LOG] [parse_extracted_emails.js] Parsed: parsed-INBOX-uid-4267.json
2026-04-21T03:57:34.569Z [LOG] [parse_extracted_emails.js] Parsed: parsed-INBOX-uid-4268.json
2026-04-21T03:57:34.569Z [LOG] [parse_extracted_emails.js] Parsed: parsed-INBOX-uid-4269.json
2026-04-21T03:57:34.569Z [LOG] [parse_extracted_emails.js] Parsed: parsed-INBOX-uid-4270.json
2026-04-21T03:57:34.569Z [LOG] [parse_extracted_emails.js] Parsed: parsed-INBOX-uid-4271.json
2026-04-21T03:57:34.569Z [LOG] [parse_extracted_emails.js] Parsed: parsed-INBOX-uid-4272.json
2026-04-21T03:57:34.569Z [LOG] [parse_extracted_emails.js] Parsed: parsed-INBOX-uid-4273.json
2026-04-21T03:57:34.569Z [LOG] [parse_extracted_emails.js] Parsed: parsed-INBOX-uid-4274.json
2026-04-21T03:57:34.569Z [LOG] [parse_extracted_emails.js] Parsed: parsed-INBOX-uid-4275.json
2026-04-21T03:57:34.569Z [LOG] [parse_extracted_emails.js] Parsed: parsed-INBOX-uid-4276.json
2026-04-21T03:57:34.569Z [LOG] [parse_extracted_emails.js] Parsed: parsed-INBOX-uid-4277.json
2026-04-21T03:57:34.569Z [LOG] [parse_extracted_emails.js] Parsed: parsed-INBOX-uid-4278.json
2026-04-21T03:57:34.569Z [LOG] [parse_extracted_emails.js] Parsed: parsed-INBOX-uid-4279.json
2026-04-21T03:57:34.569Z [LOG] [parse_extracted_emails.js] Parsed: parsed-INBOX-uid-4280.json
2026-04-21T03:57:34.569Z [LOG] [parse_extracted_emails.js] Parsed: parsed-INBOX-uid-4281.json
2026-04-21T03:57:34.569Z [LOG] [parse_extracted_emails.js] Parsed: parsed-INBOX-uid-4282.json
2026-04-21T03:57:34.569Z [LOG] [parse_extracted_emails.js] Parsed: parsed-INBOX-uid-4310.json
2026-04-21T03:57:34.569Z [LOG] [parse_extracted_emails.js] Parsed: parsed-INBOX-uid-4311.json
2026-04-21T03:57:34.569Z [LOG] [parse_extracted_emails.js] Parsed: parsed-INBOX-uid-4312.json
2026-04-21T03:57:34.569Z [LOG] [parse_extracted_emails.js] Parsed: parsed-INBOX-uid-4313.json
2026-04-21T03:57:34.569Z [LOG] [parse_extracted_emails.js] Parsed: parsed-INBOX-uid-4314.json
2026-04-21T03:57:34.569Z [LOG] [parse_extracted_emails.js] Parsed: parsed-INBOX-uid-4315.json
2026-04-21T03:57:34.569Z [LOG] [parse_extracted_emails.js] Parsed: parsed-INBOX-uid-4316.json
2026-04-21T03:57:34.569Z [LOG] [parse_extracted_emails.js] Parsed: parsed-INBOX-uid-4317.json
2026-04-21T03:57:34.569Z [LOG] [parse_extracted_emails.js] Parsed: parsed-INBOX-uid-4318.json
2026-04-21T03:57:34.569Z [LOG] [parse_extracted_emails.js] Parsed: parsed-INBOX-uid-4319.json
2026-04-21T03:57:34.569Z [LOG] [parse_extracted_emails.js] Parsed: parsed-INBOX-uid-4320.json
2026-04-21T03:57:34.569Z [LOG] [parse_extracted_emails.js] Parsed: parsed-INBOX-uid-4321.json
2026-04-21T03:57:34.569Z [LOG] [parse_extracted_emails.js] Parsed: parsed-INBOX-uid-4322.json
2026-04-21T03:57:34.569Z [LOG] [parse_extracted_emails.js] Parsed: parsed-INBOX-uid-4323.json
2026-04-21T03:57:34.569Z [LOG] [parse_extracted_emails.js] Parsed: parsed-INBOX-uid-4324.json
2026-04-21T03:57:34.569Z [LOG] [parse_extracted_emails.js] Parsed: parsed-INBOX-uid-4325.json
2026-04-21T03:57:34.569Z [LOG] [parse_extracted_emails.js] Parsed: parsed-INBOX-uid-4326.json
2026-04-21T03:57:34.569Z [LOG] [parse_extracted_emails.js] Parsed: parsed-INBOX-uid-4327.json
2026-04-21T03:57:34.569Z [LOG] [parse_extracted_emails.js] Parsed: parsed-INBOX-uid-4328.json
2026-04-21T03:57:34.569Z [LOG] [parse_extracted_emails.js] Parsed: parsed-INBOX-uid-4329.json
2026-04-21T03:57:34.569Z [LOG] [parse_extracted_emails.js] Parsed: parsed-INBOX-uid-4330.json
2026-04-21T03:57:34.569Z [LOG] [parse_extracted_emails.js] Parsed: parsed-INBOX-uid-4331.json
2026-04-21T03:57:34.569Z [LOG] [parse_extracted_emails.js] Parsed: parsed-INBOX-uid-4332.json
2026-04-21T03:57:34.569Z [LOG] [parse_extracted_emails.js] Parsed: parsed-INBOX-uid-4333.json
2026-04-21T03:57:34.569Z [LOG] [parse_extracted_emails.js] Parsed: parsed-INBOX-uid-4334.json
2026-04-21T03:57:34.569Z [LOG] [parse_extracted_emails.js] Parsed: parsed-INBOX-uid-4335.json
2026-04-21T03:57:34.569Z [LOG] [parse_extracted_emails.js] Parsed: parsed-INBOX-uid-4336.json
2026-04-21T03:57:34.569Z [LOG] [parse_extracted_emails.js] Parsed: parsed-INBOX-uid-4337.json
2026-04-21T03:57:34.570Z [LOG] [parse_extracted_emails.js] Parsed: parsed-INBOX-uid-4338.json
2026-04-21T03:57:34.570Z [LOG] [parse_extracted_emails.js] Parsed: parsed-INBOX-uid-4339.json
2026-04-21T03:57:34.570Z [LOG] [parse_extracted_emails.js] Parsed: parsed-INBOX-uid-4340.json
2026-04-21T03:57:34.570Z [LOG] [parse_extracted_emails.js] Parsed: parsed-INBOX-uid-4341.json
2026-04-21T03:57:34.570Z [LOG] [parse_extracted_emails.js] Parsed: parsed-INBOX-uid-4342.json
2026-04-21T03:57:34.570Z [LOG] [parse_extracted_emails.js] Parsed: parsed-INBOX-uid-4343.json
2026-04-21T03:57:34.570Z [LOG] [parse_extracted_emails.js] Parsed: parsed-INBOX-uid-4344.json
2026-04-21T03:57:34.570Z [LOG] [parse_extracted_emails.js] Parsed: parsed-INBOX-uid-4345.json
2026-04-21T03:57:34.570Z [LOG] [parse_extracted_emails.js] Parsed: parsed-INBOX-uid-4577.json
2026-04-21T03:57:34.570Z [LOG] [parse_extracted_emails.js] Parsed: parsed-INBOX-uid-4578.json
2026-04-21T03:57:34.570Z [LOG] [parse_extracted_emails.js] Parsed: parsed-INBOX-uid-4579.json
2026-04-21T03:57:34.570Z [LOG] [parse_extracted_emails.js] Parsed: parsed-INBOX-uid-4580.json
2026-04-21T03:57:34.570Z [LOG] [parse_extracted_emails.js] Parsed: parsed-INBOX-uid-4581.json
2026-04-21T03:57:34.570Z [LOG] [parse_extracted_emails.js] Parsed: parsed-INBOX-uid-4582.json
2026-04-21T03:57:34.570Z [LOG] [parse_extracted_emails.js] Parsed: parsed-INBOX-uid-4583.json
2026-04-21T03:57:34.570Z [LOG] [parse_extracted_emails.js] Parsed: parsed-INBOX-uid-4584.json
2026-04-21T03:57:34.570Z [LOG] [parse_extracted_emails.js] Parsed: parsed-INBOX-uid-4585.json
2026-04-21T03:57:34.570Z [LOG] [parse_extracted_emails.js] Parsed: parsed-INBOX-uid-4586.json
2026-04-21T03:57:34.570Z [LOG] [parse_extracted_emails.js] Parsed: parsed-INBOX-uid-4587.json
2026-04-21T03:57:34.570Z [LOG] [parse_extracted_emails.js] Parsed: parsed-INBOX-uid-4588.json
2026-04-21T03:57:34.570Z [LOG] [parse_extracted_emails.js] Parsed: parsed-INBOX-uid-4589.json
2026-04-21T03:57:34.570Z [LOG] [parse_extracted_emails.js] Parsed: parsed-INBOX-uid-4590.json
2026-04-21T03:57:34.570Z [LOG] [parse_extracted_emails.js] Parsed: parsed-INBOX-uid-4591.json
2026-04-21T03:57:34.570Z [LOG] [parse_extracted_emails.js] Parsed: parsed-INBOX-uid-4592.json
2026-04-21T03:57:34.570Z [LOG] [parse_extracted_emails.js] Parsed: parsed-INBOX-uid-4593.json
2026-04-21T03:57:34.570Z [LOG] [parse_extracted_emails.js] Parsed: parsed-INBOX-uid-4594.json
2026-04-21T03:57:34.570Z [LOG] [parse_extracted_emails.js] Parsed: parsed-INBOX-uid-4595.json
2026-04-21T03:57:34.570Z [LOG] [parse_extracted_emails.js] Parsed: parsed-INBOX-uid-4596.json
2026-04-21T03:57:34.570Z [LOG] [parse_extracted_emails.js] Parsed: parsed-INBOX-uid-4597.json
2026-04-21T03:57:34.570Z [LOG] [parse_extracted_emails.js] Parsed: parsed-INBOX-uid-4598.json
2026-04-21T03:57:34.570Z [LOG] [parse_extracted_emails.js] Parsed: parsed-INBOX-uid-4650.json
2026-04-21T03:57:34.570Z [LOG] [parse_extracted_emails.js] Parsed: parsed-INBOX-uid-4651.json
2026-04-21T03:57:34.570Z [LOG] [parse_extracted_emails.js] Parsed: parsed-INBOX-uid-4652.json
2026-04-21T03:57:34.570Z [LOG] [parse_extracted_emails.js] Parsed: parsed-INBOX-uid-4653.json
2026-04-21T03:57:34.570Z [LOG] [parse_extracted_emails.js] Parsed: parsed-INBOX-uid-4654.json
2026-04-21T03:57:34.570Z [LOG] [parse_extracted_emails.js] Parsed: parsed-INBOX-uid-4655.json
2026-04-21T03:57:34.570Z [LOG] [parse_extracted_emails.js] Parsed: parsed-INBOX-uid-4656.json
2026-04-21T03:57:34.570Z [LOG] [parse_extracted_emails.js] Parsed: parsed-INBOX-uid-4657.json
2026-04-21T03:57:34.570Z [LOG] [parse_extracted_emails.js] Parsed: parsed-INBOX-uid-4658.json
2026-04-21T03:57:34.570Z [LOG] [parse_extracted_emails.js] Parsed: parsed-INBOX-uid-4659.json
2026-04-21T03:57:34.570Z [LOG] [parse_extracted_emails.js] Parsed: parsed-INBOX-uid-4660.json
2026-04-21T03:57:34.570Z [LOG] [parse_extracted_emails.js] Parsed: parsed-INBOX-uid-4661.json
2026-04-21T03:57:34.570Z [LOG] [parse_extracted_emails.js] Parsed: parsed-INBOX-uid-4662.json
2026-04-21T03:57:34.570Z [LOG] [parse_extracted_emails.js] Parsed: parsed-INBOX-uid-4663.json
2026-04-21T03:57:34.570Z [LOG] [parse_extracted_emails.js] Parsed: parsed-INBOX-uid-4664.json
2026-04-21T03:57:34.570Z [LOG] [parse_extracted_emails.js] Parsed: parsed-INBOX-uid-4665.json
2026-04-21T03:57:34.570Z [LOG] [parse_extracted_emails.js] Parsed: parsed-INBOX-uid-4666.json
2026-04-21T03:57:34.570Z [LOG] [parse_extracted_emails.js] Parsed: parsed-INBOX-uid-4667.json
2026-04-21T03:57:34.570Z [LOG] [parse_extracted_emails.js] Parsed: parsed-INBOX-uid-4668.json
2026-04-21T03:57:34.570Z [LOG] [parse_extracted_emails.js] Parsed: parsed-INBOX-uid-4669.json
2026-04-21T03:57:34.570Z [LOG] [parse_extracted_emails.js] Parsed: parsed-INBOX-uid-4670.json
2026-04-21T03:57:34.570Z [LOG] [parse_extracted_emails.js] Parsed: parsed-INBOX-uid-5417.json
2026-04-21T03:57:34.570Z [LOG] [parse_extracted_emails.js] Parsed: parsed-INBOX-uid-5418.json
2026-04-21T03:57:34.570Z [LOG] [parse_extracted_emails.js] Parsed: parsed-INBOX-uid-5419.json
2026-04-21T03:57:34.570Z [LOG] [parse_extracted_emails.js] Parsed: parsed-INBOX-uid-5420.json
2026-04-21T03:57:34.570Z [LOG] [parse_extracted_emails.js] Parsed: parsed-INBOX-uid-5421.json
2026-04-21T03:57:34.570Z [LOG] [parse_extracted_emails.js] Parsed: parsed-INBOX-uid-5422.json
2026-04-21T03:57:34.570Z [LOG] [parse_extracted_emails.js] Parsed: parsed-INBOX-uid-5423.json
2026-04-21T03:57:34.570Z [LOG] [parse_extracted_emails.js] Parsed: parsed-INBOX-uid-5424.json
2026-04-21T03:57:34.570Z [LOG] [parse_extracted_emails.js] Parsed: parsed-INBOX-uid-5425.json
2026-04-21T03:57:34.570Z [LOG] [parse_extracted_emails.js] Parsed: parsed-INBOX-uid-5426.json
2026-04-21T03:57:34.570Z [LOG] [parse_extracted_emails.js] Parsed: parsed-INBOX-uid-5427.json
2026-04-21T03:57:34.570Z [LOG] [parse_extracted_emails.js] Parsed: parsed-INBOX-uid-5428.json
2026-04-21T03:57:34.570Z [LOG] [parse_extracted_emails.js] Parsed: parsed-INBOX-uid-5429.json
2026-04-21T03:57:34.570Z [LOG] [parse_extracted_emails.js] Parsed: parsed-INBOX-uid-5430.json
2026-04-21T03:57:34.570Z [LOG] [parse_extracted_emails.js] Parsed: parsed-INBOX-uid-5431.json
2026-04-21T03:57:34.570Z [LOG] [parse_extracted_emails.js] Parsed: parsed-INBOX-uid-5432.json
2026-04-21T03:57:34.570Z [LOG] [parse_extracted_emails.js] Parsed: parsed-INBOX-uid-5433.json
2026-04-21T03:57:34.570Z [LOG] [parse_extracted_emails.js] Parsed: parsed-INBOX-uid-5434.json
2026-04-21T03:57:34.570Z [LOG] [parse_extracted_emails.js] Parsed: parsed-INBOX-uid-5435.json
2026-04-21T03:57:34.570Z [LOG] [parse_extracted_emails.js] Parsed: parsed-INBOX-uid-5436.json
2026-04-21T03:57:34.570Z [LOG] [parse_extracted_emails.js] Parsed: parsed-INBOX-uid-5437.json
2026-04-21T03:57:34.570Z [LOG] [parse_extracted_emails.js] Parsed: parsed-INBOX-uid-5438.json
2026-04-21T03:57:34.570Z [LOG] [parse_extracted_emails.js] Parsed: parsed-INBOX-uid-5439.json
2026-04-21T03:57:34.570Z [LOG] [parse_extracted_emails.js] Parsed: parsed-INBOX-uid-5440.json
2026-04-21T03:57:34.570Z [LOG] [parse_extracted_emails.js] Parsed: parsed-INBOX-uid-5441.json
2026-04-21T03:57:34.570Z [LOG] [parse_extracted_emails.js] Parsed: parsed-INBOX-uid-5442.json
2026-04-21T03:57:34.570Z [LOG] [parse_extracted_emails.js] Parsed: parsed-INBOX-uid-5443.json
2026-04-21T03:57:34.570Z [LOG] [parse_extracted_emails.js] Parsed: parsed-INBOX-uid-5444.json
2026-04-21T03:57:34.570Z [LOG] [parse_extracted_emails.js] Parsed: parsed-INBOX-uid-5445.json
2026-04-21T03:57:34.570Z [LOG] [parse_extracted_emails.js] Parsed: parsed-INBOX-uid-5446.json
2026-04-21T03:57:34.570Z [LOG] [parse_extracted_emails.js] Parsed: parsed-INBOX-uid-5447.json
2026-04-21T03:57:34.570Z [LOG] [parse_extracted_emails.js] Parsed: parsed-INBOX-uid-5448.json
2026-04-21T03:57:34.570Z [LOG] [parse_extracted_emails.js] Parsed: parsed-INBOX-uid-5449.json
2026-04-21T03:57:34.570Z [LOG] [parse_extracted_emails.js] Parsed: parsed-INBOX-uid-5450.json
2026-04-21T03:57:34.570Z [LOG] [parse_extracted_emails.js] Parsed: parsed-INBOX-uid-5451.json
2026-04-21T03:57:34.570Z [LOG] [parse_extracted_emails.js] Parsed: parsed-INBOX-uid-5452.json
2026-04-21T03:57:34.571Z [LOG] [parse_extracted_emails.js] Parsed: parsed-INBOX-uid-5453.json
2026-04-21T03:57:34.571Z [LOG] [parse_extracted_emails.js] Parsed: parsed-INBOX-uid-5454.json
2026-04-21T03:57:34.571Z [LOG] [parse_extracted_emails.js] Parsed: parsed-INBOX-uid-5455.json
2026-04-21T03:57:34.571Z [LOG] [parse_extracted_emails.js] Parsed: parsed-INBOX-uid-5456.json
2026-04-21T03:57:34.571Z [LOG] [parse_extracted_emails.js] Parsed: parsed-INBOX-uid-5457.json
2026-04-21T03:57:34.571Z [LOG] [parse_extracted_emails.js] Parsed: parsed-INBOX-uid-5458.json
2026-04-21T03:57:34.571Z [LOG] [parse_extracted_emails.js] Parsed: parsed-INBOX-uid-5459.json
2026-04-21T03:57:34.571Z [LOG] [parse_extracted_emails.js] Parsed: parsed-INBOX-uid-5460.json
2026-04-21T03:57:34.571Z [LOG] [parse_extracted_emails.js] Parsed: parsed-INBOX-uid-5461.json
2026-04-21T03:57:34.571Z [LOG] [parse_extracted_emails.js] Parsed: parsed-INBOX-uid-5462.json
2026-04-21T03:57:34.571Z [LOG] [parse_extracted_emails.js] Parsed: parsed-INBOX-uid-5463.json
2026-04-21T03:57:34.571Z [LOG] [parse_extracted_emails.js] Parsed: parsed-INBOX-uid-5464.json
2026-04-21T03:57:34.571Z [LOG] [parse_extracted_emails.js] Parsed: parsed-INBOX-uid-5465.json
2026-04-21T03:57:34.571Z [LOG] [parse_extracted_emails.js] Parsed: parsed-INBOX-uid-5466.json
2026-04-21T03:57:34.571Z [LOG] [parse_extracted_emails.js] Parsed: parsed-INBOX-uid-5467.json
2026-04-21T03:57:34.571Z [LOG] [parse_extracted_emails.js] Parsed: parsed-INBOX-uid-5468.json
2026-04-21T03:57:34.571Z [LOG] [parse_extracted_emails.js] Parsed: parsed-INBOX-uid-5469.json
2026-04-21T03:57:34.571Z [LOG] [parse_extracted_emails.js] Parsed: parsed-INBOX-uid-5470.json
2026-04-21T03:57:34.571Z [LOG] [parse_extracted_emails.js] Parsed: parsed-INBOX-uid-5471.json
2026-04-21T03:57:34.571Z [LOG] [parse_extracted_emails.js] Parsed: parsed-INBOX-uid-5472.json
2026-04-21T03:57:34.571Z [LOG] [parse_extracted_emails.js] Parsed: parsed-INBOX-uid-5473.json
2026-04-21T03:57:34.571Z [LOG] [parse_extracted_emails.js] Parsed: parsed-INBOX-uid-5474.json
2026-04-21T03:57:34.571Z [LOG] [parse_extracted_emails.js] Parsed: parsed-INBOX-uid-5475.json
2026-04-21T03:57:34.571Z [LOG] [parse_extracted_emails.js] Parsed: parsed-INBOX-uid-5476.json
2026-04-21T03:57:34.571Z [LOG] [parse_extracted_emails.js] Parsed: parsed-INBOX-uid-5477.json
2026-04-21T03:57:34.571Z [LOG] [parse_extracted_emails.js] Parsed: parsed-INBOX-uid-5478.json
2026-04-21T03:57:34.571Z [LOG] [parse_extracted_emails.js] Parsed: parsed-INBOX-uid-5479.json
2026-04-21T03:57:34.571Z [LOG] [parse_extracted_emails.js] Parsed: parsed-INBOX-uid-5480.json
2026-04-21T03:57:34.571Z [LOG] [parse_extracted_emails.js] Parsed: parsed-INBOX-uid-5481.json
2026-04-21T03:57:34.571Z [LOG] [parse_extracted_emails.js] Parsed: parsed-INBOX-uid-5482.json
2026-04-21T03:57:34.571Z [LOG] [parse_extracted_emails.js] Parsed: parsed-INBOX-uid-5483.json
2026-04-21T03:57:34.571Z [LOG] [parse_extracted_emails.js] Parsed: parsed-INBOX-uid-5484.json
2026-04-21T03:57:34.571Z [LOG] [parse_extracted_emails.js] Parsed: parsed-INBOX-uid-5485.json
2026-04-21T03:57:34.571Z [LOG] [parse_extracted_emails.js] Parsed: parsed-INBOX-uid-5486.json
2026-04-21T03:57:34.571Z [LOG] [parse_extracted_emails.js] Parsed: parsed-INBOX-uid-5487.json
2026-04-21T03:57:34.571Z [LOG] [parse_extracted_emails.js] Parsed: parsed-INBOX-uid-5488.json
2026-04-21T03:57:34.571Z [LOG] [parse_extracted_emails.js] Parsed: parsed-INBOX-uid-5489.json
2026-04-21T03:57:34.571Z [LOG] [parse_extracted_emails.js] Parsed: parsed-INBOX-uid-5490.json
2026-04-21T03:57:34.571Z [LOG] [parse_extracted_emails.js] Parsed: parsed-INBOX-uid-5491.json
2026-04-21T03:57:34.571Z [LOG] [parse_extracted_emails.js] Parsed: parsed-INBOX-uid-5492.json
2026-04-21T03:57:34.571Z [LOG] [parse_extracted_emails.js] Parsed: parsed-INBOX-uid-5493.json
2026-04-21T03:57:34.571Z [LOG] [parse_extracted_emails.js] Parsed: parsed-INBOX-uid-5494.json
2026-04-21T03:57:34.571Z [LOG] [parse_extracted_emails.js] Parsed: parsed-INBOX-uid-5495.json
2026-04-21T03:57:34.571Z [LOG] [parse_extracted_emails.js] Parsed: parsed-INBOX-uid-5496.json
2026-04-21T03:57:34.571Z [LOG] [parse_extracted_emails.js] Parsed: parsed-INBOX-uid-5497.json
2026-04-21T03:57:34.571Z [LOG] [parse_extracted_emails.js] Parsed: parsed-INBOX-uid-5498.json
2026-04-21T03:57:34.571Z [LOG] [parse_extracted_emails.js] Parsed: parsed-INBOX-uid-5499.json
2026-04-21T03:57:34.571Z [LOG] [parse_extracted_emails.js] Parsed: parsed-INBOX-uid-5500.json
2026-04-21T03:57:34.571Z [LOG] [parse_extracted_emails.js] Parsed: parsed-INBOX-uid-5501.json
2026-04-21T03:57:34.571Z [LOG] [parse_extracted_emails.js] Parsed: parsed-INBOX-uid-5502.json
2026-04-21T03:57:34.571Z [LOG] [parse_extracted_emails.js] Parsed: parsed-INBOX-uid-5503.json
2026-04-21T03:57:34.571Z [LOG] [parse_extracted_emails.js] Parsed: parsed-INBOX-uid-5504.json
2026-04-21T03:57:34.571Z [LOG] [parse_extracted_emails.js] Parsed: parsed-INBOX-uid-5505.json
2026-04-21T03:57:34.571Z [LOG] [parse_extracted_emails.js] Parsed: parsed-INBOX-uid-5506.json
2026-04-21T03:57:34.571Z [LOG] [parse_extracted_emails.js] Parsed: parsed-INBOX-uid-5507.json
2026-04-21T03:57:34.571Z [LOG] [parse_extracted_emails.js] Parsed: parsed-INBOX-uid-5508.json
2026-04-21T03:57:34.571Z [LOG] [parse_extracted_emails.js] Parsed: parsed-INBOX-uid-5509.json
2026-04-21T03:57:34.571Z [LOG] [parse_extracted_emails.js] Parsed: parsed-INBOX-uid-5510.json
2026-04-21T03:57:34.571Z [LOG] [parse_extracted_emails.js] Parsed: parsed-INBOX-uid-5511.json
2026-04-21T03:57:34.571Z [LOG] [parse_extracted_emails.js] Parsed: parsed-INBOX-uid-5512.json
2026-04-21T03:57:34.571Z [LOG] [parse_extracted_emails.js] Parsed: parsed-INBOX-uid-5513.json
2026-04-21T03:57:34.571Z [LOG] [parse_extracted_emails.js] Parsed: parsed-INBOX-uid-5514.json
2026-04-21T03:57:34.571Z [LOG] [parse_extracted_emails.js] Parsed: parsed-INBOX-uid-5515.json
2026-04-21T03:57:34.571Z [LOG] [parse_extracted_emails.js] Parsed: parsed-INBOX-uid-5516.json
2026-04-21T03:57:34.571Z [LOG] [parse_extracted_emails.js] Parsed: parsed-INBOX-uid-5517.json
2026-04-21T03:57:34.571Z [LOG] [parse_extracted_emails.js] Parsed: parsed-INBOX-uid-5518.json
2026-04-21T03:57:34.571Z [LOG] [parse_extracted_emails.js] Parsed: parsed-INBOX-uid-5519.json
2026-04-21T03:57:34.571Z [LOG] [parse_extracted_emails.js] Parsed: parsed-INBOX-uid-5520.json
2026-04-21T03:57:34.571Z [LOG] [parse_extracted_emails.js] Parsed: parsed-INBOX-uid-5521.json
2026-04-21T03:57:34.571Z [LOG] [parse_extracted_emails.js] Parsed: parsed-INBOX-uid-5522.json
2026-04-21T03:57:34.571Z [LOG] [parse_extracted_emails.js] Parsed: parsed-INBOX-uid-5523.json
2026-04-21T03:57:34.571Z [LOG] [parse_extracted_emails.js] Parsed: parsed-INBOX-uid-5524.json
2026-04-21T03:57:34.571Z [LOG] [parse_extracted_emails.js] Parsed: parsed-INBOX-uid-5525.json
2026-04-21T03:57:34.571Z [LOG] [parse_extracted_emails.js] Parsed: parsed-INBOX-uid-5526.json
2026-04-21T03:57:34.571Z [LOG] [parse_extracted_emails.js] Parsed: parsed-INBOX-uid-5527.json
2026-04-21T03:57:34.571Z [LOG] [parse_extracted_emails.js] Parsed: parsed-INBOX-uid-5528.json
2026-04-21T03:57:34.571Z [LOG] [parse_extracted_emails.js] Parsed: parsed-INBOX-uid-5529.json
2026-04-21T03:57:34.571Z [LOG] [parse_extracted_emails.js] Parsed: parsed-INBOX-uid-5530.json
2026-04-21T03:57:34.571Z [LOG] [parse_extracted_emails.js] Parsed: parsed-INBOX-uid-5531.json
2026-04-21T03:57:34.571Z [LOG] [parse_extracted_emails.js] Parsed: parsed-INBOX-uid-5532.json
2026-04-21T03:57:34.571Z [LOG] [parse_extracted_emails.js] Parsed: parsed-INBOX-uid-5533.json
2026-04-21T03:57:34.571Z [LOG] [parse_extracted_emails.js] Parsed: parsed-INBOX-uid-5534.json
2026-04-21T03:57:34.571Z [LOG] [parse_extracted_emails.js] Parsed: parsed-INBOX-uid-5535.json
2026-04-21T03:57:34.571Z [LOG] [parse_extracted_emails.js] Parsed: parsed-INBOX-uid-5536.json
2026-04-21T03:57:34.571Z [LOG] [parse_extracted_emails.js] Parsed: parsed-INBOX-uid-5537.json
2026-04-21T03:57:34.571Z [LOG] [parse_extracted_emails.js] Parsed: parsed-INBOX-uid-5538.json
2026-04-21T03:57:34.571Z [LOG] [parse_extracted_emails.js] Parsed: parsed-INBOX-uid-5539.json
2026-04-21T03:57:34.571Z [LOG] [parse_extracted_emails.js] Parsed: parsed-INBOX-uid-5540.json
2026-04-21T03:57:34.571Z [LOG] [parse_extracted_emails.js] Parsed: parsed-INBOX-uid-5541.json
2026-04-21T03:57:34.571Z [LOG] [parse_extracted_emails.js] Parsed: parsed-INBOX-uid-5542.json
2026-04-21T03:57:34.571Z [LOG] [parse_extracted_emails.js] Parsed: parsed-INBOX-uid-5543.json
2026-04-21T03:57:34.571Z [LOG] [parse_extracted_emails.js] Parsed: parsed-INBOX-uid-5544.json
2026-04-21T03:57:34.571Z [LOG] [parse_extracted_emails.js] Parsed: parsed-INBOX-uid-5545.json
2026-04-21T03:57:34.571Z [LOG] [parse_extracted_emails.js] Parsed: parsed-INBOX-uid-5546.json
2026-04-21T03:57:34.571Z [LOG] [parse_extracted_emails.js] Parsed: parsed-INBOX-uid-5547.json
2026-04-21T03:57:34.571Z [LOG] [parse_extracted_emails.js] Parsed: parsed-INBOX-uid-5548.json
2026-04-21T03:57:34.571Z [LOG] [parse_extracted_emails.js] Parsed: parsed-INBOX-uid-5549.json
2026-04-21T03:57:34.571Z [LOG] [parse_extracted_emails.js] Parsed: parsed-INBOX-uid-5550.json
2026-04-21T03:57:34.571Z [LOG] [parse_extracted_emails.js] Parsed: parsed-INBOX-uid-5551.json
2026-04-21T03:57:34.571Z [LOG] [parse_extracted_emails.js] Parsed: parsed-INBOX-uid-5552.json
2026-04-21T03:57:34.571Z [LOG] [parse_extracted_emails.js] Parsed: parsed-INBOX-uid-5553.json
2026-04-21T03:57:34.571Z [LOG] [parse_extracted_emails.js] Parsed: parsed-INBOX-uid-5554.json
2026-04-21T03:57:34.571Z [LOG] [parse_extracted_emails.js] Parsed: parsed-INBOX-uid-5555.json
2026-04-21T03:57:34.571Z [LOG] [parse_extracted_emails.js] Parsed: parsed-INBOX-uid-5556.json
2026-04-21T03:57:34.571Z [LOG] [parse_extracted_emails.js] Parsed: parsed-INBOX-uid-5557.json
2026-04-21T03:57:34.571Z [LOG] [parse_extracted_emails.js] Parsed: parsed-INBOX-uid-5558.json
2026-04-21T03:57:34.571Z [LOG] [parse_extracted_emails.js] Parsed: parsed-INBOX-uid-5559.json
2026-04-21T03:57:34.571Z [LOG] [parse_extracted_emails.js] Parsed: parsed-INBOX-uid-5560.json
2026-04-21T03:57:34.571Z [LOG] [parse_extracted_emails.js] Parsed: parsed-INBOX-uid-5561.json
2026-04-21T03:57:34.571Z [LOG] [parse_extracted_emails.js] Parsed: parsed-INBOX-uid-5562.json
2026-04-21T03:57:34.571Z [LOG] [parse_extracted_emails.js] Parsed: parsed-INBOX-uid-5563.json
2026-04-21T03:57:34.571Z [LOG] [parse_extracted_emails.js] Parsed: parsed-INBOX-uid-5564.json
2026-04-21T03:57:34.571Z [LOG] [parse_extracted_emails.js] Parsed: parsed-INBOX-uid-5565.json
2026-04-21T03:57:34.571Z [LOG] [parse_extracted_emails.js] Parsed: parsed-INBOX-uid-5566.json
2026-04-21T03:57:34.571Z [LOG] [parse_extracted_emails.js] Parsed: parsed-INBOX-uid-5567.json
2026-04-21T03:57:34.571Z [LOG] [parse_extracted_emails.js] Parsed: parsed-INBOX-uid-5568.json
2026-04-21T03:57:34.571Z [LOG] [parse_extracted_emails.js] Parsed: parsed-INBOX-uid-5569.json
2026-04-21T03:57:34.571Z [LOG] [parse_extracted_emails.js] Parsed: parsed-INBOX-uid-5570.json
2026-04-21T03:57:34.571Z [LOG] [parse_extracted_emails.js] Parsed: parsed-INBOX-uid-5571.json
2026-04-21T03:57:34.571Z [LOG] [parse_extracted_emails.js] Parsed: parsed-INBOX-uid-5572.json
2026-04-21T03:57:34.571Z [LOG] [parse_extracted_emails.js] Parsed: parsed-INBOX-uid-5573.json
2026-04-21T03:57:34.571Z [LOG] [parse_extracted_emails.js] Parsed: parsed-INBOX-uid-5574.json
2026-04-21T03:57:34.571Z [LOG] [parse_extracted_emails.js] Parsed: parsed-INBOX-uid-5575.json
2026-04-21T03:57:34.571Z [LOG] [parse_extracted_emails.js] Parsed: parsed-INBOX-uid-5576.json
2026-04-21T03:57:34.571Z [LOG] [parse_extracted_emails.js] Parsed: parsed-INBOX-uid-5577.json
2026-04-21T03:57:34.571Z [LOG] [parse_extracted_emails.js] Parsed: parsed-INBOX-uid-5578.json
2026-04-21T03:57:34.571Z [LOG] [parse_extracted_emails.js] Parsed: parsed-INBOX-uid-5579.json
2026-04-21T03:57:34.571Z [LOG] [parse_extracted_emails.js] Parsed: parsed-INBOX-uid-5580.json
2026-04-21T03:57:34.571Z [LOG] [parse_extracted_emails.js] Parsed: parsed-INBOX-uid-5581.json
2026-04-21T03:57:34.571Z [LOG] [parse_extracted_emails.js] Parsed: parsed-INBOX-uid-5582.json
2026-04-21T03:57:34.571Z [LOG] [parse_extracted_emails.js] Parsed: parsed-INBOX-uid-5583.json
2026-04-21T03:57:34.571Z [LOG] [parse_extracted_emails.js] Parsed: parsed-INBOX-uid-5584.json
2026-04-21T03:57:34.571Z [LOG] [parse_extracted_emails.js] Parsed: parsed-INBOX-uid-5585.json
2026-04-21T03:57:34.571Z [LOG] [parse_extracted_emails.js] Parsed: parsed-INBOX-uid-5586.json
2026-04-21T03:57:34.571Z [LOG] [parse_extracted_emails.js] Parsed: parsed-INBOX-uid-5587.json
2026-04-21T03:57:34.571Z [LOG] [parse_extracted_emails.js] Parsed: parsed-INBOX-uid-5588.json
2026-04-21T03:57:34.571Z [LOG] [parse_extracted_emails.js] Parsed: parsed-INBOX-uid-5589.json
2026-04-21T03:57:34.571Z [LOG] [parse_extracted_emails.js] Parsed: parsed-INBOX-uid-5590.json
2026-04-21T03:57:34.572Z [LOG] [parse_extracted_emails.js] Parsed: parsed-INBOX-uid-5591.json
2026-04-21T03:57:34.572Z [LOG] [parse_extracted_emails.js] Parsed: parsed-INBOX-uid-5592.json
2026-04-21T03:57:34.572Z [LOG] [parse_extracted_emails.js] Parsed: parsed-INBOX-uid-5593.json
2026-04-21T03:57:34.572Z [LOG] [parse_extracted_emails.js] Parsed: parsed-INBOX-uid-5594.json
2026-04-21T03:57:34.572Z [LOG] [parse_extracted_emails.js] Parsed: parsed-INBOX-uid-5595.json
2026-04-21T03:57:34.572Z [LOG] [parse_extracted_emails.js] Parsed: parsed-INBOX-uid-5596.json
2026-04-21T03:57:34.572Z [LOG] [parse_extracted_emails.js] Parsed: parsed-INBOX-uid-5597.json
2026-04-21T03:57:34.572Z [LOG] [parse_extracted_emails.js] Parsed: parsed-INBOX-uid-5598.json
2026-04-21T03:57:34.572Z [LOG] [parse_extracted_emails.js] Parsed: parsed-INBOX-uid-5599.json
2026-04-21T03:57:34.572Z [LOG] [parse_extracted_emails.js] Parsed: parsed-INBOX-uid-5600.json
2026-04-21T03:57:34.572Z [LOG] [parse_extracted_emails.js] Parsed: parsed-INBOX-uid-5601.json
2026-04-21T03:57:34.572Z [LOG] [parse_extracted_emails.js] Parsed: parsed-INBOX-uid-5602.json
2026-04-21T03:57:34.572Z [LOG] [parse_extracted_emails.js] Parsed: parsed-INBOX-uid-5603.json
2026-04-21T03:57:34.572Z [LOG] [parse_extracted_emails.js] Parsed: parsed-INBOX-uid-5604.json
2026-04-21T03:57:34.572Z [LOG] [parse_extracted_emails.js] Parsed: parsed-INBOX-uid-5605.json
2026-04-21T03:57:34.572Z [LOG] [parse_extracted_emails.js] Parsed: parsed-INBOX-uid-5606.json
2026-04-21T03:57:34.572Z [LOG] [parse_extracted_emails.js] Parsed: parsed-INBOX-uid-5607.json
2026-04-21T03:57:34.572Z [LOG] [parse_extracted_emails.js] Parsed: parsed-INBOX-uid-5608.json
2026-04-21T03:57:34.572Z [LOG] [parse_extracted_emails.js] Parsed: parsed-INBOX-uid-5609.json
2026-04-21T03:57:34.572Z [LOG] [parse_extracted_emails.js] Parsed: parsed-INBOX-uid-5610.json
2026-04-21T03:57:34.572Z [LOG] [parse_extracted_emails.js] Parsed: parsed-INBOX-uid-5611.json
2026-04-21T03:57:34.572Z [LOG] [parse_extracted_emails.js] Parsed: parsed-INBOX-uid-5612.json
2026-04-21T03:57:34.572Z [LOG] [parse_extracted_emails.js] Parsed: parsed-INBOX-uid-5613.json
2026-04-21T03:57:34.572Z [LOG] [parse_extracted_emails.js] Parsed: parsed-INBOX-uid-5614.json
2026-04-21T03:57:34.572Z [LOG] [parse_extracted_emails.js] Parsed: parsed-INBOX-uid-5615.json
2026-04-21T03:57:34.572Z [LOG] [parse_extracted_emails.js] Parsed: parsed-INBOX-uid-5616.json
2026-04-21T03:57:34.572Z [LOG] [parse_extracted_emails.js] Parsed: parsed-INBOX-uid-5617.json
2026-04-21T03:57:34.572Z [LOG] [parse_extracted_emails.js] Parsed: parsed-INBOX-uid-5618.json
2026-04-21T03:57:34.572Z [LOG] [parse_extracted_emails.js] Parsed: parsed-INBOX-uid-5619.json
2026-04-21T03:57:34.572Z [LOG] [parse_extracted_emails.js] Parsed: parsed-INBOX-uid-5620.json
2026-04-21T03:57:34.572Z [LOG] [parse_extracted_emails.js] Parsed: parsed-INBOX-uid-5621.json
2026-04-21T03:57:34.572Z [LOG] [parse_extracted_emails.js] Parsed: parsed-INBOX-uid-5622.json
2026-04-21T03:57:34.572Z [LOG] [parse_extracted_emails.js] Parsed: parsed-INBOX-uid-5623.json
2026-04-21T03:57:34.572Z [LOG] [parse_extracted_emails.js] Parsed: parsed-INBOX-uid-5624.json
2026-04-21T03:57:34.572Z [LOG] [parse_extracted_emails.js] Parsed: parsed-INBOX-uid-5625.json
2026-04-21T03:57:34.572Z [LOG] [parse_extracted_emails.js] Parsed: parsed-INBOX-uid-5626.json
2026-04-21T03:57:34.572Z [LOG] [parse_extracted_emails.js] Parsed: parsed-INBOX-uid-5627.json
2026-04-21T03:57:34.572Z [LOG] [parse_extracted_emails.js] Parsed: parsed-INBOX-uid-5628.json
2026-04-21T03:57:34.572Z [LOG] [parse_extracted_emails.js] Parsed: parsed-INBOX-uid-5629.json
2026-04-21T03:57:34.572Z [LOG] [parse_extracted_emails.js] Parsed: parsed-INBOX-uid-5630.json
2026-04-21T03:57:34.572Z [LOG] [parse_extracted_emails.js] Parsed: parsed-INBOX-uid-5631.json
2026-04-21T03:57:34.572Z [LOG] [parse_extracted_emails.js] Parsed: parsed-INBOX-uid-5632.json
2026-04-21T03:57:34.572Z [LOG] [parse_extracted_emails.js] Parsed: parsed-INBOX-uid-5633.json
2026-04-21T03:57:34.572Z [LOG] [parse_extracted_emails.js] Parsed: parsed-INBOX-uid-5634.json
2026-04-21T03:57:34.572Z [LOG] [parse_extracted_emails.js] Parsed: parsed-INBOX-uid-5635.json
2026-04-21T03:57:34.572Z [LOG] [parse_extracted_emails.js] Parsed: parsed-INBOX-uid-5636.json
2026-04-21T03:57:34.572Z [LOG] [parse_extracted_emails.js] Parsed: parsed-INBOX-uid-5637.json
2026-04-21T03:57:34.572Z [LOG] [parse_extracted_emails.js] Parsed: parsed-INBOX-uid-5638.json
2026-04-21T03:57:34.572Z [LOG] [parse_extracted_emails.js] Parsed: parsed-INBOX-uid-5639.json
2026-04-21T03:57:34.572Z [LOG] [parse_extracted_emails.js] Parsed: parsed-INBOX-uid-5640.json
2026-04-21T03:57:34.572Z [LOG] [parse_extracted_emails.js] Parsed: parsed-INBOX-uid-5641.json
2026-04-21T03:57:34.572Z [LOG] [parse_extracted_emails.js] Parsed: parsed-INBOX-uid-5642.json
2026-04-21T03:57:34.572Z [LOG] [parse_extracted_emails.js] Parsed: parsed-INBOX-uid-5643.json
2026-04-21T03:57:34.572Z [LOG] [parse_extracted_emails.js] Parsed: parsed-INBOX-uid-5644.json
2026-04-21T03:57:34.572Z [LOG] [parse_extracted_emails.js] Parsed: parsed-INBOX-uid-5645.json
2026-04-21T03:57:34.572Z [LOG] [parse_extracted_emails.js] Parsed: parsed-INBOX-uid-5646.json
2026-04-21T03:57:34.572Z [LOG] [parse_extracted_emails.js] Parsed: parsed-INBOX-uid-5647.json
2026-04-21T03:57:34.572Z [LOG] [parse_extracted_emails.js] Parsed: parsed-INBOX-uid-5648.json
2026-04-21T03:57:34.572Z [LOG] [parse_extracted_emails.js] Parsed: parsed-INBOX-uid-5649.json
2026-04-21T03:57:34.572Z [LOG] [parse_extracted_emails.js] Parsed: parsed-INBOX-uid-5650.json
2026-04-21T03:57:34.572Z [LOG] [parse_extracted_emails.js] Parsed: parsed-INBOX-uid-5651.json
2026-04-21T03:57:34.572Z [LOG] [parse_extracted_emails.js] Parsed: parsed-INBOX-uid-5652.json
2026-04-21T03:57:34.572Z [LOG] [parse_extracted_emails.js] Parsed: parsed-INBOX-uid-5653.json
2026-04-21T03:57:34.572Z [LOG] [parse_extracted_emails.js] Parsed: parsed-INBOX-uid-5654.json
2026-04-21T03:57:34.572Z [LOG] [parse_extracted_emails.js] Parsed: parsed-INBOX-uid-5655.json
2026-04-21T03:57:34.572Z [LOG] [parse_extracted_emails.js] Parsed: parsed-INBOX-uid-5656.json
2026-04-21T03:57:34.572Z [LOG] [parse_extracted_emails.js] Parsed: parsed-INBOX-uid-5657.json
2026-04-21T03:57:34.572Z [LOG] [parse_extracted_emails.js] Parsed: parsed-INBOX-uid-5658.json
2026-04-21T03:57:34.572Z [LOG] [parse_extracted_emails.js] Parsed: parsed-INBOX-uid-5659.json
2026-04-21T03:57:34.572Z [LOG] [parse_extracted_emails.js] Parsed: parsed-INBOX-uid-5660.json
2026-04-21T03:57:34.572Z [LOG] [parse_extracted_emails.js] Parsed: parsed-INBOX-uid-5661.json
2026-04-21T03:57:34.572Z [LOG] [parse_extracted_emails.js] Parsed: parsed-INBOX-uid-5662.json
2026-04-21T03:57:34.572Z [LOG] [parse_extracted_emails.js] Parsed: parsed-INBOX-uid-5663.json
2026-04-21T03:57:34.572Z [LOG] [parse_extracted_emails.js] Parsed: parsed-INBOX-uid-5664.json
2026-04-21T03:57:34.572Z [LOG] [parse_extracted_emails.js] Parsed: parsed-INBOX-uid-5665.json
2026-04-21T03:57:34.572Z [LOG] [parse_extracted_emails.js] Parsed: parsed-INBOX-uid-5666.json
2026-04-21T03:57:34.572Z [LOG] [parse_extracted_emails.js] Parsed: parsed-INBOX-uid-5667.json
2026-04-21T03:57:34.572Z [LOG] [parse_extracted_emails.js] Parsed: parsed-INBOX-uid-5668.json
2026-04-21T03:57:34.572Z [LOG] [parse_extracted_emails.js] Parsed: parsed-INBOX-uid-5669.json
2026-04-21T03:57:34.572Z [LOG] [parse_extracted_emails.js] Parsed: parsed-INBOX-uid-5670.json
2026-04-21T03:57:34.572Z [LOG] [parse_extracted_emails.js] Parsed: parsed-INBOX-uid-5671.json
2026-04-21T03:57:34.572Z [LOG] [parse_extracted_emails.js] Parsed: parsed-INBOX-uid-5672.json
2026-04-21T03:57:34.572Z [LOG] [parse_extracted_emails.js] Parsed: parsed-INBOX-uid-5673.json
2026-04-21T03:57:34.572Z [LOG] [parse_extracted_emails.js] Parsed: parsed-INBOX-uid-5674.json
2026-04-21T03:57:34.572Z [LOG] [parse_extracted_emails.js] Parsed: parsed-INBOX-uid-5675.json
2026-04-21T03:57:34.572Z [LOG] [parse_extracted_emails.js] Parsed: parsed-INBOX-uid-5676.json
2026-04-21T03:57:34.572Z [LOG] [parse_extracted_emails.js] Parsed: parsed-INBOX-uid-5677.json
2026-04-21T03:57:34.572Z [LOG] [parse_extracted_emails.js] Parsed: parsed-INBOX-uid-5678.json
2026-04-21T03:57:34.572Z [LOG] [parse_extracted_emails.js] Parsed: parsed-INBOX-uid-5679.json
2026-04-21T03:57:34.572Z [LOG] [parse_extracted_emails.js] Parsed: parsed-INBOX-uid-5680.json
2026-04-21T03:57:34.572Z [LOG] [parse_extracted_emails.js] Parsed: parsed-INBOX-uid-5681.json
2026-04-21T03:57:34.572Z [LOG] [parse_extracted_emails.js] Parsed: parsed-INBOX-uid-5682.json
2026-04-21T03:57:34.573Z [LOG] [parse_extracted_emails.js] Parsed: parsed-INBOX-uid-5683.json
2026-04-21T03:57:34.573Z [LOG] [parse_extracted_emails.js] Parsed: parsed-INBOX-uid-5684.json
2026-04-21T03:57:34.573Z [LOG] [parse_extracted_emails.js] Parsed: parsed-INBOX-uid-5685.json
2026-04-21T03:57:34.573Z [LOG] [parse_extracted_emails.js] Parsed: parsed-INBOX-uid-5686.json
2026-04-21T03:57:34.573Z [LOG] [parse_extracted_emails.js] Parsed: parsed-INBOX-uid-5687.json
2026-04-21T03:57:34.573Z [LOG] [parse_extracted_emails.js] Parsed: parsed-INBOX-uid-5688.json
2026-04-21T03:57:34.573Z [LOG] [parse_extracted_emails.js] Parsed: parsed-INBOX-uid-5689.json
2026-04-21T03:57:34.573Z [LOG] [parse_extracted_emails.js] Parsed: parsed-INBOX-uid-5690.json
2026-04-21T03:57:34.573Z [LOG] [parse_extracted_emails.js] Parsed: parsed-INBOX-uid-5691.json
2026-04-21T03:57:34.573Z [LOG] [parse_extracted_emails.js] Parsed: parsed-INBOX-uid-5692.json
2026-04-21T03:57:34.573Z [LOG] [parse_extracted_emails.js] Parsed: parsed-INBOX-uid-5693.json
2026-04-21T03:57:34.573Z [LOG] [parse_extracted_emails.js] Parsed: parsed-INBOX-uid-5694.json
2026-04-21T03:57:34.573Z [LOG] [parse_extracted_emails.js] Parsed: parsed-INBOX-uid-5695.json
2026-04-21T03:57:34.573Z [LOG] [parse_extracted_emails.js] Parsed: parsed-INBOX-uid-5696.json
2026-04-21T03:57:34.573Z [LOG] [parse_extracted_emails.js] Parsed: parsed-INBOX-uid-5697.json
2026-04-21T03:57:34.573Z [LOG] [parse_extracted_emails.js] Parsed: parsed-INBOX-uid-5698.json
2026-04-21T03:57:34.573Z [LOG] [parse_extracted_emails.js] Parsed: parsed-INBOX-uid-5699.json
2026-04-21T03:57:34.573Z [LOG] [parse_extracted_emails.js] Parsed: parsed-INBOX-uid-5700.json
2026-04-21T03:57:34.573Z [LOG] [parse_extracted_emails.js] Parsed: parsed-INBOX-uid-5701.json
2026-04-21T03:57:34.573Z [LOG] [parse_extracted_emails.js] Parsed: parsed-INBOX-uid-5702.json
2026-04-21T03:57:34.573Z [LOG] [parse_extracted_emails.js] Parsed: parsed-INBOX-uid-5703.json
2026-04-21T03:57:34.573Z [LOG] [parse_extracted_emails.js] Parsed: parsed-INBOX-uid-5704.json
2026-04-21T03:57:34.573Z [LOG] [parse_extracted_emails.js] Parsed: parsed-INBOX-uid-5705.json
2026-04-21T03:57:34.573Z [LOG] [parse_extracted_emails.js] Parsed: parsed-INBOX-uid-5706.json
2026-04-21T03:57:34.573Z [LOG] [parse_extracted_emails.js] Parsed: parsed-INBOX-uid-5707.json
2026-04-21T03:57:34.573Z [LOG] [parse_extracted_emails.js] Parsed: parsed-INBOX-uid-5708.json
2026-04-21T03:57:34.573Z [LOG] [parse_extracted_emails.js] Parsed: parsed-INBOX-uid-5709.json
2026-04-21T03:57:34.573Z [LOG] [parse_extracted_emails.js] Parsed: parsed-INBOX-uid-5710.json
2026-04-21T03:57:34.573Z [LOG] [parse_extracted_emails.js] Parsed: parsed-INBOX-uid-5711.json
2026-04-21T03:57:34.573Z [LOG] [parse_extracted_emails.js] Parsed: parsed-INBOX-uid-5712.json
2026-04-21T03:57:34.573Z [LOG] [parse_extracted_emails.js] Parsed: parsed-INBOX-uid-5713.json
2026-04-21T03:57:34.573Z [LOG] [parse_extracted_emails.js] Parsed: parsed-INBOX-uid-5714.json
2026-04-21T03:57:34.573Z [LOG] [parse_extracted_emails.js] Parsed: parsed-INBOX-uid-5715.json
2026-04-21T03:57:34.573Z [LOG] [parse_extracted_emails.js] Parsed: parsed-INBOX-uid-5716.json
2026-04-21T03:57:34.573Z [LOG] [parse_extracted_emails.js] Parsed: parsed-INBOX-uid-5717.json
2026-04-21T03:57:34.573Z [LOG] [parse_extracted_emails.js] Parsed: parsed-INBOX-uid-5718.json
2026-04-21T03:57:34.573Z [LOG] [parse_extracted_emails.js] Parsed: parsed-INBOX-uid-5719.json
2026-04-21T03:57:34.573Z [LOG] [parse_extracted_emails.js] Parsed: parsed-INBOX-uid-5720.json
2026-04-21T03:57:34.573Z [LOG] [parse_extracted_emails.js] Parsed: parsed-INBOX-uid-5721.json
2026-04-21T03:57:34.573Z [LOG] [parse_extracted_emails.js] Parsed: parsed-INBOX-uid-5722.json
2026-04-21T03:57:34.573Z [LOG] [parse_extracted_emails.js] Parsed: parsed-INBOX-uid-5723.json
2026-04-21T03:57:34.573Z [LOG] [parse_extracted_emails.js] Parsed: parsed-INBOX-uid-5724.json
2026-04-21T03:57:34.573Z [LOG] [parse_extracted_emails.js] Parsed: parsed-INBOX-uid-5725.json
2026-04-21T03:57:34.573Z [LOG] [parse_extracted_emails.js] Parsed: parsed-INBOX-uid-5726.json
2026-04-21T03:57:34.573Z [LOG] [parse_extracted_emails.js] Parsed: parsed-INBOX-uid-5727.json
2026-04-21T03:57:34.573Z [LOG] [parse_extracted_emails.js] Parsed: parsed-INBOX-uid-5728.json
2026-04-21T03:57:34.573Z [LOG] [parse_extracted_emails.js] Parsed: parsed-INBOX-uid-5729.json
2026-04-21T03:57:34.573Z [LOG] [parse_extracted_emails.js] Parsed: parsed-INBOX-uid-5730.json
2026-04-21T03:57:34.573Z [LOG] [parse_extracted_emails.js] Parsed: parsed-INBOX-uid-5731.json
2026-04-21T03:57:34.573Z [LOG] [parse_extracted_emails.js] Parsed: parsed-INBOX-uid-5732.json
2026-04-21T03:57:34.573Z [LOG] [parse_extracted_emails.js] Parsed: parsed-INBOX-uid-5733.json
2026-04-21T03:57:34.573Z [LOG] [parse_extracted_emails.js] Parsed: parsed-INBOX-uid-5734.json
2026-04-21T03:57:34.573Z [LOG] [parse_extracted_emails.js] Parsed: parsed-INBOX-uid-5735.json
2026-04-21T03:57:34.573Z [LOG] [parse_extracted_emails.js] Parsed: parsed-INBOX-uid-5736.json
2026-04-21T03:57:34.573Z [LOG] [parse_extracted_emails.js] Parsed: parsed-INBOX-uid-5737.json
2026-04-21T03:57:34.573Z [LOG] [parse_extracted_emails.js] Parsed: parsed-INBOX-uid-5738.json
2026-04-21T03:57:34.573Z [LOG] [parse_extracted_emails.js] Parsed: parsed-INBOX-uid-5739.json
2026-04-21T03:57:34.573Z [LOG] [parse_extracted_emails.js] Parsed: parsed-INBOX-uid-5740.json
2026-04-21T03:57:34.573Z [LOG] [parse_extracted_emails.js] Parsed: parsed-INBOX-uid-5741.json
2026-04-21T03:57:34.573Z [LOG] [parse_extracted_emails.js] Parsed: parsed-INBOX-uid-5742.json
2026-04-21T03:57:34.573Z [LOG] [parse_extracted_emails.js] Parsed: parsed-INBOX-uid-5743.json
2026-04-21T03:57:34.573Z [LOG] [parse_extracted_emails.js] Parsed: parsed-INBOX-uid-5744.json
2026-04-21T03:57:34.573Z [LOG] [parse_extracted_emails.js] Parsed: parsed-INBOX-uid-5745.json
2026-04-21T03:57:34.573Z [LOG] [parse_extracted_emails.js] Parsed: parsed-INBOX-uid-5746.json
2026-04-21T03:57:34.573Z [LOG] [parse_extracted_emails.js] Parsed: parsed-INBOX-uid-5747.json
2026-04-21T03:57:34.573Z [LOG] [parse_extracted_emails.js] Parsed: parsed-INBOX-uid-5748.json
2026-04-21T03:57:34.573Z [LOG] [parse_extracted_emails.js] Parsed: parsed-INBOX-uid-5749.json
2026-04-21T03:57:34.573Z [LOG] [parse_extracted_emails.js] Parsed: parsed-INBOX-uid-5750.json
2026-04-21T03:57:34.573Z [LOG] [parse_extracted_emails.js] Parsed: parsed-INBOX-uid-5751.json
2026-04-21T03:57:34.573Z [LOG] [parse_extracted_emails.js] Parsed: parsed-INBOX-uid-5752.json
2026-04-21T03:57:34.573Z [LOG] [parse_extracted_emails.js] Parsed: parsed-INBOX-uid-5753.json
2026-04-21T03:57:34.573Z [LOG] [parse_extracted_emails.js] Parsed: parsed-INBOX-uid-5754.json
2026-04-21T03:57:34.573Z [LOG] [parse_extracted_emails.js] Parsed: parsed-INBOX-uid-5755.json
2026-04-21T03:57:34.573Z [LOG] [parse_extracted_emails.js] Parsed: parsed-INBOX-uid-5756.json
2026-04-21T03:57:34.573Z [LOG] [parse_extracted_emails.js] Parsed: parsed-INBOX-uid-5757.json
2026-04-21T03:57:34.573Z [LOG] [parse_extracted_emails.js] Parsed: parsed-INBOX-uid-5758.json
2026-04-21T03:57:34.573Z [LOG] [parse_extracted_emails.js] Parsed: parsed-INBOX-uid-5759.json
2026-04-21T03:57:34.573Z [LOG] [parse_extracted_emails.js] Parsed: parsed-INBOX-uid-5760.json
2026-04-21T03:57:34.573Z [LOG] [parse_extracted_emails.js] Parsed: parsed-INBOX-uid-5761.json
2026-04-21T03:57:34.573Z [LOG] [parse_extracted_emails.js] Parsed: parsed-INBOX-uid-5762.json
2026-04-21T03:57:34.573Z [LOG] [parse_extracted_emails.js] Parsed: parsed-INBOX-uid-5763.json
2026-04-21T03:57:34.573Z [LOG] [parse_extracted_emails.js] Parsed: parsed-INBOX-uid-5764.json
2026-04-21T03:57:34.573Z [LOG] [parse_extracted_emails.js] Parsed: parsed-INBOX-uid-5765.json
2026-04-21T03:57:34.573Z [LOG] [parse_extracted_emails.js] Parsed: parsed-INBOX-uid-5766.json
2026-04-21T03:57:34.573Z [LOG] [parse_extracted_emails.js] Parsed: parsed-INBOX-uid-5767.json
2026-04-21T03:57:34.573Z [LOG] [parse_extracted_emails.js] Parsed: parsed-INBOX-uid-5768.json
2026-04-21T03:57:34.573Z [LOG] [parse_extracted_emails.js] Parsed: parsed-INBOX-uid-5769.json
2026-04-21T03:57:34.573Z [LOG] [parse_extracted_emails.js] Parsed: parsed-INBOX-uid-5770.json
2026-04-21T03:57:34.573Z [LOG] [parse_extracted_emails.js] Parsed: parsed-INBOX-uid-5771.json
2026-04-21T03:57:34.573Z [LOG] [parse_extracted_emails.js] Parsed: parsed-INBOX-uid-5772.json
2026-04-21T03:57:34.573Z [LOG] [parse_extracted_emails.js] Parsed: parsed-INBOX-uid-5773.json
2026-04-21T03:57:34.573Z [LOG] [parse_extracted_emails.js] Parsed: parsed-INBOX-uid-5774.json
2026-04-21T03:57:34.573Z [LOG] [parse_extracted_emails.js] Parsed: parsed-INBOX-uid-5775.json
2026-04-21T03:57:34.573Z [LOG] [parse_extracted_emails.js] Parsed: parsed-INBOX-uid-5776.json
2026-04-21T03:57:34.573Z [LOG] [parse_extracted_emails.js] Parsed: parsed-INBOX-uid-5777.json
2026-04-21T03:57:34.573Z [LOG] [parse_extracted_emails.js] Parsed: parsed-INBOX-uid-5778.json
2026-04-21T03:57:34.573Z [LOG] [parse_extracted_emails.js] Parsed: parsed-INBOX-uid-5779.json
2026-04-21T03:57:34.573Z [LOG] [parse_extracted_emails.js] Parsed: parsed-INBOX-uid-5780.json
2026-04-21T03:57:34.573Z [LOG] [parse_extracted_emails.js] Parsed: parsed-INBOX-uid-5781.json
2026-04-21T03:57:34.573Z [LOG] [parse_extracted_emails.js] Parsed: parsed-INBOX-uid-5782.json
2026-04-21T03:57:34.573Z [LOG] [parse_extracted_emails.js] Parsed: parsed-INBOX-uid-5783.json
2026-04-21T03:57:34.573Z [LOG] [parse_extracted_emails.js] Parsed: parsed-INBOX-uid-5784.json
2026-04-21T03:57:34.573Z [LOG] [parse_extracted_emails.js] Parsed: parsed-INBOX-uid-5785.json
2026-04-21T03:57:34.573Z [LOG] [parse_extracted_emails.js] Parsed: parsed-INBOX-uid-5786.json
2026-04-21T03:57:34.573Z [LOG] [parse_extracted_emails.js] Parsed: parsed-INBOX-uid-5787.json
2026-04-21T03:57:34.573Z [LOG] [parse_extracted_emails.js] Parsed: parsed-INBOX-uid-5788.json
2026-04-21T03:57:34.573Z [LOG] [parse_extracted_emails.js] Parsed: parsed-INBOX-uid-5789.json
2026-04-21T03:57:34.573Z [LOG] [parse_extracted_emails.js] Parsed: parsed-INBOX-uid-5790.json
2026-04-21T03:57:34.573Z [LOG] [parse_extracted_emails.js] Parsed: parsed-INBOX-uid-5791.json
2026-04-21T03:57:34.573Z [LOG] [parse_extracted_emails.js] Parsed: parsed-INBOX-uid-5792.json
2026-04-21T03:57:34.573Z [LOG] [parse_extracted_emails.js] Parsed: parsed-INBOX-uid-5793.json
2026-04-21T03:57:34.573Z [LOG] [parse_extracted_emails.js] Parsed: parsed-INBOX-uid-5794.json
2026-04-21T03:57:34.573Z [LOG] [parse_extracted_emails.js] Parsed: parsed-INBOX-uid-5795.json
2026-04-21T03:57:34.573Z [LOG] [parse_extracted_emails.js] Parsed: parsed-INBOX-uid-5796.json
2026-04-21T03:57:34.573Z [LOG] [parse_extracted_emails.js] Parsed: parsed-INBOX-uid-5797.json
2026-04-21T03:57:34.573Z [LOG] [parse_extracted_emails.js] Parsed: parsed-INBOX-uid-5798.json
2026-04-21T03:57:34.573Z [LOG] [parse_extracted_emails.js] Parsed: parsed-INBOX-uid-5799.json
2026-04-21T03:57:34.573Z [LOG] [parse_extracted_emails.js] Parsed: parsed-INBOX-uid-5800.json
2026-04-21T03:57:34.573Z [LOG] [parse_extracted_emails.js] Parsed: parsed-INBOX-uid-5801.json
2026-04-21T03:57:34.573Z [LOG] [parse_extracted_emails.js] Parsed: parsed-INBOX-uid-5802.json
2026-04-21T03:57:34.573Z [LOG] [parse_extracted_emails.js] Parsed: parsed-INBOX-uid-5803.json
2026-04-21T03:57:34.573Z [LOG] [parse_extracted_emails.js] Parsed: parsed-INBOX-uid-5804.json
2026-04-21T03:57:34.573Z [LOG] [parse_extracted_emails.js] Parsed: parsed-INBOX-uid-5805.json
2026-04-21T03:57:34.573Z [LOG] [parse_extracted_emails.js] Parsed: parsed-INBOX-uid-5806.json
2026-04-21T03:57:34.573Z [LOG] [parse_extracted_emails.js] Parsed: parsed-INBOX-uid-5807.json
2026-04-21T03:57:34.573Z [LOG] [parse_extracted_emails.js] Parsed: parsed-INBOX-uid-5808.json
2026-04-21T03:57:34.573Z [LOG] [parse_extracted_emails.js] Parsed: parsed-INBOX-uid-5809.json
2026-04-21T03:57:34.573Z [LOG] [parse_extracted_emails.js] Parsed: parsed-INBOX-uid-5810.json
2026-04-21T03:57:34.573Z [LOG] [parse_extracted_emails.js] Parsed: parsed-INBOX-uid-5811.json
2026-04-21T03:57:34.573Z [LOG] [parse_extracted_emails.js] Parsed: parsed-INBOX-uid-5812.json
2026-04-21T03:57:34.573Z [LOG] [parse_extracted_emails.js] Parsed: parsed-INBOX-uid-5813.json
2026-04-21T03:57:34.573Z [LOG] [parse_extracted_emails.js] Parsed: parsed-INBOX-uid-5814.json
2026-04-21T03:57:34.573Z [LOG] [parse_extracted_emails.js] Parsed: parsed-INBOX-uid-5815.json
2026-04-21T03:57:34.574Z [LOG] [parse_extracted_emails.js] Parsed: parsed-INBOX-uid-5816.json
2026-04-21T03:57:34.574Z [LOG] [parse_extracted_emails.js] Parsed: parsed-INBOX-uid-5817.json
2026-04-21T03:57:34.574Z [LOG] [parse_extracted_emails.js] Parsed: parsed-INBOX-uid-5818.json
2026-04-21T03:57:34.574Z [LOG] [parse_extracted_emails.js] Parsed: parsed-INBOX-uid-5819.json
2026-04-21T03:57:34.574Z [LOG] [parse_extracted_emails.js] Parsed: parsed-INBOX-uid-5820.json
2026-04-21T03:57:34.574Z [LOG] [parse_extracted_emails.js] Parsed: parsed-INBOX-uid-5821.json
2026-04-21T03:57:34.574Z [LOG] [parse_extracted_emails.js] Parsed: parsed-INBOX-uid-5822.json
2026-04-21T03:57:34.574Z [LOG] [parse_extracted_emails.js] Parsed: parsed-INBOX-uid-5823.json
2026-04-21T03:57:34.574Z [LOG] [parse_extracted_emails.js] Parsed: parsed-INBOX-uid-5824.json
2026-04-21T03:57:34.574Z [LOG] [parse_extracted_emails.js] Parsed: parsed-INBOX-uid-5825.json
2026-04-21T03:57:34.574Z [LOG] [parse_extracted_emails.js] Parsed: parsed-INBOX-uid-5826.json
2026-04-21T03:57:34.574Z [LOG] [parse_extracted_emails.js] Parsed: parsed-INBOX-uid-5827.json
2026-04-21T03:57:34.574Z [LOG] [parse_extracted_emails.js] Parsed: parsed-INBOX-uid-5828.json
2026-04-21T03:57:34.574Z [LOG] [parse_extracted_emails.js] Parsed: parsed-INBOX-uid-5829.json
2026-04-21T03:57:34.574Z [LOG] [parse_extracted_emails.js] Parsed: parsed-INBOX-uid-5830.json
2026-04-21T03:57:34.574Z [LOG] [parse_extracted_emails.js] Parsed: parsed-INBOX-uid-5831.json
2026-04-21T03:57:34.574Z [LOG] [parse_extracted_emails.js] Parsed: parsed-INBOX-uid-5832.json
2026-04-21T03:57:34.574Z [LOG] [parse_extracted_emails.js] Parsed: parsed-INBOX-uid-5833.json
2026-04-21T03:57:34.574Z [LOG] [parse_extracted_emails.js] Parsed: parsed-INBOX-uid-5834.json
2026-04-21T03:57:34.574Z [LOG] [parse_extracted_emails.js] Parsed: parsed-INBOX-uid-5835.json
2026-04-21T03:57:34.574Z [LOG] [parse_extracted_emails.js] Parsed: parsed-INBOX-uid-5836.json
2026-04-21T03:57:34.574Z [LOG] [parse_extracted_emails.js] Parsed: parsed-INBOX-uid-5837.json
2026-04-21T03:57:34.574Z [LOG] [parse_extracted_emails.js] Parsed: parsed-INBOX-uid-5838.json
2026-04-21T03:57:34.574Z [LOG] [parse_extracted_emails.js] Parsed: parsed-INBOX-uid-5839.json
2026-04-21T03:57:34.574Z [LOG] [parse_extracted_emails.js] Parsed: parsed-INBOX-uid-5840.json
2026-04-21T03:57:34.574Z [LOG] [parse_extracted_emails.js] Parsed: parsed-INBOX-uid-5841.json
2026-04-21T03:57:34.574Z [LOG] [parse_extracted_emails.js] Parsed: parsed-INBOX-uid-5842.json
2026-04-21T03:57:34.574Z [LOG] [parse_extracted_emails.js] Parsed: parsed-INBOX-uid-5843.json
2026-04-21T03:57:34.574Z [LOG] [parse_extracted_emails.js] Parsed: parsed-INBOX-uid-5844.json
2026-04-21T03:57:34.574Z [LOG] [parse_extracted_emails.js] Parsed: parsed-INBOX-uid-5845.json
2026-04-21T03:57:34.574Z [LOG] [parse_extracted_emails.js] Parsed: parsed-INBOX-uid-5846.json
2026-04-21T03:57:34.574Z [LOG] [parse_extracted_emails.js] Parsed: parsed-INBOX-uid-5847.json
2026-04-21T03:57:34.574Z [LOG] [parse_extracted_emails.js] Parsed: parsed-INBOX-uid-5848.json
2026-04-21T03:57:34.574Z [LOG] [parse_extracted_emails.js] Parsed: parsed-INBOX-uid-5849.json
2026-04-21T03:57:34.574Z [LOG] [parse_extracted_emails.js] Parsed: parsed-INBOX-uid-5850.json
2026-04-21T03:57:34.574Z [LOG] [parse_extracted_emails.js] Parsed: parsed-INBOX-uid-5851.json
2026-04-21T03:57:34.574Z [LOG] [parse_extracted_emails.js] Parsed: parsed-INBOX-uid-5852.json
2026-04-21T03:57:34.574Z [LOG] [parse_extracted_emails.js] Parsed: parsed-INBOX-uid-5853.json
2026-04-21T03:57:34.574Z [LOG] [parse_extracted_emails.js] Parsed: parsed-INBOX-uid-5854.json
2026-04-21T03:57:34.574Z [LOG] [parse_extracted_emails.js] Parsed: parsed-INBOX-uid-5855.json
2026-04-21T03:57:34.574Z [LOG] [parse_extracted_emails.js] Parsed: parsed-INBOX-uid-5856.json
2026-04-21T03:57:34.574Z [LOG] [parse_extracted_emails.js] Parsed: parsed-INBOX-uid-5857.json
2026-04-21T03:57:34.574Z [LOG] [parse_extracted_emails.js] Parsed: parsed-INBOX-uid-5858.json
2026-04-21T03:57:34.574Z [LOG] [parse_extracted_emails.js] Parsed: parsed-INBOX-uid-5859.json
2026-04-21T03:57:34.574Z [LOG] [parse_extracted_emails.js] Parsed: parsed-INBOX-uid-5860.json
2026-04-21T03:57:34.574Z [LOG] [parse_extracted_emails.js] Parsed: parsed-INBOX-uid-5861.json
2026-04-21T03:57:34.574Z [LOG] [parse_extracted_emails.js] Parsed: parsed-INBOX-uid-5862.json
2026-04-21T03:57:34.574Z [LOG] [parse_extracted_emails.js] Parsed: parsed-INBOX-uid-5863.json
2026-04-21T03:57:34.574Z [LOG] [parse_extracted_emails.js] Parsed: parsed-INBOX-uid-5864.json
2026-04-21T03:57:34.574Z [LOG] [parse_extracted_emails.js] Parsed: parsed-INBOX-uid-5865.json
2026-04-21T03:57:34.574Z [LOG] [parse_extracted_emails.js] Parsed: parsed-INBOX-uid-5866.json
2026-04-21T03:57:34.574Z [LOG] [parse_extracted_emails.js] Parsed: parsed-INBOX-uid-5867.json
2026-04-21T03:57:34.574Z [LOG] [parse_extracted_emails.js] Parsed: parsed-INBOX-uid-5868.json
2026-04-21T03:57:34.574Z [LOG] [parse_extracted_emails.js] Parsed: parsed-INBOX-uid-5869.json
2026-04-21T03:57:34.574Z [LOG] [parse_extracted_emails.js] Parsed: parsed-INBOX-uid-5870.json
2026-04-21T03:57:34.574Z [LOG] [parse_extracted_emails.js] Parsed: parsed-INBOX-uid-5871.json
2026-04-21T03:57:34.574Z [LOG] [parse_extracted_emails.js] Parsed: parsed-INBOX-uid-5872.json
2026-04-21T03:57:34.574Z [LOG] [parse_extracted_emails.js] Parsed: parsed-INBOX-uid-5873.json
2026-04-21T03:57:34.574Z [LOG] [parse_extracted_emails.js] Parsed: parsed-INBOX-uid-5874.json
2026-04-21T03:57:34.574Z [LOG] [parse_extracted_emails.js] Parsed: parsed-INBOX-uid-5875.json
2026-04-21T03:57:34.574Z [LOG] [parse_extracted_emails.js] Parsed: parsed-INBOX-uid-5876.json
2026-04-21T03:57:34.574Z [LOG] [parse_extracted_emails.js] Parsed: parsed-INBOX-uid-5877.json
2026-04-21T03:57:34.574Z [LOG] [parse_extracted_emails.js] Parsed: parsed-INBOX-uid-5878.json
2026-04-21T03:57:34.574Z [LOG] [parse_extracted_emails.js] Parsed: parsed-INBOX-uid-5879.json
2026-04-21T03:57:34.574Z [LOG] [parse_extracted_emails.js] Parsed: parsed-INBOX-uid-5880.json
2026-04-21T03:57:34.574Z [LOG] [parse_extracted_emails.js] Parsed: parsed-INBOX-uid-5881.json
2026-04-21T03:57:34.574Z [LOG] [parse_extracted_emails.js] Parsed: parsed-INBOX-uid-5882.json
2026-04-21T03:57:34.574Z [LOG] [parse_extracted_emails.js] Parsed: parsed-INBOX-uid-5883.json
2026-04-21T03:57:34.574Z [LOG] [parse_extracted_emails.js] Parsed: parsed-INBOX-uid-5884.json
2026-04-21T03:57:34.574Z [LOG] [parse_extracted_emails.js] Parsed: parsed-INBOX-uid-5885.json
2026-04-21T03:57:34.574Z [LOG] [parse_extracted_emails.js] Parsed: parsed-INBOX-uid-5886.json
2026-04-21T03:57:34.574Z [LOG] [parse_extracted_emails.js] Parsed: parsed-INBOX-uid-5887.json
2026-04-21T03:57:34.574Z [LOG] [parse_extracted_emails.js] Parsed: parsed-INBOX-uid-5888.json
2026-04-21T03:57:34.574Z [LOG] [parse_extracted_emails.js] Parsed: parsed-INBOX-uid-5889.json
2026-04-21T03:57:34.574Z [LOG] [parse_extracted_emails.js] Parsed: parsed-INBOX-uid-5890.json
2026-04-21T03:57:34.574Z [LOG] [parse_extracted_emails.js] Parsed: parsed-INBOX-uid-5891.json
2026-04-21T03:57:34.574Z [LOG] [parse_extracted_emails.js] Parsed: parsed-INBOX-uid-5892.json
2026-04-21T03:57:34.574Z [LOG] [parse_extracted_emails.js] Parsed: parsed-INBOX-uid-5893.json
2026-04-21T03:57:34.574Z [LOG] [parse_extracted_emails.js] Parsed: parsed-INBOX-uid-5894.json
2026-04-21T03:57:34.574Z [LOG] [parse_extracted_emails.js] Parsed: parsed-INBOX-uid-5895.json
2026-04-21T03:57:34.574Z [LOG] [parse_extracted_emails.js] Parsed: parsed-INBOX-uid-5896.json
2026-04-21T03:57:34.574Z [LOG] [parse_extracted_emails.js] Parsed: parsed-INBOX-uid-5897.json
2026-04-21T03:57:34.574Z [LOG] [parse_extracted_emails.js] Parsed: parsed-INBOX-uid-5898.json
2026-04-21T03:57:34.574Z [LOG] [parse_extracted_emails.js] Parsed: parsed-INBOX-uid-5899.json
2026-04-21T03:57:34.574Z [LOG] [parse_extracted_emails.js] Parsed: parsed-INBOX-uid-5900.json
2026-04-21T03:57:34.574Z [LOG] [parse_extracted_emails.js] Parsed: parsed-INBOX-uid-5901.json
2026-04-21T03:57:34.574Z [LOG] [parse_extracted_emails.js] Parsed: parsed-INBOX-uid-5902.json
2026-04-21T03:57:34.574Z [LOG] [parse_extracted_emails.js] Parsed: parsed-INBOX-uid-5903.json
2026-04-21T03:57:34.574Z [LOG] [parse_extracted_emails.js] Parsed: parsed-INBOX-uid-5904.json
2026-04-21T03:57:34.574Z [LOG] [parse_extracted_emails.js] Parsed: parsed-INBOX-uid-5905.json
2026-04-21T03:57:34.574Z [LOG] [parse_extracted_emails.js] Parsed: parsed-INBOX-uid-5906.json
2026-04-21T03:57:34.574Z [LOG] [parse_extracted_emails.js] Parsed: parsed-INBOX-uid-5907.json
2026-04-21T03:57:34.574Z [LOG] [parse_extracted_emails.js] Parsed: parsed-INBOX-uid-5911.json
2026-04-21T03:57:34.574Z [LOG] [parse_extracted_emails.js] Parsed: parsed-INBOX-uid-5912.json
2026-04-21T03:57:34.574Z [LOG] [parse_extracted_emails.js] Parsed: parsed-INBOX-uid-5913.json
2026-04-21T03:57:34.574Z [LOG] [parse_extracted_emails.js] Parsed: parsed-INBOX-uid-5914.json
2026-04-21T03:57:34.574Z [LOG] [parse_extracted_emails.js] Parsed: parsed-INBOX-uid-5915.json
2026-04-21T03:57:34.574Z [LOG] [parse_extracted_emails.js] Parsed: parsed-INBOX-uid-5916.json
2026-04-21T03:57:34.574Z [LOG] [parse_extracted_emails.js] Parsed: parsed-INBOX-uid-5917.json
2026-04-21T03:57:34.574Z [LOG] [parse_extracted_emails.js] Parsed: parsed-INBOX-uid-5918.json
2026-04-21T03:57:34.574Z [LOG] [parse_extracted_emails.js] Parsed: parsed-INBOX-uid-5919.json
2026-04-21T03:57:34.574Z [LOG] [parse_extracted_emails.js] Parsed: parsed-INBOX-uid-5920.json
2026-04-21T03:57:34.574Z [LOG] [parse_extracted_emails.js] Parsed: parsed-INBOX-uid-5921.json
2026-04-21T03:57:34.574Z [LOG] [parse_extracted_emails.js] Parsed: parsed-INBOX-uid-5922.json
2026-04-21T03:57:34.574Z [LOG] [parse_extracted_emails.js] Parsed: parsed-INBOX-uid-5923.json
2026-04-21T03:57:34.574Z [LOG] [parse_extracted_emails.js] Parsed: parsed-INBOX-uid-5924.json
2026-04-21T03:57:34.574Z [LOG] [parse_extracted_emails.js] Parsed: parsed-INBOX-uid-5925.json
2026-04-21T03:57:34.574Z [LOG] [parse_extracted_emails.js] Parsed: parsed-INBOX-uid-5926.json
2026-04-21T03:57:34.574Z [LOG] [parse_extracted_emails.js] Parsed: parsed-INBOX-uid-5927.json
2026-04-21T03:57:34.574Z [LOG] [parse_extracted_emails.js] Parsed: parsed-INBOX-uid-5928.json
2026-04-21T03:57:34.574Z [LOG] [parse_extracted_emails.js] Parsed: parsed-INBOX-uid-5929.json
2026-04-21T03:57:34.574Z [LOG] [parse_extracted_emails.js] Parsed: parsed-INBOX-uid-5930.json
2026-04-21T03:57:34.574Z [LOG] [parse_extracted_emails.js] Parsed: parsed-INBOX-uid-5931.json
2026-04-21T03:57:34.574Z [LOG] [parse_extracted_emails.js] Parsed: parsed-INBOX-uid-5932.json
2026-04-21T03:57:34.574Z [LOG] [parse_extracted_emails.js] Parsed: parsed-INBOX-uid-5934.json
2026-04-21T03:57:34.574Z [LOG] [parse_extracted_emails.js] Parsed: parsed-INBOX-uid-5935.json
2026-04-21T03:57:34.574Z [LOG] [parse_extracted_emails.js] Parsed: parsed-INBOX-uid-5936.json
2026-04-21T03:57:34.574Z [LOG] [parse_extracted_emails.js] Parsed: parsed-INBOX-uid-5937.json
2026-04-21T03:57:34.574Z [LOG] [parse_extracted_emails.js] Parsed: parsed-INBOX-uid-5938.json
2026-04-21T03:57:34.574Z [LOG] [parse_extracted_emails.js] Parsed: parsed-INBOX-uid-5939.json
2026-04-21T03:57:34.574Z [LOG] [parse_extracted_emails.js] Parsed: parsed-INBOX-uid-5940.json
2026-04-21T03:57:34.574Z [LOG] [parse_extracted_emails.js] Parsed: parsed-INBOX-uid-5941.json
2026-04-21T03:57:34.574Z [LOG] [parse_extracted_emails.js] Parsed: parsed-INBOX-uid-5942.json
2026-04-21T03:57:34.574Z [LOG] [parse_extracted_emails.js] Parsed: parsed-INBOX-uid-5943.json
2026-04-21T03:57:34.574Z [LOG] [parse_extracted_emails.js] Parsed: parsed-INBOX-uid-5944.json
2026-04-21T03:57:34.574Z [LOG] [parse_extracted_emails.js] Parsed: parsed-INBOX-uid-5945.json
2026-04-21T03:57:34.574Z [LOG] [parse_extracted_emails.js] Parsed: parsed-INBOX-uid-5946.json
2026-04-21T03:57:34.574Z [LOG] [parse_extracted_emails.js] Parsed: parsed-INBOX-uid-5948.json
2026-04-21T03:57:34.574Z [LOG] [parse_extracted_emails.js] Parsed: parsed-INBOX-uid-5949.json
2026-04-21T03:57:34.574Z [LOG] [parse_extracted_emails.js] Parsed: parsed-INBOX-uid-5950.json
2026-04-21T03:57:34.574Z [LOG] [parse_extracted_emails.js] Parsed: parsed-INBOX-uid-5951.json
2026-04-21T03:57:34.574Z [LOG] [parse_extracted_emails.js] Parsed: parsed-INBOX-uid-5952.json
2026-04-21T03:57:34.574Z [LOG] [parse_extracted_emails.js] Parsed: parsed-INBOX-uid-5953.json
2026-04-21T03:57:34.574Z [LOG] [parse_extracted_emails.js] Parsed: parsed-INBOX-uid-5954.json
2026-04-21T03:57:34.574Z [LOG] [parse_extracted_emails.js] Parsed: parsed-INBOX-uid-5955.json
2026-04-21T03:57:34.574Z [LOG] [parse_extracted_emails.js] Parsed: parsed-INBOX-uid-5956.json
2026-04-21T03:57:34.574Z [LOG] [parse_extracted_emails.js] Parsed: parsed-INBOX-uid-5957.json
2026-04-21T03:57:34.574Z [LOG] [parse_extracted_emails.js] Parsed: parsed-INBOX-uid-5958.json
2026-04-21T03:57:34.574Z [LOG] [parse_extracted_emails.js] Parsed: parsed-INBOX-uid-5959.json
2026-04-21T03:57:34.574Z [LOG] [parse_extracted_emails.js] Parsed: parsed-INBOX-uid-5960.json
2026-04-21T03:57:34.574Z [LOG] [parse_extracted_emails.js] Parsed: parsed-INBOX-uid-5961.json
2026-04-21T03:57:34.574Z [LOG] [parse_extracted_emails.js] Parsed: parsed-INBOX-uid-5962.json
2026-04-21T03:57:34.574Z [LOG] [parse_extracted_emails.js] Parsed: parsed-INBOX-uid-5963.json
2026-04-21T03:57:34.574Z [LOG] [parse_extracted_emails.js] Parsed: parsed-INBOX-uid-5964.json
2026-04-21T03:57:34.574Z [LOG] [parse_extracted_emails.js] Parsed: parsed-INBOX-uid-5965.json
2026-04-21T03:57:34.574Z [LOG] [parse_extracted_emails.js] Parsed: parsed-INBOX-uid-5966.json
2026-04-21T03:57:34.574Z [LOG] [parse_extracted_emails.js] Parsed: parsed-INBOX-uid-5967.json
2026-04-21T03:57:34.574Z [LOG] [parse_extracted_emails.js] Parsed: parsed-INBOX-uid-5968.json
2026-04-21T03:57:34.574Z [LOG] [parse_extracted_emails.js] Parsed: parsed-INBOX-uid-5969.json
2026-04-21T03:57:34.574Z [LOG] [parse_extracted_emails.js] Parsed: parsed-INBOX-uid-5970.json
2026-04-21T03:57:34.574Z [LOG] [parse_extracted_emails.js] Parsed: parsed-INBOX-uid-5971.json
2026-04-21T03:57:34.574Z [LOG] [parse_extracted_emails.js] Parsed: parsed-INBOX-uid-5972.json
2026-04-21T03:57:34.574Z [LOG] [parse_extracted_emails.js] Parsed: parsed-INBOX-uid-5973.json
2026-04-21T03:57:34.574Z [LOG] [parse_extracted_emails.js] Parsed: parsed-INBOX-uid-5974.json
2026-04-21T03:57:34.574Z [LOG] [parse_extracted_emails.js] Parsed: parsed-INBOX-uid-5975.json
2026-04-21T03:57:34.574Z [LOG] [parse_extracted_emails.js] Parsed: parsed-INBOX-uid-5976.json
2026-04-21T03:57:34.574Z [LOG] [parse_extracted_emails.js] Parsed: parsed-INBOX-uid-5977.json
2026-04-21T03:57:34.574Z [LOG] [parse_extracted_emails.js] Parsed: parsed-INBOX-uid-5978.json
2026-04-21T03:57:34.574Z [LOG] [parse_extracted_emails.js] Parsed: parsed-INBOX-uid-5979.json
2026-04-21T03:57:34.574Z [LOG] [parse_extracted_emails.js] Parsed: parsed-INBOX-uid-5980.json
2026-04-21T03:57:34.574Z [LOG] [parse_extracted_emails.js] Parsed: parsed-INBOX-uid-5981.json
2026-04-21T03:57:34.574Z [LOG] [parse_extracted_emails.js] Parsed: parsed-INBOX-uid-5982.json
2026-04-21T03:57:34.574Z [LOG] [parse_extracted_emails.js] Parsed: parsed-INBOX-uid-5983.json
2026-04-21T03:57:34.575Z [LOG] [parse_extracted_emails.js] Parsed: parsed-INBOX-uid-6005.json
2026-04-21T03:57:34.575Z [LOG] [parse_extracted_emails.js] Parsed: parsed-INBOX-uid-6006.json
2026-04-21T03:57:34.575Z [LOG] [parse_extracted_emails.js] Parsed: parsed-INBOX-uid-6007.json
2026-04-21T03:57:34.575Z [LOG] [parse_extracted_emails.js] Parsed: parsed-INBOX-uid-6008.json
2026-04-21T03:57:34.575Z [LOG] [parse_extracted_emails.js] Parsed: parsed-INBOX-uid-6009.json
2026-04-21T03:57:34.575Z [LOG] [parse_extracted_emails.js] Parsed: parsed-INBOX-uid-6010.json
2026-04-21T03:57:34.575Z [LOG] [parse_extracted_emails.js] Parsed: parsed-INBOX-uid-6011.json
2026-04-21T03:57:34.575Z [LOG] [parse_extracted_emails.js] Parsed: parsed-INBOX-uid-6012.json
2026-04-21T03:57:34.575Z [LOG] [parse_extracted_emails.js] Parsed: parsed-INBOX-uid-6013.json
2026-04-21T03:57:34.575Z [LOG] [parse_extracted_emails.js] Parsed: parsed-INBOX-uid-6014.json
2026-04-21T03:57:34.575Z [LOG] [parse_extracted_emails.js] Parsed: parsed-INBOX-uid-6015.json
2026-04-21T03:57:34.575Z [LOG] [parse_extracted_emails.js] Parsed: parsed-INBOX-uid-6016.json
2026-04-21T03:57:34.575Z [LOG] [parse_extracted_emails.js] Parsed: parsed-INBOX-uid-6017.json
2026-04-21T03:57:34.575Z [LOG] [parse_extracted_emails.js] Parsed: parsed-INBOX-uid-6018.json
2026-04-21T03:57:34.575Z [LOG] [parse_extracted_emails.js] Parsed: parsed-INBOX-uid-6019.json
2026-04-21T03:57:34.575Z [LOG] [parse_extracted_emails.js] Parsed: parsed-INBOX-uid-6020.json
2026-04-21T03:57:34.575Z [LOG] [parse_extracted_emails.js] Parsed: parsed-INBOX-uid-6021.json
2026-04-21T03:57:34.575Z [LOG] [parse_extracted_emails.js] Parsed: parsed-INBOX-uid-6022.json
2026-04-21T03:57:34.575Z [LOG] [parse_extracted_emails.js] Parsed: parsed-INBOX-uid-6023.json
2026-04-21T03:57:34.575Z [LOG] [parse_extracted_emails.js] Parsed: parsed-INBOX-uid-6024.json
2026-04-21T03:57:34.575Z [LOG] [parse_extracted_emails.js] Parsed: parsed-INBOX-uid-6025.json
2026-04-21T03:57:34.575Z [LOG] [parse_extracted_emails.js] Parsed: parsed-INBOX-uid-6026.json
2026-04-21T03:57:34.575Z [LOG] [parse_extracted_emails.js] Parsed: parsed-INBOX-uid-6027.json
2026-04-21T03:57:34.575Z [LOG] [parse_extracted_emails.js] Parsed: parsed-INBOX-uid-6028.json
2026-04-21T03:57:34.575Z [LOG] [parse_extracted_emails.js] Parsed: parsed-INBOX-uid-6029.json
2026-04-21T03:57:34.575Z [LOG] [parse_extracted_emails.js] Parsed: parsed-INBOX-uid-6030.json
2026-04-21T03:57:34.575Z [LOG] [parse_extracted_emails.js] Parsed: parsed-INBOX-uid-6031.json
2026-04-21T03:57:34.575Z [LOG] [parse_extracted_emails.js] Parsed: parsed-INBOX-uid-6032.json
2026-04-21T03:57:34.575Z [LOG] [parse_extracted_emails.js] Parsed: parsed-INBOX-uid-6033.json
2026-04-21T03:57:34.575Z [LOG] [parse_extracted_emails.js] Parsed: parsed-INBOX-uid-6034.json
2026-04-21T03:57:34.575Z [LOG] [parse_extracted_emails.js] Parsed: parsed-INBOX-uid-6035.json
2026-04-21T03:57:34.575Z [LOG] [parse_extracted_emails.js] Parsed: parsed-INBOX-uid-6036.json
2026-04-21T03:57:34.575Z [LOG] [parse_extracted_emails.js] Parsed: parsed-INBOX-uid-6037.json
2026-04-21T03:57:34.575Z [LOG] [parse_extracted_emails.js] Parsed: parsed-INBOX-uid-6038.json
2026-04-21T03:57:34.575Z [LOG] [parse_extracted_emails.js] Parsed: parsed-INBOX-uid-6039.json
2026-04-21T03:57:34.575Z [LOG] [parse_extracted_emails.js] Parsed: parsed-INBOX-uid-6040.json
2026-04-21T03:57:34.575Z [LOG] [parse_extracted_emails.js] Parsed: parsed-INBOX-uid-6041.json
2026-04-21T03:57:34.575Z [LOG] [parse_extracted_emails.js] Parsed: parsed-INBOX-uid-6042.json
2026-04-21T03:57:34.575Z [LOG] [parse_extracted_emails.js] Parsed: parsed-INBOX-uid-6043.json
2026-04-21T03:57:34.575Z [LOG] [parse_extracted_emails.js] Parsed: parsed-INBOX-uid-6044.json
2026-04-21T03:57:34.575Z [LOG] [parse_extracted_emails.js] Parsed: parsed-INBOX-uid-6045.json
2026-04-21T03:57:34.575Z [LOG] [parse_extracted_emails.js] Parsed: parsed-INBOX-uid-6046.json
2026-04-21T03:57:34.575Z [LOG] [parse_extracted_emails.js] Parsed: parsed-INBOX-uid-6047.json
2026-04-21T03:57:34.575Z [LOG] [parse_extracted_emails.js] Parsed: parsed-INBOX-uid-6048.json
2026-04-21T03:57:34.575Z [LOG] [parse_extracted_emails.js] Parsed: parsed-INBOX-uid-6049.json
2026-04-21T03:57:34.575Z [LOG] [parse_extracted_emails.js] Parsed: parsed-INBOX-uid-6050.json
2026-04-21T03:57:34.575Z [LOG] [parse_extracted_emails.js] Parsed: parsed-INBOX-uid-6051.json
2026-04-21T03:57:34.575Z [LOG] [parse_extracted_emails.js] Parsed: parsed-INBOX-uid-6052.json
2026-04-21T03:57:34.575Z [LOG] [parse_extracted_emails.js] Parsed: parsed-INBOX-uid-6053.json
2026-04-21T03:57:34.575Z [LOG] [parse_extracted_emails.js] Parsed: parsed-INBOX-uid-6054.json
2026-04-21T03:57:34.575Z [LOG] [parse_extracted_emails.js] Parsed: parsed-INBOX-uid-6055.json
2026-04-21T03:57:34.576Z [LOG] [parse_extracted_emails.js] Parsed: parsed-INBOX-uid-6056.json
2026-04-21T03:57:34.576Z [LOG] [parse_extracted_emails.js] Parsed: parsed-INBOX-uid-6057.json
2026-04-21T03:57:34.576Z [LOG] [parse_extracted_emails.js] Parsed: parsed-INBOX-uid-6058.json
2026-04-21T03:57:34.576Z [LOG] [parse_extracted_emails.js] Parsed: parsed-INBOX-uid-6059.json
2026-04-21T03:57:34.576Z [LOG] [parse_extracted_emails.js] Parsed: parsed-INBOX-uid-6060.json
2026-04-21T03:57:34.576Z [LOG] [parse_extracted_emails.js] Parsed: parsed-INBOX-uid-6061.json
2026-04-21T03:57:34.576Z [LOG] [parse_extracted_emails.js] Parsed: parsed-INBOX-uid-6062.json
2026-04-21T03:57:34.576Z [LOG] [parse_extracted_emails.js] Parsed: parsed-INBOX-uid-6063.json
2026-04-21T03:57:34.576Z [LOG] [parse_extracted_emails.js] Parsed: parsed-INBOX-uid-6064.json
2026-04-21T03:57:34.577Z [LOG] [parse_extracted_emails.js] Parsed: parsed-INBOX-uid-6065.json
2026-04-21T03:57:34.577Z [LOG] [parse_extracted_emails.js] Parsed: parsed-INBOX-uid-6066.json
2026-04-21T03:57:34.577Z [LOG] [parse_extracted_emails.js] Parsed: parsed-INBOX-uid-6067.json
2026-04-21T03:57:34.577Z [LOG] [parse_extracted_emails.js] Parsed: parsed-INBOX-uid-6068.json
2026-04-21T03:57:34.577Z [LOG] [parse_extracted_emails.js] Parsed: parsed-INBOX-uid-6069.json
2026-04-21T03:57:34.577Z [LOG] [parse_extracted_emails.js] Parsed: parsed-INBOX-uid-6070.json
2026-04-21T03:57:34.577Z [LOG] [parse_extracted_emails.js] Parsed: parsed-INBOX-uid-6071.json
2026-04-21T03:57:34.577Z [LOG] [parse_extracted_emails.js] Parsed: parsed-INBOX-uid-6072.json
2026-04-21T03:57:34.577Z [LOG] [parse_extracted_emails.js] Parsed: parsed-INBOX-uid-6073.json
2026-04-21T03:57:34.577Z [LOG] [parse_extracted_emails.js] Parsed: parsed-INBOX-uid-6074.json
2026-04-21T03:57:34.577Z [LOG] [parse_extracted_emails.js] Parsed: parsed-INBOX-uid-6075.json
2026-04-21T03:57:34.577Z [LOG] [parse_extracted_emails.js] Parsed: parsed-INBOX-uid-6076.json
2026-04-21T03:57:34.577Z [LOG] [parse_extracted_emails.js] Parsed: parsed-INBOX-uid-6077.json
2026-04-21T03:57:34.577Z [LOG] [parse_extracted_emails.js] Parsed: parsed-INBOX-uid-6078.json
2026-04-21T03:57:34.577Z [LOG] [parse_extracted_emails.js] Parsed: parsed-INBOX-uid-6079.json
2026-04-21T03:57:34.577Z [LOG] [parse_extracted_emails.js] Parsed: parsed-INBOX-uid-6080.json
2026-04-21T03:57:34.577Z [LOG] [parse_extracted_emails.js] Parsed: parsed-INBOX-uid-6081.json
2026-04-21T03:57:34.577Z [LOG] [parse_extracted_emails.js] Parsed: parsed-INBOX-uid-6082.json
2026-04-21T03:57:34.577Z [LOG] [parse_extracted_emails.js] Parsed: parsed-INBOX-uid-6083.json
2026-04-21T03:57:34.577Z [LOG] [parse_extracted_emails.js] Parsed: parsed-INBOX-uid-6084.json
2026-04-21T03:57:34.577Z [LOG] [parse_extracted_emails.js] Parsed: parsed-INBOX-uid-6085.json
2026-04-21T03:57:34.577Z [LOG] [parse_extracted_emails.js] Parsed: parsed-INBOX-uid-6086.json
2026-04-21T03:57:34.577Z [LOG] [parse_extracted_emails.js] Parsed: parsed-INBOX-uid-6087.json
2026-04-21T03:57:34.577Z [LOG] [parse_extracted_emails.js] Parsed: parsed-INBOX-uid-6088.json
2026-04-21T03:57:34.577Z [LOG] [parse_extracted_emails.js] Parsed: parsed-INBOX-uid-6089.json
2026-04-21T03:57:34.577Z [LOG] [parse_extracted_emails.js] Parsed: parsed-INBOX-uid-6090.json
2026-04-21T03:57:34.577Z [LOG] [parse_extracted_emails.js] Parsed: parsed-INBOX-uid-6091.json
2026-04-21T03:57:34.577Z [LOG] [parse_extracted_emails.js] Parsed: parsed-INBOX-uid-6092.json
2026-04-21T03:57:34.577Z [LOG] [parse_extracted_emails.js] Parsed: parsed-INBOX-uid-6093.json
2026-04-21T03:57:34.577Z [LOG] [parse_extracted_emails.js] Parsed: parsed-INBOX-uid-6094.json
2026-04-21T03:57:34.577Z [LOG] [parse_extracted_emails.js] Parsed: parsed-INBOX-uid-6095.json
2026-04-21T03:57:34.577Z [LOG] [parse_extracted_emails.js] Parsed: parsed-INBOX-uid-6096.json
2026-04-21T03:57:34.577Z [LOG] [parse_extracted_emails.js] Parsed: parsed-INBOX-uid-6097.json
2026-04-21T03:57:34.577Z [LOG] [parse_extracted_emails.js] Parsed: parsed-INBOX-uid-6098.json
2026-04-21T03:57:34.577Z [LOG] [parse_extracted_emails.js] Parsed: parsed-INBOX-uid-6099.json
2026-04-21T03:57:34.577Z [LOG] [parse_extracted_emails.js] Parsed: parsed-INBOX-uid-6100.json
2026-04-21T03:57:34.577Z [LOG] [parse_extracted_emails.js] Parsed: parsed-INBOX-uid-6101.json
2026-04-21T03:57:34.577Z [LOG] [parse_extracted_emails.js] Parsed: parsed-INBOX-uid-6102.json
2026-04-21T03:57:34.577Z [LOG] [parse_extracted_emails.js] Parsed: parsed-INBOX-uid-6103.json
2026-04-21T03:57:34.577Z [LOG] [parse_extracted_emails.js] Parsed: parsed-INBOX-uid-6104.json
2026-04-21T03:57:34.577Z [LOG] [parse_extracted_emails.js] Parsed: parsed-INBOX-uid-6105.json
2026-04-21T03:57:34.577Z [LOG] [parse_extracted_emails.js] Parsed: parsed-INBOX-uid-6106.json
2026-04-21T03:57:34.577Z [LOG] [parse_extracted_emails.js] Parsed: parsed-INBOX-uid-6107.json
2026-04-21T03:57:34.577Z [LOG] [parse_extracted_emails.js] Parsed: parsed-INBOX-uid-6108.json
2026-04-21T03:57:34.577Z [LOG] [parse_extracted_emails.js] Parsed: parsed-INBOX-uid-6109.json
2026-04-21T03:57:34.577Z [LOG] [parse_extracted_emails.js] Parsed: parsed-INBOX-uid-6110.json
2026-04-21T03:57:34.577Z [LOG] [parse_extracted_emails.js] Parsed: parsed-INBOX-uid-6111.json
2026-04-21T03:57:34.577Z [LOG] [parse_extracted_emails.js] Parsed: parsed-INBOX-uid-6112.json
2026-04-21T03:57:34.577Z [LOG] [parse_extracted_emails.js] Parsed: parsed-INBOX-uid-6113.json
2026-04-21T03:57:34.577Z [LOG] [parse_extracted_emails.js] Parsed: parsed-INBOX-uid-6114.json
2026-04-21T03:57:34.577Z [LOG] [parse_extracted_emails.js] Parsed: parsed-INBOX-uid-6115.json
2026-04-21T03:57:34.577Z [LOG] [parse_extracted_emails.js] Parsed: parsed-INBOX-uid-6116.json
2026-04-21T03:57:34.577Z [LOG] [parse_extracted_emails.js] Parsed: parsed-INBOX-uid-6117.json
2026-04-21T03:57:34.577Z [LOG] [parse_extracted_emails.js] Parsed: parsed-INBOX-uid-6118.json
2026-04-21T03:57:34.577Z [LOG] [parse_extracted_emails.js] Parsed: parsed-INBOX-uid-6119.json
2026-04-21T03:57:34.577Z [LOG] [parse_extracted_emails.js] Parsed: parsed-INBOX-uid-6120.json
2026-04-21T03:57:34.577Z [LOG] [parse_extracted_emails.js] Parsed: parsed-INBOX-uid-6121.json
2026-04-21T03:57:34.577Z [LOG] [parse_extracted_emails.js] Parsed: parsed-INBOX-uid-6122.json
2026-04-21T03:57:34.577Z [LOG] [parse_extracted_emails.js] Parsed: parsed-INBOX-uid-6123.json
2026-04-21T03:57:34.577Z [LOG] [parse_extracted_emails.js] Parsed: parsed-INBOX-uid-6124.json
2026-04-21T03:57:34.577Z [LOG] [parse_extracted_emails.js] Parsed: parsed-INBOX-uid-6125.json
2026-04-21T03:57:34.577Z [LOG] [parse_extracted_emails.js] Parsed: parsed-INBOX-uid-6126.json
2026-04-21T03:57:34.577Z [LOG] [parse_extracted_emails.js] Parsed: parsed-INBOX-uid-6127.json
2026-04-21T03:57:34.577Z [LOG] [parse_extracted_emails.js] Parsed: parsed-INBOX-uid-6128.json
2026-04-21T03:57:34.577Z [LOG] [parse_extracted_emails.js] Parsed: parsed-INBOX-uid-6129.json
2026-04-21T03:57:34.577Z [LOG] [parse_extracted_emails.js] Parsed: parsed-INBOX-uid-6130.json
2026-04-21T03:57:34.577Z [LOG] [parse_extracted_emails.js] Parsed: parsed-INBOX-uid-6131.json
2026-04-21T03:57:34.577Z [LOG] [parse_extracted_emails.js] Parsed: parsed-INBOX-uid-6132.json
2026-04-21T03:57:34.577Z [LOG] [parse_extracted_emails.js] Parsed: parsed-INBOX-uid-6133.json
2026-04-21T03:57:34.577Z [LOG] [parse_extracted_emails.js] Parsed: parsed-INBOX-uid-6134.json
2026-04-21T03:57:34.577Z [LOG] [parse_extracted_emails.js] Parsed: parsed-INBOX-uid-6135.json
2026-04-21T03:57:34.577Z [LOG] [parse_extracted_emails.js] Parsed: parsed-INBOX-uid-6136.json
2026-04-21T03:57:34.577Z [LOG] [parse_extracted_emails.js] Parsed: parsed-INBOX-uid-6137.json
2026-04-21T03:57:34.577Z [LOG] [parse_extracted_emails.js] Parsed: parsed-INBOX-uid-6138.json
2026-04-21T03:57:34.577Z [LOG] [parse_extracted_emails.js] Parsed: parsed-INBOX-uid-6139.json
2026-04-21T03:57:34.578Z [LOG] [parse_extracted_emails.js] Parsed: parsed-INBOX-uid-6140.json
2026-04-21T03:57:34.578Z [LOG] [parse_extracted_emails.js] Parsed: parsed-INBOX-uid-6141.json
2026-04-21T03:57:34.578Z [LOG] [parse_extracted_emails.js] Parsed: parsed-INBOX-uid-6142.json
2026-04-21T03:57:34.578Z [LOG] [parse_extracted_emails.js] Parsed: parsed-INBOX-uid-6143.json
2026-04-21T03:57:34.578Z [LOG] [parse_extracted_emails.js] Parsed: parsed-INBOX-uid-6144.json
2026-04-21T03:57:34.578Z [LOG] [parse_extracted_emails.js] Parsed: parsed-INBOX-uid-6145.json
2026-04-21T03:57:34.578Z [LOG] [parse_extracted_emails.js] Parsed: parsed-INBOX-uid-6146.json
2026-04-21T03:57:34.578Z [LOG] [parse_extracted_emails.js] Parsed: parsed-INBOX-uid-6147.json
2026-04-21T03:57:34.578Z [LOG] [parse_extracted_emails.js] Parsed: parsed-INBOX-uid-6148.json
2026-04-21T03:57:34.578Z [LOG] [parse_extracted_emails.js] Parsed: parsed-INBOX-uid-6149.json
2026-04-21T03:57:34.578Z [LOG] [parse_extracted_emails.js] Parsed: parsed-INBOX-uid-6150.json
2026-04-21T03:57:34.578Z [LOG] [parse_extracted_emails.js] Parsed: parsed-INBOX-uid-6151.json
2026-04-21T03:57:34.578Z [LOG] [parse_extracted_emails.js] Parsed: parsed-INBOX-uid-6152.json
2026-04-21T03:57:34.578Z [LOG] [parse_extracted_emails.js] Parsed: parsed-INBOX-uid-6156.json
2026-04-21T03:57:34.578Z [LOG] [parse_extracted_emails.js] Parsed: parsed-INBOX-uid-6157.json
2026-04-21T03:57:34.578Z [LOG] [parse_extracted_emails.js] Parsed: parsed-INBOX-uid-6158.json
2026-04-21T03:57:34.578Z [LOG] [parse_extracted_emails.js] Parsed: parsed-INBOX-uid-6159.json
2026-04-21T03:57:34.578Z [LOG] [parse_extracted_emails.js] Parsed: parsed-INBOX-uid-6160.json
2026-04-21T03:57:34.578Z [LOG] [parse_extracted_emails.js] Parsed: parsed-INBOX-uid-6161.json
2026-04-21T03:57:34.578Z [LOG] [parse_extracted_emails.js] Parsed: parsed-INBOX-uid-6162.json
2026-04-21T03:57:34.578Z [LOG] [parse_extracted_emails.js] Parsed: parsed-INBOX-uid-6163.json
2026-04-21T03:57:34.578Z [LOG] [parse_extracted_emails.js] Parsed: parsed-INBOX-uid-6164.json
2026-04-21T03:57:34.578Z [LOG] [parse_extracted_emails.js] Parsed: parsed-INBOX-uid-6165.json
2026-04-21T03:57:34.578Z [LOG] [parse_extracted_emails.js] Parsed: parsed-INBOX-uid-6166.json
2026-04-21T03:57:34.578Z [LOG] [parse_extracted_emails.js] Parsed: parsed-INBOX-uid-6167.json
2026-04-21T03:57:34.578Z [LOG] [parse_extracted_emails.js] Parsed: parsed-INBOX-uid-6168.json
2026-04-21T03:57:34.578Z [LOG] [parse_extracted_emails.js] Parsed: parsed-INBOX-uid-6169.json
2026-04-21T03:57:34.578Z [LOG] [parse_extracted_emails.js] Parsed: parsed-INBOX-uid-6170.json
2026-04-21T03:57:34.578Z [LOG] [parse_extracted_emails.js] Parsed: parsed-INBOX-uid-6171.json
2026-04-21T03:57:34.578Z [LOG] [parse_extracted_emails.js] Parsed: parsed-INBOX-uid-6172.json
2026-04-21T03:57:34.578Z [LOG] [parse_extracted_emails.js] Parsed: parsed-INBOX-uid-6173.json
2026-04-21T03:57:34.578Z [LOG] [parse_extracted_emails.js] Parsed: parsed-INBOX-uid-6174.json
2026-04-21T03:57:34.578Z [LOG] [parse_extracted_emails.js] Parsed: parsed-INBOX-uid-6175.json
2026-04-21T03:57:34.578Z [LOG] [parse_extracted_emails.js] Parsed: parsed-INBOX-uid-6176.json
2026-04-21T03:57:34.578Z [LOG] [parse_extracted_emails.js] Parsed: parsed-INBOX-uid-6177.json
2026-04-21T03:57:34.578Z [LOG] [parse_extracted_emails.js] Parsed: parsed-INBOX-uid-6178.json
2026-04-21T03:57:34.578Z [LOG] [parse_extracted_emails.js] Parsed: parsed-INBOX-uid-6179.json
2026-04-21T03:57:34.578Z [LOG] [parse_extracted_emails.js] Parsed: parsed-INBOX-uid-6180.json
2026-04-21T03:57:34.578Z [LOG] [parse_extracted_emails.js] Parsed: parsed-INBOX-uid-6181.json
2026-04-21T03:57:34.578Z [LOG] [parse_extracted_emails.js] Parsed: parsed-INBOX-uid-6182.json
2026-04-21T03:57:34.578Z [LOG] [parse_extracted_emails.js] Parsed: parsed-INBOX-uid-6183.json
2026-04-21T03:57:34.578Z [LOG] [parse_extracted_emails.js] Parsed: parsed-INBOX-uid-6184.json
2026-04-21T03:57:34.578Z [LOG] [parse_extracted_emails.js] Parsed: parsed-INBOX-uid-6185.json
2026-04-21T03:57:34.578Z [LOG] [parse_extracted_emails.js] Parsed: parsed-INBOX-uid-6186.json
2026-04-21T03:57:34.578Z [LOG] [parse_extracted_emails.js] Parsed: parsed-INBOX-uid-6187.json
2026-04-21T03:57:34.578Z [LOG] [parse_extracted_emails.js] Parsed: parsed-INBOX-uid-6188.json
2026-04-21T03:57:34.578Z [LOG] [parse_extracted_emails.js] Parsed: parsed-INBOX-uid-6189.json
2026-04-21T03:57:34.578Z [LOG] [parse_extracted_emails.js] Parsed: parsed-INBOX-uid-6190.json
2026-04-21T03:57:34.578Z [LOG] [parse_extracted_emails.js] Parsed: parsed-INBOX-uid-6191.json
2026-04-21T03:57:34.578Z [LOG] [parse_extracted_emails.js] Parsed: parsed-INBOX-uid-6192.json
2026-04-21T03:57:34.578Z [LOG] [parse_extracted_emails.js] Parsed: parsed-INBOX-uid-6193.json
2026-04-21T03:57:34.578Z [LOG] [parse_extracted_emails.js] Parsed: parsed-INBOX-uid-6194.json
2026-04-21T03:57:34.578Z [LOG] [parse_extracted_emails.js] Parsed: parsed-INBOX-uid-6195.json
2026-04-21T03:57:34.578Z [LOG] [parse_extracted_emails.js] Parsed: parsed-INBOX-uid-6196.json
2026-04-21T03:57:34.578Z [LOG] [parse_extracted_emails.js] Parsed: parsed-INBOX-uid-6197.json
2026-04-21T03:57:34.579Z [LOG] [parse_extracted_emails.js] Parsed: parsed-INBOX-uid-6198.json
2026-04-21T03:57:34.579Z [LOG] [parse_extracted_emails.js] Parsed: parsed-INBOX-uid-6199.json
2026-04-21T03:57:34.579Z [LOG] [parse_extracted_emails.js] Parsed: parsed-INBOX-uid-6200.json
2026-04-21T03:57:34.579Z [LOG] [parse_extracted_emails.js] Parsed: parsed-INBOX-uid-6201.json
2026-04-21T03:57:34.579Z [LOG] [parse_extracted_emails.js] Parsed: parsed-INBOX-uid-6202.json
2026-04-21T03:57:34.579Z [LOG] [parse_extracted_emails.js] Parsed: parsed-INBOX-uid-6203.json
2026-04-21T03:57:34.579Z [LOG] [parse_extracted_emails.js] Parsed: parsed-INBOX-uid-6204.json
2026-04-21T03:57:34.579Z [LOG] [parse_extracted_emails.js] Parsed: parsed-INBOX-uid-6205.json
2026-04-21T03:57:34.579Z [LOG] [parse_extracted_emails.js] Parsed: parsed-INBOX-uid-6206.json
2026-04-21T03:57:34.579Z [LOG] [parse_extracted_emails.js] Parsed: parsed-INBOX-uid-6207.json
2026-04-21T03:57:34.579Z [LOG] [parse_extracted_emails.js] Parsed: parsed-INBOX-uid-6208.json
2026-04-21T03:57:34.579Z [LOG] [parse_extracted_emails.js] Parsed: parsed-INBOX-uid-6209.json
2026-04-21T03:57:34.579Z [LOG] [parse_extracted_emails.js] Parsed: parsed-INBOX-uid-6210.json
2026-04-21T03:57:34.579Z [LOG] [parse_extracted_emails.js] Parsed: parsed-INBOX-uid-6211.json
2026-04-21T03:57:34.579Z [LOG] [parse_extracted_emails.js] Parsed: parsed-INBOX-uid-6212.json
2026-04-21T03:57:34.579Z [LOG] [parse_extracted_emails.js] Parsed: parsed-INBOX-uid-6213.json
2026-04-21T03:57:34.579Z [LOG] [parse_extracted_emails.js] Parsed: parsed-INBOX-uid-6214.json
2026-04-21T03:57:34.579Z [LOG] [parse_extracted_emails.js] Parsed: parsed-INBOX-uid-6215.json
2026-04-21T03:57:34.579Z [LOG] [parse_extracted_emails.js] Parsed: parsed-INBOX-uid-6216.json
2026-04-21T03:57:34.579Z [LOG] [parse_extracted_emails.js] Parsed: parsed-INBOX-uid-6217.json
2026-04-21T03:57:34.579Z [LOG] [parse_extracted_emails.js] Parsed: parsed-INBOX-uid-6218.json
2026-04-21T03:57:34.579Z [LOG] [parse_extracted_emails.js] Parsed: parsed-INBOX-uid-6219.json
2026-04-21T03:57:34.579Z [LOG] [parse_extracted_emails.js] Parsed: parsed-INBOX-uid-6220.json
2026-04-21T03:57:34.579Z [LOG] [parse_extracted_emails.js] Parsed: parsed-INBOX-uid-6221.json
2026-04-21T03:57:34.579Z [LOG] [parse_extracted_emails.js] Parsed: parsed-INBOX-uid-6222.json
2026-04-21T03:57:34.579Z [LOG] [parse_extracted_emails.js] Parsed: parsed-INBOX-uid-6223.json
2026-04-21T03:57:34.579Z [LOG] [parse_extracted_emails.js] Parsed: parsed-INBOX-uid-6224.json
2026-04-21T03:57:34.579Z [LOG] [parse_extracted_emails.js] Parsed: parsed-INBOX-uid-6225.json
2026-04-21T03:57:34.579Z [LOG] [parse_extracted_emails.js] Parsed: parsed-INBOX-uid-6226.json
2026-04-21T03:57:34.579Z [LOG] [parse_extracted_emails.js] Parsed: parsed-INBOX-uid-6227.json
2026-04-21T03:57:34.579Z [LOG] [parse_extracted_emails.js] Parsed: parsed-INBOX-uid-6228.json
2026-04-21T03:57:34.579Z [LOG] [parse_extracted_emails.js] Parsed: parsed-INBOX-uid-6229.json
2026-04-21T03:57:34.579Z [LOG] [parse_extracted_emails.js] Parsed: parsed-INBOX-uid-6230.json
2026-04-21T03:57:34.579Z [LOG] [parse_extracted_emails.js] Parsed: parsed-INBOX-uid-6231.json
2026-04-21T03:57:34.579Z [LOG] [parse_extracted_emails.js] Parsed: parsed-INBOX-uid-6232.json
2026-04-21T03:57:34.579Z [LOG] [parse_extracted_emails.js] Parsed: parsed-INBOX-uid-6233.json
2026-04-21T03:57:34.579Z [LOG] [parse_extracted_emails.js] Parsed: parsed-INBOX-uid-6234.json
2026-04-21T03:57:34.579Z [LOG] [parse_extracted_emails.js] Parsed: parsed-INBOX-uid-6235.json
2026-04-21T03:57:34.579Z [LOG] [parse_extracted_emails.js] Parsed: parsed-INBOX-uid-6236.json
2026-04-21T03:57:34.579Z [LOG] [parse_extracted_emails.js] Parsed: parsed-INBOX-uid-6237.json
2026-04-21T03:57:34.579Z [LOG] [parse_extracted_emails.js] Parsed: parsed-INBOX-uid-6238.json
2026-04-21T03:57:34.579Z [LOG] [parse_extracted_emails.js] Parsed: parsed-INBOX-uid-6239.json
2026-04-21T03:57:34.579Z [LOG] [parse_extracted_emails.js] Parsed: parsed-INBOX-uid-6240.json
2026-04-21T03:57:34.579Z [LOG] [parse_extracted_emails.js] Parsed: parsed-INBOX-uid-6241.json
2026-04-21T03:57:34.579Z [LOG] [parse_extracted_emails.js] Parsed: parsed-INBOX-uid-6242.json
2026-04-21T03:57:34.579Z [LOG] [parse_extracted_emails.js] Parsed: parsed-INBOX-uid-6243.json
2026-04-21T03:57:34.579Z [LOG] [parse_extracted_emails.js] Parsed: parsed-INBOX-uid-6244.json
2026-04-21T03:57:34.579Z [LOG] [parse_extracted_emails.js] Parsed: parsed-INBOX-uid-6245.json
2026-04-21T03:57:34.579Z [LOG] [parse_extracted_emails.js] Parsed: parsed-INBOX-uid-6246.json
2026-04-21T03:57:34.579Z [LOG] [parse_extracted_emails.js] Parsed: parsed-INBOX-uid-6247.json
2026-04-21T03:57:34.579Z [LOG] [parse_extracted_emails.js] Parsed: parsed-INBOX-uid-6248.json
2026-04-21T03:57:34.579Z [LOG] [parse_extracted_emails.js] Parsed: parsed-INBOX-uid-6249.json
2026-04-21T03:57:34.579Z [LOG] [parse_extracted_emails.js] Parsed: parsed-INBOX-uid-6250.json
2026-04-21T03:57:34.579Z [LOG] [parse_extracted_emails.js] Parsed: parsed-INBOX-uid-6251.json
2026-04-21T03:57:34.579Z [LOG] [parse_extracted_emails.js] Parsed: parsed-INBOX-uid-6252.json
2026-04-21T03:57:34.579Z [LOG] [parse_extracted_emails.js] Parsed: parsed-INBOX-uid-6253.json
2026-04-21T03:57:34.579Z [LOG] [parse_extracted_emails.js] Parsed: parsed-INBOX-uid-6254.json
2026-04-21T03:57:34.579Z [LOG] [parse_extracted_emails.js] Parsed: parsed-INBOX-uid-6255.json
2026-04-21T03:57:34.579Z [LOG] [parse_extracted_emails.js] Parsed: parsed-INBOX-uid-6256.json
2026-04-21T03:57:34.579Z [LOG] [parse_extracted_emails.js] Parsed: parsed-INBOX-uid-6257.json
2026-04-21T03:57:34.579Z [LOG] [parse_extracted_emails.js] Parsed: parsed-INBOX-uid-6258.json
2026-04-21T03:57:34.579Z [LOG] [parse_extracted_emails.js] Parsed: parsed-INBOX-uid-6259.json
2026-04-21T03:57:34.579Z [LOG] [parse_extracted_emails.js] Parsed: parsed-INBOX-uid-6260.json
2026-04-21T03:57:34.579Z [LOG] [parse_extracted_emails.js] Parsed: parsed-INBOX-uid-6261.json
2026-04-21T03:57:34.579Z [LOG] [parse_extracted_emails.js] Parsed: parsed-INBOX-uid-6262.json
2026-04-21T03:57:34.579Z [LOG] [parse_extracted_emails.js] Parsed: parsed-INBOX-uid-6263.json
2026-04-21T03:57:34.579Z [LOG] [parse_extracted_emails.js] Parsed: parsed-INBOX-uid-6264.json
2026-04-21T03:57:34.579Z [LOG] [parse_extracted_emails.js] Parsed: parsed-INBOX-uid-6265.json
2026-04-21T03:57:34.579Z [LOG] [parse_extracted_emails.js] Parsed: parsed-INBOX-uid-6266.json
2026-04-21T03:57:34.579Z [LOG] [parse_extracted_emails.js] Parsed: parsed-INBOX-uid-6267.json
2026-04-21T03:57:34.579Z [LOG] [parse_extracted_emails.js] Parsed: parsed-INBOX-uid-6268.json
2026-04-21T03:57:34.579Z [LOG] [parse_extracted_emails.js] Parsed: parsed-INBOX-uid-6269.json
2026-04-21T03:57:34.579Z [LOG] [parse_extracted_emails.js] Parsed: parsed-INBOX-uid-6270.json
2026-04-21T03:57:34.580Z [LOG] [parse_extracted_emails.js] Parsed: parsed-INBOX-uid-6271.json
2026-04-21T03:57:34.580Z [LOG] [parse_extracted_emails.js] Parsed: parsed-INBOX-uid-6272.json
2026-04-21T03:57:34.580Z [LOG] [parse_extracted_emails.js] Parsed: parsed-INBOX-uid-6273.json
2026-04-21T03:57:34.580Z [LOG] [parse_extracted_emails.js] Parsed: parsed-INBOX-uid-6274.json
2026-04-21T03:57:34.580Z [LOG] [parse_extracted_emails.js] Parsed: parsed-INBOX-uid-6275.json
2026-04-21T03:57:34.580Z [LOG] [parse_extracted_emails.js] Parsed: parsed-INBOX-uid-6276.json
2026-04-21T03:57:34.580Z [LOG] [parse_extracted_emails.js] Parsed: parsed-INBOX-uid-6277.json
2026-04-21T03:57:34.580Z [LOG] [parse_extracted_emails.js] Parsed: parsed-INBOX-uid-6278.json
2026-04-21T03:57:34.580Z [LOG] [parse_extracted_emails.js] Parsed: parsed-INBOX-uid-6279.json
2026-04-21T03:57:34.580Z [LOG] [parse_extracted_emails.js] Parsed: parsed-INBOX-uid-6280.json
2026-04-21T03:57:34.580Z [LOG] [parse_extracted_emails.js] Parsed: parsed-INBOX-uid-6281.json
2026-04-21T03:57:34.580Z [LOG] [parse_extracted_emails.js] Parsed: parsed-INBOX-uid-6282.json
2026-04-21T03:57:34.580Z [LOG] [parse_extracted_emails.js] Parsed: parsed-INBOX-uid-6283.json
2026-04-21T03:57:34.580Z [LOG] [parse_extracted_emails.js] Parsed: parsed-INBOX-uid-6284.json
2026-04-21T03:57:34.580Z [LOG] [parse_extracted_emails.js] Parsed: parsed-INBOX-uid-6285.json
2026-04-21T03:57:34.580Z [LOG] [parse_extracted_emails.js] Parsed: parsed-INBOX-uid-6286.json
2026-04-21T03:57:34.580Z [LOG] [parse_extracted_emails.js] Parsed: parsed-INBOX-uid-6287.json
2026-04-21T03:57:34.580Z [LOG] [parse_extracted_emails.js] Parsed: parsed-INBOX-uid-6288.json
2026-04-21T03:57:34.580Z [LOG] [parse_extracted_emails.js] Parsed: parsed-INBOX-uid-6289.json
2026-04-21T03:57:34.580Z [LOG] [parse_extracted_emails.js] Parsed: parsed-INBOX-uid-6290.json
2026-04-21T03:57:34.580Z [LOG] [parse_extracted_emails.js] Parsed: parsed-INBOX-uid-6291.json
2026-04-21T03:57:34.580Z [LOG] [parse_extracted_emails.js] Parsed: parsed-INBOX-uid-6292.json
2026-04-21T03:57:34.580Z [LOG] [parse_extracted_emails.js] Parsed: parsed-INBOX-uid-6293.json
2026-04-21T03:57:34.580Z [LOG] [parse_extracted_emails.js] Parsed: parsed-INBOX-uid-6296.json
2026-04-21T03:57:34.580Z [LOG] [parse_extracted_emails.js] Parsed: parsed-INBOX-uid-6297.json
2026-04-21T03:57:34.580Z [LOG] [parse_extracted_emails.js] Parsed: parsed-INBOX-uid-6298.json
2026-04-21T03:57:34.580Z [LOG] [parse_extracted_emails.js] Parsed: parsed-INBOX-uid-6299.json
2026-04-21T03:57:34.580Z [LOG] [parse_extracted_emails.js] Parsed: parsed-INBOX-uid-6300.json
2026-04-21T03:57:34.580Z [LOG] [parse_extracted_emails.js] Parsed: parsed-INBOX-uid-6301.json
2026-04-21T03:57:34.580Z [LOG] [parse_extracted_emails.js] Parsed: parsed-INBOX-uid-6302.json
2026-04-21T03:57:34.580Z [LOG] [parse_extracted_emails.js] Parsed: parsed-INBOX-uid-6303.json
2026-04-21T03:57:34.580Z [LOG] [parse_extracted_emails.js] Parsed: parsed-INBOX-uid-6304.json
2026-04-21T03:57:34.580Z [LOG] [parse_extracted_emails.js] Parsed: parsed-INBOX-uid-6305.json
2026-04-21T03:57:34.580Z [LOG] [parse_extracted_emails.js] Parsed: parsed-INBOX-uid-6306.json
2026-04-21T03:57:34.580Z [LOG] [parse_extracted_emails.js] Parsed: parsed-INBOX-uid-6307.json
2026-04-21T03:57:34.580Z [LOG] [parse_extracted_emails.js] Parsed: parsed-INBOX-uid-6308.json
2026-04-21T03:57:34.580Z [LOG] [parse_extracted_emails.js] Parsed: parsed-INBOX-uid-6309.json
2026-04-21T03:57:34.580Z [LOG] [parse_extracted_emails.js] Parsed: parsed-INBOX-uid-6310.json
2026-04-21T03:57:34.580Z [LOG] [parse_extracted_emails.js] Parsed: parsed-INBOX-uid-6311.json
2026-04-21T03:57:34.580Z [LOG] [parse_extracted_emails.js] Parsed: parsed-INBOX-uid-6312.json
2026-04-21T03:57:34.580Z [LOG] [parse_extracted_emails.js] Parsed: parsed-INBOX-uid-6313.json
2026-04-21T03:57:34.580Z [LOG] [parse_extracted_emails.js] Parsed: parsed-INBOX-uid-6314.json
2026-04-21T03:57:34.580Z [LOG] [parse_extracted_emails.js] Parsed: parsed-INBOX-uid-6315.json
2026-04-21T03:57:34.580Z [LOG] [parse_extracted_emails.js] Parsed: parsed-INBOX-uid-6316.json
2026-04-21T03:57:34.580Z [LOG] [parse_extracted_emails.js] Parsed: parsed-INBOX-uid-6317.json
2026-04-21T03:57:34.580Z [LOG] [parse_extracted_emails.js] Parsed: parsed-INBOX-uid-6318.json
2026-04-21T03:57:34.580Z [LOG] [parse_extracted_emails.js] Parsed: parsed-INBOX-uid-6319.json
2026-04-21T03:57:34.580Z [LOG] [parse_extracted_emails.js] Parsed: parsed-INBOX-uid-6320.json
2026-04-21T03:57:34.580Z [LOG] [parse_extracted_emails.js] Parsed: parsed-INBOX-uid-6321.json
2026-04-21T03:57:34.580Z [LOG] [parse_extracted_emails.js] Parsed: parsed-INBOX-uid-6322.json
2026-04-21T03:57:34.580Z [LOG] [parse_extracted_emails.js] Parsed: parsed-INBOX-uid-6323.json
2026-04-21T03:57:34.580Z [LOG] [parse_extracted_emails.js] Parsed: parsed-INBOX-uid-6324.json
2026-04-21T03:57:34.580Z [LOG] [parse_extracted_emails.js] Parsed: parsed-INBOX-uid-6325.json
2026-04-21T03:57:34.580Z [LOG] [parse_extracted_emails.js] Parsed: parsed-INBOX-uid-6326.json
2026-04-21T03:57:34.580Z [LOG] [parse_extracted_emails.js] Parsed: parsed-INBOX-uid-6327.json
2026-04-21T03:57:34.580Z [LOG] [parse_extracted_emails.js] Parsed: parsed-INBOX-uid-6328.json
2026-04-21T03:57:34.580Z [LOG] [parse_extracted_emails.js] Parsed: parsed-INBOX-uid-6329.json
2026-04-21T03:57:34.580Z [LOG] [parse_extracted_emails.js] Parsed: parsed-INBOX-uid-6330.json
2026-04-21T03:57:34.580Z [LOG] [parse_extracted_emails.js] Parsed: parsed-INBOX-uid-6331.json
2026-04-21T03:57:34.580Z [LOG] [parse_extracted_emails.js] Parsed: parsed-INBOX-uid-6332.json
2026-04-21T03:57:34.580Z [LOG] [parse_extracted_emails.js] Parsed: parsed-INBOX-uid-6333.json
2026-04-21T03:57:34.580Z [LOG] [parse_extracted_emails.js] Parsed: parsed-INBOX-uid-6334.json
2026-04-21T03:57:34.580Z [LOG] [parse_extracted_emails.js] Parsed: parsed-INBOX-uid-6335.json
2026-04-21T03:57:34.580Z [LOG] [parse_extracted_emails.js] Parsed: parsed-INBOX-uid-6336.json
2026-04-21T03:57:34.581Z [LOG] [parse_extracted_emails.js] Parsed: parsed-INBOX-uid-6337.json
2026-04-21T03:57:34.581Z [LOG] [parse_extracted_emails.js] Parsed: parsed-INBOX-uid-6338.json
2026-04-21T03:57:34.581Z [LOG] [parse_extracted_emails.js] Parsed: parsed-INBOX-uid-6339.json
2026-04-21T03:57:34.581Z [LOG] [parse_extracted_emails.js] Parsed: parsed-INBOX-uid-6340.json
2026-04-21T03:57:34.581Z [LOG] [parse_extracted_emails.js] Parsed: parsed-INBOX-uid-6341.json
2026-04-21T03:57:34.581Z [LOG] [parse_extracted_emails.js] Parsed: parsed-INBOX-uid-6342.json
2026-04-21T03:57:34.581Z [LOG] [parse_extracted_emails.js] Parsed: parsed-INBOX-uid-6343.json
2026-04-21T03:57:34.581Z [LOG] [parse_extracted_emails.js] Parsed: parsed-INBOX-uid-6344.json
2026-04-21T03:57:34.581Z [LOG] [parse_extracted_emails.js] Parsed: parsed-INBOX-uid-6345.json
2026-04-21T03:57:34.581Z [LOG] [parse_extracted_emails.js] Parsed: parsed-INBOX-uid-6346.json
2026-04-21T03:57:34.581Z [LOG] [parse_extracted_emails.js] Parsed: parsed-INBOX-uid-6347.json
2026-04-21T03:57:34.581Z [LOG] [parse_extracted_emails.js] Parsed: parsed-INBOX-uid-6348.json
2026-04-21T03:57:34.581Z [LOG] [parse_extracted_emails.js] Parsed: parsed-INBOX-uid-6349.json
2026-04-21T03:57:34.581Z [LOG] [parse_extracted_emails.js] Parsed: parsed-INBOX-uid-6350.json
2026-04-21T03:57:34.581Z [LOG] [parse_extracted_emails.js] Parsed: parsed-INBOX-uid-6351.json
2026-04-21T03:57:34.581Z [LOG] [parse_extracted_emails.js] Parsed: parsed-INBOX-uid-6352.json
2026-04-21T03:57:34.581Z [LOG] [parse_extracted_emails.js] Parsed: parsed-INBOX-uid-6353.json
2026-04-21T03:57:34.581Z [LOG] [parse_extracted_emails.js] Parsed: parsed-INBOX-uid-6354.json
2026-04-21T03:57:34.581Z [LOG] [parse_extracted_emails.js] Parsed: parsed-INBOX-uid-6355.json
2026-04-21T03:57:34.581Z [LOG] [parse_extracted_emails.js] Parsed: parsed-INBOX-uid-6356.json
2026-04-21T03:57:34.581Z [LOG] [parse_extracted_emails.js] Parsed: parsed-INBOX-uid-6365.json
2026-04-21T03:57:34.581Z [LOG] [parse_extracted_emails.js] Parsed: parsed-INBOX-uid-6366.json
2026-04-21T03:57:34.581Z [LOG] [parse_extracted_emails.js] Parsed: parsed-INBOX-uid-6367.json
2026-04-21T03:57:34.581Z [LOG] [parse_extracted_emails.js] Parsed: parsed-INBOX-uid-6368.json
2026-04-21T03:57:34.581Z [LOG] [parse_extracted_emails.js] Parsed: parsed-INBOX-uid-6371.json
2026-04-21T03:57:34.581Z [LOG] [parse_extracted_emails.js] Parsed: parsed-INBOX-uid-6376.json
2026-04-21T03:57:34.581Z [LOG] [parse_extracted_emails.js] Parsed: parsed-INBOX-uid-6377.json
2026-04-21T03:57:34.581Z [LOG] [parse_extracted_emails.js] Parsed: parsed-INBOX-uid-6378.json
2026-04-21T03:57:34.581Z [LOG] [parse_extracted_emails.js] Parsed: parsed-INBOX-uid-6383.json
2026-04-21T03:57:34.581Z [LOG] [parse_extracted_emails.js] Parsed: parsed-INBOX-uid-6384.json
2026-04-21T03:57:34.581Z [LOG] [parse_extracted_emails.js] Parsed: parsed-INBOX-uid-6395.json
2026-04-21T03:57:34.581Z [LOG] [parse_extracted_emails.js] Parsed: parsed-INBOX-uid-6423.json
2026-04-21T03:57:34.581Z [LOG] [parse_extracted_emails.js] Parsed: parsed-INBOX-uid-6428.json
2026-04-21T03:57:34.581Z [LOG] [parse_extracted_emails.js] Parsed: parsed-INBOX-uid-6429.json
2026-04-21T03:57:34.581Z [LOG] [parse_extracted_emails.js] Parsed: parsed-INBOX-uid-6430.json
2026-04-21T03:57:34.581Z [LOG] [parse_extracted_emails.js] Parsed: parsed-INBOX-uid-6431.json
2026-04-21T03:57:34.581Z [LOG] [parse_extracted_emails.js] Parsed: parsed-INBOX-uid-6433.json
2026-04-21T03:57:34.581Z [LOG] [parse_extracted_emails.js] Parsed: parsed-INBOX-uid-6436.json
2026-04-21T03:57:34.581Z [LOG] [parse_extracted_emails.js] Parsed: parsed-INBOX-uid-6437.json
2026-04-21T03:57:34.581Z [LOG] [parse_extracted_emails.js] Parsed: parsed-INBOX-uid-6438.json
2026-04-21T03:57:34.581Z [LOG] [parse_extracted_emails.js] Parsed: parsed-INBOX-uid-6439.json
2026-04-21T03:57:34.581Z [LOG] [parse_extracted_emails.js] Parsed: parsed-INBOX-uid-6440.json
2026-04-21T03:57:34.581Z [LOG] [parse_extracted_emails.js] Parsed: parsed-INBOX-uid-6441.json
2026-04-21T03:57:34.581Z [LOG] [parse_extracted_emails.js] Parsed: parsed-INBOX-uid-6442.json
2026-04-21T03:57:34.581Z [LOG] [parse_extracted_emails.js] Parsed: parsed-INBOX-uid-6443.json
2026-04-21T03:57:34.581Z [LOG] [parse_extracted_emails.js] Parsed: parsed-INBOX-uid-6444.json
2026-04-21T03:57:34.581Z [LOG] [parse_extracted_emails.js] Parsed: parsed-INBOX-uid-6445.json
2026-04-21T03:57:34.581Z [LOG] [parse_extracted_emails.js] Parsed: parsed-INBOX-uid-6446.json
2026-04-21T03:57:34.581Z [LOG] [parse_extracted_emails.js] Parsed: parsed-INBOX-uid-6447.json
2026-04-21T03:57:34.581Z [LOG] [parse_extracted_emails.js] Parsed: parsed-INBOX-uid-6448.json
2026-04-21T03:57:34.581Z [LOG] [parse_extracted_emails.js] Parsed: parsed-INBOX-uid-6449.json
2026-04-21T03:57:34.581Z [LOG] [parse_extracted_emails.js] Parsed: parsed-INBOX-uid-6450.json
2026-04-21T03:57:34.582Z [LOG] [parse_extracted_emails.js] Parsed: parsed-INBOX-uid-6451.json
2026-04-21T03:57:34.582Z [LOG] [parse_extracted_emails.js] Parsed: parsed-INBOX-uid-6452.json
2026-04-21T03:57:34.582Z [LOG] [parse_extracted_emails.js] Parsed: parsed-INBOX-uid-6453.json
2026-04-21T03:57:34.582Z [LOG] [parse_extracted_emails.js] Parsed: parsed-INBOX-uid-6456.json
2026-04-21T03:57:34.582Z [LOG] [parse_extracted_emails.js] Parsed: parsed-INBOX-uid-6457.json
2026-04-21T03:57:34.582Z [LOG] [parse_extracted_emails.js] Parsed: parsed-INBOX-uid-6459.json
2026-04-21T03:57:34.582Z [LOG] [parse_extracted_emails.js] Parsed: parsed-INBOX-uid-6460.json
2026-04-21T03:57:34.582Z [LOG] [parse_extracted_emails.js] Parsed: parsed-INBOX-uid-6461.json
2026-04-21T03:57:34.582Z [LOG] [parse_extracted_emails.js] Parsed: parsed-INBOX-uid-6462.json
2026-04-21T03:57:34.582Z [LOG] [parse_extracted_emails.js] Parsed: parsed-INBOX-uid-6463.json
2026-04-21T03:57:34.582Z [LOG] [parse_extracted_emails.js] Parsed: parsed-INBOX-uid-6464.json
2026-04-21T03:57:34.582Z [LOG] [parse_extracted_emails.js] Parsed: parsed-INBOX-uid-6465.json
2026-04-21T03:57:34.582Z [LOG] [parse_extracted_emails.js] Parsed: parsed-INBOX-uid-6466.json
2026-04-21T03:57:34.582Z [LOG] [parse_extracted_emails.js] Parsed: parsed-INBOX-uid-6467.json
2026-04-21T03:57:34.582Z [LOG] [parse_extracted_emails.js] Parsed: parsed-INBOX-uid-6468.json
2026-04-21T03:57:34.582Z [LOG] [parse_extracted_emails.js] Parsed: parsed-INBOX-uid-6469.json
2026-04-21T03:57:34.582Z [LOG] [parse_extracted_emails.js] Parsed: parsed-INBOX-uid-6470.json
2026-04-21T03:57:34.582Z [LOG] [parse_extracted_emails.js] Parsed: parsed-INBOX-uid-6471.json
2026-04-21T03:57:34.582Z [LOG] [parse_extracted_emails.js] Parsed: parsed-INBOX-uid-6472.json
2026-04-21T03:57:34.582Z [LOG] [parse_extracted_emails.js] Parsed: parsed-INBOX-uid-6473.json
2026-04-21T03:57:34.582Z [LOG] [parse_extracted_emails.js] Parsed: parsed-INBOX-uid-6474.json
2026-04-21T03:57:34.582Z [LOG] [parse_extracted_emails.js] Parsed: parsed-INBOX-uid-6475.json
2026-04-21T03:57:34.582Z [LOG] [parse_extracted_emails.js] Parsed: parsed-INBOX-uid-6476.json
2026-04-21T03:57:34.582Z [LOG] [parse_extracted_emails.js] Parsed: parsed-INBOX-uid-6477.json
2026-04-21T03:57:34.582Z [LOG] [parse_extracted_emails.js] Parsed: parsed-INBOX-uid-6478.json
2026-04-21T03:57:34.582Z [LOG] [parse_extracted_emails.js] Parsed: parsed-INBOX-uid-6479.json
2026-04-21T03:57:34.582Z [LOG] [parse_extracted_emails.js] Parsed: parsed-INBOX-uid-6480.json
2026-04-21T03:57:34.582Z [LOG] [parse_extracted_emails.js] Parsed: parsed-INBOX-uid-6481.json
2026-04-21T03:57:34.582Z [LOG] [parse_extracted_emails.js] Parsed: parsed-INBOX-uid-6482.json
2026-04-21T03:57:34.582Z [LOG] [parse_extracted_emails.js] Parsed: parsed-INBOX-uid-6483.json
2026-04-21T03:57:34.582Z [LOG] [parse_extracted_emails.js] Parsed: parsed-INBOX-uid-6484.json
2026-04-21T03:57:34.582Z [LOG] [parse_extracted_emails.js] Parsed: parsed-INBOX-uid-6485.json
2026-04-21T03:57:34.582Z [LOG] [parse_extracted_emails.js] Parsed: parsed-INBOX-uid-6486.json
2026-04-21T03:57:34.582Z [LOG] [parse_extracted_emails.js] Parsed: parsed-INBOX-uid-6487.json
2026-04-21T03:57:34.582Z [LOG] [parse_extracted_emails.js] Parsed: parsed-INBOX-uid-6488.json
2026-04-21T03:57:34.582Z [LOG] [parse_extracted_emails.js] Parsed: parsed-INBOX-uid-6489.json
2026-04-21T03:57:34.582Z [LOG] [parse_extracted_emails.js] Parsed: parsed-INBOX-uid-6490.json
2026-04-21T03:57:34.582Z [LOG] [parse_extracted_emails.js] Parsed: parsed-INBOX-uid-6491.json
2026-04-21T03:57:34.582Z [LOG] [parse_extracted_emails.js] Parsed: parsed-INBOX-uid-6492.json
2026-04-21T03:57:34.582Z [LOG] [parse_extracted_emails.js] Parsed: parsed-INBOX-uid-6493.json
2026-04-21T03:57:34.582Z [LOG] [parse_extracted_emails.js] Parsed: parsed-INBOX-uid-6494.json
2026-04-21T03:57:34.582Z [LOG] [parse_extracted_emails.js] Parsed: parsed-INBOX-uid-6495.json
2026-04-21T03:57:34.582Z [LOG] [parse_extracted_emails.js] Parsed: parsed-INBOX-uid-6515.json
2026-04-21T03:57:34.582Z [LOG] [parse_extracted_emails.js] Parsed: parsed-INBOX-uid-6516.json
2026-04-21T03:57:34.582Z [LOG] [parse_extracted_emails.js] Parsed: parsed-INBOX-uid-6517.json
2026-04-21T03:57:34.582Z [LOG] [parse_extracted_emails.js] Parsed: parsed-INBOX-uid-6518.json
2026-04-21T03:57:34.582Z [LOG] [parse_extracted_emails.js] Parsed: parsed-INBOX-uid-6519.json
2026-04-21T03:57:34.582Z [LOG] [parse_extracted_emails.js] Parsed: parsed-INBOX-uid-6520.json
2026-04-21T03:57:34.583Z [LOG] [parse_extracted_emails.js] Parsed: parsed-INBOX-uid-6521.json
2026-04-21T03:57:34.583Z [LOG] [parse_extracted_emails.js] Parsed: parsed-INBOX-uid-6522.json
2026-04-21T03:57:34.583Z [LOG] [parse_extracted_emails.js] Parsed: parsed-INBOX-uid-6523.json
2026-04-21T03:57:34.583Z [LOG] [parse_extracted_emails.js] Parsed: parsed-INBOX-uid-6524.json
2026-04-21T03:57:34.583Z [LOG] [parse_extracted_emails.js] Parsed: parsed-INBOX-uid-6525.json
2026-04-21T03:57:34.583Z [LOG] [parse_extracted_emails.js] Parsed: parsed-INBOX-uid-6526.json
2026-04-21T03:57:34.583Z [LOG] [parse_extracted_emails.js] Parsed: parsed-INBOX-uid-6527.json
2026-04-21T03:57:34.583Z [LOG] [parse_extracted_emails.js] Parsed: parsed-INBOX-uid-6528.json
2026-04-21T03:57:34.583Z [LOG] [parse_extracted_emails.js] Parsed: parsed-INBOX-uid-6529.json
2026-04-21T03:57:34.583Z [LOG] [parse_extracted_emails.js] Parsed: parsed-INBOX-uid-6530.json
2026-04-21T03:57:34.583Z [LOG] [parse_extracted_emails.js] Parsed: parsed-INBOX-uid-6531.json
2026-04-21T03:57:34.583Z [LOG] [parse_extracted_emails.js] Parsed: parsed-INBOX-uid-6532.json
2026-04-21T03:57:34.583Z [LOG] [parse_extracted_emails.js] Parsed: parsed-INBOX-uid-6533.json
2026-04-21T03:57:34.583Z [LOG] [parse_extracted_emails.js] Parsed: parsed-INBOX-uid-6534.json
2026-04-21T03:57:34.583Z [LOG] [parse_extracted_emails.js] Parsed: parsed-INBOX-uid-6535.json
2026-04-21T03:57:34.583Z [LOG] [parse_extracted_emails.js] Parsed: parsed-INBOX-uid-6536.json
2026-04-21T03:57:34.583Z [LOG] [parse_extracted_emails.js] Parsed: parsed-INBOX-uid-6537.json
2026-04-21T03:57:34.583Z [LOG] [parse_extracted_emails.js] Parsed: parsed-INBOX-uid-6538.json
2026-04-21T03:57:34.583Z [LOG] [parse_extracted_emails.js] Parsed: parsed-INBOX-uid-6539.json
2026-04-21T03:57:34.583Z [LOG] [parse_extracted_emails.js] Parsed: parsed-INBOX-uid-6540.json
2026-04-21T03:57:34.583Z [LOG] [parse_extracted_emails.js] Parsed: parsed-INBOX-uid-6541.json
2026-04-21T03:57:34.583Z [LOG] [parse_extracted_emails.js] Parsed: parsed-INBOX-uid-6542.json
2026-04-21T03:57:34.583Z [LOG] [parse_extracted_emails.js] Parsed: parsed-INBOX-uid-6543.json
2026-04-21T03:57:34.583Z [LOG] [parse_extracted_emails.js] Parsed: parsed-INBOX-uid-6544.json
2026-04-21T03:57:34.583Z [LOG] [parse_extracted_emails.js] Parsed: parsed-INBOX-uid-6545.json
2026-04-21T03:57:34.583Z [LOG] [parse_extracted_emails.js] Parsed: parsed-INBOX-uid-6546.json
2026-04-21T03:57:34.583Z [LOG] [parse_extracted_emails.js] Parsed: parsed-INBOX-uid-6547.json
2026-04-21T03:57:34.583Z [LOG] [parse_extracted_emails.js] Parsed: parsed-INBOX-uid-6548.json
2026-04-21T03:57:34.583Z [LOG] [parse_extracted_emails.js] Parsed: parsed-INBOX-uid-6549.json
2026-04-21T03:57:34.583Z [LOG] [parse_extracted_emails.js] Parsed: parsed-INBOX-uid-6550.json
2026-04-21T03:57:34.583Z [LOG] [parse_extracted_emails.js] Parsed: parsed-INBOX-uid-6551.json
2026-04-21T03:57:34.583Z [LOG] [parse_extracted_emails.js] Parsed: parsed-INBOX-uid-6552.json
2026-04-21T03:57:34.583Z [LOG] [parse_extracted_emails.js] Parsed: parsed-INBOX-uid-6553.json
2026-04-21T03:57:34.583Z [LOG] [parse_extracted_emails.js] Parsed: parsed-INBOX-uid-6554.json
2026-04-21T03:57:34.583Z [LOG] [parse_extracted_emails.js] Parsed: parsed-INBOX-uid-6555.json
2026-04-21T03:57:34.583Z [LOG] [parse_extracted_emails.js] Parsed: parsed-INBOX-uid-6556.json
2026-04-21T03:57:34.583Z [LOG] [parse_extracted_emails.js] Parsed: parsed-INBOX-uid-6557.json
2026-04-21T03:57:34.583Z [LOG] [parse_extracted_emails.js] Parsed: parsed-INBOX-uid-6558.json
2026-04-21T03:57:34.583Z [LOG] [parse_extracted_emails.js] Parsed: parsed-INBOX-uid-6559.json
2026-04-21T03:57:34.583Z [LOG] [parse_extracted_emails.js] Parsed: parsed-INBOX-uid-6560.json
2026-04-21T03:57:34.583Z [LOG] [parse_extracted_emails.js] Parsed: parsed-INBOX-uid-6561.json
2026-04-21T03:57:34.583Z [LOG] [parse_extracted_emails.js] Parsed: parsed-INBOX-uid-6562.json
2026-04-21T03:57:34.583Z [LOG] [parse_extracted_emails.js] Parsed: parsed-INBOX-uid-6563.json
2026-04-21T03:57:34.583Z [LOG] [parse_extracted_emails.js] Parsed: parsed-INBOX-uid-6564.json
2026-04-21T03:57:34.583Z [LOG] [parse_extracted_emails.js] Parsed: parsed-INBOX-uid-6565.json
2026-04-21T03:57:34.583Z [LOG] [parse_extracted_emails.js] Parsed: parsed-INBOX-uid-6566.json
2026-04-21T03:57:34.583Z [LOG] [parse_extracted_emails.js] Parsed: parsed-INBOX-uid-6567.json
2026-04-21T03:57:34.583Z [LOG] [parse_extracted_emails.js] Parsed: parsed-INBOX-uid-6568.json
2026-04-21T03:57:34.583Z [LOG] [parse_extracted_emails.js] Parsed: parsed-INBOX-uid-6569.json
2026-04-21T03:57:34.583Z [LOG] [parse_extracted_emails.js] Parsed: parsed-INBOX-uid-6570.json
2026-04-21T03:57:34.583Z [LOG] [parse_extracted_emails.js] Parsed: parsed-INBOX-uid-6571.json
2026-04-21T03:57:34.583Z [LOG] [parse_extracted_emails.js] Parsed: parsed-INBOX-uid-6572.json
2026-04-21T03:57:34.584Z [LOG] [parse_extracted_emails.js] Parsed: parsed-INBOX-uid-6573.json
2026-04-21T03:57:34.584Z [LOG] [parse_extracted_emails.js] Parsed: parsed-INBOX-uid-6574.json
2026-04-21T03:57:34.584Z [LOG] [parse_extracted_emails.js] Parsed: parsed-INBOX-uid-6575.json
2026-04-21T03:57:34.584Z [LOG] [parse_extracted_emails.js] Parsed: parsed-INBOX-uid-6576.json
2026-04-21T03:57:34.584Z [LOG] [parse_extracted_emails.js] Parsed: parsed-INBOX-uid-6577.json
2026-04-21T03:57:34.584Z [LOG] [parse_extracted_emails.js] Parsed: parsed-INBOX-uid-6578.json
2026-04-21T03:57:34.584Z [LOG] [parse_extracted_emails.js] Parsed: parsed-INBOX-uid-6579.json
2026-04-21T03:57:34.584Z [LOG] [parse_extracted_emails.js] Parsed: parsed-INBOX-uid-6580.json
2026-04-21T03:57:34.584Z [LOG] [parse_extracted_emails.js] Parsed: parsed-INBOX-uid-6581.json
2026-04-21T03:57:34.584Z [LOG] [parse_extracted_emails.js] Parsed: parsed-INBOX-uid-6582.json
2026-04-21T03:57:34.584Z [LOG] [parse_extracted_emails.js] Parsed: parsed-INBOX-uid-6583.json
2026-04-21T03:57:34.584Z [LOG] [parse_extracted_emails.js] Parsed: parsed-INBOX-uid-6584.json
2026-04-21T03:57:34.584Z [LOG] [parse_extracted_emails.js] Parsed: parsed-INBOX-uid-6585.json
2026-04-21T03:57:34.584Z [LOG] [parse_extracted_emails.js] Parsed: parsed-INBOX-uid-6586.json
2026-04-21T03:57:34.584Z [LOG] [parse_extracted_emails.js] Parsed: parsed-INBOX-uid-6587.json
2026-04-21T03:57:34.584Z [LOG] [parse_extracted_emails.js] Parsed: parsed-INBOX-uid-6588.json
2026-04-21T03:57:34.584Z [LOG] [parse_extracted_emails.js] Parsed: parsed-INBOX-uid-6589.json
2026-04-21T03:57:34.584Z [LOG] [parse_extracted_emails.js] Parsed: parsed-INBOX-uid-6590.json
2026-04-21T03:57:34.584Z [LOG] [parse_extracted_emails.js] Parsed: parsed-INBOX-uid-6591.json
2026-04-21T03:57:34.584Z [LOG] [parse_extracted_emails.js] Parsed: parsed-INBOX-uid-6592.json
2026-04-21T03:57:34.584Z [LOG] [parse_extracted_emails.js] Parsed: parsed-INBOX-uid-6593.json
2026-04-21T03:57:34.584Z [LOG] [parse_extracted_emails.js] Parsed: parsed-INBOX-uid-6594.json
2026-04-21T03:57:34.584Z [LOG] [parse_extracted_emails.js] Parsed: parsed-INBOX-uid-6595.json
2026-04-21T03:57:34.584Z [LOG] [parse_extracted_emails.js] Parsed: parsed-INBOX-uid-6596.json
2026-04-21T03:57:34.584Z [LOG] [parse_extracted_emails.js] Parsed: parsed-INBOX-uid-6605.json
2026-04-21T03:57:34.584Z [LOG] [parse_extracted_emails.js] Parsed: parsed-INBOX-uid-6608.json
2026-04-21T03:57:34.584Z [LOG] [parse_extracted_emails.js] Parsed: parsed-INBOX-uid-6609.json
2026-04-21T03:57:34.584Z [LOG] [parse_extracted_emails.js] Parsed: parsed-INBOX-uid-6610.json
2026-04-21T03:57:34.584Z [LOG] [parse_extracted_emails.js] Parsed: parsed-INBOX-uid-6611.json
2026-04-21T03:57:34.584Z [LOG] [parse_extracted_emails.js] Parsed: parsed-INBOX-uid-6612.json
2026-04-21T03:57:34.584Z [LOG] [parse_extracted_emails.js] Parsed: parsed-INBOX-uid-6613.json
2026-04-21T03:57:34.584Z [LOG] [parse_extracted_emails.js] Parsed: parsed-INBOX-uid-6614.json
2026-04-21T03:57:34.584Z [LOG] [parse_extracted_emails.js] Parsed: parsed-INBOX-uid-6615.json
2026-04-21T03:57:34.584Z [LOG] [parse_extracted_emails.js] Parsed: parsed-INBOX-uid-6616.json
2026-04-21T03:57:34.584Z [LOG] [parse_extracted_emails.js] Parsed: parsed-INBOX-uid-6617.json
2026-04-21T03:57:34.584Z [LOG] [parse_extracted_emails.js] Parsed: parsed-INBOX-uid-6618.json
2026-04-21T03:57:34.584Z [LOG] [parse_extracted_emails.js] Parsed: parsed-INBOX-uid-6619.json
2026-04-21T03:57:34.584Z [LOG] [parse_extracted_emails.js] Parsed: parsed-INBOX-uid-6620.json
2026-04-21T03:57:34.584Z [LOG] [parse_extracted_emails.js] Parsed: parsed-INBOX-uid-6621.json
2026-04-21T03:57:34.584Z [LOG] [parse_extracted_emails.js] Parsed: parsed-INBOX-uid-6622.json
2026-04-21T03:57:34.584Z [LOG] [parse_extracted_emails.js] Parsed: parsed-INBOX-uid-6627.json
2026-04-21T03:57:34.584Z [LOG] [parse_extracted_emails.js] Parsed: parsed-INBOX-uid-6633.json
2026-04-21T03:57:34.584Z [LOG] [parse_extracted_emails.js] Parsed: parsed-INBOX-uid-6634.json
2026-04-21T03:57:34.584Z [LOG] [parse_extracted_emails.js] Parsed: parsed-INBOX-uid-6635.json
2026-04-21T03:57:34.584Z [LOG] [parse_extracted_emails.js] Parsed: parsed-INBOX-uid-6636.json
2026-04-21T03:57:34.584Z [LOG] [parse_extracted_emails.js] Parsed: parsed-INBOX-uid-6637.json
2026-04-21T03:57:34.584Z [LOG] [parse_extracted_emails.js] Parsed: parsed-INBOX-uid-6638.json
2026-04-21T03:57:34.584Z [LOG] [parse_extracted_emails.js] Parsed: parsed-INBOX-uid-6639.json
2026-04-21T03:57:34.584Z [LOG] [parse_extracted_emails.js] Parsed: parsed-INBOX-uid-6640.json
2026-04-21T03:57:34.584Z [LOG] [parse_extracted_emails.js] Parsed: parsed-INBOX-uid-6641.json
2026-04-21T03:57:34.584Z [LOG] [parse_extracted_emails.js] Parsed: parsed-INBOX-uid-6647.json
2026-04-21T03:57:34.584Z [LOG] [parse_extracted_emails.js] Parsed: parsed-INBOX-uid-6648.json
2026-04-21T03:57:34.584Z [LOG] [parse_extracted_emails.js] Parsed: parsed-INBOX-uid-6649.json
2026-04-21T03:57:34.584Z [LOG] [parse_extracted_emails.js] Parsed: parsed-INBOX-uid-6650.json
2026-04-21T03:57:34.584Z [LOG] [parse_extracted_emails.js] Parsed: parsed-INBOX-uid-6652.json
2026-04-21T03:57:34.584Z [LOG] [parse_extracted_emails.js] Parsed: parsed-INBOX-uid-6653.json
2026-04-21T03:57:34.584Z [LOG] [parse_extracted_emails.js] Parsed: parsed-INBOX-uid-6654.json
2026-04-21T03:57:34.584Z [LOG] [parse_extracted_emails.js] Parsed: parsed-INBOX-uid-6655.json
2026-04-21T03:57:34.584Z [LOG] [parse_extracted_emails.js] Parsed: parsed-INBOX-uid-6664.json
2026-04-21T03:57:34.584Z [LOG] [parse_extracted_emails.js] Parsed: parsed-INBOX-uid-6666.json
2026-04-21T03:57:34.584Z [LOG] [parse_extracted_emails.js] Parsed: parsed-INBOX-uid-6667.json
2026-04-21T03:57:34.584Z [LOG] [parse_extracted_emails.js] Parsed: parsed-INBOX-uid-6668.json
2026-04-21T03:57:34.585Z [LOG] [parse_extracted_emails.js] Parsed: parsed-INBOX-uid-6669.json
2026-04-21T03:57:34.585Z [LOG] [parse_extracted_emails.js] Parsed: parsed-INBOX-uid-6670.json
2026-04-21T03:57:34.585Z [LOG] [parse_extracted_emails.js] Parsed: parsed-INBOX-uid-6671.json
2026-04-21T03:57:34.585Z [LOG] [parse_extracted_emails.js] Parsed: parsed-INBOX-uid-6672.json
2026-04-21T03:57:34.585Z [LOG] [parse_extracted_emails.js] Parsed: parsed-INBOX-uid-6673.json
2026-04-21T03:57:34.585Z [LOG] [parse_extracted_emails.js] Parsed: parsed-INBOX-uid-6674.json
2026-04-21T03:57:34.585Z [LOG] [parse_extracted_emails.js] Parsed: parsed-INBOX-uid-6675.json
2026-04-21T03:57:34.585Z [LOG] [parse_extracted_emails.js] Parsed: parsed-INBOX-uid-6676.json
2026-04-21T03:57:34.585Z [LOG] [parse_extracted_emails.js] Parsed: parsed-INBOX-uid-6677.json
2026-04-21T03:57:34.585Z [LOG] [parse_extracted_emails.js] Parsed: parsed-INBOX-uid-6678.json
2026-04-21T03:57:34.585Z [LOG] [parse_extracted_emails.js] Parsed: parsed-INBOX-uid-6679.json
2026-04-21T03:57:34.585Z [LOG] [parse_extracted_emails.js] Parsed: parsed-INBOX-uid-6680.json
2026-04-21T03:57:34.585Z [LOG] [parse_extracted_emails.js] Parsed: parsed-INBOX-uid-6681.json
2026-04-21T03:57:34.585Z [LOG] [parse_extracted_emails.js] Parsed: parsed-INBOX-uid-6682.json
2026-04-21T03:57:34.585Z [LOG] [parse_extracted_emails.js] Parsed: parsed-INBOX-uid-6683.json
2026-04-21T03:57:34.585Z [LOG] [parse_extracted_emails.js] Parsed: parsed-INBOX-uid-6684.json
2026-04-21T03:57:34.585Z [LOG] [parse_extracted_emails.js] Parsed: parsed-INBOX-uid-6685.json
2026-04-21T03:57:34.585Z [LOG] [parse_extracted_emails.js] Parsed: parsed-INBOX-uid-6686.json
2026-04-21T03:57:34.585Z [LOG] [parse_extracted_emails.js] Parsed: parsed-INBOX-uid-6687.json
2026-04-21T03:57:34.585Z [LOG] [parse_extracted_emails.js] Parsed: parsed-INBOX-uid-6688.json
2026-04-21T03:57:34.585Z [LOG] [parse_extracted_emails.js] Parsed: parsed-INBOX-uid-6689.json
2026-04-21T03:57:34.585Z [LOG] [parse_extracted_emails.js] Parsed: parsed-INBOX-uid-6690.json
2026-04-21T03:57:34.585Z [LOG] [parse_extracted_emails.js] Parsed: parsed-INBOX-uid-6692.json
2026-04-21T03:57:34.585Z [LOG] [parse_extracted_emails.js] Parsed: parsed-INBOX-uid-6693.json
2026-04-21T03:57:34.585Z [LOG] [parse_extracted_emails.js] Parsed: parsed-INBOX-uid-6694.json
2026-04-21T03:57:34.585Z [LOG] [parse_extracted_emails.js] Parsed: parsed-INBOX-uid-6695.json
2026-04-21T03:57:34.585Z [LOG] [parse_extracted_emails.js] Parsed: parsed-INBOX-uid-6696.json
2026-04-21T03:57:34.585Z [LOG] [parse_extracted_emails.js] Parsed: parsed-INBOX-uid-6697.json
2026-04-21T03:57:34.585Z [LOG] [parse_extracted_emails.js] Parsed: parsed-INBOX-uid-6698.json
2026-04-21T03:57:34.585Z [LOG] [parse_extracted_emails.js] Parsed: parsed-INBOX-uid-6699.json
2026-04-21T03:57:34.585Z [LOG] [parse_extracted_emails.js] Parsed: parsed-INBOX-uid-6700.json
2026-04-21T03:57:34.585Z [LOG] [parse_extracted_emails.js] Parsed: parsed-INBOX-uid-6701.json
2026-04-21T03:57:34.585Z [LOG] [parse_extracted_emails.js] Parsed: parsed-INBOX-uid-6702.json
2026-04-21T03:57:34.585Z [LOG] [parse_extracted_emails.js] Parsed: parsed-INBOX-uid-6703.json
2026-04-21T03:57:34.585Z [LOG] [parse_extracted_emails.js] Parsed: parsed-INBOX-uid-6704.json
2026-04-21T03:57:34.585Z [LOG] [parse_extracted_emails.js] Parsed: parsed-INBOX-uid-6705.json
2026-04-21T03:57:34.585Z [LOG] [parse_extracted_emails.js] Parsed: parsed-INBOX-uid-6706.json
2026-04-21T03:57:34.585Z [LOG] [parse_extracted_emails.js] Parsed: parsed-INBOX-uid-6707.json
2026-04-21T03:57:34.585Z [LOG] [parse_extracted_emails.js] Parsed: parsed-INBOX-uid-6708.json
2026-04-21T03:57:34.585Z [LOG] [parse_extracted_emails.js] Parsed: parsed-INBOX-uid-6709.json
2026-04-21T03:57:34.585Z [LOG] [parse_extracted_emails.js] Parsed: parsed-INBOX-uid-6710.json
2026-04-21T03:57:34.585Z [LOG] [parse_extracted_emails.js] Parsed: parsed-INBOX-uid-6711.json
2026-04-21T03:57:34.585Z [LOG] [parse_extracted_emails.js] Parsed: parsed-INBOX-uid-6718.json
2026-04-21T03:57:34.585Z [LOG] [parse_extracted_emails.js] Parsed: parsed-INBOX-uid-6722.json
2026-04-21T03:57:34.585Z [LOG] [parse_extracted_emails.js] Parsed: parsed-INBOX-uid-6723.json
2026-04-21T03:57:34.585Z [LOG] [parse_extracted_emails.js] Parsed: parsed-INBOX-uid-6725.json
2026-04-21T03:57:34.585Z [LOG] [parse_extracted_emails.js] Parsed: parsed-INBOX-uid-6726.json
2026-04-21T03:57:34.585Z [LOG] [parse_extracted_emails.js] Parsed: parsed-INBOX-uid-6729.json
2026-04-21T03:57:34.585Z [LOG] [parse_extracted_emails.js] Parsed: parsed-INBOX-uid-6730.json
2026-04-21T03:57:34.585Z [LOG] [parse_extracted_emails.js] Parsed: parsed-INBOX-uid-6732.json
2026-04-21T03:57:34.585Z [LOG] [parse_extracted_emails.js] Parsed: parsed-INBOX-uid-6733.json
2026-04-21T03:57:34.585Z [LOG] [parse_extracted_emails.js] Parsed: parsed-INBOX-uid-6734.json
2026-04-21T03:57:34.585Z [LOG] [parse_extracted_emails.js] Parsed: parsed-INBOX-uid-6735.json
2026-04-21T03:57:34.585Z [LOG] [parse_extracted_emails.js] Parsed: parsed-INBOX-uid-6736.json
2026-04-21T03:57:34.585Z [LOG] [parse_extracted_emails.js] Parsed: parsed-INBOX-uid-6737.json
2026-04-21T03:57:34.585Z [LOG] [parse_extracted_emails.js] Parsed: parsed-INBOX-uid-6738.json
2026-04-21T03:57:34.585Z [LOG] [parse_extracted_emails.js] Parsed: parsed-INBOX-uid-6748.json
2026-04-21T03:57:34.585Z [LOG] [parse_extracted_emails.js] Parsed: parsed-INBOX-uid-6749.json
2026-04-21T03:57:34.585Z [LOG] [parse_extracted_emails.js] Parsed: parsed-INBOX-uid-6750.json
2026-04-21T03:57:34.585Z [LOG] [parse_extracted_emails.js] Parsed: parsed-INBOX-uid-6751.json
2026-04-21T03:57:34.585Z [LOG] [parse_extracted_emails.js] Parsed: parsed-INBOX-uid-6752.json
2026-04-21T03:57:34.585Z [LOG] [parse_extracted_emails.js] Parsed: parsed-INBOX-uid-6753.json
2026-04-21T03:57:34.585Z [LOG] [parse_extracted_emails.js] Parsed: parsed-INBOX-uid-6754.json
2026-04-21T03:57:34.585Z [LOG] [parse_extracted_emails.js] Parsed: parsed-INBOX-uid-6755.json
2026-04-21T03:57:34.585Z [LOG] [parse_extracted_emails.js] Parsed: parsed-INBOX-uid-6756.json
2026-04-21T03:57:34.585Z [LOG] [parse_extracted_emails.js] Parsed: parsed-INBOX-uid-6757.json
2026-04-21T03:57:34.585Z [LOG] [parse_extracted_emails.js] Parsed: parsed-INBOX-uid-6758.json
2026-04-21T03:57:34.585Z [LOG] [parse_extracted_emails.js] Parsed: parsed-INBOX-uid-6759.json
2026-04-21T03:57:34.585Z [LOG] [parse_extracted_emails.js] Parsed: parsed-INBOX-uid-6760.json
2026-04-21T03:57:34.585Z [LOG] [parse_extracted_emails.js] Parsed: parsed-INBOX-uid-6761.json
2026-04-21T03:57:34.585Z [LOG] [parse_extracted_emails.js] Parsed: parsed-INBOX-uid-6762.json
2026-04-21T03:57:34.585Z [LOG] [parse_extracted_emails.js] Parsed: parsed-INBOX-uid-6763.json
2026-04-21T03:57:34.585Z [LOG] [parse_extracted_emails.js] Parsed: parsed-INBOX-uid-6764.json
2026-04-21T03:57:34.585Z [LOG] [parse_extracted_emails.js] Parsed: parsed-INBOX-uid-6765.json
2026-04-21T03:57:34.585Z [LOG] [parse_extracted_emails.js] Parsed: parsed-INBOX-uid-6766.json
2026-04-21T03:57:34.585Z [LOG] [parse_extracted_emails.js] Parsed: parsed-INBOX-uid-6767.json
2026-04-21T03:57:34.585Z [LOG] [parse_extracted_emails.js] Parsed: parsed-INBOX-uid-6768.json
2026-04-21T03:57:34.585Z [LOG] [parse_extracted_emails.js] Parsed: parsed-INBOX-uid-6769.json
2026-04-21T03:57:34.585Z [LOG] [parse_extracted_emails.js] Parsed: parsed-INBOX-uid-6770.json
2026-04-21T03:57:34.585Z [LOG] [parse_extracted_emails.js] Parsed: parsed-INBOX-uid-6771.json
2026-04-21T03:57:34.585Z [LOG] [parse_extracted_emails.js] Parsed: parsed-INBOX-uid-6772.json
2026-04-21T03:57:34.585Z [LOG] [parse_extracted_emails.js] Parsed: parsed-INBOX-uid-6773.json
2026-04-21T03:57:34.585Z [LOG] [parse_extracted_emails.js] Parsed: parsed-INBOX-uid-6774.json
2026-04-21T03:57:34.585Z [LOG] [parse_extracted_emails.js] Parsed: parsed-INBOX-uid-6775.json
2026-04-21T03:57:34.585Z [LOG] [parse_extracted_emails.js] Parsed: parsed-INBOX-uid-6776.json
2026-04-21T03:57:34.585Z [LOG] [parse_extracted_emails.js] Parsed: parsed-INBOX-uid-6777.json
2026-04-21T03:57:34.585Z [LOG] [parse_extracted_emails.js] Parsed: parsed-INBOX-uid-6778.json
2026-04-21T03:57:34.585Z [LOG] [parse_extracted_emails.js] Parsed: parsed-INBOX-uid-6779.json
2026-04-21T03:57:34.586Z [LOG] [parse_extracted_emails.js] Parsed: parsed-INBOX-uid-6780.json
2026-04-21T03:57:34.586Z [LOG] [parse_extracted_emails.js] Parsed: parsed-INBOX-uid-6781.json
2026-04-21T03:57:34.586Z [LOG] [parse_extracted_emails.js] Parsed: parsed-INBOX-uid-6782.json
2026-04-21T03:57:34.586Z [LOG] [parse_extracted_emails.js] Parsed: parsed-INBOX-uid-6783.json
2026-04-21T03:57:34.586Z [LOG] [parse_extracted_emails.js] Parsed: parsed-INBOX-uid-6784.json
2026-04-21T03:57:34.586Z [LOG] [parse_extracted_emails.js] Parsed: parsed-INBOX-uid-6785.json
2026-04-21T03:57:34.586Z [LOG] [parse_extracted_emails.js] Parsed: parsed-INBOX-uid-6786.json
2026-04-21T03:57:34.586Z [LOG] [parse_extracted_emails.js] Parsed: parsed-INBOX-uid-6787.json
2026-04-21T03:57:34.586Z [LOG] [parse_extracted_emails.js] Parsed: parsed-INBOX-uid-6788.json
2026-04-21T03:57:34.586Z [LOG] [parse_extracted_emails.js] Parsed: parsed-INBOX-uid-6789.json
2026-04-21T03:57:34.586Z [LOG] [parse_extracted_emails.js] Parsed: parsed-INBOX-uid-6790.json
2026-04-21T03:57:34.586Z [LOG] [parse_extracted_emails.js] Parsed: parsed-INBOX-uid-6791.json
2026-04-21T03:57:34.586Z [LOG] [parse_extracted_emails.js] Parsed: parsed-INBOX-uid-6792.json
2026-04-21T03:57:34.586Z [LOG] [parse_extracted_emails.js] Parsed: parsed-INBOX-uid-6793.json
2026-04-21T03:57:34.586Z [LOG] [parse_extracted_emails.js] Parsed: parsed-INBOX-uid-6794.json
2026-04-21T03:57:34.586Z [LOG] [parse_extracted_emails.js] Parsed: parsed-INBOX-uid-6795.json
2026-04-21T03:57:34.586Z [LOG] [parse_extracted_emails.js] Parsed: parsed-INBOX-uid-6796.json
2026-04-21T03:57:34.586Z [LOG] [parse_extracted_emails.js] Parsed: parsed-INBOX-uid-6797.json
2026-04-21T03:57:34.586Z [LOG] [parse_extracted_emails.js] Parsed: parsed-INBOX-uid-6798.json
2026-04-21T03:57:34.586Z [LOG] [parse_extracted_emails.js] Parsed: parsed-INBOX-uid-6799.json
2026-04-21T03:57:34.586Z [LOG] [parse_extracted_emails.js] Parsed: parsed-INBOX-uid-6800.json
2026-04-21T03:57:34.586Z [LOG] [parse_extracted_emails.js] Parsed: parsed-INBOX-uid-6801.json
2026-04-21T03:57:34.586Z [LOG] [parse_extracted_emails.js] Parsed: parsed-INBOX-uid-6802.json
2026-04-21T03:57:34.586Z [LOG] [parse_extracted_emails.js] Parsed: parsed-INBOX-uid-6803.json
2026-04-21T03:57:34.586Z [LOG] [parse_extracted_emails.js] Parsed: parsed-INBOX-uid-6804.json
2026-04-21T03:57:34.586Z [LOG] [parse_extracted_emails.js] Parsed: parsed-INBOX-uid-6805.json
2026-04-21T03:57:34.586Z [LOG] [parse_extracted_emails.js] Parsed: parsed-INBOX-uid-6806.json
2026-04-21T03:57:34.586Z [LOG] [parse_extracted_emails.js] Parsed: parsed-INBOX-uid-6807.json
2026-04-21T03:57:34.586Z [LOG] [parse_extracted_emails.js] Parsed: parsed-INBOX-uid-6808.json
2026-04-21T03:57:34.586Z [LOG] [parse_extracted_emails.js] Parsed: parsed-INBOX-uid-6809.json
2026-04-21T03:57:34.586Z [LOG] [parse_extracted_emails.js] Parsed: parsed-INBOX-uid-6810.json
2026-04-21T03:57:34.586Z [LOG] [parse_extracted_emails.js] Parsed: parsed-INBOX-uid-6811.json
2026-04-21T03:57:34.586Z [LOG] [parse_extracted_emails.js] Parsed: parsed-INBOX-uid-6812.json
2026-04-21T03:57:34.586Z [LOG] [parse_extracted_emails.js] Parsed: parsed-INBOX-uid-6813.json
2026-04-21T03:57:34.586Z [LOG] [parse_extracted_emails.js] Parsed: parsed-INBOX-uid-6814.json
2026-04-21T03:57:34.586Z [LOG] [parse_extracted_emails.js] Parsed: parsed-INBOX-uid-6815.json
2026-04-21T03:57:34.586Z [LOG] [parse_extracted_emails.js] Parsed: parsed-INBOX-uid-6816.json
2026-04-21T03:57:34.586Z [LOG] [parse_extracted_emails.js] Parsed: parsed-INBOX-uid-6817.json
2026-04-21T03:57:34.586Z [LOG] [parse_extracted_emails.js] Parsed: parsed-INBOX-uid-6818.json
2026-04-21T03:57:34.586Z [LOG] [parse_extracted_emails.js] Parsed: parsed-INBOX-uid-6819.json
2026-04-21T03:57:34.586Z [LOG] [parse_extracted_emails.js] Parsed: parsed-INBOX-uid-6820.json
2026-04-21T03:57:34.586Z [LOG] [parse_extracted_emails.js] Parsed: parsed-INBOX-uid-6821.json
2026-04-21T03:57:34.586Z [LOG] [parse_extracted_emails.js] Parsed: parsed-INBOX-uid-6822.json
2026-04-21T03:57:34.586Z [LOG] [parse_extracted_emails.js] Parsed: parsed-INBOX-uid-6823.json
2026-04-21T03:57:34.586Z [LOG] [parse_extracted_emails.js] Parsed: parsed-INBOX-uid-6824.json
2026-04-21T03:57:34.586Z [LOG] [parse_extracted_emails.js] Parsed: parsed-INBOX-uid-6825.json
2026-04-21T03:57:34.586Z [LOG] [parse_extracted_emails.js] Parsed: parsed-INBOX-uid-6826.json
2026-04-21T03:57:34.586Z [LOG] [parse_extracted_emails.js] Parsed: parsed-INBOX-uid-6827.json
2026-04-21T03:57:34.586Z [LOG] [parse_extracted_emails.js] Parsed: parsed-INBOX-uid-6828.json
2026-04-21T03:57:34.586Z [LOG] [parse_extracted_emails.js] Parsed: parsed-INBOX-uid-6829.json
2026-04-21T03:57:34.586Z [LOG] [parse_extracted_emails.js] Parsed: parsed-INBOX-uid-6830.json
2026-04-21T03:57:34.586Z [LOG] [parse_extracted_emails.js] Parsed: parsed-INBOX-uid-6831.json
2026-04-21T03:57:34.586Z [LOG] [parse_extracted_emails.js] Parsed: parsed-INBOX-uid-6832.json
2026-04-21T03:57:34.586Z [LOG] [parse_extracted_emails.js] Parsed: parsed-INBOX-uid-6833.json
2026-04-21T03:57:34.586Z [LOG] [parse_extracted_emails.js] Parsed: parsed-INBOX-uid-6834.json
2026-04-21T03:57:34.586Z [LOG] [parse_extracted_emails.js] Parsed: parsed-INBOX-uid-6835.json
2026-04-21T03:57:34.586Z [LOG] [parse_extracted_emails.js] Parsed: parsed-INBOX-uid-6836.json
2026-04-21T03:57:34.586Z [LOG] [parse_extracted_emails.js] Parsed: parsed-INBOX-uid-6837.json
2026-04-21T03:57:34.586Z [LOG] [parse_extracted_emails.js] Parsed: parsed-INBOX-uid-6838.json
2026-04-21T03:57:34.586Z [LOG] [parse_extracted_emails.js] Parsed: parsed-INBOX-uid-6839.json
2026-04-21T03:57:34.586Z [LOG] [parse_extracted_emails.js] Parsed: parsed-INBOX-uid-6840.json
2026-04-21T03:57:34.586Z [LOG] [parse_extracted_emails.js] Parsed: parsed-INBOX-uid-6841.json
2026-04-21T03:57:34.586Z [LOG] [parse_extracted_emails.js] Parsed: parsed-INBOX-uid-6842.json
2026-04-21T03:57:34.586Z [LOG] [parse_extracted_emails.js] Parsed: parsed-INBOX-uid-6843.json
2026-04-21T03:57:34.586Z [LOG] [parse_extracted_emails.js] Parsed: parsed-INBOX-uid-6844.json
2026-04-21T03:57:34.586Z [LOG] [parse_extracted_emails.js] Parsed: parsed-INBOX-uid-6845.json
2026-04-21T03:57:34.586Z [LOG] [parse_extracted_emails.js] Parsed: parsed-INBOX-uid-6846.json
2026-04-21T03:57:34.586Z [LOG] [parse_extracted_emails.js] Parsed: parsed-INBOX-uid-6847.json
2026-04-21T03:57:34.586Z [LOG] [parse_extracted_emails.js] Parsed: parsed-INBOX-uid-6848.json
2026-04-21T03:57:34.586Z [LOG] [parse_extracted_emails.js] Parsed: parsed-INBOX-uid-6849.json
2026-04-21T03:57:34.586Z [LOG] [parse_extracted_emails.js] Parsed: parsed-INBOX-uid-6850.json
2026-04-21T03:57:34.586Z [LOG] [parse_extracted_emails.js] Parsed: parsed-INBOX-uid-6851.json
2026-04-21T03:57:34.586Z [LOG] [parse_extracted_emails.js] Parsed: parsed-INBOX-uid-6852.json
2026-04-21T03:57:34.586Z [LOG] [parse_extracted_emails.js] Parsed: parsed-INBOX-uid-6853.json
2026-04-21T03:57:34.586Z [LOG] [parse_extracted_emails.js] Parsed: parsed-INBOX-uid-6854.json
2026-04-21T03:57:34.586Z [LOG] [parse_extracted_emails.js] Parsed: parsed-INBOX-uid-6855.json
2026-04-21T03:57:34.586Z [LOG] [parse_extracted_emails.js] Parsed: parsed-INBOX-uid-6856.json
2026-04-21T03:57:34.586Z [LOG] [parse_extracted_emails.js] Parsed: parsed-INBOX-uid-6857.json
2026-04-21T03:57:34.586Z [LOG] [parse_extracted_emails.js] Parsed: parsed-INBOX-uid-6858.json
2026-04-21T03:57:34.586Z [LOG] [parse_extracted_emails.js] Parsed: parsed-INBOX-uid-6859.json
2026-04-21T03:57:34.586Z [LOG] [parse_extracted_emails.js] Parsed: parsed-INBOX-uid-6860.json
2026-04-21T03:57:34.586Z [LOG] [parse_extracted_emails.js] Parsed: parsed-INBOX-uid-6861.json
2026-04-21T03:57:34.586Z [LOG] [parse_extracted_emails.js] Parsed: parsed-INBOX-uid-6862.json
2026-04-21T03:57:34.586Z [LOG] [parse_extracted_emails.js] Parsed: parsed-INBOX-uid-6863.json
2026-04-21T03:57:34.586Z [LOG] [parse_extracted_emails.js] Parsed: parsed-INBOX-uid-6864.json
2026-04-21T03:57:34.586Z [LOG] [parse_extracted_emails.js] Parsed: parsed-INBOX-uid-6865.json
2026-04-21T03:57:34.587Z [LOG] [parse_extracted_emails.js] Parsed: parsed-INBOX-uid-6866.json
2026-04-21T03:57:34.587Z [LOG] [parse_extracted_emails.js] Parsed: parsed-INBOX-uid-6867.json
2026-04-21T03:57:34.587Z [LOG] [parse_extracted_emails.js] Parsed: parsed-INBOX-uid-6868.json
2026-04-21T03:57:34.587Z [LOG] [parse_extracted_emails.js] Parsed: parsed-INBOX-uid-6869.json
2026-04-21T03:57:34.587Z [LOG] [parse_extracted_emails.js] Parsed: parsed-INBOX-uid-6870.json
2026-04-21T03:57:34.587Z [LOG] [parse_extracted_emails.js] Parsed: parsed-INBOX-uid-6871.json
2026-04-21T03:57:34.587Z [LOG] [parse_extracted_emails.js] Parsed: parsed-INBOX-uid-6872.json
2026-04-21T03:57:34.587Z [LOG] [parse_extracted_emails.js] Parsed: parsed-INBOX-uid-6873.json
2026-04-21T03:57:34.587Z [LOG] [parse_extracted_emails.js] Parsed: parsed-INBOX-uid-6874.json
2026-04-21T03:57:34.587Z [LOG] [parse_extracted_emails.js] Parsed: parsed-INBOX-uid-6875.json
2026-04-21T03:57:34.587Z [LOG] [parse_extracted_emails.js] Parsed: parsed-INBOX-uid-6907.json
2026-04-21T03:57:34.587Z [LOG] [parse_extracted_emails.js] Parsed: parsed-INBOX-uid-6908.json
2026-04-21T03:57:34.587Z [LOG] [parse_extracted_emails.js] Parsed: parsed-INBOX-uid-6909.json
2026-04-21T03:57:34.587Z [LOG] [parse_extracted_emails.js] Parsed: parsed-INBOX-uid-6910.json
2026-04-21T03:57:34.587Z [LOG] [parse_extracted_emails.js] Parsed: parsed-INBOX-uid-6911.json
2026-04-21T03:57:34.587Z [LOG] [parse_extracted_emails.js] Parsed: parsed-INBOX-uid-6912.json
2026-04-21T03:57:34.587Z [LOG] [parse_extracted_emails.js] Parsed: parsed-INBOX-uid-6913.json
2026-04-21T03:57:34.587Z [LOG] [parse_extracted_emails.js] Parsed: parsed-INBOX-uid-6914.json
2026-04-21T03:57:34.587Z [LOG] [parse_extracted_emails.js] Parsed: parsed-INBOX-uid-6915.json
2026-04-21T03:57:34.587Z [LOG] [parse_extracted_emails.js] Parsed: parsed-INBOX-uid-6916.json
2026-04-21T03:57:34.587Z [LOG] [parse_extracted_emails.js] Parsed: parsed-INBOX-uid-6917.json
2026-04-21T03:57:34.587Z [LOG] [parse_extracted_emails.js] Parsed: parsed-INBOX-uid-6918.json
2026-04-21T03:57:34.587Z [LOG] [parse_extracted_emails.js] Parsed: parsed-INBOX-uid-6919.json
2026-04-21T03:57:34.587Z [LOG] [parse_extracted_emails.js] Parsed: parsed-INBOX-uid-6920.json
2026-04-21T03:57:34.587Z [LOG] [parse_extracted_emails.js] Parsed: parsed-INBOX-uid-6921.json
2026-04-21T03:57:34.587Z [LOG] [parse_extracted_emails.js] Parsed: parsed-INBOX-uid-6922.json
2026-04-21T03:57:34.587Z [LOG] [parse_extracted_emails.js] Parsed: parsed-INBOX-uid-6923.json
2026-04-21T03:57:34.587Z [LOG] [parse_extracted_emails.js] Parsed: parsed-INBOX-uid-6924.json
2026-04-21T03:57:34.587Z [LOG] [parse_extracted_emails.js] Parsed: parsed-INBOX-uid-6925.json
2026-04-21T03:57:34.587Z [LOG] [parse_extracted_emails.js] Parsed: parsed-INBOX-uid-6926.json
2026-04-21T03:57:34.587Z [LOG] [parse_extracted_emails.js] Parsed: parsed-INBOX-uid-6927.json
2026-04-21T03:57:34.587Z [LOG] [parse_extracted_emails.js] Parsed: parsed-INBOX-uid-6928.json
2026-04-21T03:57:34.587Z [LOG] [parse_extracted_emails.js] Parsed: parsed-INBOX-uid-6929.json
2026-04-21T03:57:34.587Z [LOG] [parse_extracted_emails.js] Parsed: parsed-INBOX-uid-6930.json
2026-04-21T03:57:34.587Z [LOG] [parse_extracted_emails.js] Parsed: parsed-INBOX-uid-6931.json
2026-04-21T03:57:34.587Z [LOG] [parse_extracted_emails.js] Parsed: parsed-INBOX-uid-6932.json
2026-04-21T03:57:34.587Z [LOG] [parse_extracted_emails.js] Parsed: parsed-INBOX-uid-6933.json
2026-04-21T03:57:34.587Z [LOG] [parse_extracted_emails.js] Parsed: parsed-INBOX-uid-6934.json
2026-04-21T03:57:34.587Z [LOG] [parse_extracted_emails.js] Parsed: parsed-INBOX-uid-6935.json
2026-04-21T03:57:34.587Z [LOG] [parse_extracted_emails.js] Parsed: parsed-INBOX-uid-6936.json
2026-04-21T03:57:34.587Z [LOG] [parse_extracted_emails.js] Parsed: parsed-INBOX-uid-6937.json
2026-04-21T03:57:34.587Z [LOG] [parse_extracted_emails.js] Parsed: parsed-INBOX-uid-6938.json
2026-04-21T03:57:34.587Z [LOG] [parse_extracted_emails.js] Parsed: parsed-INBOX-uid-6939.json
2026-04-21T03:57:34.587Z [LOG] [parse_extracted_emails.js] Parsed: parsed-INBOX-uid-6940.json
2026-04-21T03:57:34.587Z [LOG] [parse_extracted_emails.js] Parsed: parsed-INBOX-uid-6941.json
2026-04-21T03:57:34.587Z [LOG] [parse_extracted_emails.js] Parsed: parsed-INBOX-uid-6942.json
2026-04-21T03:57:34.587Z [LOG] [parse_extracted_emails.js] Parsed: parsed-INBOX-uid-6943.json
2026-04-21T03:57:34.587Z [LOG] [parse_extracted_emails.js] Parsed: parsed-INBOX-uid-6945.json
2026-04-21T03:57:34.587Z [LOG] [parse_extracted_emails.js] Parsed: parsed-INBOX-uid-6946.json
2026-04-21T03:57:34.587Z [LOG] [parse_extracted_emails.js] Parsed: parsed-INBOX-uid-6947.json
2026-04-21T03:57:34.587Z [LOG] [parse_extracted_emails.js] Parsed: parsed-INBOX-uid-6948.json
2026-04-21T03:57:34.587Z [LOG] [parse_extracted_emails.js] Parsed: parsed-INBOX-uid-6949.json
2026-04-21T03:57:34.587Z [LOG] [parse_extracted_emails.js] Parsed: parsed-INBOX-uid-6950.json
2026-04-21T03:57:34.587Z [LOG] [parse_extracted_emails.js] Parsed: parsed-INBOX-uid-6951.json
2026-04-21T03:57:34.587Z [LOG] [parse_extracted_emails.js] Parsed: parsed-INBOX-uid-6952.json
2026-04-21T03:57:34.587Z [LOG] [parse_extracted_emails.js] Parsed: parsed-INBOX-uid-6953.json
2026-04-21T03:57:34.587Z [LOG] [parse_extracted_emails.js] Parsed: parsed-INBOX-uid-6954.json
2026-04-21T03:57:34.587Z [LOG] [parse_extracted_emails.js] Parsed: parsed-INBOX-uid-6955.json
2026-04-21T03:57:34.587Z [LOG] [parse_extracted_emails.js] Parsed: parsed-INBOX-uid-6956.json
2026-04-21T03:57:34.587Z [LOG] [parse_extracted_emails.js] Parsed: parsed-INBOX-uid-6957.json
2026-04-21T03:57:34.587Z [LOG] [parse_extracted_emails.js] Parsed: parsed-INBOX-uid-6958.json
2026-04-21T03:57:34.587Z [LOG] [parse_extracted_emails.js] Parsed: parsed-INBOX-uid-6959.json
2026-04-21T03:57:34.587Z [LOG] [parse_extracted_emails.js] Parsed: parsed-INBOX-uid-6960.json
2026-04-21T03:57:34.587Z [LOG] [parse_extracted_emails.js] Parsed: parsed-INBOX-uid-6961.json
2026-04-21T03:57:34.587Z [LOG] [parse_extracted_emails.js] Parsed: parsed-INBOX-uid-6962.json
2026-04-21T03:57:34.587Z [LOG] [parse_extracted_emails.js] Parsed: parsed-INBOX-uid-6963.json
2026-04-21T03:57:34.587Z [LOG] [parse_extracted_emails.js] Parsed: parsed-INBOX-uid-6964.json
2026-04-21T03:57:34.587Z [LOG] [parse_extracted_emails.js] Parsed: parsed-INBOX-uid-6965.json
2026-04-21T03:57:34.587Z [LOG] [parse_extracted_emails.js] Parsed: parsed-INBOX-uid-6966.json
2026-04-21T03:57:34.587Z [LOG] [parse_extracted_emails.js] Parsed: parsed-INBOX-uid-6967.json
2026-04-21T03:57:34.587Z [LOG] [parse_extracted_emails.js] Parsed: parsed-INBOX-uid-6968.json
2026-04-21T03:57:34.587Z [LOG] [parse_extracted_emails.js] Parsed: parsed-INBOX-uid-6969.json
2026-04-21T03:57:34.587Z [LOG] [parse_extracted_emails.js] Parsed: parsed-INBOX-uid-6970.json
2026-04-21T03:57:34.587Z [LOG] [parse_extracted_emails.js] Parsed: parsed-INBOX-uid-6971.json
2026-04-21T03:57:34.587Z [LOG] [parse_extracted_emails.js] Parsed: parsed-INBOX-uid-6972.json
2026-04-21T03:57:34.587Z [LOG] [parse_extracted_emails.js] Parsed: parsed-INBOX-uid-6973.json
2026-04-21T03:57:34.587Z [LOG] [parse_extracted_emails.js] Parsed: parsed-INBOX-uid-6974.json
2026-04-21T03:57:34.587Z [LOG] [parse_extracted_emails.js] Parsed: parsed-INBOX-uid-6975.json
2026-04-21T03:57:34.587Z [LOG] [parse_extracted_emails.js] Parsed: parsed-INBOX-uid-6976.json
2026-04-21T03:57:34.587Z [LOG] [parse_extracted_emails.js] Parsed: parsed-INBOX-uid-6977.json
2026-04-21T03:57:34.588Z [LOG] [parse_extracted_emails.js] Parsed: parsed-INBOX-uid-6978.json
2026-04-21T03:57:34.588Z [LOG] [parse_extracted_emails.js] Parsed: parsed-INBOX-uid-6979.json
2026-04-21T03:57:34.588Z [LOG] [parse_extracted_emails.js] Parsed: parsed-INBOX-uid-6980.json
2026-04-21T03:57:34.588Z [LOG] [parse_extracted_emails.js] Parsed: parsed-INBOX-uid-6981.json
2026-04-21T03:57:34.588Z [LOG] [parse_extracted_emails.js] Parsed: parsed-INBOX-uid-6982.json
2026-04-21T03:57:34.588Z [LOG] [parse_extracted_emails.js] Parsed: parsed-INBOX-uid-6983.json
2026-04-21T03:57:34.588Z [LOG] [parse_extracted_emails.js] Parsed: parsed-INBOX-uid-6984.json
2026-04-21T03:57:34.588Z [LOG] [parse_extracted_emails.js] Parsed: parsed-INBOX-uid-6985.json
2026-04-21T03:57:34.588Z [LOG] [parse_extracted_emails.js] Parsed: parsed-INBOX-uid-6986.json
2026-04-21T03:57:34.588Z [LOG] [parse_extracted_emails.js] Parsed: parsed-INBOX-uid-6987.json
2026-04-21T03:57:34.588Z [LOG] [parse_extracted_emails.js] Parsed: parsed-INBOX-uid-6988.json
2026-04-21T03:57:34.588Z [LOG] [parse_extracted_emails.js] Parsed: parsed-INBOX-uid-6989.json
2026-04-21T03:57:34.588Z [LOG] [parse_extracted_emails.js] Parsed: parsed-INBOX-uid-6990.json
2026-04-21T03:57:34.588Z [LOG] [parse_extracted_emails.js] Parsed: parsed-INBOX-uid-6991.json
2026-04-21T03:57:34.588Z [LOG] [parse_extracted_emails.js] Parsed: parsed-INBOX-uid-6992.json
2026-04-21T03:57:34.588Z [LOG] [parse_extracted_emails.js] Parsed: parsed-INBOX-uid-6993.json
2026-04-21T03:57:34.588Z [LOG] [parse_extracted_emails.js] Parsed: parsed-INBOX-uid-6996.json
2026-04-21T03:57:34.588Z [LOG] [parse_extracted_emails.js] Parsed: parsed-INBOX-uid-7006.json
2026-04-21T03:57:34.588Z [LOG] [parse_extracted_emails.js] Parsed: parsed-INBOX-uid-7007.json
2026-04-21T03:57:34.588Z [LOG] [parse_extracted_emails.js] Parsed: parsed-INBOX-uid-7008.json
2026-04-21T03:57:34.588Z [LOG] [parse_extracted_emails.js] Parsed: parsed-INBOX-uid-7009.json
2026-04-21T03:57:34.588Z [LOG] [parse_extracted_emails.js] Parsed: parsed-INBOX-uid-7010.json
2026-04-21T03:57:34.588Z [LOG] [parse_extracted_emails.js] Parsed: parsed-INBOX-uid-7011.json
2026-04-21T03:57:34.588Z [LOG] [parse_extracted_emails.js] Parsed: parsed-INBOX-uid-7012.json
2026-04-21T03:57:34.588Z [LOG] [parse_extracted_emails.js] Parsed: parsed-INBOX-uid-7013.json
2026-04-21T03:57:34.588Z [LOG] [parse_extracted_emails.js] Parsed: parsed-INBOX-uid-7014.json
2026-04-21T03:57:34.588Z [LOG] [parse_extracted_emails.js] Parsed: parsed-INBOX-uid-7015.json
2026-04-21T03:57:34.588Z [LOG] [parse_extracted_emails.js] Parsed: parsed-INBOX-uid-7016.json
2026-04-21T03:57:34.588Z [LOG] [parse_extracted_emails.js] Parsed: parsed-INBOX-uid-7017.json
2026-04-21T03:57:34.588Z [LOG] [parse_extracted_emails.js] Parsed: parsed-INBOX-uid-7018.json
2026-04-21T03:57:34.588Z [LOG] [parse_extracted_emails.js] Parsed: parsed-INBOX-uid-7019.json
2026-04-21T03:57:34.588Z [LOG] [parse_extracted_emails.js] Parsed: parsed-INBOX-uid-7020.json
2026-04-21T03:57:34.588Z [LOG] [parse_extracted_emails.js] Parsed: parsed-INBOX-uid-7021.json
2026-04-21T03:57:34.588Z [LOG] [parse_extracted_emails.js] Parsed: parsed-INBOX-uid-7022.json
2026-04-21T03:57:34.588Z [LOG] [parse_extracted_emails.js] Parsed: parsed-INBOX-uid-7023.json
2026-04-21T03:57:34.588Z [LOG] [parse_extracted_emails.js] Parsed: parsed-INBOX-uid-7024.json
2026-04-21T03:57:34.588Z [LOG] [parse_extracted_emails.js] Parsed: parsed-INBOX-uid-7025.json
2026-04-21T03:57:34.588Z [LOG] [parse_extracted_emails.js] Parsed: parsed-INBOX-uid-7026.json
2026-04-21T03:57:34.588Z [LOG] [parse_extracted_emails.js] Parsed: parsed-INBOX-uid-7028.json
2026-04-21T03:57:34.588Z [LOG] [parse_extracted_emails.js] Parsed: parsed-INBOX-uid-7029.json
2026-04-21T03:57:34.588Z [LOG] [parse_extracted_emails.js] Parsed: parsed-INBOX-uid-7030.json
2026-04-21T03:57:34.588Z [LOG] [parse_extracted_emails.js] Parsed: parsed-INBOX-uid-7031.json
2026-04-21T03:57:34.588Z [LOG] [parse_extracted_emails.js] Parsed: parsed-INBOX-uid-7032.json
2026-04-21T03:57:34.588Z [LOG] [parse_extracted_emails.js] Parsed: parsed-INBOX-uid-7033.json
2026-04-21T03:57:34.588Z [LOG] [parse_extracted_emails.js] Parsed: parsed-INBOX-uid-7034.json
2026-04-21T03:57:34.588Z [LOG] [parse_extracted_emails.js] Parsed: parsed-INBOX-uid-7035.json
2026-04-21T03:57:34.588Z [LOG] [parse_extracted_emails.js] Parsed: parsed-INBOX-uid-7036.json
2026-04-21T03:57:34.588Z [LOG] [parse_extracted_emails.js] Parsed: parsed-INBOX-uid-7037.json
2026-04-21T03:57:34.588Z [LOG] [parse_extracted_emails.js] Parsed: parsed-INBOX-uid-7038.json
2026-04-21T03:57:34.588Z [LOG] [parse_extracted_emails.js] Parsed: parsed-INBOX-uid-7040.json
2026-04-21T03:57:34.588Z [LOG] [parse_extracted_emails.js] Parsed: parsed-INBOX-uid-7049.json
2026-04-21T03:57:34.588Z [LOG] [parse_extracted_emails.js] Parsed: parsed-INBOX-uid-7050.json
2026-04-21T03:57:34.588Z [LOG] [parse_extracted_emails.js] Parsed: parsed-INBOX-uid-7051.json
2026-04-21T03:57:34.588Z [LOG] [parse_extracted_emails.js] Parsed: parsed-INBOX-uid-7052.json
2026-04-21T03:57:34.588Z [LOG] [parse_extracted_emails.js] Parsed: parsed-INBOX-uid-7053.json
2026-04-21T03:57:34.588Z [LOG] [parse_extracted_emails.js] Parsed: parsed-INBOX-uid-7054.json
2026-04-21T03:57:34.588Z [LOG] [parse_extracted_emails.js] Parsed: parsed-INBOX-uid-7055.json
2026-04-21T03:57:34.588Z [LOG] [parse_extracted_emails.js] Parsed: parsed-INBOX-uid-7056.json
2026-04-21T03:57:34.588Z [LOG] [parse_extracted_emails.js] Parsed: parsed-INBOX-uid-7057.json
2026-04-21T03:57:34.588Z [LOG] [parse_extracted_emails.js] Parsed: parsed-INBOX-uid-7058.json
2026-04-21T03:57:34.588Z [LOG] [parse_extracted_emails.js] Parsed: parsed-INBOX-uid-7059.json
2026-04-21T03:57:34.588Z [LOG] [parse_extracted_emails.js] Parsed: parsed-INBOX-uid-7060.json
2026-04-21T03:57:34.588Z [LOG] [parse_extracted_emails.js] Parsed: parsed-INBOX-uid-7061.json
2026-04-21T03:57:34.588Z [LOG] [parse_extracted_emails.js] Parsed: parsed-INBOX-uid-7062.json
2026-04-21T03:57:34.588Z [LOG] [parse_extracted_emails.js] Parsed: parsed-INBOX-uid-7063.json
2026-04-21T03:57:34.563Z [LOG] parse summary: total=1870, parsed=1621, alreadyParsed=0, missingFields=249, invalidMessageType=0, missingParser=0, parseErrors=6
2026-04-21T03:57:34.588Z [LOG] [parse_extracted_emails.js] done
2026-04-21T03:57:34.589Z [LOG] [pipeline #1] new emails parsed: 1621
2026-04-21T03:57:34.589Z [LOG] [build_cfs_csv_mawb.js] starting…
2026-04-21T03:57:34.807Z [LOG] Written 401 rows to CFS_mawb.csv
2026-04-21T03:57:34.810Z [LOG]   Rows with no FFM match (no flight data): 3
2026-04-21T03:57:34.815Z [LOG] [build_cfs_csv_mawb.js] done
2026-04-21T03:57:34.815Z [LOG] [build_cfs_csv_uld.js] starting…
2026-04-21T03:57:35.007Z [LOG] [build_cfs_csv_uld.js] Written 721 rows to /home/wesleywu9/tolead/NCAParser/server/data/outputs/parsed_tables/CFS_uld.csv
2026-04-21T03:57:35.007Z [LOG] [build_cfs_csv_uld.js]   Rows with no FFM match: 3
2026-04-21T03:57:35.007Z [LOG] [build_cfs_csv_uld.js]   Extra rows from MAWBs split across multiple ULDs: 320
2026-04-21T03:57:35.007Z [LOG] [build_cfs_csv_uld.js] done
2026-04-21T03:57:35.007Z [LOG] [build_cfs_csv_hawb.js] starting…
2026-04-21T03:57:35.228Z [LOG] Written 812 rows to CFS_hawb.csv
2026-04-21T03:57:35.230Z [LOG]   HAWB rows: 719
2026-04-21T03:57:35.230Z [LOG]   MAWB-only rows: 93
2026-04-21T03:57:35.236Z [LOG] [build_cfs_csv_hawb.js] done
2026-04-21T03:57:35.236Z [LOG] [upload_tables_to_sheets.js] starting…
2026-04-21T03:57:35.295Z [LOG] [mawb] Clearing 'CFS_by_MAWB'!A:AZ …
2026-04-21T03:57:35.904Z [LOG] [mawb] Writing 402 rows → 'CFS_by_MAWB'!A1 …
2026-04-21T03:57:38.153Z [LOG] [mawb] Applied sheet formatting and sorting
2026-04-21T03:57:38.153Z [LOG] [mawb] Done — 401 data rows uploaded.
2026-04-21T03:57:38.155Z [LOG] [uld] Clearing 'CFS_by_ULD'!A:AZ …
2026-04-21T03:57:38.676Z [LOG] [uld] Writing 722 rows → 'CFS_by_ULD'!A1 …
2026-04-21T03:57:41.196Z [LOG] [uld] Applied sheet formatting and sorting
2026-04-21T03:57:42.427Z [LOG] [uld] Applied ULD grouping formatting (641 ULD blocks)
2026-04-21T03:57:42.427Z [LOG] [uld] Done — 721 data rows uploaded.
2026-04-21T03:57:42.432Z [LOG] [hawb] Clearing 'CFS_by_HAWB'!A:AZ …
2026-04-21T03:57:43.088Z [LOG] [hawb] Writing 813 rows → 'CFS_by_HAWB'!A1 …
2026-04-21T03:57:44.932Z [LOG] [hawb] Applied sheet formatting and sorting
2026-04-21T03:57:45.681Z [LOG] [hawb] Applied MAWB grouping formatting (402 MAWB blocks)
2026-04-21T03:57:45.681Z [LOG] [hawb] Done — 812 data rows uploaded.
2026-04-21T03:57:45.689Z [LOG] [upload_tables_to_sheets.js] done
2026-04-21T03:57:45.689Z [LOG] [pipeline #1] pipeline complete
2026-04-21T04:00:06.842Z [LOG] Pipeline polling every 300s. Press Ctrl+C to stop.
2026-04-21T04:00:06.845Z [LOG] ────────────────────────────────────────────────────────────
2026-04-21T04:00:06.845Z [LOG] [pipeline #1] 2026-04-21T04:00:06.845Z
2026-04-21T04:00:06.845Z [LOG] [extract_emails.js] starting…
2026-04-21T04:00:10.443Z [LOG] extracted 0 email(s) this run
2026-04-21T04:00:10.704Z [LOG] extraction finished
2026-04-21T04:00:10.713Z [LOG] [extract_emails.js] done
2026-04-21T04:00:10.713Z [LOG] [pipeline #1] new emails extracted: 0
2026-04-21T04:00:10.713Z [LOG] [parse_extracted_emails.js] starting…
2026-04-21T04:00:10.777Z [LOG] parse summary: total=1870, parsed=0, alreadyParsed=1621, missingFields=249, invalidMessageType=0, missingParser=0, parseErrors=0
2026-04-21T04:00:10.783Z [LOG] [parse_extracted_emails.js] done
2026-04-21T04:00:10.783Z [LOG] [pipeline #1] new emails parsed: 0
2026-04-21T04:00:10.784Z [LOG] [pipeline #1] no new data — skipping CSV rebuild and Sheets upload
2026-04-21T04:05:10.802Z [LOG] ────────────────────────────────────────────────────────────
2026-04-21T04:05:10.802Z [LOG] [pipeline #2] 2026-04-21T04:05:10.802Z
2026-04-21T04:05:10.802Z [LOG] [extract_emails.js] starting…
2026-04-21T04:05:14.576Z [LOG] extracted 0 email(s) this run
2026-04-21T04:05:14.837Z [LOG] extraction finished
2026-04-21T04:05:14.846Z [LOG] [extract_emails.js] done
2026-04-21T04:05:14.846Z [LOG] [pipeline #2] new emails extracted: 0
2026-04-21T04:05:14.847Z [LOG] [parse_extracted_emails.js] starting…
2026-04-21T04:05:14.922Z [LOG] parse summary: total=1870, parsed=0, alreadyParsed=1621, missingFields=249, invalidMessageType=0, missingParser=0, parseErrors=0
2026-04-21T04:05:14.928Z [LOG] [parse_extracted_emails.js] done
2026-04-21T04:05:14.928Z [LOG] [pipeline #2] new emails parsed: 0
2026-04-21T04:05:14.928Z [LOG] [pipeline #2] no new data — skipping CSV rebuild and Sheets upload
2026-04-21T04:10:10.806Z [LOG] ────────────────────────────────────────────────────────────
2026-04-21T04:10:10.806Z [LOG] [pipeline #3] 2026-04-21T04:10:10.806Z
2026-04-21T04:10:10.806Z [LOG] [extract_emails.js] starting…
2026-04-21T04:10:14.255Z [LOG] extracted 0 email(s) this run
2026-04-21T04:10:14.490Z [LOG] extraction finished
2026-04-21T04:10:14.498Z [LOG] [extract_emails.js] done
2026-04-21T04:10:14.499Z [LOG] [pipeline #3] new emails extracted: 0
2026-04-21T04:10:14.499Z [LOG] [parse_extracted_emails.js] starting…
2026-04-21T04:10:14.561Z [LOG] parse summary: total=1870, parsed=0, alreadyParsed=1621, missingFields=249, invalidMessageType=0, missingParser=0, parseErrors=0
2026-04-21T04:10:14.567Z [LOG] [parse_extracted_emails.js] done
2026-04-21T04:10:14.567Z [LOG] [pipeline #3] new emails parsed: 0
2026-04-21T04:10:14.567Z [LOG] [pipeline #3] no new data — skipping CSV rebuild and Sheets upload
2026-04-21T04:12:16.960Z [WARN] Received SIGINT; shutting down pipeline...
2026-04-21T04:19:04.499Z [LOG] ────────────────────────────────────────────────────────────
2026-04-21T04:19:04.502Z [LOG] [pipeline #1] 2026-04-21T04:19:04.502Z
2026-04-21T04:19:04.502Z [LOG] [extract_emails.js] starting…
2026-04-21T04:19:07.972Z [LOG] extracted 0 email(s) this run
2026-04-21T04:19:08.241Z [LOG] extraction finished
2026-04-21T04:19:08.251Z [LOG] [extract_emails.js] done
2026-04-21T04:19:08.252Z [LOG] [pipeline #1] new emails extracted: 0
2026-04-21T04:19:08.252Z [LOG] [parse_extracted_emails.js] starting…
2026-04-21T04:19:37.135Z [LOG] [parse_extracted_emails.js] Parsed: parsed-INBOX-uid-1001.json
2026-04-21T04:19:37.135Z [LOG] [parse_extracted_emails.js] Parsed: parsed-INBOX-uid-1002.json
2026-04-21T04:19:37.135Z [LOG] [parse_extracted_emails.js] Parsed: parsed-INBOX-uid-1004.json
2026-04-21T04:19:37.136Z [LOG] [parse_extracted_emails.js] Parsed: parsed-INBOX-uid-1005.json
2026-04-21T04:19:37.136Z [LOG] [parse_extracted_emails.js] Parsed: parsed-INBOX-uid-1006.json
2026-04-21T04:19:37.136Z [LOG] [parse_extracted_emails.js] Parsed: parsed-INBOX-uid-1007.json
2026-04-21T04:19:37.136Z [LOG] [parse_extracted_emails.js] Parsed: parsed-INBOX-uid-1008.json
2026-04-21T04:19:37.136Z [LOG] [parse_extracted_emails.js] Parsed: parsed-INBOX-uid-1009.json
2026-04-21T04:19:37.136Z [LOG] [parse_extracted_emails.js] Parsed: parsed-INBOX-uid-1010.json
2026-04-21T04:19:37.136Z [LOG] [parse_extracted_emails.js] Parsed: parsed-INBOX-uid-1014.json
2026-04-21T04:19:37.136Z [LOG] [parse_extracted_emails.js] Parsed: parsed-INBOX-uid-1020.json
2026-04-21T04:19:37.136Z [LOG] [parse_extracted_emails.js] Parsed: parsed-INBOX-uid-1021.json
2026-04-21T04:19:37.136Z [LOG] [parse_extracted_emails.js] Parsed: parsed-INBOX-uid-1022.json
2026-04-21T04:19:37.136Z [LOG] [parse_extracted_emails.js] Parsed: parsed-INBOX-uid-1023.json
2026-04-21T04:19:37.136Z [LOG] [parse_extracted_emails.js] Parsed: parsed-INBOX-uid-1264.json
2026-04-21T04:19:37.136Z [LOG] [parse_extracted_emails.js] Parsed: parsed-INBOX-uid-1265.json
2026-04-21T04:19:37.136Z [LOG] [parse_extracted_emails.js] Parsed: parsed-INBOX-uid-1266.json
2026-04-21T04:19:37.136Z [LOG] [parse_extracted_emails.js] Parsed: parsed-INBOX-uid-1339.json
2026-04-21T04:19:37.136Z [LOG] [parse_extracted_emails.js] Parsed: parsed-INBOX-uid-1340.json
2026-04-21T04:19:37.136Z [LOG] [parse_extracted_emails.js] Parsed: parsed-INBOX-uid-1341.json
2026-04-21T04:19:37.136Z [LOG] [parse_extracted_emails.js] Parsed: parsed-INBOX-uid-1342.json
2026-04-21T04:19:37.136Z [LOG] [parse_extracted_emails.js] Parsed: parsed-INBOX-uid-1343.json
2026-04-21T04:19:37.136Z [LOG] [parse_extracted_emails.js] Parsed: parsed-INBOX-uid-1344.json
2026-04-21T04:19:37.136Z [LOG] [parse_extracted_emails.js] Parsed: parsed-INBOX-uid-1345.json
2026-04-21T04:19:37.136Z [LOG] [parse_extracted_emails.js] Parsed: parsed-INBOX-uid-1346.json
2026-04-21T04:19:37.136Z [LOG] [parse_extracted_emails.js] Parsed: parsed-INBOX-uid-1347.json
2026-04-21T04:19:37.136Z [LOG] [parse_extracted_emails.js] Parsed: parsed-INBOX-uid-1348.json
2026-04-21T04:19:37.136Z [LOG] [parse_extracted_emails.js] Parsed: parsed-INBOX-uid-1349.json
2026-04-21T04:19:37.136Z [LOG] [parse_extracted_emails.js] Parsed: parsed-INBOX-uid-1350.json
2026-04-21T04:19:37.136Z [LOG] [parse_extracted_emails.js] Parsed: parsed-INBOX-uid-1351.json
2026-04-21T04:19:37.136Z [LOG] [parse_extracted_emails.js] Parsed: parsed-INBOX-uid-1352.json
2026-04-21T04:19:37.136Z [LOG] [parse_extracted_emails.js] Parsed: parsed-INBOX-uid-1353.json
2026-04-21T04:19:37.136Z [LOG] [parse_extracted_emails.js] Parsed: parsed-INBOX-uid-1354.json
2026-04-21T04:19:37.136Z [LOG] [parse_extracted_emails.js] Parsed: parsed-INBOX-uid-1407.json
2026-04-21T04:19:37.137Z [LOG] [parse_extracted_emails.js] Parsed: parsed-INBOX-uid-1408.json
2026-04-21T04:19:37.137Z [LOG] [parse_extracted_emails.js] Parsed: parsed-INBOX-uid-1409.json
2026-04-21T04:19:37.137Z [LOG] [parse_extracted_emails.js] Parsed: parsed-INBOX-uid-1410.json
2026-04-21T04:19:37.137Z [LOG] [parse_extracted_emails.js] Parsed: parsed-INBOX-uid-1411.json
2026-04-21T04:19:37.137Z [LOG] [parse_extracted_emails.js] Parsed: parsed-INBOX-uid-1412.json
2026-04-21T04:19:37.137Z [LOG] [parse_extracted_emails.js] Parsed: parsed-INBOX-uid-1413.json
2026-04-21T04:19:37.137Z [LOG] [parse_extracted_emails.js] Parsed: parsed-INBOX-uid-1414.json
2026-04-21T04:19:37.137Z [LOG] [parse_extracted_emails.js] Parsed: parsed-INBOX-uid-1415.json
2026-04-21T04:19:37.137Z [LOG] [parse_extracted_emails.js] Parsed: parsed-INBOX-uid-1416.json
2026-04-21T04:19:37.137Z [LOG] [parse_extracted_emails.js] Parsed: parsed-INBOX-uid-1417.json
2026-04-21T04:19:37.137Z [LOG] [parse_extracted_emails.js] Parsed: parsed-INBOX-uid-1923.json
2026-04-21T04:19:37.137Z [LOG] [parse_extracted_emails.js] Parsed: parsed-INBOX-uid-1924.json
2026-04-21T04:19:37.137Z [LOG] [parse_extracted_emails.js] Parsed: parsed-INBOX-uid-1925.json
2026-04-21T04:19:37.137Z [LOG] [parse_extracted_emails.js] Parsed: parsed-INBOX-uid-1926.json
2026-04-21T04:19:37.137Z [LOG] [parse_extracted_emails.js] Parsed: parsed-INBOX-uid-1927.json
2026-04-21T04:19:37.137Z [LOG] [parse_extracted_emails.js] Parsed: parsed-INBOX-uid-1939.json
2026-04-21T04:19:37.137Z [LOG] [parse_extracted_emails.js] Parsed: parsed-INBOX-uid-1940.json
2026-04-21T04:19:37.137Z [LOG] [parse_extracted_emails.js] Parsed: parsed-INBOX-uid-1941.json
2026-04-21T04:19:37.137Z [LOG] [parse_extracted_emails.js] Parsed: parsed-INBOX-uid-1942.json
2026-04-21T04:19:37.137Z [LOG] [parse_extracted_emails.js] Parsed: parsed-INBOX-uid-1943.json
2026-04-21T04:19:37.137Z [LOG] [parse_extracted_emails.js] Parsed: parsed-INBOX-uid-1945.json
2026-04-21T04:19:37.137Z [LOG] [parse_extracted_emails.js] Parsed: parsed-INBOX-uid-1946.json
2026-04-21T04:19:37.137Z [LOG] [parse_extracted_emails.js] Parsed: parsed-INBOX-uid-1947.json
2026-04-21T04:19:37.137Z [LOG] [parse_extracted_emails.js] Parsed: parsed-INBOX-uid-1948.json
2026-04-21T04:19:37.137Z [LOG] [parse_extracted_emails.js] Parsed: parsed-INBOX-uid-1949.json
2026-04-21T04:19:37.137Z [LOG] [parse_extracted_emails.js] Parsed: parsed-INBOX-uid-1950.json
2026-04-21T04:19:37.137Z [LOG] [parse_extracted_emails.js] Parsed: parsed-INBOX-uid-1951.json
2026-04-21T04:19:37.137Z [LOG] [parse_extracted_emails.js] Parsed: parsed-INBOX-uid-1952.json
2026-04-21T04:19:37.137Z [LOG] [parse_extracted_emails.js] Parsed: parsed-INBOX-uid-1953.json
2026-04-21T04:19:37.137Z [LOG] [parse_extracted_emails.js] Parsed: parsed-INBOX-uid-1954.json
2026-04-21T04:19:37.137Z [LOG] [parse_extracted_emails.js] Parsed: parsed-INBOX-uid-1955.json
2026-04-21T04:19:37.137Z [LOG] [parse_extracted_emails.js] Parsed: parsed-INBOX-uid-1956.json
2026-04-21T04:19:37.137Z [LOG] [parse_extracted_emails.js] Parsed: parsed-INBOX-uid-1957.json
2026-04-21T04:19:37.137Z [LOG] [parse_extracted_emails.js] Parsed: parsed-INBOX-uid-1958.json
2026-04-21T04:19:37.137Z [LOG] [parse_extracted_emails.js] Parsed: parsed-INBOX-uid-1959.json
2026-04-21T04:19:37.138Z [LOG] [parse_extracted_emails.js] Parsed: parsed-INBOX-uid-1960.json
2026-04-21T04:19:37.138Z [LOG] [parse_extracted_emails.js] Parsed: parsed-INBOX-uid-1961.json
2026-04-21T04:19:37.138Z [LOG] [parse_extracted_emails.js] Parsed: parsed-INBOX-uid-1962.json
2026-04-21T04:19:37.138Z [LOG] [parse_extracted_emails.js] Parsed: parsed-INBOX-uid-1963.json
2026-04-21T04:19:37.138Z [LOG] [parse_extracted_emails.js] Parsed: parsed-INBOX-uid-1964.json
2026-04-21T04:19:37.138Z [LOG] [parse_extracted_emails.js] Parsed: parsed-INBOX-uid-1965.json
2026-04-21T04:19:37.138Z [LOG] [parse_extracted_emails.js] Parsed: parsed-INBOX-uid-1966.json
2026-04-21T04:19:37.138Z [LOG] [parse_extracted_emails.js] Parsed: parsed-INBOX-uid-1967.json
2026-04-21T04:19:37.138Z [LOG] [parse_extracted_emails.js] Parsed: parsed-INBOX-uid-1968.json
2026-04-21T04:19:37.138Z [LOG] [parse_extracted_emails.js] Parsed: parsed-INBOX-uid-1969.json
2026-04-21T04:19:37.138Z [LOG] [parse_extracted_emails.js] Parsed: parsed-INBOX-uid-1970.json
2026-04-21T04:19:37.138Z [LOG] [parse_extracted_emails.js] Parsed: parsed-INBOX-uid-1971.json
2026-04-21T04:19:37.138Z [LOG] [parse_extracted_emails.js] Parsed: parsed-INBOX-uid-1972.json
2026-04-21T04:19:37.138Z [LOG] [parse_extracted_emails.js] Parsed: parsed-INBOX-uid-1973.json
2026-04-21T04:19:37.138Z [LOG] [parse_extracted_emails.js] Parsed: parsed-INBOX-uid-3287.json
2026-04-21T04:19:37.138Z [LOG] [parse_extracted_emails.js] Parsed: parsed-INBOX-uid-3478.json
2026-04-21T04:19:37.138Z [LOG] [parse_extracted_emails.js] Parsed: parsed-INBOX-uid-3479.json
2026-04-21T04:19:37.138Z [LOG] [parse_extracted_emails.js] Parsed: parsed-INBOX-uid-3480.json
2026-04-21T04:19:37.138Z [LOG] [parse_extracted_emails.js] Parsed: parsed-INBOX-uid-3481.json
2026-04-21T04:19:37.138Z [LOG] [parse_extracted_emails.js] Parsed: parsed-INBOX-uid-3482.json
2026-04-21T04:19:37.138Z [LOG] [parse_extracted_emails.js] Parsed: parsed-INBOX-uid-3483.json
2026-04-21T04:19:37.138Z [LOG] [parse_extracted_emails.js] Parsed: parsed-INBOX-uid-3484.json
2026-04-21T04:19:37.138Z [LOG] [parse_extracted_emails.js] Parsed: parsed-INBOX-uid-3485.json
2026-04-21T04:19:37.138Z [LOG] [parse_extracted_emails.js] Parsed: parsed-INBOX-uid-3486.json
2026-04-21T04:19:37.138Z [LOG] [parse_extracted_emails.js] Parsed: parsed-INBOX-uid-3487.json
2026-04-21T04:19:37.138Z [LOG] [parse_extracted_emails.js] Parsed: parsed-INBOX-uid-3488.json
2026-04-21T04:19:37.138Z [LOG] [parse_extracted_emails.js] Parsed: parsed-INBOX-uid-3489.json
2026-04-21T04:19:37.138Z [LOG] [parse_extracted_emails.js] Parsed: parsed-INBOX-uid-3490.json
2026-04-21T04:19:37.138Z [LOG] [parse_extracted_emails.js] Parsed: parsed-INBOX-uid-3491.json
2026-04-21T04:19:37.138Z [LOG] [parse_extracted_emails.js] Parsed: parsed-INBOX-uid-3492.json
2026-04-21T04:19:37.138Z [LOG] [parse_extracted_emails.js] Parsed: parsed-INBOX-uid-3493.json
2026-04-21T04:19:37.138Z [LOG] [parse_extracted_emails.js] Parsed: parsed-INBOX-uid-3494.json
2026-04-21T04:19:37.138Z [LOG] [parse_extracted_emails.js] Parsed: parsed-INBOX-uid-3495.json
2026-04-21T04:19:37.138Z [LOG] [parse_extracted_emails.js] Parsed: parsed-INBOX-uid-3496.json
2026-04-21T04:19:37.138Z [LOG] [parse_extracted_emails.js] Parsed: parsed-INBOX-uid-3497.json
2026-04-21T04:19:37.139Z [LOG] [parse_extracted_emails.js] Parsed: parsed-INBOX-uid-4267.json
2026-04-21T04:19:37.139Z [LOG] [parse_extracted_emails.js] Parsed: parsed-INBOX-uid-4268.json
2026-04-21T04:19:37.139Z [LOG] [parse_extracted_emails.js] Parsed: parsed-INBOX-uid-4269.json
2026-04-21T04:19:37.139Z [LOG] [parse_extracted_emails.js] Parsed: parsed-INBOX-uid-4270.json
2026-04-21T04:19:37.139Z [LOG] [parse_extracted_emails.js] Parsed: parsed-INBOX-uid-4271.json
2026-04-21T04:19:37.139Z [LOG] [parse_extracted_emails.js] Parsed: parsed-INBOX-uid-4272.json
2026-04-21T04:19:37.139Z [LOG] [parse_extracted_emails.js] Parsed: parsed-INBOX-uid-4273.json
2026-04-21T04:19:37.139Z [LOG] [parse_extracted_emails.js] Parsed: parsed-INBOX-uid-4274.json
2026-04-21T04:19:37.139Z [LOG] [parse_extracted_emails.js] Parsed: parsed-INBOX-uid-4275.json
2026-04-21T04:19:37.139Z [LOG] [parse_extracted_emails.js] Parsed: parsed-INBOX-uid-4276.json
2026-04-21T04:19:37.139Z [LOG] [parse_extracted_emails.js] Parsed: parsed-INBOX-uid-4277.json
2026-04-21T04:19:37.139Z [LOG] [parse_extracted_emails.js] Parsed: parsed-INBOX-uid-4278.json
2026-04-21T04:19:37.139Z [LOG] [parse_extracted_emails.js] Parsed: parsed-INBOX-uid-4279.json
2026-04-21T04:19:37.139Z [LOG] [parse_extracted_emails.js] Parsed: parsed-INBOX-uid-4280.json
2026-04-21T04:19:37.139Z [LOG] [parse_extracted_emails.js] Parsed: parsed-INBOX-uid-4281.json
2026-04-21T04:19:37.139Z [LOG] [parse_extracted_emails.js] Parsed: parsed-INBOX-uid-4282.json
2026-04-21T04:19:37.139Z [LOG] [parse_extracted_emails.js] Parsed: parsed-INBOX-uid-4310.json
2026-04-21T04:19:37.139Z [LOG] [parse_extracted_emails.js] Parsed: parsed-INBOX-uid-4311.json
2026-04-21T04:19:37.139Z [LOG] [parse_extracted_emails.js] Parsed: parsed-INBOX-uid-4312.json
2026-04-21T04:19:37.139Z [LOG] [parse_extracted_emails.js] Parsed: parsed-INBOX-uid-4313.json
2026-04-21T04:19:37.139Z [LOG] [parse_extracted_emails.js] Parsed: parsed-INBOX-uid-4314.json
2026-04-21T04:19:37.139Z [LOG] [parse_extracted_emails.js] Parsed: parsed-INBOX-uid-4315.json
2026-04-21T04:19:37.139Z [LOG] [parse_extracted_emails.js] Parsed: parsed-INBOX-uid-4316.json
2026-04-21T04:19:37.139Z [LOG] [parse_extracted_emails.js] Parsed: parsed-INBOX-uid-4317.json
2026-04-21T04:19:37.139Z [LOG] [parse_extracted_emails.js] Parsed: parsed-INBOX-uid-4318.json
2026-04-21T04:19:37.139Z [LOG] [parse_extracted_emails.js] Parsed: parsed-INBOX-uid-4319.json
2026-04-21T04:19:37.139Z [LOG] [parse_extracted_emails.js] Parsed: parsed-INBOX-uid-4320.json
2026-04-21T04:19:37.139Z [LOG] [parse_extracted_emails.js] Parsed: parsed-INBOX-uid-4321.json
2026-04-21T04:19:37.139Z [LOG] [parse_extracted_emails.js] Parsed: parsed-INBOX-uid-4322.json
2026-04-21T04:19:37.139Z [LOG] [parse_extracted_emails.js] Parsed: parsed-INBOX-uid-4323.json
2026-04-21T04:19:37.139Z [LOG] [parse_extracted_emails.js] Parsed: parsed-INBOX-uid-4324.json
2026-04-21T04:19:37.139Z [LOG] [parse_extracted_emails.js] Parsed: parsed-INBOX-uid-4325.json
2026-04-21T04:19:37.139Z [LOG] [parse_extracted_emails.js] Parsed: parsed-INBOX-uid-4326.json
2026-04-21T04:19:37.139Z [LOG] [parse_extracted_emails.js] Parsed: parsed-INBOX-uid-4327.json
2026-04-21T04:19:37.139Z [LOG] [parse_extracted_emails.js] Parsed: parsed-INBOX-uid-4328.json
2026-04-21T04:19:37.139Z [LOG] [parse_extracted_emails.js] Parsed: parsed-INBOX-uid-4329.json
2026-04-21T04:19:37.139Z [LOG] [parse_extracted_emails.js] Parsed: parsed-INBOX-uid-4330.json
2026-04-21T04:19:37.139Z [LOG] [parse_extracted_emails.js] Parsed: parsed-INBOX-uid-4331.json
2026-04-21T04:19:37.139Z [LOG] [parse_extracted_emails.js] Parsed: parsed-INBOX-uid-4332.json
2026-04-21T04:19:37.139Z [LOG] [parse_extracted_emails.js] Parsed: parsed-INBOX-uid-4333.json
2026-04-21T04:19:37.139Z [LOG] [parse_extracted_emails.js] Parsed: parsed-INBOX-uid-4334.json
2026-04-21T04:19:37.139Z [LOG] [parse_extracted_emails.js] Parsed: parsed-INBOX-uid-4335.json
2026-04-21T04:19:37.139Z [LOG] [parse_extracted_emails.js] Parsed: parsed-INBOX-uid-4336.json
2026-04-21T04:19:37.139Z [LOG] [parse_extracted_emails.js] Parsed: parsed-INBOX-uid-4337.json
2026-04-21T04:19:37.139Z [LOG] [parse_extracted_emails.js] Parsed: parsed-INBOX-uid-4338.json
2026-04-21T04:19:37.140Z [LOG] [parse_extracted_emails.js] Parsed: parsed-INBOX-uid-4339.json
2026-04-21T04:19:37.140Z [LOG] [parse_extracted_emails.js] Parsed: parsed-INBOX-uid-4340.json
2026-04-21T04:19:37.140Z [LOG] [parse_extracted_emails.js] Parsed: parsed-INBOX-uid-4341.json
2026-04-21T04:19:37.140Z [LOG] [parse_extracted_emails.js] Parsed: parsed-INBOX-uid-4342.json
2026-04-21T04:19:37.140Z [LOG] [parse_extracted_emails.js] Parsed: parsed-INBOX-uid-4343.json
2026-04-21T04:19:37.140Z [LOG] [parse_extracted_emails.js] Parsed: parsed-INBOX-uid-4344.json
2026-04-21T04:19:37.140Z [LOG] [parse_extracted_emails.js] Parsed: parsed-INBOX-uid-4345.json
2026-04-21T04:19:37.140Z [LOG] [parse_extracted_emails.js] Parsed: parsed-INBOX-uid-4577.json
2026-04-21T04:19:37.140Z [LOG] [parse_extracted_emails.js] Parsed: parsed-INBOX-uid-4578.json
2026-04-21T04:19:37.140Z [LOG] [parse_extracted_emails.js] Parsed: parsed-INBOX-uid-4579.json
2026-04-21T04:19:37.140Z [LOG] [parse_extracted_emails.js] Parsed: parsed-INBOX-uid-4580.json
2026-04-21T04:19:37.140Z [LOG] [parse_extracted_emails.js] Parsed: parsed-INBOX-uid-4581.json
2026-04-21T04:19:37.140Z [LOG] [parse_extracted_emails.js] Parsed: parsed-INBOX-uid-4582.json
2026-04-21T04:19:37.140Z [LOG] [parse_extracted_emails.js] Parsed: parsed-INBOX-uid-4583.json
2026-04-21T04:19:37.140Z [LOG] [parse_extracted_emails.js] Parsed: parsed-INBOX-uid-4584.json
2026-04-21T04:19:37.140Z [LOG] [parse_extracted_emails.js] Parsed: parsed-INBOX-uid-4585.json
2026-04-21T04:19:37.140Z [LOG] [parse_extracted_emails.js] Parsed: parsed-INBOX-uid-4586.json
2026-04-21T04:19:37.140Z [LOG] [parse_extracted_emails.js] Parsed: parsed-INBOX-uid-4587.json
2026-04-21T04:19:37.140Z [LOG] [parse_extracted_emails.js] Parsed: parsed-INBOX-uid-4588.json
2026-04-21T04:19:37.140Z [LOG] [parse_extracted_emails.js] Parsed: parsed-INBOX-uid-4589.json
2026-04-21T04:19:37.140Z [LOG] [parse_extracted_emails.js] Parsed: parsed-INBOX-uid-4590.json
2026-04-21T04:19:37.140Z [LOG] [parse_extracted_emails.js] Parsed: parsed-INBOX-uid-4591.json
2026-04-21T04:19:37.140Z [LOG] [parse_extracted_emails.js] Parsed: parsed-INBOX-uid-4592.json
2026-04-21T04:19:37.140Z [LOG] [parse_extracted_emails.js] Parsed: parsed-INBOX-uid-4593.json
2026-04-21T04:19:37.140Z [LOG] [parse_extracted_emails.js] Parsed: parsed-INBOX-uid-4594.json
2026-04-21T04:19:37.140Z [LOG] [parse_extracted_emails.js] Parsed: parsed-INBOX-uid-4595.json
2026-04-21T04:19:37.140Z [LOG] [parse_extracted_emails.js] Parsed: parsed-INBOX-uid-4596.json
2026-04-21T04:19:37.140Z [LOG] [parse_extracted_emails.js] Parsed: parsed-INBOX-uid-4597.json
2026-04-21T04:19:37.140Z [LOG] [parse_extracted_emails.js] Parsed: parsed-INBOX-uid-4598.json
2026-04-21T04:19:37.140Z [LOG] [parse_extracted_emails.js] Parsed: parsed-INBOX-uid-4650.json
2026-04-21T04:19:37.140Z [LOG] [parse_extracted_emails.js] Parsed: parsed-INBOX-uid-4651.json
2026-04-21T04:19:37.140Z [LOG] [parse_extracted_emails.js] Parsed: parsed-INBOX-uid-4652.json
2026-04-21T04:19:37.140Z [LOG] [parse_extracted_emails.js] Parsed: parsed-INBOX-uid-4653.json
2026-04-21T04:19:37.140Z [LOG] [parse_extracted_emails.js] Parsed: parsed-INBOX-uid-4654.json
2026-04-21T04:19:37.140Z [LOG] [parse_extracted_emails.js] Parsed: parsed-INBOX-uid-4655.json
2026-04-21T04:19:37.140Z [LOG] [parse_extracted_emails.js] Parsed: parsed-INBOX-uid-4656.json
2026-04-21T04:19:37.140Z [LOG] [parse_extracted_emails.js] Parsed: parsed-INBOX-uid-4657.json
2026-04-21T04:19:37.140Z [LOG] [parse_extracted_emails.js] Parsed: parsed-INBOX-uid-4658.json
2026-04-21T04:19:37.140Z [LOG] [parse_extracted_emails.js] Parsed: parsed-INBOX-uid-4659.json
2026-04-21T04:19:37.140Z [LOG] [parse_extracted_emails.js] Parsed: parsed-INBOX-uid-4660.json
2026-04-21T04:19:37.140Z [LOG] [parse_extracted_emails.js] Parsed: parsed-INBOX-uid-4661.json
2026-04-21T04:19:37.140Z [LOG] [parse_extracted_emails.js] Parsed: parsed-INBOX-uid-4662.json
2026-04-21T04:19:37.140Z [LOG] [parse_extracted_emails.js] Parsed: parsed-INBOX-uid-4663.json
2026-04-21T04:19:37.140Z [LOG] [parse_extracted_emails.js] Parsed: parsed-INBOX-uid-4664.json
2026-04-21T04:19:37.140Z [LOG] [parse_extracted_emails.js] Parsed: parsed-INBOX-uid-4665.json
2026-04-21T04:19:37.140Z [LOG] [parse_extracted_emails.js] Parsed: parsed-INBOX-uid-4666.json
2026-04-21T04:19:37.140Z [LOG] [parse_extracted_emails.js] Parsed: parsed-INBOX-uid-4667.json
2026-04-21T04:19:37.140Z [LOG] [parse_extracted_emails.js] Parsed: parsed-INBOX-uid-4668.json
2026-04-21T04:19:37.140Z [LOG] [parse_extracted_emails.js] Parsed: parsed-INBOX-uid-4669.json
2026-04-21T04:19:37.140Z [LOG] [parse_extracted_emails.js] Parsed: parsed-INBOX-uid-4670.json
2026-04-21T04:19:37.140Z [LOG] [parse_extracted_emails.js] Parsed: parsed-INBOX-uid-5417.json
2026-04-21T04:19:37.140Z [LOG] [parse_extracted_emails.js] Parsed: parsed-INBOX-uid-5418.json
2026-04-21T04:19:37.140Z [LOG] [parse_extracted_emails.js] Parsed: parsed-INBOX-uid-5419.json
2026-04-21T04:19:37.140Z [LOG] [parse_extracted_emails.js] Parsed: parsed-INBOX-uid-5420.json
2026-04-21T04:19:37.140Z [LOG] [parse_extracted_emails.js] Parsed: parsed-INBOX-uid-5421.json
2026-04-21T04:19:37.140Z [LOG] [parse_extracted_emails.js] Parsed: parsed-INBOX-uid-5422.json
2026-04-21T04:19:37.140Z [LOG] [parse_extracted_emails.js] Parsed: parsed-INBOX-uid-5423.json
2026-04-21T04:19:37.140Z [LOG] [parse_extracted_emails.js] Parsed: parsed-INBOX-uid-5424.json
2026-04-21T04:19:37.140Z [LOG] [parse_extracted_emails.js] Parsed: parsed-INBOX-uid-5425.json
2026-04-21T04:19:37.140Z [LOG] [parse_extracted_emails.js] Parsed: parsed-INBOX-uid-5426.json
2026-04-21T04:19:37.140Z [LOG] [parse_extracted_emails.js] Parsed: parsed-INBOX-uid-5427.json
2026-04-21T04:19:37.140Z [LOG] [parse_extracted_emails.js] Parsed: parsed-INBOX-uid-5428.json
2026-04-21T04:19:37.140Z [LOG] [parse_extracted_emails.js] Parsed: parsed-INBOX-uid-5429.json
2026-04-21T04:19:37.140Z [LOG] [parse_extracted_emails.js] Parsed: parsed-INBOX-uid-5430.json
2026-04-21T04:19:37.140Z [LOG] [parse_extracted_emails.js] Parsed: parsed-INBOX-uid-5431.json
2026-04-21T04:19:37.140Z [LOG] [parse_extracted_emails.js] Parsed: parsed-INBOX-uid-5432.json
2026-04-21T04:19:37.140Z [LOG] [parse_extracted_emails.js] Parsed: parsed-INBOX-uid-5433.json
2026-04-21T04:19:37.140Z [LOG] [parse_extracted_emails.js] Parsed: parsed-INBOX-uid-5434.json
2026-04-21T04:19:37.140Z [LOG] [parse_extracted_emails.js] Parsed: parsed-INBOX-uid-5435.json
2026-04-21T04:19:37.140Z [LOG] [parse_extracted_emails.js] Parsed: parsed-INBOX-uid-5436.json
2026-04-21T04:19:37.140Z [LOG] [parse_extracted_emails.js] Parsed: parsed-INBOX-uid-5437.json
2026-04-21T04:19:37.140Z [LOG] [parse_extracted_emails.js] Parsed: parsed-INBOX-uid-5438.json
2026-04-21T04:19:37.140Z [LOG] [parse_extracted_emails.js] Parsed: parsed-INBOX-uid-5439.json
2026-04-21T04:19:37.140Z [LOG] [parse_extracted_emails.js] Parsed: parsed-INBOX-uid-5440.json
2026-04-21T04:19:37.140Z [LOG] [parse_extracted_emails.js] Parsed: parsed-INBOX-uid-5441.json
2026-04-21T04:19:37.140Z [LOG] [parse_extracted_emails.js] Parsed: parsed-INBOX-uid-5442.json
2026-04-21T04:19:37.140Z [LOG] [parse_extracted_emails.js] Parsed: parsed-INBOX-uid-5443.json
2026-04-21T04:19:37.140Z [LOG] [parse_extracted_emails.js] Parsed: parsed-INBOX-uid-5444.json
2026-04-21T04:19:37.140Z [LOG] [parse_extracted_emails.js] Parsed: parsed-INBOX-uid-5445.json
2026-04-21T04:19:37.140Z [LOG] [parse_extracted_emails.js] Parsed: parsed-INBOX-uid-5446.json
2026-04-21T04:19:37.140Z [LOG] [parse_extracted_emails.js] Parsed: parsed-INBOX-uid-5447.json
2026-04-21T04:19:37.140Z [LOG] [parse_extracted_emails.js] Parsed: parsed-INBOX-uid-5448.json
2026-04-21T04:19:37.140Z [LOG] [parse_extracted_emails.js] Parsed: parsed-INBOX-uid-5449.json
2026-04-21T04:19:37.140Z [LOG] [parse_extracted_emails.js] Parsed: parsed-INBOX-uid-5450.json
2026-04-21T04:19:37.140Z [LOG] [parse_extracted_emails.js] Parsed: parsed-INBOX-uid-5451.json
2026-04-21T04:19:37.140Z [LOG] [parse_extracted_emails.js] Parsed: parsed-INBOX-uid-5452.json
2026-04-21T04:19:37.140Z [LOG] [parse_extracted_emails.js] Parsed: parsed-INBOX-uid-5453.json
2026-04-21T04:19:37.140Z [LOG] [parse_extracted_emails.js] Parsed: parsed-INBOX-uid-5454.json
2026-04-21T04:19:37.140Z [LOG] [parse_extracted_emails.js] Parsed: parsed-INBOX-uid-5455.json
2026-04-21T04:19:37.140Z [LOG] [parse_extracted_emails.js] Parsed: parsed-INBOX-uid-5456.json
2026-04-21T04:19:37.140Z [LOG] [parse_extracted_emails.js] Parsed: parsed-INBOX-uid-5457.json
2026-04-21T04:19:37.140Z [LOG] [parse_extracted_emails.js] Parsed: parsed-INBOX-uid-5458.json
2026-04-21T04:19:37.140Z [LOG] [parse_extracted_emails.js] Parsed: parsed-INBOX-uid-5459.json
2026-04-21T04:19:37.140Z [LOG] [parse_extracted_emails.js] Parsed: parsed-INBOX-uid-5460.json
2026-04-21T04:19:37.140Z [LOG] [parse_extracted_emails.js] Parsed: parsed-INBOX-uid-5461.json
2026-04-21T04:19:37.140Z [LOG] [parse_extracted_emails.js] Parsed: parsed-INBOX-uid-5462.json
2026-04-21T04:19:37.140Z [LOG] [parse_extracted_emails.js] Parsed: parsed-INBOX-uid-5463.json
2026-04-21T04:19:37.140Z [LOG] [parse_extracted_emails.js] Parsed: parsed-INBOX-uid-5464.json
2026-04-21T04:19:37.140Z [LOG] [parse_extracted_emails.js] Parsed: parsed-INBOX-uid-5465.json
2026-04-21T04:19:37.140Z [LOG] [parse_extracted_emails.js] Parsed: parsed-INBOX-uid-5466.json
2026-04-21T04:19:37.140Z [LOG] [parse_extracted_emails.js] Parsed: parsed-INBOX-uid-5467.json
2026-04-21T04:19:37.140Z [LOG] [parse_extracted_emails.js] Parsed: parsed-INBOX-uid-5468.json
2026-04-21T04:19:37.140Z [LOG] [parse_extracted_emails.js] Parsed: parsed-INBOX-uid-5469.json
2026-04-21T04:19:37.140Z [LOG] [parse_extracted_emails.js] Parsed: parsed-INBOX-uid-5470.json
2026-04-21T04:19:37.140Z [LOG] [parse_extracted_emails.js] Parsed: parsed-INBOX-uid-5471.json
2026-04-21T04:19:37.140Z [LOG] [parse_extracted_emails.js] Parsed: parsed-INBOX-uid-5472.json
2026-04-21T04:19:37.140Z [LOG] [parse_extracted_emails.js] Parsed: parsed-INBOX-uid-5473.json
2026-04-21T04:19:37.140Z [LOG] [parse_extracted_emails.js] Parsed: parsed-INBOX-uid-5474.json
2026-04-21T04:19:37.140Z [LOG] [parse_extracted_emails.js] Parsed: parsed-INBOX-uid-5475.json
2026-04-21T04:19:37.140Z [LOG] [parse_extracted_emails.js] Parsed: parsed-INBOX-uid-5476.json
2026-04-21T04:19:37.140Z [LOG] [parse_extracted_emails.js] Parsed: parsed-INBOX-uid-5477.json
2026-04-21T04:19:37.140Z [LOG] [parse_extracted_emails.js] Parsed: parsed-INBOX-uid-5478.json
2026-04-21T04:19:37.140Z [LOG] [parse_extracted_emails.js] Parsed: parsed-INBOX-uid-5479.json
2026-04-21T04:19:37.140Z [LOG] [parse_extracted_emails.js] Parsed: parsed-INBOX-uid-5480.json
2026-04-21T04:19:37.140Z [LOG] [parse_extracted_emails.js] Parsed: parsed-INBOX-uid-5481.json
2026-04-21T04:19:37.140Z [LOG] [parse_extracted_emails.js] Parsed: parsed-INBOX-uid-5482.json
2026-04-21T04:19:37.140Z [LOG] [parse_extracted_emails.js] Parsed: parsed-INBOX-uid-5483.json
2026-04-21T04:19:37.140Z [LOG] [parse_extracted_emails.js] Parsed: parsed-INBOX-uid-5484.json
2026-04-21T04:19:37.141Z [LOG] [parse_extracted_emails.js] Parsed: parsed-INBOX-uid-5485.json
2026-04-21T04:19:37.141Z [LOG] [parse_extracted_emails.js] Parsed: parsed-INBOX-uid-5486.json
2026-04-21T04:19:37.141Z [LOG] [parse_extracted_emails.js] Parsed: parsed-INBOX-uid-5487.json
2026-04-21T04:19:37.141Z [LOG] [parse_extracted_emails.js] Parsed: parsed-INBOX-uid-5488.json
2026-04-21T04:19:37.141Z [LOG] [parse_extracted_emails.js] Parsed: parsed-INBOX-uid-5489.json
2026-04-21T04:19:37.141Z [LOG] [parse_extracted_emails.js] Parsed: parsed-INBOX-uid-5490.json
2026-04-21T04:19:37.141Z [LOG] [parse_extracted_emails.js] Parsed: parsed-INBOX-uid-5491.json
2026-04-21T04:19:37.141Z [LOG] [parse_extracted_emails.js] Parsed: parsed-INBOX-uid-5492.json
2026-04-21T04:19:37.141Z [LOG] [parse_extracted_emails.js] Parsed: parsed-INBOX-uid-5493.json
2026-04-21T04:19:37.141Z [LOG] [parse_extracted_emails.js] Parsed: parsed-INBOX-uid-5494.json
2026-04-21T04:19:37.141Z [LOG] [parse_extracted_emails.js] Parsed: parsed-INBOX-uid-5495.json
2026-04-21T04:19:37.141Z [LOG] [parse_extracted_emails.js] Parsed: parsed-INBOX-uid-5496.json
2026-04-21T04:19:37.141Z [LOG] [parse_extracted_emails.js] Parsed: parsed-INBOX-uid-5497.json
2026-04-21T04:19:37.141Z [LOG] [parse_extracted_emails.js] Parsed: parsed-INBOX-uid-5498.json
2026-04-21T04:19:37.141Z [LOG] [parse_extracted_emails.js] Parsed: parsed-INBOX-uid-5499.json
2026-04-21T04:19:37.141Z [LOG] [parse_extracted_emails.js] Parsed: parsed-INBOX-uid-5500.json
2026-04-21T04:19:37.141Z [LOG] [parse_extracted_emails.js] Parsed: parsed-INBOX-uid-5501.json
2026-04-21T04:19:37.141Z [LOG] [parse_extracted_emails.js] Parsed: parsed-INBOX-uid-5502.json
2026-04-21T04:19:37.141Z [LOG] [parse_extracted_emails.js] Parsed: parsed-INBOX-uid-5503.json
2026-04-21T04:19:37.141Z [LOG] [parse_extracted_emails.js] Parsed: parsed-INBOX-uid-5504.json
2026-04-21T04:19:37.141Z [LOG] [parse_extracted_emails.js] Parsed: parsed-INBOX-uid-5505.json
2026-04-21T04:19:37.141Z [LOG] [parse_extracted_emails.js] Parsed: parsed-INBOX-uid-5506.json
2026-04-21T04:19:37.141Z [LOG] [parse_extracted_emails.js] Parsed: parsed-INBOX-uid-5507.json
2026-04-21T04:19:37.141Z [LOG] [parse_extracted_emails.js] Parsed: parsed-INBOX-uid-5508.json
2026-04-21T04:19:37.141Z [LOG] [parse_extracted_emails.js] Parsed: parsed-INBOX-uid-5509.json
2026-04-21T04:19:37.141Z [LOG] [parse_extracted_emails.js] Parsed: parsed-INBOX-uid-5510.json
2026-04-21T04:19:37.141Z [LOG] [parse_extracted_emails.js] Parsed: parsed-INBOX-uid-5511.json
2026-04-21T04:19:37.141Z [LOG] [parse_extracted_emails.js] Parsed: parsed-INBOX-uid-5512.json
2026-04-21T04:19:37.141Z [LOG] [parse_extracted_emails.js] Parsed: parsed-INBOX-uid-5513.json
2026-04-21T04:19:37.141Z [LOG] [parse_extracted_emails.js] Parsed: parsed-INBOX-uid-5514.json
2026-04-21T04:19:37.141Z [LOG] [parse_extracted_emails.js] Parsed: parsed-INBOX-uid-5515.json
2026-04-21T04:19:37.141Z [LOG] [parse_extracted_emails.js] Parsed: parsed-INBOX-uid-5516.json
2026-04-21T04:19:37.141Z [LOG] [parse_extracted_emails.js] Parsed: parsed-INBOX-uid-5517.json
2026-04-21T04:19:37.141Z [LOG] [parse_extracted_emails.js] Parsed: parsed-INBOX-uid-5518.json
2026-04-21T04:19:37.141Z [LOG] [parse_extracted_emails.js] Parsed: parsed-INBOX-uid-5519.json
2026-04-21T04:19:37.141Z [LOG] [parse_extracted_emails.js] Parsed: parsed-INBOX-uid-5520.json
2026-04-21T04:19:37.141Z [LOG] [parse_extracted_emails.js] Parsed: parsed-INBOX-uid-5521.json
2026-04-21T04:19:37.141Z [LOG] [parse_extracted_emails.js] Parsed: parsed-INBOX-uid-5522.json
2026-04-21T04:19:37.141Z [LOG] [parse_extracted_emails.js] Parsed: parsed-INBOX-uid-5523.json
2026-04-21T04:19:37.141Z [LOG] [parse_extracted_emails.js] Parsed: parsed-INBOX-uid-5524.json
2026-04-21T04:19:37.141Z [LOG] [parse_extracted_emails.js] Parsed: parsed-INBOX-uid-5525.json
2026-04-21T04:19:37.141Z [LOG] [parse_extracted_emails.js] Parsed: parsed-INBOX-uid-5526.json
2026-04-21T04:19:37.141Z [LOG] [parse_extracted_emails.js] Parsed: parsed-INBOX-uid-5527.json
2026-04-21T04:19:37.141Z [LOG] [parse_extracted_emails.js] Parsed: parsed-INBOX-uid-5528.json
2026-04-21T04:19:37.141Z [LOG] [parse_extracted_emails.js] Parsed: parsed-INBOX-uid-5529.json
2026-04-21T04:19:37.141Z [LOG] [parse_extracted_emails.js] Parsed: parsed-INBOX-uid-5530.json
2026-04-21T04:19:37.141Z [LOG] [parse_extracted_emails.js] Parsed: parsed-INBOX-uid-5531.json
2026-04-21T04:19:37.141Z [LOG] [parse_extracted_emails.js] Parsed: parsed-INBOX-uid-5532.json
2026-04-21T04:19:37.141Z [LOG] [parse_extracted_emails.js] Parsed: parsed-INBOX-uid-5533.json
2026-04-21T04:19:37.141Z [LOG] [parse_extracted_emails.js] Parsed: parsed-INBOX-uid-5534.json
2026-04-21T04:19:37.141Z [LOG] [parse_extracted_emails.js] Parsed: parsed-INBOX-uid-5535.json
2026-04-21T04:19:37.141Z [LOG] [parse_extracted_emails.js] Parsed: parsed-INBOX-uid-5536.json
2026-04-21T04:19:37.141Z [LOG] [parse_extracted_emails.js] Parsed: parsed-INBOX-uid-5537.json
2026-04-21T04:19:37.141Z [LOG] [parse_extracted_emails.js] Parsed: parsed-INBOX-uid-5538.json
2026-04-21T04:19:37.141Z [LOG] [parse_extracted_emails.js] Parsed: parsed-INBOX-uid-5539.json
2026-04-21T04:19:37.141Z [LOG] [parse_extracted_emails.js] Parsed: parsed-INBOX-uid-5540.json
2026-04-21T04:19:37.141Z [LOG] [parse_extracted_emails.js] Parsed: parsed-INBOX-uid-5541.json
2026-04-21T04:19:37.141Z [LOG] [parse_extracted_emails.js] Parsed: parsed-INBOX-uid-5542.json
2026-04-21T04:19:37.141Z [LOG] [parse_extracted_emails.js] Parsed: parsed-INBOX-uid-5543.json
2026-04-21T04:19:37.141Z [LOG] [parse_extracted_emails.js] Parsed: parsed-INBOX-uid-5544.json
2026-04-21T04:19:37.141Z [LOG] [parse_extracted_emails.js] Parsed: parsed-INBOX-uid-5545.json
2026-04-21T04:19:37.141Z [LOG] [parse_extracted_emails.js] Parsed: parsed-INBOX-uid-5546.json
2026-04-21T04:19:37.141Z [LOG] [parse_extracted_emails.js] Parsed: parsed-INBOX-uid-5547.json
2026-04-21T04:19:37.141Z [LOG] [parse_extracted_emails.js] Parsed: parsed-INBOX-uid-5548.json
2026-04-21T04:19:37.141Z [LOG] [parse_extracted_emails.js] Parsed: parsed-INBOX-uid-5549.json
2026-04-21T04:19:37.141Z [LOG] [parse_extracted_emails.js] Parsed: parsed-INBOX-uid-5550.json
2026-04-21T04:19:37.141Z [LOG] [parse_extracted_emails.js] Parsed: parsed-INBOX-uid-5551.json
2026-04-21T04:19:37.141Z [LOG] [parse_extracted_emails.js] Parsed: parsed-INBOX-uid-5552.json
2026-04-21T04:19:37.141Z [LOG] [parse_extracted_emails.js] Parsed: parsed-INBOX-uid-5553.json
2026-04-21T04:19:37.141Z [LOG] [parse_extracted_emails.js] Parsed: parsed-INBOX-uid-5554.json
2026-04-21T04:19:37.141Z [LOG] [parse_extracted_emails.js] Parsed: parsed-INBOX-uid-5555.json
2026-04-21T04:19:37.141Z [LOG] [parse_extracted_emails.js] Parsed: parsed-INBOX-uid-5556.json
2026-04-21T04:19:37.141Z [LOG] [parse_extracted_emails.js] Parsed: parsed-INBOX-uid-5557.json
2026-04-21T04:19:37.141Z [LOG] [parse_extracted_emails.js] Parsed: parsed-INBOX-uid-5558.json
2026-04-21T04:19:37.141Z [LOG] [parse_extracted_emails.js] Parsed: parsed-INBOX-uid-5559.json
2026-04-21T04:19:37.141Z [LOG] [parse_extracted_emails.js] Parsed: parsed-INBOX-uid-5560.json
2026-04-21T04:19:37.141Z [LOG] [parse_extracted_emails.js] Parsed: parsed-INBOX-uid-5561.json
2026-04-21T04:19:37.141Z [LOG] [parse_extracted_emails.js] Parsed: parsed-INBOX-uid-5562.json
2026-04-21T04:19:37.141Z [LOG] [parse_extracted_emails.js] Parsed: parsed-INBOX-uid-5563.json
2026-04-21T04:19:37.141Z [LOG] [parse_extracted_emails.js] Parsed: parsed-INBOX-uid-5564.json
2026-04-21T04:19:37.141Z [LOG] [parse_extracted_emails.js] Parsed: parsed-INBOX-uid-5565.json
2026-04-21T04:19:37.141Z [LOG] [parse_extracted_emails.js] Parsed: parsed-INBOX-uid-5566.json
2026-04-21T04:19:37.141Z [LOG] [parse_extracted_emails.js] Parsed: parsed-INBOX-uid-5567.json
2026-04-21T04:19:37.141Z [LOG] [parse_extracted_emails.js] Parsed: parsed-INBOX-uid-5568.json
2026-04-21T04:19:37.141Z [LOG] [parse_extracted_emails.js] Parsed: parsed-INBOX-uid-5569.json
2026-04-21T04:19:37.141Z [LOG] [parse_extracted_emails.js] Parsed: parsed-INBOX-uid-5570.json
2026-04-21T04:19:37.141Z [LOG] [parse_extracted_emails.js] Parsed: parsed-INBOX-uid-5571.json
2026-04-21T04:19:37.141Z [LOG] [parse_extracted_emails.js] Parsed: parsed-INBOX-uid-5572.json
2026-04-21T04:19:37.141Z [LOG] [parse_extracted_emails.js] Parsed: parsed-INBOX-uid-5573.json
2026-04-21T04:19:37.141Z [LOG] [parse_extracted_emails.js] Parsed: parsed-INBOX-uid-5574.json
2026-04-21T04:19:37.141Z [LOG] [parse_extracted_emails.js] Parsed: parsed-INBOX-uid-5575.json
2026-04-21T04:19:37.141Z [LOG] [parse_extracted_emails.js] Parsed: parsed-INBOX-uid-5576.json
2026-04-21T04:19:37.141Z [LOG] [parse_extracted_emails.js] Parsed: parsed-INBOX-uid-5577.json
2026-04-21T04:19:37.141Z [LOG] [parse_extracted_emails.js] Parsed: parsed-INBOX-uid-5578.json
2026-04-21T04:19:37.141Z [LOG] [parse_extracted_emails.js] Parsed: parsed-INBOX-uid-5579.json
2026-04-21T04:19:37.141Z [LOG] [parse_extracted_emails.js] Parsed: parsed-INBOX-uid-5580.json
2026-04-21T04:19:37.141Z [LOG] [parse_extracted_emails.js] Parsed: parsed-INBOX-uid-5581.json
2026-04-21T04:19:37.141Z [LOG] [parse_extracted_emails.js] Parsed: parsed-INBOX-uid-5582.json
2026-04-21T04:19:37.141Z [LOG] [parse_extracted_emails.js] Parsed: parsed-INBOX-uid-5583.json
2026-04-21T04:19:37.141Z [LOG] [parse_extracted_emails.js] Parsed: parsed-INBOX-uid-5584.json
2026-04-21T04:19:37.141Z [LOG] [parse_extracted_emails.js] Parsed: parsed-INBOX-uid-5585.json
2026-04-21T04:19:37.141Z [LOG] [parse_extracted_emails.js] Parsed: parsed-INBOX-uid-5586.json
2026-04-21T04:19:37.141Z [LOG] [parse_extracted_emails.js] Parsed: parsed-INBOX-uid-5587.json
2026-04-21T04:19:37.141Z [LOG] [parse_extracted_emails.js] Parsed: parsed-INBOX-uid-5588.json
2026-04-21T04:19:37.141Z [LOG] [parse_extracted_emails.js] Parsed: parsed-INBOX-uid-5589.json
2026-04-21T04:19:37.141Z [LOG] [parse_extracted_emails.js] Parsed: parsed-INBOX-uid-5590.json
2026-04-21T04:19:37.141Z [LOG] [parse_extracted_emails.js] Parsed: parsed-INBOX-uid-5591.json
2026-04-21T04:19:37.141Z [LOG] [parse_extracted_emails.js] Parsed: parsed-INBOX-uid-5592.json
2026-04-21T04:19:37.141Z [LOG] [parse_extracted_emails.js] Parsed: parsed-INBOX-uid-5593.json
2026-04-21T04:19:37.141Z [LOG] [parse_extracted_emails.js] Parsed: parsed-INBOX-uid-5594.json
2026-04-21T04:19:37.141Z [LOG] [parse_extracted_emails.js] Parsed: parsed-INBOX-uid-5595.json
2026-04-21T04:19:37.141Z [LOG] [parse_extracted_emails.js] Parsed: parsed-INBOX-uid-5596.json
2026-04-21T04:19:37.141Z [LOG] [parse_extracted_emails.js] Parsed: parsed-INBOX-uid-5597.json
2026-04-21T04:19:37.141Z [LOG] [parse_extracted_emails.js] Parsed: parsed-INBOX-uid-5598.json
2026-04-21T04:19:37.141Z [LOG] [parse_extracted_emails.js] Parsed: parsed-INBOX-uid-5599.json
2026-04-21T04:19:37.141Z [LOG] [parse_extracted_emails.js] Parsed: parsed-INBOX-uid-5600.json
2026-04-21T04:19:37.141Z [LOG] [parse_extracted_emails.js] Parsed: parsed-INBOX-uid-5601.json
2026-04-21T04:19:37.141Z [LOG] [parse_extracted_emails.js] Parsed: parsed-INBOX-uid-5602.json
2026-04-21T04:19:37.141Z [LOG] [parse_extracted_emails.js] Parsed: parsed-INBOX-uid-5603.json
2026-04-21T04:19:37.141Z [LOG] [parse_extracted_emails.js] Parsed: parsed-INBOX-uid-5604.json
2026-04-21T04:19:37.141Z [LOG] [parse_extracted_emails.js] Parsed: parsed-INBOX-uid-5605.json
2026-04-21T04:19:37.141Z [LOG] [parse_extracted_emails.js] Parsed: parsed-INBOX-uid-5606.json
2026-04-21T04:19:37.141Z [LOG] [parse_extracted_emails.js] Parsed: parsed-INBOX-uid-5607.json
2026-04-21T04:19:37.141Z [LOG] [parse_extracted_emails.js] Parsed: parsed-INBOX-uid-5608.json
2026-04-21T04:19:37.142Z [LOG] [parse_extracted_emails.js] Parsed: parsed-INBOX-uid-5609.json
2026-04-21T04:19:37.142Z [LOG] [parse_extracted_emails.js] Parsed: parsed-INBOX-uid-5610.json
2026-04-21T04:19:37.142Z [LOG] [parse_extracted_emails.js] Parsed: parsed-INBOX-uid-5611.json
2026-04-21T04:19:37.142Z [LOG] [parse_extracted_emails.js] Parsed: parsed-INBOX-uid-5612.json
2026-04-21T04:19:37.142Z [LOG] [parse_extracted_emails.js] Parsed: parsed-INBOX-uid-5613.json
2026-04-21T04:19:37.142Z [LOG] [parse_extracted_emails.js] Parsed: parsed-INBOX-uid-5614.json
2026-04-21T04:19:37.142Z [LOG] [parse_extracted_emails.js] Parsed: parsed-INBOX-uid-5615.json
2026-04-21T04:19:37.142Z [LOG] [parse_extracted_emails.js] Parsed: parsed-INBOX-uid-5616.json
2026-04-21T04:19:37.142Z [LOG] [parse_extracted_emails.js] Parsed: parsed-INBOX-uid-5617.json
2026-04-21T04:19:37.142Z [LOG] [parse_extracted_emails.js] Parsed: parsed-INBOX-uid-5618.json
2026-04-21T04:19:37.142Z [LOG] [parse_extracted_emails.js] Parsed: parsed-INBOX-uid-5619.json
2026-04-21T04:19:37.142Z [LOG] [parse_extracted_emails.js] Parsed: parsed-INBOX-uid-5620.json
2026-04-21T04:19:37.142Z [LOG] [parse_extracted_emails.js] Parsed: parsed-INBOX-uid-5621.json
2026-04-21T04:19:37.142Z [LOG] [parse_extracted_emails.js] Parsed: parsed-INBOX-uid-5622.json
2026-04-21T04:19:37.142Z [LOG] [parse_extracted_emails.js] Parsed: parsed-INBOX-uid-5623.json
2026-04-21T04:19:37.142Z [LOG] [parse_extracted_emails.js] Parsed: parsed-INBOX-uid-5624.json
2026-04-21T04:19:37.142Z [LOG] [parse_extracted_emails.js] Parsed: parsed-INBOX-uid-5625.json
2026-04-21T04:19:37.142Z [LOG] [parse_extracted_emails.js] Parsed: parsed-INBOX-uid-5626.json
2026-04-21T04:19:37.142Z [LOG] [parse_extracted_emails.js] Parsed: parsed-INBOX-uid-5627.json
2026-04-21T04:19:37.142Z [LOG] [parse_extracted_emails.js] Parsed: parsed-INBOX-uid-5628.json
2026-04-21T04:19:37.142Z [LOG] [parse_extracted_emails.js] Parsed: parsed-INBOX-uid-5629.json
2026-04-21T04:19:37.142Z [LOG] [parse_extracted_emails.js] Parsed: parsed-INBOX-uid-5630.json
2026-04-21T04:19:37.142Z [LOG] [parse_extracted_emails.js] Parsed: parsed-INBOX-uid-5631.json
2026-04-21T04:19:37.142Z [LOG] [parse_extracted_emails.js] Parsed: parsed-INBOX-uid-5632.json
2026-04-21T04:19:37.142Z [LOG] [parse_extracted_emails.js] Parsed: parsed-INBOX-uid-5633.json
2026-04-21T04:19:37.142Z [LOG] [parse_extracted_emails.js] Parsed: parsed-INBOX-uid-5634.json
2026-04-21T04:19:37.142Z [LOG] [parse_extracted_emails.js] Parsed: parsed-INBOX-uid-5635.json
2026-04-21T04:19:37.142Z [LOG] [parse_extracted_emails.js] Parsed: parsed-INBOX-uid-5636.json
2026-04-21T04:19:37.142Z [LOG] [parse_extracted_emails.js] Parsed: parsed-INBOX-uid-5637.json
2026-04-21T04:19:37.142Z [LOG] [parse_extracted_emails.js] Parsed: parsed-INBOX-uid-5638.json
2026-04-21T04:19:37.142Z [LOG] [parse_extracted_emails.js] Parsed: parsed-INBOX-uid-5639.json
2026-04-21T04:19:37.142Z [LOG] [parse_extracted_emails.js] Parsed: parsed-INBOX-uid-5640.json
2026-04-21T04:19:37.142Z [LOG] [parse_extracted_emails.js] Parsed: parsed-INBOX-uid-5641.json
2026-04-21T04:19:37.142Z [LOG] [parse_extracted_emails.js] Parsed: parsed-INBOX-uid-5642.json
2026-04-21T04:19:37.142Z [LOG] [parse_extracted_emails.js] Parsed: parsed-INBOX-uid-5643.json
2026-04-21T04:19:37.142Z [LOG] [parse_extracted_emails.js] Parsed: parsed-INBOX-uid-5644.json
2026-04-21T04:19:37.142Z [LOG] [parse_extracted_emails.js] Parsed: parsed-INBOX-uid-5645.json
2026-04-21T04:19:37.142Z [LOG] [parse_extracted_emails.js] Parsed: parsed-INBOX-uid-5646.json
2026-04-21T04:19:37.142Z [LOG] [parse_extracted_emails.js] Parsed: parsed-INBOX-uid-5647.json
2026-04-21T04:19:37.142Z [LOG] [parse_extracted_emails.js] Parsed: parsed-INBOX-uid-5648.json
2026-04-21T04:19:37.142Z [LOG] [parse_extracted_emails.js] Parsed: parsed-INBOX-uid-5649.json
2026-04-21T04:19:37.142Z [LOG] [parse_extracted_emails.js] Parsed: parsed-INBOX-uid-5650.json
2026-04-21T04:19:37.142Z [LOG] [parse_extracted_emails.js] Parsed: parsed-INBOX-uid-5651.json
2026-04-21T04:19:37.142Z [LOG] [parse_extracted_emails.js] Parsed: parsed-INBOX-uid-5652.json
2026-04-21T04:19:37.142Z [LOG] [parse_extracted_emails.js] Parsed: parsed-INBOX-uid-5653.json
2026-04-21T04:19:37.142Z [LOG] [parse_extracted_emails.js] Parsed: parsed-INBOX-uid-5654.json
2026-04-21T04:19:37.142Z [LOG] [parse_extracted_emails.js] Parsed: parsed-INBOX-uid-5655.json
2026-04-21T04:19:37.142Z [LOG] [parse_extracted_emails.js] Parsed: parsed-INBOX-uid-5656.json
2026-04-21T04:19:37.142Z [LOG] [parse_extracted_emails.js] Parsed: parsed-INBOX-uid-5657.json
2026-04-21T04:19:37.142Z [LOG] [parse_extracted_emails.js] Parsed: parsed-INBOX-uid-5658.json
2026-04-21T04:19:37.142Z [LOG] [parse_extracted_emails.js] Parsed: parsed-INBOX-uid-5659.json
2026-04-21T04:19:37.142Z [LOG] [parse_extracted_emails.js] Parsed: parsed-INBOX-uid-5660.json
2026-04-21T04:19:37.142Z [LOG] [parse_extracted_emails.js] Parsed: parsed-INBOX-uid-5661.json
2026-04-21T04:19:37.142Z [LOG] [parse_extracted_emails.js] Parsed: parsed-INBOX-uid-5662.json
2026-04-21T04:19:37.142Z [LOG] [parse_extracted_emails.js] Parsed: parsed-INBOX-uid-5663.json
2026-04-21T04:19:37.142Z [LOG] [parse_extracted_emails.js] Parsed: parsed-INBOX-uid-5664.json
2026-04-21T04:19:37.142Z [LOG] [parse_extracted_emails.js] Parsed: parsed-INBOX-uid-5665.json
2026-04-21T04:19:37.142Z [LOG] [parse_extracted_emails.js] Parsed: parsed-INBOX-uid-5666.json
2026-04-21T04:19:37.142Z [LOG] [parse_extracted_emails.js] Parsed: parsed-INBOX-uid-5667.json
2026-04-21T04:19:37.142Z [LOG] [parse_extracted_emails.js] Parsed: parsed-INBOX-uid-5668.json
2026-04-21T04:19:37.142Z [LOG] [parse_extracted_emails.js] Parsed: parsed-INBOX-uid-5669.json
2026-04-21T04:19:37.142Z [LOG] [parse_extracted_emails.js] Parsed: parsed-INBOX-uid-5670.json
2026-04-21T04:19:37.142Z [LOG] [parse_extracted_emails.js] Parsed: parsed-INBOX-uid-5671.json
2026-04-21T04:19:37.142Z [LOG] [parse_extracted_emails.js] Parsed: parsed-INBOX-uid-5672.json
2026-04-21T04:19:37.142Z [LOG] [parse_extracted_emails.js] Parsed: parsed-INBOX-uid-5673.json
2026-04-21T04:19:37.142Z [LOG] [parse_extracted_emails.js] Parsed: parsed-INBOX-uid-5674.json
2026-04-21T04:19:37.142Z [LOG] [parse_extracted_emails.js] Parsed: parsed-INBOX-uid-5675.json
2026-04-21T04:19:37.142Z [LOG] [parse_extracted_emails.js] Parsed: parsed-INBOX-uid-5676.json
2026-04-21T04:19:37.142Z [LOG] [parse_extracted_emails.js] Parsed: parsed-INBOX-uid-5677.json
2026-04-21T04:19:37.142Z [LOG] [parse_extracted_emails.js] Parsed: parsed-INBOX-uid-5678.json
2026-04-21T04:19:37.142Z [LOG] [parse_extracted_emails.js] Parsed: parsed-INBOX-uid-5679.json
2026-04-21T04:19:37.142Z [LOG] [parse_extracted_emails.js] Parsed: parsed-INBOX-uid-5680.json
2026-04-21T04:19:37.142Z [LOG] [parse_extracted_emails.js] Parsed: parsed-INBOX-uid-5681.json
2026-04-21T04:19:37.142Z [LOG] [parse_extracted_emails.js] Parsed: parsed-INBOX-uid-5682.json
2026-04-21T04:19:37.142Z [LOG] [parse_extracted_emails.js] Parsed: parsed-INBOX-uid-5683.json
2026-04-21T04:19:37.142Z [LOG] [parse_extracted_emails.js] Parsed: parsed-INBOX-uid-5684.json
2026-04-21T04:19:37.142Z [LOG] [parse_extracted_emails.js] Parsed: parsed-INBOX-uid-5685.json
2026-04-21T04:19:37.142Z [LOG] [parse_extracted_emails.js] Parsed: parsed-INBOX-uid-5686.json
2026-04-21T04:19:37.142Z [LOG] [parse_extracted_emails.js] Parsed: parsed-INBOX-uid-5687.json
2026-04-21T04:19:37.142Z [LOG] [parse_extracted_emails.js] Parsed: parsed-INBOX-uid-5688.json
2026-04-21T04:19:37.142Z [LOG] [parse_extracted_emails.js] Parsed: parsed-INBOX-uid-5689.json
2026-04-21T04:19:37.142Z [LOG] [parse_extracted_emails.js] Parsed: parsed-INBOX-uid-5690.json
2026-04-21T04:19:37.142Z [LOG] [parse_extracted_emails.js] Parsed: parsed-INBOX-uid-5691.json
2026-04-21T04:19:37.142Z [LOG] [parse_extracted_emails.js] Parsed: parsed-INBOX-uid-5692.json
2026-04-21T04:19:37.142Z [LOG] [parse_extracted_emails.js] Parsed: parsed-INBOX-uid-5693.json
2026-04-21T04:19:37.142Z [LOG] [parse_extracted_emails.js] Parsed: parsed-INBOX-uid-5694.json
2026-04-21T04:19:37.142Z [LOG] [parse_extracted_emails.js] Parsed: parsed-INBOX-uid-5695.json
2026-04-21T04:19:37.142Z [LOG] [parse_extracted_emails.js] Parsed: parsed-INBOX-uid-5696.json
2026-04-21T04:19:37.143Z [LOG] [parse_extracted_emails.js] Parsed: parsed-INBOX-uid-5697.json
2026-04-21T04:19:37.143Z [LOG] [parse_extracted_emails.js] Parsed: parsed-INBOX-uid-5698.json
2026-04-21T04:19:37.143Z [LOG] [parse_extracted_emails.js] Parsed: parsed-INBOX-uid-5699.json
2026-04-21T04:19:37.143Z [LOG] [parse_extracted_emails.js] Parsed: parsed-INBOX-uid-5700.json
2026-04-21T04:19:37.143Z [LOG] [parse_extracted_emails.js] Parsed: parsed-INBOX-uid-5701.json
2026-04-21T04:19:37.143Z [LOG] [parse_extracted_emails.js] Parsed: parsed-INBOX-uid-5702.json
2026-04-21T04:19:37.143Z [LOG] [parse_extracted_emails.js] Parsed: parsed-INBOX-uid-5703.json
2026-04-21T04:19:37.143Z [LOG] [parse_extracted_emails.js] Parsed: parsed-INBOX-uid-5704.json
2026-04-21T04:19:37.143Z [LOG] [parse_extracted_emails.js] Parsed: parsed-INBOX-uid-5705.json
2026-04-21T04:19:37.143Z [LOG] [parse_extracted_emails.js] Parsed: parsed-INBOX-uid-5706.json
2026-04-21T04:19:37.143Z [LOG] [parse_extracted_emails.js] Parsed: parsed-INBOX-uid-5707.json
2026-04-21T04:19:37.143Z [LOG] [parse_extracted_emails.js] Parsed: parsed-INBOX-uid-5708.json
2026-04-21T04:19:37.143Z [LOG] [parse_extracted_emails.js] Parsed: parsed-INBOX-uid-5709.json
2026-04-21T04:19:37.143Z [LOG] [parse_extracted_emails.js] Parsed: parsed-INBOX-uid-5710.json
2026-04-21T04:19:37.143Z [LOG] [parse_extracted_emails.js] Parsed: parsed-INBOX-uid-5711.json
2026-04-21T04:19:37.143Z [LOG] [parse_extracted_emails.js] Parsed: parsed-INBOX-uid-5712.json
2026-04-21T04:19:37.143Z [LOG] [parse_extracted_emails.js] Parsed: parsed-INBOX-uid-5713.json
2026-04-21T04:19:37.143Z [LOG] [parse_extracted_emails.js] Parsed: parsed-INBOX-uid-5714.json
2026-04-21T04:19:37.143Z [LOG] [parse_extracted_emails.js] Parsed: parsed-INBOX-uid-5715.json
2026-04-21T04:19:37.143Z [LOG] [parse_extracted_emails.js] Parsed: parsed-INBOX-uid-5716.json
2026-04-21T04:19:37.143Z [LOG] [parse_extracted_emails.js] Parsed: parsed-INBOX-uid-5717.json
2026-04-21T04:19:37.143Z [LOG] [parse_extracted_emails.js] Parsed: parsed-INBOX-uid-5718.json
2026-04-21T04:19:37.143Z [LOG] [parse_extracted_emails.js] Parsed: parsed-INBOX-uid-5719.json
2026-04-21T04:19:37.143Z [LOG] [parse_extracted_emails.js] Parsed: parsed-INBOX-uid-5720.json
2026-04-21T04:19:37.143Z [LOG] [parse_extracted_emails.js] Parsed: parsed-INBOX-uid-5721.json
2026-04-21T04:19:37.143Z [LOG] [parse_extracted_emails.js] Parsed: parsed-INBOX-uid-5722.json
2026-04-21T04:19:37.143Z [LOG] [parse_extracted_emails.js] Parsed: parsed-INBOX-uid-5723.json
2026-04-21T04:19:37.143Z [LOG] [parse_extracted_emails.js] Parsed: parsed-INBOX-uid-5724.json
2026-04-21T04:19:37.143Z [LOG] [parse_extracted_emails.js] Parsed: parsed-INBOX-uid-5725.json
2026-04-21T04:19:37.143Z [LOG] [parse_extracted_emails.js] Parsed: parsed-INBOX-uid-5726.json
2026-04-21T04:19:37.143Z [LOG] [parse_extracted_emails.js] Parsed: parsed-INBOX-uid-5727.json
2026-04-21T04:19:37.143Z [LOG] [parse_extracted_emails.js] Parsed: parsed-INBOX-uid-5728.json
2026-04-21T04:19:37.143Z [LOG] [parse_extracted_emails.js] Parsed: parsed-INBOX-uid-5729.json
2026-04-21T04:19:37.143Z [LOG] [parse_extracted_emails.js] Parsed: parsed-INBOX-uid-5730.json
2026-04-21T04:19:37.143Z [LOG] [parse_extracted_emails.js] Parsed: parsed-INBOX-uid-5731.json
2026-04-21T04:19:37.143Z [LOG] [parse_extracted_emails.js] Parsed: parsed-INBOX-uid-5732.json
2026-04-21T04:19:37.143Z [LOG] [parse_extracted_emails.js] Parsed: parsed-INBOX-uid-5733.json
2026-04-21T04:19:37.143Z [LOG] [parse_extracted_emails.js] Parsed: parsed-INBOX-uid-5734.json
2026-04-21T04:19:37.143Z [LOG] [parse_extracted_emails.js] Parsed: parsed-INBOX-uid-5735.json
2026-04-21T04:19:37.143Z [LOG] [parse_extracted_emails.js] Parsed: parsed-INBOX-uid-5736.json
2026-04-21T04:19:37.143Z [LOG] [parse_extracted_emails.js] Parsed: parsed-INBOX-uid-5737.json
2026-04-21T04:19:37.143Z [LOG] [parse_extracted_emails.js] Parsed: parsed-INBOX-uid-5738.json
2026-04-21T04:19:37.143Z [LOG] [parse_extracted_emails.js] Parsed: parsed-INBOX-uid-5739.json
2026-04-21T04:19:37.143Z [LOG] [parse_extracted_emails.js] Parsed: parsed-INBOX-uid-5740.json
2026-04-21T04:19:37.143Z [LOG] [parse_extracted_emails.js] Parsed: parsed-INBOX-uid-5741.json
2026-04-21T04:19:37.143Z [LOG] [parse_extracted_emails.js] Parsed: parsed-INBOX-uid-5742.json
2026-04-21T04:19:37.143Z [LOG] [parse_extracted_emails.js] Parsed: parsed-INBOX-uid-5743.json
2026-04-21T04:19:37.143Z [LOG] [parse_extracted_emails.js] Parsed: parsed-INBOX-uid-5744.json
2026-04-21T04:19:37.143Z [LOG] [parse_extracted_emails.js] Parsed: parsed-INBOX-uid-5745.json
2026-04-21T04:19:37.143Z [LOG] [parse_extracted_emails.js] Parsed: parsed-INBOX-uid-5746.json
2026-04-21T04:19:37.143Z [LOG] [parse_extracted_emails.js] Parsed: parsed-INBOX-uid-5747.json
2026-04-21T04:19:37.143Z [LOG] [parse_extracted_emails.js] Parsed: parsed-INBOX-uid-5748.json
2026-04-21T04:19:37.143Z [LOG] [parse_extracted_emails.js] Parsed: parsed-INBOX-uid-5749.json
2026-04-21T04:19:37.143Z [LOG] [parse_extracted_emails.js] Parsed: parsed-INBOX-uid-5750.json
2026-04-21T04:19:37.143Z [LOG] [parse_extracted_emails.js] Parsed: parsed-INBOX-uid-5751.json
2026-04-21T04:19:37.143Z [LOG] [parse_extracted_emails.js] Parsed: parsed-INBOX-uid-5752.json
2026-04-21T04:19:37.143Z [LOG] [parse_extracted_emails.js] Parsed: parsed-INBOX-uid-5753.json
2026-04-21T04:19:37.143Z [LOG] [parse_extracted_emails.js] Parsed: parsed-INBOX-uid-5754.json
2026-04-21T04:19:37.143Z [LOG] [parse_extracted_emails.js] Parsed: parsed-INBOX-uid-5755.json
2026-04-21T04:19:37.143Z [LOG] [parse_extracted_emails.js] Parsed: parsed-INBOX-uid-5756.json
2026-04-21T04:19:37.143Z [LOG] [parse_extracted_emails.js] Parsed: parsed-INBOX-uid-5757.json
2026-04-21T04:19:37.143Z [LOG] [parse_extracted_emails.js] Parsed: parsed-INBOX-uid-5758.json
2026-04-21T04:19:37.143Z [LOG] [parse_extracted_emails.js] Parsed: parsed-INBOX-uid-5759.json
2026-04-21T04:19:37.143Z [LOG] [parse_extracted_emails.js] Parsed: parsed-INBOX-uid-5760.json
2026-04-21T04:19:37.143Z [LOG] [parse_extracted_emails.js] Parsed: parsed-INBOX-uid-5761.json
2026-04-21T04:19:37.143Z [LOG] [parse_extracted_emails.js] Parsed: parsed-INBOX-uid-5762.json
2026-04-21T04:19:37.143Z [LOG] [parse_extracted_emails.js] Parsed: parsed-INBOX-uid-5763.json
2026-04-21T04:19:37.143Z [LOG] [parse_extracted_emails.js] Parsed: parsed-INBOX-uid-5764.json
2026-04-21T04:19:37.143Z [LOG] [parse_extracted_emails.js] Parsed: parsed-INBOX-uid-5765.json
2026-04-21T04:19:37.143Z [LOG] [parse_extracted_emails.js] Parsed: parsed-INBOX-uid-5766.json
2026-04-21T04:19:37.143Z [LOG] [parse_extracted_emails.js] Parsed: parsed-INBOX-uid-5767.json
2026-04-21T04:19:37.143Z [LOG] [parse_extracted_emails.js] Parsed: parsed-INBOX-uid-5768.json
2026-04-21T04:19:37.143Z [LOG] [parse_extracted_emails.js] Parsed: parsed-INBOX-uid-5769.json
2026-04-21T04:19:37.143Z [LOG] [parse_extracted_emails.js] Parsed: parsed-INBOX-uid-5770.json
2026-04-21T04:19:37.143Z [LOG] [parse_extracted_emails.js] Parsed: parsed-INBOX-uid-5771.json
2026-04-21T04:19:37.143Z [LOG] [parse_extracted_emails.js] Parsed: parsed-INBOX-uid-5772.json
2026-04-21T04:19:37.143Z [LOG] [parse_extracted_emails.js] Parsed: parsed-INBOX-uid-5773.json
2026-04-21T04:19:37.143Z [LOG] [parse_extracted_emails.js] Parsed: parsed-INBOX-uid-5774.json
2026-04-21T04:19:37.143Z [LOG] [parse_extracted_emails.js] Parsed: parsed-INBOX-uid-5775.json
2026-04-21T04:19:37.143Z [LOG] [parse_extracted_emails.js] Parsed: parsed-INBOX-uid-5776.json
2026-04-21T04:19:37.143Z [LOG] [parse_extracted_emails.js] Parsed: parsed-INBOX-uid-5777.json
2026-04-21T04:19:37.143Z [LOG] [parse_extracted_emails.js] Parsed: parsed-INBOX-uid-5778.json
2026-04-21T04:19:37.143Z [LOG] [parse_extracted_emails.js] Parsed: parsed-INBOX-uid-5779.json
2026-04-21T04:19:37.144Z [LOG] [parse_extracted_emails.js] Parsed: parsed-INBOX-uid-5780.json
2026-04-21T04:19:37.144Z [LOG] [parse_extracted_emails.js] Parsed: parsed-INBOX-uid-5781.json
2026-04-21T04:19:37.144Z [LOG] [parse_extracted_emails.js] Parsed: parsed-INBOX-uid-5782.json
2026-04-21T04:19:37.144Z [LOG] [parse_extracted_emails.js] Parsed: parsed-INBOX-uid-5783.json
2026-04-21T04:19:37.144Z [LOG] [parse_extracted_emails.js] Parsed: parsed-INBOX-uid-5784.json
2026-04-21T04:19:37.144Z [LOG] [parse_extracted_emails.js] Parsed: parsed-INBOX-uid-5785.json
2026-04-21T04:19:37.144Z [LOG] [parse_extracted_emails.js] Parsed: parsed-INBOX-uid-5786.json
2026-04-21T04:19:37.144Z [LOG] [parse_extracted_emails.js] Parsed: parsed-INBOX-uid-5787.json
2026-04-21T04:19:37.144Z [LOG] [parse_extracted_emails.js] Parsed: parsed-INBOX-uid-5788.json
2026-04-21T04:19:37.144Z [LOG] [parse_extracted_emails.js] Parsed: parsed-INBOX-uid-5789.json
2026-04-21T04:19:37.144Z [LOG] [parse_extracted_emails.js] Parsed: parsed-INBOX-uid-5790.json
2026-04-21T04:19:37.144Z [LOG] [parse_extracted_emails.js] Parsed: parsed-INBOX-uid-5791.json
2026-04-21T04:19:37.144Z [LOG] [parse_extracted_emails.js] Parsed: parsed-INBOX-uid-5792.json
2026-04-21T04:19:37.144Z [LOG] [parse_extracted_emails.js] Parsed: parsed-INBOX-uid-5793.json
2026-04-21T04:19:37.144Z [LOG] [parse_extracted_emails.js] Parsed: parsed-INBOX-uid-5794.json
2026-04-21T04:19:37.144Z [LOG] [parse_extracted_emails.js] Parsed: parsed-INBOX-uid-5795.json
2026-04-21T04:19:37.144Z [LOG] [parse_extracted_emails.js] Parsed: parsed-INBOX-uid-5796.json
2026-04-21T04:19:37.144Z [LOG] [parse_extracted_emails.js] Parsed: parsed-INBOX-uid-5797.json
2026-04-21T04:19:37.144Z [LOG] [parse_extracted_emails.js] Parsed: parsed-INBOX-uid-5798.json
2026-04-21T04:19:37.144Z [LOG] [parse_extracted_emails.js] Parsed: parsed-INBOX-uid-5799.json
2026-04-21T04:19:37.144Z [LOG] [parse_extracted_emails.js] Parsed: parsed-INBOX-uid-5800.json
2026-04-21T04:19:37.144Z [LOG] [parse_extracted_emails.js] Parsed: parsed-INBOX-uid-5801.json
2026-04-21T04:19:37.144Z [LOG] [parse_extracted_emails.js] Parsed: parsed-INBOX-uid-5802.json
2026-04-21T04:19:37.144Z [LOG] [parse_extracted_emails.js] Parsed: parsed-INBOX-uid-5803.json
2026-04-21T04:19:37.144Z [LOG] [parse_extracted_emails.js] Parsed: parsed-INBOX-uid-5804.json
2026-04-21T04:19:37.144Z [LOG] [parse_extracted_emails.js] Parsed: parsed-INBOX-uid-5805.json
2026-04-21T04:19:37.144Z [LOG] [parse_extracted_emails.js] Parsed: parsed-INBOX-uid-5806.json
2026-04-21T04:19:37.144Z [LOG] [parse_extracted_emails.js] Parsed: parsed-INBOX-uid-5807.json
2026-04-21T04:19:37.144Z [LOG] [parse_extracted_emails.js] Parsed: parsed-INBOX-uid-5808.json
2026-04-21T04:19:37.144Z [LOG] [parse_extracted_emails.js] Parsed: parsed-INBOX-uid-5809.json
2026-04-21T04:19:37.144Z [LOG] [parse_extracted_emails.js] Parsed: parsed-INBOX-uid-5810.json
2026-04-21T04:19:37.144Z [LOG] [parse_extracted_emails.js] Parsed: parsed-INBOX-uid-5811.json
2026-04-21T04:19:37.144Z [LOG] [parse_extracted_emails.js] Parsed: parsed-INBOX-uid-5812.json
2026-04-21T04:19:37.144Z [LOG] [parse_extracted_emails.js] Parsed: parsed-INBOX-uid-5813.json
2026-04-21T04:19:37.144Z [LOG] [parse_extracted_emails.js] Parsed: parsed-INBOX-uid-5814.json
2026-04-21T04:19:37.144Z [LOG] [parse_extracted_emails.js] Parsed: parsed-INBOX-uid-5815.json
2026-04-21T04:19:37.144Z [LOG] [parse_extracted_emails.js] Parsed: parsed-INBOX-uid-5816.json
2026-04-21T04:19:37.144Z [LOG] [parse_extracted_emails.js] Parsed: parsed-INBOX-uid-5817.json
2026-04-21T04:19:37.144Z [LOG] [parse_extracted_emails.js] Parsed: parsed-INBOX-uid-5818.json
2026-04-21T04:19:37.144Z [LOG] [parse_extracted_emails.js] Parsed: parsed-INBOX-uid-5819.json
2026-04-21T04:19:37.144Z [LOG] [parse_extracted_emails.js] Parsed: parsed-INBOX-uid-5820.json
2026-04-21T04:19:37.144Z [LOG] [parse_extracted_emails.js] Parsed: parsed-INBOX-uid-5821.json
2026-04-21T04:19:37.144Z [LOG] [parse_extracted_emails.js] Parsed: parsed-INBOX-uid-5822.json
2026-04-21T04:19:37.144Z [LOG] [parse_extracted_emails.js] Parsed: parsed-INBOX-uid-5823.json
2026-04-21T04:19:37.144Z [LOG] [parse_extracted_emails.js] Parsed: parsed-INBOX-uid-5824.json
2026-04-21T04:19:37.144Z [LOG] [parse_extracted_emails.js] Parsed: parsed-INBOX-uid-5825.json
2026-04-21T04:19:37.144Z [LOG] [parse_extracted_emails.js] Parsed: parsed-INBOX-uid-5826.json
2026-04-21T04:19:37.144Z [LOG] [parse_extracted_emails.js] Parsed: parsed-INBOX-uid-5827.json
2026-04-21T04:19:37.144Z [LOG] [parse_extracted_emails.js] Parsed: parsed-INBOX-uid-5828.json
2026-04-21T04:19:37.144Z [LOG] [parse_extracted_emails.js] Parsed: parsed-INBOX-uid-5829.json
2026-04-21T04:19:37.144Z [LOG] [parse_extracted_emails.js] Parsed: parsed-INBOX-uid-5830.json
2026-04-21T04:19:37.144Z [LOG] [parse_extracted_emails.js] Parsed: parsed-INBOX-uid-5831.json
2026-04-21T04:19:37.144Z [LOG] [parse_extracted_emails.js] Parsed: parsed-INBOX-uid-5832.json
2026-04-21T04:19:37.144Z [LOG] [parse_extracted_emails.js] Parsed: parsed-INBOX-uid-5833.json
2026-04-21T04:19:37.144Z [LOG] [parse_extracted_emails.js] Parsed: parsed-INBOX-uid-5834.json
2026-04-21T04:19:37.144Z [LOG] [parse_extracted_emails.js] Parsed: parsed-INBOX-uid-5835.json
2026-04-21T04:19:37.144Z [LOG] [parse_extracted_emails.js] Parsed: parsed-INBOX-uid-5836.json
2026-04-21T04:19:37.144Z [LOG] [parse_extracted_emails.js] Parsed: parsed-INBOX-uid-5837.json
2026-04-21T04:19:37.144Z [LOG] [parse_extracted_emails.js] Parsed: parsed-INBOX-uid-5838.json
2026-04-21T04:19:37.144Z [LOG] [parse_extracted_emails.js] Parsed: parsed-INBOX-uid-5839.json
2026-04-21T04:19:37.144Z [LOG] [parse_extracted_emails.js] Parsed: parsed-INBOX-uid-5840.json
2026-04-21T04:19:37.144Z [LOG] [parse_extracted_emails.js] Parsed: parsed-INBOX-uid-5841.json
2026-04-21T04:19:37.144Z [LOG] [parse_extracted_emails.js] Parsed: parsed-INBOX-uid-5842.json
2026-04-21T04:19:37.144Z [LOG] [parse_extracted_emails.js] Parsed: parsed-INBOX-uid-5843.json
2026-04-21T04:19:37.144Z [LOG] [parse_extracted_emails.js] Parsed: parsed-INBOX-uid-5844.json
2026-04-21T04:19:37.144Z [LOG] [parse_extracted_emails.js] Parsed: parsed-INBOX-uid-5845.json
2026-04-21T04:19:37.144Z [LOG] [parse_extracted_emails.js] Parsed: parsed-INBOX-uid-5846.json
2026-04-21T04:19:37.144Z [LOG] [parse_extracted_emails.js] Parsed: parsed-INBOX-uid-5847.json
2026-04-21T04:19:37.144Z [LOG] [parse_extracted_emails.js] Parsed: parsed-INBOX-uid-5848.json
2026-04-21T04:19:37.144Z [LOG] [parse_extracted_emails.js] Parsed: parsed-INBOX-uid-5849.json
2026-04-21T04:19:37.144Z [LOG] [parse_extracted_emails.js] Parsed: parsed-INBOX-uid-5850.json
2026-04-21T04:19:37.144Z [LOG] [parse_extracted_emails.js] Parsed: parsed-INBOX-uid-5851.json
2026-04-21T04:19:37.144Z [LOG] [parse_extracted_emails.js] Parsed: parsed-INBOX-uid-5852.json
2026-04-21T04:19:37.144Z [LOG] [parse_extracted_emails.js] Parsed: parsed-INBOX-uid-5853.json
2026-04-21T04:19:37.144Z [LOG] [parse_extracted_emails.js] Parsed: parsed-INBOX-uid-5854.json
2026-04-21T04:19:37.144Z [LOG] [parse_extracted_emails.js] Parsed: parsed-INBOX-uid-5855.json
2026-04-21T04:19:37.144Z [LOG] [parse_extracted_emails.js] Parsed: parsed-INBOX-uid-5856.json
2026-04-21T04:19:37.144Z [LOG] [parse_extracted_emails.js] Parsed: parsed-INBOX-uid-5857.json
2026-04-21T04:19:37.144Z [LOG] [parse_extracted_emails.js] Parsed: parsed-INBOX-uid-5858.json
2026-04-21T04:19:37.144Z [LOG] [parse_extracted_emails.js] Parsed: parsed-INBOX-uid-5859.json
2026-04-21T04:19:37.144Z [LOG] [parse_extracted_emails.js] Parsed: parsed-INBOX-uid-5860.json
2026-04-21T04:19:37.144Z [LOG] [parse_extracted_emails.js] Parsed: parsed-INBOX-uid-5861.json
2026-04-21T04:19:37.144Z [LOG] [parse_extracted_emails.js] Parsed: parsed-INBOX-uid-5862.json
2026-04-21T04:19:37.144Z [LOG] [parse_extracted_emails.js] Parsed: parsed-INBOX-uid-5863.json
2026-04-21T04:19:37.144Z [LOG] [parse_extracted_emails.js] Parsed: parsed-INBOX-uid-5864.json
2026-04-21T04:19:37.144Z [LOG] [parse_extracted_emails.js] Parsed: parsed-INBOX-uid-5865.json
2026-04-21T04:19:37.144Z [LOG] [parse_extracted_emails.js] Parsed: parsed-INBOX-uid-5866.json
2026-04-21T04:19:37.144Z [LOG] [parse_extracted_emails.js] Parsed: parsed-INBOX-uid-5867.json
2026-04-21T04:19:37.144Z [LOG] [parse_extracted_emails.js] Parsed: parsed-INBOX-uid-5868.json
2026-04-21T04:19:37.144Z [LOG] [parse_extracted_emails.js] Parsed: parsed-INBOX-uid-5869.json
2026-04-21T04:19:37.144Z [LOG] [parse_extracted_emails.js] Parsed: parsed-INBOX-uid-5870.json
2026-04-21T04:19:37.144Z [LOG] [parse_extracted_emails.js] Parsed: parsed-INBOX-uid-5871.json
2026-04-21T04:19:37.144Z [LOG] [parse_extracted_emails.js] Parsed: parsed-INBOX-uid-5872.json
2026-04-21T04:19:37.144Z [LOG] [parse_extracted_emails.js] Parsed: parsed-INBOX-uid-5873.json
2026-04-21T04:19:37.144Z [LOG] [parse_extracted_emails.js] Parsed: parsed-INBOX-uid-5874.json
2026-04-21T04:19:37.144Z [LOG] [parse_extracted_emails.js] Parsed: parsed-INBOX-uid-5875.json
2026-04-21T04:19:37.144Z [LOG] [parse_extracted_emails.js] Parsed: parsed-INBOX-uid-5876.json
2026-04-21T04:19:37.144Z [LOG] [parse_extracted_emails.js] Parsed: parsed-INBOX-uid-5877.json
2026-04-21T04:19:37.144Z [LOG] [parse_extracted_emails.js] Parsed: parsed-INBOX-uid-5878.json
2026-04-21T04:19:37.144Z [LOG] [parse_extracted_emails.js] Parsed: parsed-INBOX-uid-5879.json
2026-04-21T04:19:37.144Z [LOG] [parse_extracted_emails.js] Parsed: parsed-INBOX-uid-5880.json
2026-04-21T04:19:37.144Z [LOG] [parse_extracted_emails.js] Parsed: parsed-INBOX-uid-5881.json
2026-04-21T04:19:37.144Z [LOG] [parse_extracted_emails.js] Parsed: parsed-INBOX-uid-5882.json
2026-04-21T04:19:37.144Z [LOG] [parse_extracted_emails.js] Parsed: parsed-INBOX-uid-5883.json
2026-04-21T04:19:37.144Z [LOG] [parse_extracted_emails.js] Parsed: parsed-INBOX-uid-5884.json
2026-04-21T04:19:37.144Z [LOG] [parse_extracted_emails.js] Parsed: parsed-INBOX-uid-5885.json
2026-04-21T04:19:37.144Z [LOG] [parse_extracted_emails.js] Parsed: parsed-INBOX-uid-5886.json
2026-04-21T04:19:37.144Z [LOG] [parse_extracted_emails.js] Parsed: parsed-INBOX-uid-5887.json
2026-04-21T04:19:37.145Z [LOG] [parse_extracted_emails.js] Parsed: parsed-INBOX-uid-5888.json
2026-04-21T04:19:37.145Z [LOG] [parse_extracted_emails.js] Parsed: parsed-INBOX-uid-5889.json
2026-04-21T04:19:37.145Z [LOG] [parse_extracted_emails.js] Parsed: parsed-INBOX-uid-5890.json
2026-04-21T04:19:37.145Z [LOG] [parse_extracted_emails.js] Parsed: parsed-INBOX-uid-5891.json
2026-04-21T04:19:37.145Z [LOG] [parse_extracted_emails.js] Parsed: parsed-INBOX-uid-5892.json
2026-04-21T04:19:37.145Z [LOG] [parse_extracted_emails.js] Parsed: parsed-INBOX-uid-5893.json
2026-04-21T04:19:37.145Z [LOG] [parse_extracted_emails.js] Parsed: parsed-INBOX-uid-5894.json
2026-04-21T04:19:37.145Z [LOG] [parse_extracted_emails.js] Parsed: parsed-INBOX-uid-5895.json
2026-04-21T04:19:37.145Z [LOG] [parse_extracted_emails.js] Parsed: parsed-INBOX-uid-5896.json
2026-04-21T04:19:37.145Z [LOG] [parse_extracted_emails.js] Parsed: parsed-INBOX-uid-5897.json
2026-04-21T04:19:37.145Z [LOG] [parse_extracted_emails.js] Parsed: parsed-INBOX-uid-5898.json
2026-04-21T04:19:37.145Z [LOG] [parse_extracted_emails.js] Parsed: parsed-INBOX-uid-5899.json
2026-04-21T04:19:37.145Z [LOG] [parse_extracted_emails.js] Parsed: parsed-INBOX-uid-5900.json
2026-04-21T04:19:37.145Z [LOG] [parse_extracted_emails.js] Parsed: parsed-INBOX-uid-5901.json
2026-04-21T04:19:37.145Z [LOG] [parse_extracted_emails.js] Parsed: parsed-INBOX-uid-5902.json
2026-04-21T04:19:37.145Z [LOG] [parse_extracted_emails.js] Parsed: parsed-INBOX-uid-5903.json
2026-04-21T04:19:37.145Z [LOG] [parse_extracted_emails.js] Parsed: parsed-INBOX-uid-5904.json
2026-04-21T04:19:37.145Z [LOG] [parse_extracted_emails.js] Parsed: parsed-INBOX-uid-5905.json
2026-04-21T04:19:37.145Z [LOG] [parse_extracted_emails.js] Parsed: parsed-INBOX-uid-5906.json
2026-04-21T04:19:37.145Z [LOG] [parse_extracted_emails.js] Parsed: parsed-INBOX-uid-5907.json
2026-04-21T04:19:37.145Z [LOG] [parse_extracted_emails.js] Parsed: parsed-INBOX-uid-5911.json
2026-04-21T04:19:37.145Z [LOG] [parse_extracted_emails.js] Parsed: parsed-INBOX-uid-5912.json
2026-04-21T04:19:37.145Z [LOG] [parse_extracted_emails.js] Parsed: parsed-INBOX-uid-5913.json
2026-04-21T04:19:37.145Z [LOG] [parse_extracted_emails.js] Parsed: parsed-INBOX-uid-5914.json
2026-04-21T04:19:37.145Z [LOG] [parse_extracted_emails.js] Parsed: parsed-INBOX-uid-5915.json
2026-04-21T04:19:37.145Z [LOG] [parse_extracted_emails.js] Parsed: parsed-INBOX-uid-5916.json
2026-04-21T04:19:37.145Z [LOG] [parse_extracted_emails.js] Parsed: parsed-INBOX-uid-5917.json
2026-04-21T04:19:37.145Z [LOG] [parse_extracted_emails.js] Parsed: parsed-INBOX-uid-5918.json
2026-04-21T04:19:37.145Z [LOG] [parse_extracted_emails.js] Parsed: parsed-INBOX-uid-5919.json
2026-04-21T04:19:37.145Z [LOG] [parse_extracted_emails.js] Parsed: parsed-INBOX-uid-5920.json
2026-04-21T04:19:37.145Z [LOG] [parse_extracted_emails.js] Parsed: parsed-INBOX-uid-5921.json
2026-04-21T04:19:37.145Z [LOG] [parse_extracted_emails.js] Parsed: parsed-INBOX-uid-5922.json
2026-04-21T04:19:37.145Z [LOG] [parse_extracted_emails.js] Parsed: parsed-INBOX-uid-5923.json
2026-04-21T04:19:37.145Z [LOG] [parse_extracted_emails.js] Parsed: parsed-INBOX-uid-5924.json
2026-04-21T04:19:37.145Z [LOG] [parse_extracted_emails.js] Parsed: parsed-INBOX-uid-5925.json
2026-04-21T04:19:37.145Z [LOG] [parse_extracted_emails.js] Parsed: parsed-INBOX-uid-5926.json
2026-04-21T04:19:37.145Z [LOG] [parse_extracted_emails.js] Parsed: parsed-INBOX-uid-5927.json
2026-04-21T04:19:37.145Z [LOG] [parse_extracted_emails.js] Parsed: parsed-INBOX-uid-5928.json
2026-04-21T04:19:37.145Z [LOG] [parse_extracted_emails.js] Parsed: parsed-INBOX-uid-5929.json
2026-04-21T04:19:37.145Z [LOG] [parse_extracted_emails.js] Parsed: parsed-INBOX-uid-5930.json
2026-04-21T04:19:37.145Z [LOG] [parse_extracted_emails.js] Parsed: parsed-INBOX-uid-5931.json
2026-04-21T04:19:37.145Z [LOG] [parse_extracted_emails.js] Parsed: parsed-INBOX-uid-5932.json
2026-04-21T04:19:37.145Z [LOG] [parse_extracted_emails.js] Parsed: parsed-INBOX-uid-5934.json
2026-04-21T04:19:37.145Z [LOG] [parse_extracted_emails.js] Parsed: parsed-INBOX-uid-5935.json
2026-04-21T04:19:37.145Z [LOG] [parse_extracted_emails.js] Parsed: parsed-INBOX-uid-5936.json
2026-04-21T04:19:37.145Z [LOG] [parse_extracted_emails.js] Parsed: parsed-INBOX-uid-5937.json
2026-04-21T04:19:37.145Z [LOG] [parse_extracted_emails.js] Parsed: parsed-INBOX-uid-5938.json
2026-04-21T04:19:37.145Z [LOG] [parse_extracted_emails.js] Parsed: parsed-INBOX-uid-5939.json
2026-04-21T04:19:37.145Z [LOG] [parse_extracted_emails.js] Parsed: parsed-INBOX-uid-5940.json
2026-04-21T04:19:37.145Z [LOG] [parse_extracted_emails.js] Parsed: parsed-INBOX-uid-5941.json
2026-04-21T04:19:37.145Z [LOG] [parse_extracted_emails.js] Parsed: parsed-INBOX-uid-5942.json
2026-04-21T04:19:37.145Z [LOG] [parse_extracted_emails.js] Parsed: parsed-INBOX-uid-5943.json
2026-04-21T04:19:37.145Z [LOG] [parse_extracted_emails.js] Parsed: parsed-INBOX-uid-5944.json
2026-04-21T04:19:37.145Z [LOG] [parse_extracted_emails.js] Parsed: parsed-INBOX-uid-5945.json
2026-04-21T04:19:37.145Z [LOG] [parse_extracted_emails.js] Parsed: parsed-INBOX-uid-5946.json
2026-04-21T04:19:37.145Z [LOG] [parse_extracted_emails.js] Parsed: parsed-INBOX-uid-5948.json
2026-04-21T04:19:37.145Z [LOG] [parse_extracted_emails.js] Parsed: parsed-INBOX-uid-5949.json
2026-04-21T04:19:37.145Z [LOG] [parse_extracted_emails.js] Parsed: parsed-INBOX-uid-5950.json
2026-04-21T04:19:37.145Z [LOG] [parse_extracted_emails.js] Parsed: parsed-INBOX-uid-5951.json
2026-04-21T04:19:37.145Z [LOG] [parse_extracted_emails.js] Parsed: parsed-INBOX-uid-5952.json
2026-04-21T04:19:37.145Z [LOG] [parse_extracted_emails.js] Parsed: parsed-INBOX-uid-5953.json
2026-04-21T04:19:37.145Z [LOG] [parse_extracted_emails.js] Parsed: parsed-INBOX-uid-5954.json
2026-04-21T04:19:37.145Z [LOG] [parse_extracted_emails.js] Parsed: parsed-INBOX-uid-5955.json
2026-04-21T04:19:37.145Z [LOG] [parse_extracted_emails.js] Parsed: parsed-INBOX-uid-5956.json
2026-04-21T04:19:37.145Z [LOG] [parse_extracted_emails.js] Parsed: parsed-INBOX-uid-5957.json
2026-04-21T04:19:37.145Z [LOG] [parse_extracted_emails.js] Parsed: parsed-INBOX-uid-5958.json
2026-04-21T04:19:37.145Z [LOG] [parse_extracted_emails.js] Parsed: parsed-INBOX-uid-5959.json
2026-04-21T04:19:37.145Z [LOG] [parse_extracted_emails.js] Parsed: parsed-INBOX-uid-5960.json
2026-04-21T04:19:37.145Z [LOG] [parse_extracted_emails.js] Parsed: parsed-INBOX-uid-5961.json
2026-04-21T04:19:37.145Z [LOG] [parse_extracted_emails.js] Parsed: parsed-INBOX-uid-5962.json
2026-04-21T04:19:37.145Z [LOG] [parse_extracted_emails.js] Parsed: parsed-INBOX-uid-5963.json
2026-04-21T04:19:37.145Z [LOG] [parse_extracted_emails.js] Parsed: parsed-INBOX-uid-5964.json
2026-04-21T04:19:37.145Z [LOG] [parse_extracted_emails.js] Parsed: parsed-INBOX-uid-5965.json
2026-04-21T04:19:37.145Z [LOG] [parse_extracted_emails.js] Parsed: parsed-INBOX-uid-5966.json
2026-04-21T04:19:37.145Z [LOG] [parse_extracted_emails.js] Parsed: parsed-INBOX-uid-5967.json
2026-04-21T04:19:37.145Z [LOG] [parse_extracted_emails.js] Parsed: parsed-INBOX-uid-5968.json
2026-04-21T04:19:37.145Z [LOG] [parse_extracted_emails.js] Parsed: parsed-INBOX-uid-5969.json
2026-04-21T04:19:37.145Z [LOG] [parse_extracted_emails.js] Parsed: parsed-INBOX-uid-5970.json
2026-04-21T04:19:37.145Z [LOG] [parse_extracted_emails.js] Parsed: parsed-INBOX-uid-5971.json
2026-04-21T04:19:37.145Z [LOG] [parse_extracted_emails.js] Parsed: parsed-INBOX-uid-5972.json
2026-04-21T04:19:37.145Z [LOG] [parse_extracted_emails.js] Parsed: parsed-INBOX-uid-5973.json
2026-04-21T04:19:37.145Z [LOG] [parse_extracted_emails.js] Parsed: parsed-INBOX-uid-5974.json
2026-04-21T04:19:37.145Z [LOG] [parse_extracted_emails.js] Parsed: parsed-INBOX-uid-5975.json
2026-04-21T04:19:37.145Z [LOG] [parse_extracted_emails.js] Parsed: parsed-INBOX-uid-5976.json
2026-04-21T04:19:37.145Z [LOG] [parse_extracted_emails.js] Parsed: parsed-INBOX-uid-5977.json
2026-04-21T04:19:37.145Z [LOG] [parse_extracted_emails.js] Parsed: parsed-INBOX-uid-5978.json
2026-04-21T04:19:37.145Z [LOG] [parse_extracted_emails.js] Parsed: parsed-INBOX-uid-5979.json
2026-04-21T04:19:37.145Z [LOG] [parse_extracted_emails.js] Parsed: parsed-INBOX-uid-5980.json
2026-04-21T04:19:37.145Z [LOG] [parse_extracted_emails.js] Parsed: parsed-INBOX-uid-5981.json
2026-04-21T04:19:37.145Z [LOG] [parse_extracted_emails.js] Parsed: parsed-INBOX-uid-5982.json
2026-04-21T04:19:37.145Z [LOG] [parse_extracted_emails.js] Parsed: parsed-INBOX-uid-5983.json
2026-04-21T04:19:37.145Z [LOG] [parse_extracted_emails.js] Parsed: parsed-INBOX-uid-6005.json
2026-04-21T04:19:37.145Z [LOG] [parse_extracted_emails.js] Parsed: parsed-INBOX-uid-6006.json
2026-04-21T04:19:37.145Z [LOG] [parse_extracted_emails.js] Parsed: parsed-INBOX-uid-6007.json
2026-04-21T04:19:37.145Z [LOG] [parse_extracted_emails.js] Parsed: parsed-INBOX-uid-6008.json
2026-04-21T04:19:37.145Z [LOG] [parse_extracted_emails.js] Parsed: parsed-INBOX-uid-6009.json
2026-04-21T04:19:37.145Z [LOG] [parse_extracted_emails.js] Parsed: parsed-INBOX-uid-6010.json
2026-04-21T04:19:37.145Z [LOG] [parse_extracted_emails.js] Parsed: parsed-INBOX-uid-6011.json
2026-04-21T04:19:37.145Z [LOG] [parse_extracted_emails.js] Parsed: parsed-INBOX-uid-6012.json
2026-04-21T04:19:37.145Z [LOG] [parse_extracted_emails.js] Parsed: parsed-INBOX-uid-6013.json
2026-04-21T04:19:37.145Z [LOG] [parse_extracted_emails.js] Parsed: parsed-INBOX-uid-6014.json
2026-04-21T04:19:37.145Z [LOG] [parse_extracted_emails.js] Parsed: parsed-INBOX-uid-6015.json
2026-04-21T04:19:37.145Z [LOG] [parse_extracted_emails.js] Parsed: parsed-INBOX-uid-6016.json
2026-04-21T04:19:37.145Z [LOG] [parse_extracted_emails.js] Parsed: parsed-INBOX-uid-6017.json
2026-04-21T04:19:37.145Z [LOG] [parse_extracted_emails.js] Parsed: parsed-INBOX-uid-6018.json
2026-04-21T04:19:37.145Z [LOG] [parse_extracted_emails.js] Parsed: parsed-INBOX-uid-6019.json
2026-04-21T04:19:37.145Z [LOG] [parse_extracted_emails.js] Parsed: parsed-INBOX-uid-6020.json
2026-04-21T04:19:37.145Z [LOG] [parse_extracted_emails.js] Parsed: parsed-INBOX-uid-6021.json
2026-04-21T04:19:37.146Z [LOG] [parse_extracted_emails.js] Parsed: parsed-INBOX-uid-6022.json
2026-04-21T04:19:37.146Z [LOG] [parse_extracted_emails.js] Parsed: parsed-INBOX-uid-6023.json
2026-04-21T04:19:37.146Z [LOG] [parse_extracted_emails.js] Parsed: parsed-INBOX-uid-6024.json
2026-04-21T04:19:37.146Z [LOG] [parse_extracted_emails.js] Parsed: parsed-INBOX-uid-6025.json
2026-04-21T04:19:37.146Z [LOG] [parse_extracted_emails.js] Parsed: parsed-INBOX-uid-6026.json
2026-04-21T04:19:37.146Z [LOG] [parse_extracted_emails.js] Parsed: parsed-INBOX-uid-6027.json
2026-04-21T04:19:37.146Z [LOG] [parse_extracted_emails.js] Parsed: parsed-INBOX-uid-6028.json
2026-04-21T04:19:37.146Z [LOG] [parse_extracted_emails.js] Parsed: parsed-INBOX-uid-6029.json
2026-04-21T04:19:37.146Z [LOG] [parse_extracted_emails.js] Parsed: parsed-INBOX-uid-6030.json
2026-04-21T04:19:37.146Z [LOG] [parse_extracted_emails.js] Parsed: parsed-INBOX-uid-6031.json
2026-04-21T04:19:37.146Z [LOG] [parse_extracted_emails.js] Parsed: parsed-INBOX-uid-6032.json
2026-04-21T04:19:37.146Z [LOG] [parse_extracted_emails.js] Parsed: parsed-INBOX-uid-6033.json
2026-04-21T04:19:37.146Z [LOG] [parse_extracted_emails.js] Parsed: parsed-INBOX-uid-6034.json
2026-04-21T04:19:37.146Z [LOG] [parse_extracted_emails.js] Parsed: parsed-INBOX-uid-6035.json
2026-04-21T04:19:37.146Z [LOG] [parse_extracted_emails.js] Parsed: parsed-INBOX-uid-6036.json
2026-04-21T04:19:37.146Z [LOG] [parse_extracted_emails.js] Parsed: parsed-INBOX-uid-6037.json
2026-04-21T04:19:37.146Z [LOG] [parse_extracted_emails.js] Parsed: parsed-INBOX-uid-6038.json
2026-04-21T04:19:37.146Z [LOG] [parse_extracted_emails.js] Parsed: parsed-INBOX-uid-6039.json
2026-04-21T04:19:37.146Z [LOG] [parse_extracted_emails.js] Parsed: parsed-INBOX-uid-6040.json
2026-04-21T04:19:37.146Z [LOG] [parse_extracted_emails.js] Parsed: parsed-INBOX-uid-6041.json
2026-04-21T04:19:37.146Z [LOG] [parse_extracted_emails.js] Parsed: parsed-INBOX-uid-6042.json
2026-04-21T04:19:37.146Z [LOG] [parse_extracted_emails.js] Parsed: parsed-INBOX-uid-6043.json
2026-04-21T04:19:37.146Z [LOG] [parse_extracted_emails.js] Parsed: parsed-INBOX-uid-6044.json
2026-04-21T04:19:37.146Z [LOG] [parse_extracted_emails.js] Parsed: parsed-INBOX-uid-6045.json
2026-04-21T04:19:37.146Z [LOG] [parse_extracted_emails.js] Parsed: parsed-INBOX-uid-6046.json
2026-04-21T04:19:37.146Z [LOG] [parse_extracted_emails.js] Parsed: parsed-INBOX-uid-6047.json
2026-04-21T04:19:37.146Z [LOG] [parse_extracted_emails.js] Parsed: parsed-INBOX-uid-6048.json
2026-04-21T04:19:37.146Z [LOG] [parse_extracted_emails.js] Parsed: parsed-INBOX-uid-6049.json
2026-04-21T04:19:37.146Z [LOG] [parse_extracted_emails.js] Parsed: parsed-INBOX-uid-6050.json
2026-04-21T04:19:37.146Z [LOG] [parse_extracted_emails.js] Parsed: parsed-INBOX-uid-6051.json
2026-04-21T04:19:37.146Z [LOG] [parse_extracted_emails.js] Parsed: parsed-INBOX-uid-6052.json
2026-04-21T04:19:37.146Z [LOG] [parse_extracted_emails.js] Parsed: parsed-INBOX-uid-6053.json
2026-04-21T04:19:37.146Z [LOG] [parse_extracted_emails.js] Parsed: parsed-INBOX-uid-6054.json
2026-04-21T04:19:37.146Z [LOG] [parse_extracted_emails.js] Parsed: parsed-INBOX-uid-6055.json
2026-04-21T04:19:37.146Z [LOG] [parse_extracted_emails.js] Parsed: parsed-INBOX-uid-6056.json
2026-04-21T04:19:37.146Z [LOG] [parse_extracted_emails.js] Parsed: parsed-INBOX-uid-6057.json
2026-04-21T04:19:37.146Z [LOG] [parse_extracted_emails.js] Parsed: parsed-INBOX-uid-6058.json
2026-04-21T04:19:37.146Z [LOG] [parse_extracted_emails.js] Parsed: parsed-INBOX-uid-6059.json
2026-04-21T04:19:37.146Z [LOG] [parse_extracted_emails.js] Parsed: parsed-INBOX-uid-6060.json
2026-04-21T04:19:37.146Z [LOG] [parse_extracted_emails.js] Parsed: parsed-INBOX-uid-6061.json
2026-04-21T04:19:37.146Z [LOG] [parse_extracted_emails.js] Parsed: parsed-INBOX-uid-6062.json
2026-04-21T04:19:37.146Z [LOG] [parse_extracted_emails.js] Parsed: parsed-INBOX-uid-6063.json
2026-04-21T04:19:37.146Z [LOG] [parse_extracted_emails.js] Parsed: parsed-INBOX-uid-6064.json
2026-04-21T04:19:37.146Z [LOG] [parse_extracted_emails.js] Parsed: parsed-INBOX-uid-6065.json
2026-04-21T04:19:37.146Z [LOG] [parse_extracted_emails.js] Parsed: parsed-INBOX-uid-6066.json
2026-04-21T04:19:37.146Z [LOG] [parse_extracted_emails.js] Parsed: parsed-INBOX-uid-6067.json
2026-04-21T04:19:37.146Z [LOG] [parse_extracted_emails.js] Parsed: parsed-INBOX-uid-6068.json
2026-04-21T04:19:37.146Z [LOG] [parse_extracted_emails.js] Parsed: parsed-INBOX-uid-6069.json
2026-04-21T04:19:37.146Z [LOG] [parse_extracted_emails.js] Parsed: parsed-INBOX-uid-6070.json
2026-04-21T04:19:37.146Z [LOG] [parse_extracted_emails.js] Parsed: parsed-INBOX-uid-6071.json
2026-04-21T04:19:37.146Z [LOG] [parse_extracted_emails.js] Parsed: parsed-INBOX-uid-6072.json
2026-04-21T04:19:37.146Z [LOG] [parse_extracted_emails.js] Parsed: parsed-INBOX-uid-6073.json
2026-04-21T04:19:37.146Z [LOG] [parse_extracted_emails.js] Parsed: parsed-INBOX-uid-6074.json
2026-04-21T04:19:37.146Z [LOG] [parse_extracted_emails.js] Parsed: parsed-INBOX-uid-6075.json
2026-04-21T04:19:37.146Z [LOG] [parse_extracted_emails.js] Parsed: parsed-INBOX-uid-6076.json
2026-04-21T04:19:37.146Z [LOG] [parse_extracted_emails.js] Parsed: parsed-INBOX-uid-6077.json
2026-04-21T04:19:37.146Z [LOG] [parse_extracted_emails.js] Parsed: parsed-INBOX-uid-6078.json
2026-04-21T04:19:37.146Z [LOG] [parse_extracted_emails.js] Parsed: parsed-INBOX-uid-6079.json
2026-04-21T04:19:37.146Z [LOG] [parse_extracted_emails.js] Parsed: parsed-INBOX-uid-6080.json
2026-04-21T04:19:37.146Z [LOG] [parse_extracted_emails.js] Parsed: parsed-INBOX-uid-6081.json
2026-04-21T04:19:37.146Z [LOG] [parse_extracted_emails.js] Parsed: parsed-INBOX-uid-6082.json
2026-04-21T04:19:37.146Z [LOG] [parse_extracted_emails.js] Parsed: parsed-INBOX-uid-6083.json
2026-04-21T04:19:37.146Z [LOG] [parse_extracted_emails.js] Parsed: parsed-INBOX-uid-6084.json
2026-04-21T04:19:37.146Z [LOG] [parse_extracted_emails.js] Parsed: parsed-INBOX-uid-6085.json
2026-04-21T04:19:37.146Z [LOG] [parse_extracted_emails.js] Parsed: parsed-INBOX-uid-6086.json
2026-04-21T04:19:37.146Z [LOG] [parse_extracted_emails.js] Parsed: parsed-INBOX-uid-6087.json
2026-04-21T04:19:37.146Z [LOG] [parse_extracted_emails.js] Parsed: parsed-INBOX-uid-6088.json
2026-04-21T04:19:37.146Z [LOG] [parse_extracted_emails.js] Parsed: parsed-INBOX-uid-6089.json
2026-04-21T04:19:37.146Z [LOG] [parse_extracted_emails.js] Parsed: parsed-INBOX-uid-6090.json
2026-04-21T04:19:37.146Z [LOG] [parse_extracted_emails.js] Parsed: parsed-INBOX-uid-6091.json
2026-04-21T04:19:37.146Z [LOG] [parse_extracted_emails.js] Parsed: parsed-INBOX-uid-6092.json
2026-04-21T04:19:37.146Z [LOG] [parse_extracted_emails.js] Parsed: parsed-INBOX-uid-6093.json
2026-04-21T04:19:37.146Z [LOG] [parse_extracted_emails.js] Parsed: parsed-INBOX-uid-6094.json
2026-04-21T04:19:37.146Z [LOG] [parse_extracted_emails.js] Parsed: parsed-INBOX-uid-6095.json
2026-04-21T04:19:37.146Z [LOG] [parse_extracted_emails.js] Parsed: parsed-INBOX-uid-6096.json
2026-04-21T04:19:37.146Z [LOG] [parse_extracted_emails.js] Parsed: parsed-INBOX-uid-6097.json
2026-04-21T04:19:37.146Z [LOG] [parse_extracted_emails.js] Parsed: parsed-INBOX-uid-6098.json
2026-04-21T04:19:37.146Z [LOG] [parse_extracted_emails.js] Parsed: parsed-INBOX-uid-6099.json
2026-04-21T04:19:37.146Z [LOG] [parse_extracted_emails.js] Parsed: parsed-INBOX-uid-6100.json
2026-04-21T04:19:37.146Z [LOG] [parse_extracted_emails.js] Parsed: parsed-INBOX-uid-6101.json
2026-04-21T04:19:37.146Z [LOG] [parse_extracted_emails.js] Parsed: parsed-INBOX-uid-6102.json
2026-04-21T04:19:37.146Z [LOG] [parse_extracted_emails.js] Parsed: parsed-INBOX-uid-6103.json
2026-04-21T04:19:37.146Z [LOG] [parse_extracted_emails.js] Parsed: parsed-INBOX-uid-6104.json
2026-04-21T04:19:37.146Z [LOG] [parse_extracted_emails.js] Parsed: parsed-INBOX-uid-6105.json
2026-04-21T04:19:37.146Z [LOG] [parse_extracted_emails.js] Parsed: parsed-INBOX-uid-6106.json
2026-04-21T04:19:37.146Z [LOG] [parse_extracted_emails.js] Parsed: parsed-INBOX-uid-6107.json
2026-04-21T04:19:37.146Z [LOG] [parse_extracted_emails.js] Parsed: parsed-INBOX-uid-6108.json
2026-04-21T04:19:37.146Z [LOG] [parse_extracted_emails.js] Parsed: parsed-INBOX-uid-6109.json
2026-04-21T04:19:37.146Z [LOG] [parse_extracted_emails.js] Parsed: parsed-INBOX-uid-6110.json
2026-04-21T04:19:37.146Z [LOG] [parse_extracted_emails.js] Parsed: parsed-INBOX-uid-6111.json
2026-04-21T04:19:37.146Z [LOG] [parse_extracted_emails.js] Parsed: parsed-INBOX-uid-6112.json
2026-04-21T04:19:37.146Z [LOG] [parse_extracted_emails.js] Parsed: parsed-INBOX-uid-6113.json
2026-04-21T04:19:37.146Z [LOG] [parse_extracted_emails.js] Parsed: parsed-INBOX-uid-6114.json
2026-04-21T04:19:37.146Z [LOG] [parse_extracted_emails.js] Parsed: parsed-INBOX-uid-6115.json
2026-04-21T04:19:37.146Z [LOG] [parse_extracted_emails.js] Parsed: parsed-INBOX-uid-6116.json
2026-04-21T04:19:37.146Z [LOG] [parse_extracted_emails.js] Parsed: parsed-INBOX-uid-6117.json
2026-04-21T04:19:37.146Z [LOG] [parse_extracted_emails.js] Parsed: parsed-INBOX-uid-6118.json
2026-04-21T04:19:37.146Z [LOG] [parse_extracted_emails.js] Parsed: parsed-INBOX-uid-6119.json
2026-04-21T04:19:37.146Z [LOG] [parse_extracted_emails.js] Parsed: parsed-INBOX-uid-6120.json
2026-04-21T04:19:37.146Z [LOG] [parse_extracted_emails.js] Parsed: parsed-INBOX-uid-6121.json
2026-04-21T04:19:37.146Z [LOG] [parse_extracted_emails.js] Parsed: parsed-INBOX-uid-6122.json
2026-04-21T04:19:37.146Z [LOG] [parse_extracted_emails.js] Parsed: parsed-INBOX-uid-6123.json
2026-04-21T04:19:37.146Z [LOG] [parse_extracted_emails.js] Parsed: parsed-INBOX-uid-6124.json
2026-04-21T04:19:37.146Z [LOG] [parse_extracted_emails.js] Parsed: parsed-INBOX-uid-6125.json
2026-04-21T04:19:37.146Z [LOG] [parse_extracted_emails.js] Parsed: parsed-INBOX-uid-6126.json
2026-04-21T04:19:37.146Z [LOG] [parse_extracted_emails.js] Parsed: parsed-INBOX-uid-6127.json
2026-04-21T04:19:37.146Z [LOG] [parse_extracted_emails.js] Parsed: parsed-INBOX-uid-6128.json
2026-04-21T04:19:37.146Z [LOG] [parse_extracted_emails.js] Parsed: parsed-INBOX-uid-6129.json
2026-04-21T04:19:37.146Z [LOG] [parse_extracted_emails.js] Parsed: parsed-INBOX-uid-6130.json
2026-04-21T04:19:37.146Z [LOG] [parse_extracted_emails.js] Parsed: parsed-INBOX-uid-6131.json
2026-04-21T04:19:37.146Z [LOG] [parse_extracted_emails.js] Parsed: parsed-INBOX-uid-6132.json
2026-04-21T04:19:37.146Z [LOG] [parse_extracted_emails.js] Parsed: parsed-INBOX-uid-6133.json
2026-04-21T04:19:37.146Z [LOG] [parse_extracted_emails.js] Parsed: parsed-INBOX-uid-6134.json
2026-04-21T04:19:37.146Z [LOG] [parse_extracted_emails.js] Parsed: parsed-INBOX-uid-6135.json
2026-04-21T04:19:37.146Z [LOG] [parse_extracted_emails.js] Parsed: parsed-INBOX-uid-6136.json
2026-04-21T04:19:37.146Z [LOG] [parse_extracted_emails.js] Parsed: parsed-INBOX-uid-6137.json
2026-04-21T04:19:37.147Z [LOG] [parse_extracted_emails.js] Parsed: parsed-INBOX-uid-6138.json
2026-04-21T04:19:37.147Z [LOG] [parse_extracted_emails.js] Parsed: parsed-INBOX-uid-6139.json
2026-04-21T04:19:37.147Z [LOG] [parse_extracted_emails.js] Parsed: parsed-INBOX-uid-6140.json
2026-04-21T04:19:37.147Z [LOG] [parse_extracted_emails.js] Parsed: parsed-INBOX-uid-6141.json
2026-04-21T04:19:37.147Z [LOG] [parse_extracted_emails.js] Parsed: parsed-INBOX-uid-6142.json
2026-04-21T04:19:37.147Z [LOG] [parse_extracted_emails.js] Parsed: parsed-INBOX-uid-6143.json
2026-04-21T04:19:37.147Z [LOG] [parse_extracted_emails.js] Parsed: parsed-INBOX-uid-6144.json
2026-04-21T04:19:37.147Z [LOG] [parse_extracted_emails.js] Parsed: parsed-INBOX-uid-6145.json
2026-04-21T04:19:37.147Z [LOG] [parse_extracted_emails.js] Parsed: parsed-INBOX-uid-6146.json
2026-04-21T04:19:37.147Z [LOG] [parse_extracted_emails.js] Parsed: parsed-INBOX-uid-6147.json
2026-04-21T04:19:37.147Z [LOG] [parse_extracted_emails.js] Parsed: parsed-INBOX-uid-6148.json
2026-04-21T04:19:37.147Z [LOG] [parse_extracted_emails.js] Parsed: parsed-INBOX-uid-6149.json
2026-04-21T04:19:37.147Z [LOG] [parse_extracted_emails.js] Parsed: parsed-INBOX-uid-6150.json
2026-04-21T04:19:37.147Z [LOG] [parse_extracted_emails.js] Parsed: parsed-INBOX-uid-6151.json
2026-04-21T04:19:37.147Z [LOG] [parse_extracted_emails.js] Parsed: parsed-INBOX-uid-6152.json
2026-04-21T04:19:37.147Z [LOG] [parse_extracted_emails.js] Parsed: parsed-INBOX-uid-6156.json
2026-04-21T04:19:37.147Z [LOG] [parse_extracted_emails.js] Parsed: parsed-INBOX-uid-6157.json
2026-04-21T04:19:37.147Z [LOG] [parse_extracted_emails.js] Parsed: parsed-INBOX-uid-6158.json
2026-04-21T04:19:37.147Z [LOG] [parse_extracted_emails.js] Parsed: parsed-INBOX-uid-6159.json
2026-04-21T04:19:37.147Z [LOG] [parse_extracted_emails.js] Parsed: parsed-INBOX-uid-6160.json
2026-04-21T04:19:37.147Z [LOG] [parse_extracted_emails.js] Parsed: parsed-INBOX-uid-6161.json
2026-04-21T04:19:37.147Z [LOG] [parse_extracted_emails.js] Parsed: parsed-INBOX-uid-6162.json
2026-04-21T04:19:37.147Z [LOG] [parse_extracted_emails.js] Parsed: parsed-INBOX-uid-6163.json
2026-04-21T04:19:37.147Z [LOG] [parse_extracted_emails.js] Parsed: parsed-INBOX-uid-6164.json
2026-04-21T04:19:37.147Z [LOG] [parse_extracted_emails.js] Parsed: parsed-INBOX-uid-6165.json
2026-04-21T04:19:37.147Z [LOG] [parse_extracted_emails.js] Parsed: parsed-INBOX-uid-6166.json
2026-04-21T04:19:37.147Z [LOG] [parse_extracted_emails.js] Parsed: parsed-INBOX-uid-6167.json
2026-04-21T04:19:37.147Z [LOG] [parse_extracted_emails.js] Parsed: parsed-INBOX-uid-6168.json
2026-04-21T04:19:37.147Z [LOG] [parse_extracted_emails.js] Parsed: parsed-INBOX-uid-6169.json
2026-04-21T04:19:37.147Z [LOG] [parse_extracted_emails.js] Parsed: parsed-INBOX-uid-6170.json
2026-04-21T04:19:37.147Z [LOG] [parse_extracted_emails.js] Parsed: parsed-INBOX-uid-6171.json
2026-04-21T04:19:37.147Z [LOG] [parse_extracted_emails.js] Parsed: parsed-INBOX-uid-6172.json
2026-04-21T04:19:37.147Z [LOG] [parse_extracted_emails.js] Parsed: parsed-INBOX-uid-6173.json
2026-04-21T04:19:37.147Z [LOG] [parse_extracted_emails.js] Parsed: parsed-INBOX-uid-6174.json
2026-04-21T04:19:37.147Z [LOG] [parse_extracted_emails.js] Parsed: parsed-INBOX-uid-6175.json
2026-04-21T04:19:37.147Z [LOG] [parse_extracted_emails.js] Parsed: parsed-INBOX-uid-6176.json
2026-04-21T04:19:37.147Z [LOG] [parse_extracted_emails.js] Parsed: parsed-INBOX-uid-6177.json
2026-04-21T04:19:37.147Z [LOG] [parse_extracted_emails.js] Parsed: parsed-INBOX-uid-6178.json
2026-04-21T04:19:37.147Z [LOG] [parse_extracted_emails.js] Parsed: parsed-INBOX-uid-6179.json
2026-04-21T04:19:37.147Z [LOG] [parse_extracted_emails.js] Parsed: parsed-INBOX-uid-6180.json
2026-04-21T04:19:37.147Z [LOG] [parse_extracted_emails.js] Parsed: parsed-INBOX-uid-6181.json
2026-04-21T04:19:37.147Z [LOG] [parse_extracted_emails.js] Parsed: parsed-INBOX-uid-6182.json
2026-04-21T04:19:37.147Z [LOG] [parse_extracted_emails.js] Parsed: parsed-INBOX-uid-6183.json
2026-04-21T04:19:37.147Z [LOG] [parse_extracted_emails.js] Parsed: parsed-INBOX-uid-6184.json
2026-04-21T04:19:37.147Z [LOG] [parse_extracted_emails.js] Parsed: parsed-INBOX-uid-6185.json
2026-04-21T04:19:37.147Z [LOG] [parse_extracted_emails.js] Parsed: parsed-INBOX-uid-6186.json
2026-04-21T04:19:37.147Z [LOG] [parse_extracted_emails.js] Parsed: parsed-INBOX-uid-6187.json
2026-04-21T04:19:37.147Z [LOG] [parse_extracted_emails.js] Parsed: parsed-INBOX-uid-6188.json
2026-04-21T04:19:37.147Z [LOG] [parse_extracted_emails.js] Parsed: parsed-INBOX-uid-6189.json
2026-04-21T04:19:37.147Z [LOG] [parse_extracted_emails.js] Parsed: parsed-INBOX-uid-6190.json
2026-04-21T04:19:37.147Z [LOG] [parse_extracted_emails.js] Parsed: parsed-INBOX-uid-6191.json
2026-04-21T04:19:37.147Z [LOG] [parse_extracted_emails.js] Parsed: parsed-INBOX-uid-6192.json
2026-04-21T04:19:37.147Z [LOG] [parse_extracted_emails.js] Parsed: parsed-INBOX-uid-6193.json
2026-04-21T04:19:37.147Z [LOG] [parse_extracted_emails.js] Parsed: parsed-INBOX-uid-6194.json
2026-04-21T04:19:37.147Z [LOG] [parse_extracted_emails.js] Parsed: parsed-INBOX-uid-6195.json
2026-04-21T04:19:37.147Z [LOG] [parse_extracted_emails.js] Parsed: parsed-INBOX-uid-6196.json
2026-04-21T04:19:37.147Z [LOG] [parse_extracted_emails.js] Parsed: parsed-INBOX-uid-6197.json
2026-04-21T04:19:37.147Z [LOG] [parse_extracted_emails.js] Parsed: parsed-INBOX-uid-6198.json
2026-04-21T04:19:37.147Z [LOG] [parse_extracted_emails.js] Parsed: parsed-INBOX-uid-6199.json
2026-04-21T04:19:37.147Z [LOG] [parse_extracted_emails.js] Parsed: parsed-INBOX-uid-6200.json
2026-04-21T04:19:37.147Z [LOG] [parse_extracted_emails.js] Parsed: parsed-INBOX-uid-6201.json
2026-04-21T04:19:37.147Z [LOG] [parse_extracted_emails.js] Parsed: parsed-INBOX-uid-6202.json
2026-04-21T04:19:37.147Z [LOG] [parse_extracted_emails.js] Parsed: parsed-INBOX-uid-6203.json
2026-04-21T04:19:37.147Z [LOG] [parse_extracted_emails.js] Parsed: parsed-INBOX-uid-6204.json
2026-04-21T04:19:37.147Z [LOG] [parse_extracted_emails.js] Parsed: parsed-INBOX-uid-6205.json
2026-04-21T04:19:37.147Z [LOG] [parse_extracted_emails.js] Parsed: parsed-INBOX-uid-6206.json
2026-04-21T04:19:37.147Z [LOG] [parse_extracted_emails.js] Parsed: parsed-INBOX-uid-6207.json
2026-04-21T04:19:37.147Z [LOG] [parse_extracted_emails.js] Parsed: parsed-INBOX-uid-6208.json
2026-04-21T04:19:37.147Z [LOG] [parse_extracted_emails.js] Parsed: parsed-INBOX-uid-6209.json
2026-04-21T04:19:37.147Z [LOG] [parse_extracted_emails.js] Parsed: parsed-INBOX-uid-6210.json
2026-04-21T04:19:37.147Z [LOG] [parse_extracted_emails.js] Parsed: parsed-INBOX-uid-6211.json
2026-04-21T04:19:37.147Z [LOG] [parse_extracted_emails.js] Parsed: parsed-INBOX-uid-6212.json
2026-04-21T04:19:37.147Z [LOG] [parse_extracted_emails.js] Parsed: parsed-INBOX-uid-6213.json
2026-04-21T04:19:37.147Z [LOG] [parse_extracted_emails.js] Parsed: parsed-INBOX-uid-6214.json
2026-04-21T04:19:37.147Z [LOG] [parse_extracted_emails.js] Parsed: parsed-INBOX-uid-6215.json
2026-04-21T04:19:37.147Z [LOG] [parse_extracted_emails.js] Parsed: parsed-INBOX-uid-6216.json
2026-04-21T04:19:37.147Z [LOG] [parse_extracted_emails.js] Parsed: parsed-INBOX-uid-6217.json
2026-04-21T04:19:37.147Z [LOG] [parse_extracted_emails.js] Parsed: parsed-INBOX-uid-6218.json
2026-04-21T04:19:37.147Z [LOG] [parse_extracted_emails.js] Parsed: parsed-INBOX-uid-6219.json
2026-04-21T04:19:37.147Z [LOG] [parse_extracted_emails.js] Parsed: parsed-INBOX-uid-6220.json
2026-04-21T04:19:37.147Z [LOG] [parse_extracted_emails.js] Parsed: parsed-INBOX-uid-6221.json
2026-04-21T04:19:37.147Z [LOG] [parse_extracted_emails.js] Parsed: parsed-INBOX-uid-6222.json
2026-04-21T04:19:37.147Z [LOG] [parse_extracted_emails.js] Parsed: parsed-INBOX-uid-6223.json
2026-04-21T04:19:37.147Z [LOG] [parse_extracted_emails.js] Parsed: parsed-INBOX-uid-6224.json
2026-04-21T04:19:37.147Z [LOG] [parse_extracted_emails.js] Parsed: parsed-INBOX-uid-6225.json
2026-04-21T04:19:37.147Z [LOG] [parse_extracted_emails.js] Parsed: parsed-INBOX-uid-6226.json
2026-04-21T04:19:37.147Z [LOG] [parse_extracted_emails.js] Parsed: parsed-INBOX-uid-6227.json
2026-04-21T04:19:37.147Z [LOG] [parse_extracted_emails.js] Parsed: parsed-INBOX-uid-6228.json
2026-04-21T04:19:37.147Z [LOG] [parse_extracted_emails.js] Parsed: parsed-INBOX-uid-6229.json
2026-04-21T04:19:37.147Z [LOG] [parse_extracted_emails.js] Parsed: parsed-INBOX-uid-6230.json
2026-04-21T04:19:37.147Z [LOG] [parse_extracted_emails.js] Parsed: parsed-INBOX-uid-6231.json
2026-04-21T04:19:37.147Z [LOG] [parse_extracted_emails.js] Parsed: parsed-INBOX-uid-6232.json
2026-04-21T04:19:37.147Z [LOG] [parse_extracted_emails.js] Parsed: parsed-INBOX-uid-6233.json
2026-04-21T04:19:37.147Z [LOG] [parse_extracted_emails.js] Parsed: parsed-INBOX-uid-6234.json
2026-04-21T04:19:37.147Z [LOG] [parse_extracted_emails.js] Parsed: parsed-INBOX-uid-6235.json
2026-04-21T04:19:37.147Z [LOG] [parse_extracted_emails.js] Parsed: parsed-INBOX-uid-6236.json
2026-04-21T04:19:37.147Z [LOG] [parse_extracted_emails.js] Parsed: parsed-INBOX-uid-6237.json
2026-04-21T04:19:37.147Z [LOG] [parse_extracted_emails.js] Parsed: parsed-INBOX-uid-6238.json
2026-04-21T04:19:37.147Z [LOG] [parse_extracted_emails.js] Parsed: parsed-INBOX-uid-6239.json
2026-04-21T04:19:37.147Z [LOG] [parse_extracted_emails.js] Parsed: parsed-INBOX-uid-6240.json
2026-04-21T04:19:37.147Z [LOG] [parse_extracted_emails.js] Parsed: parsed-INBOX-uid-6241.json
2026-04-21T04:19:37.147Z [LOG] [parse_extracted_emails.js] Parsed: parsed-INBOX-uid-6242.json
2026-04-21T04:19:37.147Z [LOG] [parse_extracted_emails.js] Parsed: parsed-INBOX-uid-6243.json
2026-04-21T04:19:37.147Z [LOG] [parse_extracted_emails.js] Parsed: parsed-INBOX-uid-6244.json
2026-04-21T04:19:37.147Z [LOG] [parse_extracted_emails.js] Parsed: parsed-INBOX-uid-6245.json
2026-04-21T04:19:37.147Z [LOG] [parse_extracted_emails.js] Parsed: parsed-INBOX-uid-6246.json
2026-04-21T04:19:37.147Z [LOG] [parse_extracted_emails.js] Parsed: parsed-INBOX-uid-6247.json
2026-04-21T04:19:37.147Z [LOG] [parse_extracted_emails.js] Parsed: parsed-INBOX-uid-6248.json
2026-04-21T04:19:37.147Z [LOG] [parse_extracted_emails.js] Parsed: parsed-INBOX-uid-6249.json
2026-04-21T04:19:37.147Z [LOG] [parse_extracted_emails.js] Parsed: parsed-INBOX-uid-6250.json
2026-04-21T04:19:37.147Z [LOG] [parse_extracted_emails.js] Parsed: parsed-INBOX-uid-6251.json
2026-04-21T04:19:37.147Z [LOG] [parse_extracted_emails.js] Parsed: parsed-INBOX-uid-6252.json
2026-04-21T04:19:37.147Z [LOG] [parse_extracted_emails.js] Parsed: parsed-INBOX-uid-6253.json
2026-04-21T04:19:37.147Z [LOG] [parse_extracted_emails.js] Parsed: parsed-INBOX-uid-6254.json
2026-04-21T04:19:37.147Z [LOG] [parse_extracted_emails.js] Parsed: parsed-INBOX-uid-6255.json
2026-04-21T04:19:37.147Z [LOG] [parse_extracted_emails.js] Parsed: parsed-INBOX-uid-6256.json
2026-04-21T04:19:37.147Z [LOG] [parse_extracted_emails.js] Parsed: parsed-INBOX-uid-6257.json
2026-04-21T04:19:37.147Z [LOG] [parse_extracted_emails.js] Parsed: parsed-INBOX-uid-6258.json
2026-04-21T04:19:37.147Z [LOG] [parse_extracted_emails.js] Parsed: parsed-INBOX-uid-6259.json
2026-04-21T04:19:37.147Z [LOG] [parse_extracted_emails.js] Parsed: parsed-INBOX-uid-6260.json
2026-04-21T04:19:37.147Z [LOG] [parse_extracted_emails.js] Parsed: parsed-INBOX-uid-6261.json
2026-04-21T04:19:37.147Z [LOG] [parse_extracted_emails.js] Parsed: parsed-INBOX-uid-6262.json
2026-04-21T04:19:37.147Z [LOG] [parse_extracted_emails.js] Parsed: parsed-INBOX-uid-6263.json
2026-04-21T04:19:37.147Z [LOG] [parse_extracted_emails.js] Parsed: parsed-INBOX-uid-6264.json
2026-04-21T04:19:37.147Z [LOG] [parse_extracted_emails.js] Parsed: parsed-INBOX-uid-6265.json
2026-04-21T04:19:37.147Z [LOG] [parse_extracted_emails.js] Parsed: parsed-INBOX-uid-6266.json
2026-04-21T04:19:37.147Z [LOG] [parse_extracted_emails.js] Parsed: parsed-INBOX-uid-6267.json
2026-04-21T04:19:37.147Z [LOG] [parse_extracted_emails.js] Parsed: parsed-INBOX-uid-6268.json
2026-04-21T04:19:37.147Z [LOG] [parse_extracted_emails.js] Parsed: parsed-INBOX-uid-6269.json
2026-04-21T04:19:37.147Z [LOG] [parse_extracted_emails.js] Parsed: parsed-INBOX-uid-6270.json
2026-04-21T04:19:37.147Z [LOG] [parse_extracted_emails.js] Parsed: parsed-INBOX-uid-6271.json
2026-04-21T04:19:37.147Z [LOG] [parse_extracted_emails.js] Parsed: parsed-INBOX-uid-6272.json
2026-04-21T04:19:37.147Z [LOG] [parse_extracted_emails.js] Parsed: parsed-INBOX-uid-6273.json
2026-04-21T04:19:37.147Z [LOG] [parse_extracted_emails.js] Parsed: parsed-INBOX-uid-6274.json
2026-04-21T04:19:37.147Z [LOG] [parse_extracted_emails.js] Parsed: parsed-INBOX-uid-6275.json
2026-04-21T04:19:37.147Z [LOG] [parse_extracted_emails.js] Parsed: parsed-INBOX-uid-6276.json
2026-04-21T04:19:37.147Z [LOG] [parse_extracted_emails.js] Parsed: parsed-INBOX-uid-6277.json
2026-04-21T04:19:37.147Z [LOG] [parse_extracted_emails.js] Parsed: parsed-INBOX-uid-6278.json
2026-04-21T04:19:37.147Z [LOG] [parse_extracted_emails.js] Parsed: parsed-INBOX-uid-6279.json
2026-04-21T04:19:37.147Z [LOG] [parse_extracted_emails.js] Parsed: parsed-INBOX-uid-6280.json
2026-04-21T04:19:37.147Z [LOG] [parse_extracted_emails.js] Parsed: parsed-INBOX-uid-6281.json
2026-04-21T04:19:37.147Z [LOG] [parse_extracted_emails.js] Parsed: parsed-INBOX-uid-6282.json
2026-04-21T04:19:37.147Z [LOG] [parse_extracted_emails.js] Parsed: parsed-INBOX-uid-6283.json
2026-04-21T04:19:37.147Z [LOG] [parse_extracted_emails.js] Parsed: parsed-INBOX-uid-6284.json
2026-04-21T04:19:37.147Z [LOG] [parse_extracted_emails.js] Parsed: parsed-INBOX-uid-6285.json
2026-04-21T04:19:37.147Z [LOG] [parse_extracted_emails.js] Parsed: parsed-INBOX-uid-6286.json
2026-04-21T04:19:37.147Z [LOG] [parse_extracted_emails.js] Parsed: parsed-INBOX-uid-6287.json
2026-04-21T04:19:37.147Z [LOG] [parse_extracted_emails.js] Parsed: parsed-INBOX-uid-6288.json
2026-04-21T04:19:37.147Z [LOG] [parse_extracted_emails.js] Parsed: parsed-INBOX-uid-6289.json
2026-04-21T04:19:37.147Z [LOG] [parse_extracted_emails.js] Parsed: parsed-INBOX-uid-6290.json
2026-04-21T04:19:37.147Z [LOG] [parse_extracted_emails.js] Parsed: parsed-INBOX-uid-6291.json
2026-04-21T04:19:37.147Z [LOG] [parse_extracted_emails.js] Parsed: parsed-INBOX-uid-6292.json
2026-04-21T04:19:37.147Z [LOG] [parse_extracted_emails.js] Parsed: parsed-INBOX-uid-6293.json
2026-04-21T04:19:37.147Z [LOG] [parse_extracted_emails.js] Parsed: parsed-INBOX-uid-6296.json
2026-04-21T04:19:37.147Z [LOG] [parse_extracted_emails.js] Parsed: parsed-INBOX-uid-6297.json
2026-04-21T04:19:37.147Z [LOG] [parse_extracted_emails.js] Parsed: parsed-INBOX-uid-6298.json
2026-04-21T04:19:37.147Z [LOG] [parse_extracted_emails.js] Parsed: parsed-INBOX-uid-6299.json
2026-04-21T04:19:37.147Z [LOG] [parse_extracted_emails.js] Parsed: parsed-INBOX-uid-6300.json
2026-04-21T04:19:37.147Z [LOG] [parse_extracted_emails.js] Parsed: parsed-INBOX-uid-6301.json
2026-04-21T04:19:37.147Z [LOG] [parse_extracted_emails.js] Parsed: parsed-INBOX-uid-6302.json
2026-04-21T04:19:37.147Z [LOG] [parse_extracted_emails.js] Parsed: parsed-INBOX-uid-6303.json
2026-04-21T04:19:37.147Z [LOG] [parse_extracted_emails.js] Parsed: parsed-INBOX-uid-6304.json
2026-04-21T04:19:37.148Z [LOG] [parse_extracted_emails.js] Parsed: parsed-INBOX-uid-6305.json
2026-04-21T04:19:37.148Z [LOG] [parse_extracted_emails.js] Parsed: parsed-INBOX-uid-6306.json
2026-04-21T04:19:37.148Z [LOG] [parse_extracted_emails.js] Parsed: parsed-INBOX-uid-6307.json
2026-04-21T04:19:37.148Z [LOG] [parse_extracted_emails.js] Parsed: parsed-INBOX-uid-6308.json
2026-04-21T04:19:37.148Z [LOG] [parse_extracted_emails.js] Parsed: parsed-INBOX-uid-6309.json
2026-04-21T04:19:37.148Z [LOG] [parse_extracted_emails.js] Parsed: parsed-INBOX-uid-6310.json
2026-04-21T04:19:37.148Z [LOG] [parse_extracted_emails.js] Parsed: parsed-INBOX-uid-6311.json
2026-04-21T04:19:37.148Z [LOG] [parse_extracted_emails.js] Parsed: parsed-INBOX-uid-6312.json
2026-04-21T04:19:37.148Z [LOG] [parse_extracted_emails.js] Parsed: parsed-INBOX-uid-6313.json
2026-04-21T04:19:37.148Z [LOG] [parse_extracted_emails.js] Parsed: parsed-INBOX-uid-6314.json
2026-04-21T04:19:37.148Z [LOG] [parse_extracted_emails.js] Parsed: parsed-INBOX-uid-6315.json
2026-04-21T04:19:37.148Z [LOG] [parse_extracted_emails.js] Parsed: parsed-INBOX-uid-6316.json
2026-04-21T04:19:37.148Z [LOG] [parse_extracted_emails.js] Parsed: parsed-INBOX-uid-6317.json
2026-04-21T04:19:37.148Z [LOG] [parse_extracted_emails.js] Parsed: parsed-INBOX-uid-6318.json
2026-04-21T04:19:37.148Z [LOG] [parse_extracted_emails.js] Parsed: parsed-INBOX-uid-6319.json
2026-04-21T04:19:37.148Z [LOG] [parse_extracted_emails.js] Parsed: parsed-INBOX-uid-6320.json
2026-04-21T04:19:37.148Z [LOG] [parse_extracted_emails.js] Parsed: parsed-INBOX-uid-6321.json
2026-04-21T04:19:37.148Z [LOG] [parse_extracted_emails.js] Parsed: parsed-INBOX-uid-6322.json
2026-04-21T04:19:37.148Z [LOG] [parse_extracted_emails.js] Parsed: parsed-INBOX-uid-6323.json
2026-04-21T04:19:37.148Z [LOG] [parse_extracted_emails.js] Parsed: parsed-INBOX-uid-6324.json
2026-04-21T04:19:37.148Z [LOG] [parse_extracted_emails.js] Parsed: parsed-INBOX-uid-6325.json
2026-04-21T04:19:37.148Z [LOG] [parse_extracted_emails.js] Parsed: parsed-INBOX-uid-6326.json
2026-04-21T04:19:37.148Z [LOG] [parse_extracted_emails.js] Parsed: parsed-INBOX-uid-6327.json
2026-04-21T04:19:37.148Z [LOG] [parse_extracted_emails.js] Parsed: parsed-INBOX-uid-6328.json
2026-04-21T04:19:37.148Z [LOG] [parse_extracted_emails.js] Parsed: parsed-INBOX-uid-6329.json
2026-04-21T04:19:37.148Z [LOG] [parse_extracted_emails.js] Parsed: parsed-INBOX-uid-6330.json
2026-04-21T04:19:37.148Z [LOG] [parse_extracted_emails.js] Parsed: parsed-INBOX-uid-6331.json
2026-04-21T04:19:37.148Z [LOG] [parse_extracted_emails.js] Parsed: parsed-INBOX-uid-6332.json
2026-04-21T04:19:37.148Z [LOG] [parse_extracted_emails.js] Parsed: parsed-INBOX-uid-6333.json
2026-04-21T04:19:37.148Z [LOG] [parse_extracted_emails.js] Parsed: parsed-INBOX-uid-6334.json
2026-04-21T04:19:37.148Z [LOG] [parse_extracted_emails.js] Parsed: parsed-INBOX-uid-6335.json
2026-04-21T04:19:37.148Z [LOG] [parse_extracted_emails.js] Parsed: parsed-INBOX-uid-6336.json
2026-04-21T04:19:37.148Z [LOG] [parse_extracted_emails.js] Parsed: parsed-INBOX-uid-6337.json
2026-04-21T04:19:37.148Z [LOG] [parse_extracted_emails.js] Parsed: parsed-INBOX-uid-6338.json
2026-04-21T04:19:37.148Z [LOG] [parse_extracted_emails.js] Parsed: parsed-INBOX-uid-6339.json
2026-04-21T04:19:37.148Z [LOG] [parse_extracted_emails.js] Parsed: parsed-INBOX-uid-6340.json
2026-04-21T04:19:37.149Z [LOG] [parse_extracted_emails.js] Parsed: parsed-INBOX-uid-6341.json
2026-04-21T04:19:37.149Z [LOG] [parse_extracted_emails.js] Parsed: parsed-INBOX-uid-6342.json
2026-04-21T04:19:37.149Z [LOG] [parse_extracted_emails.js] Parsed: parsed-INBOX-uid-6343.json
2026-04-21T04:19:37.149Z [LOG] [parse_extracted_emails.js] Parsed: parsed-INBOX-uid-6344.json
2026-04-21T04:19:37.149Z [LOG] [parse_extracted_emails.js] Parsed: parsed-INBOX-uid-6345.json
2026-04-21T04:19:37.149Z [LOG] [parse_extracted_emails.js] Parsed: parsed-INBOX-uid-6346.json
2026-04-21T04:19:37.149Z [LOG] [parse_extracted_emails.js] Parsed: parsed-INBOX-uid-6347.json
2026-04-21T04:19:37.149Z [LOG] [parse_extracted_emails.js] Parsed: parsed-INBOX-uid-6348.json
2026-04-21T04:19:37.149Z [LOG] [parse_extracted_emails.js] Parsed: parsed-INBOX-uid-6349.json
2026-04-21T04:19:37.149Z [LOG] [parse_extracted_emails.js] Parsed: parsed-INBOX-uid-6350.json
2026-04-21T04:19:37.149Z [LOG] [parse_extracted_emails.js] Parsed: parsed-INBOX-uid-6351.json
2026-04-21T04:19:37.149Z [LOG] [parse_extracted_emails.js] Parsed: parsed-INBOX-uid-6352.json
2026-04-21T04:19:37.149Z [LOG] [parse_extracted_emails.js] Parsed: parsed-INBOX-uid-6353.json
2026-04-21T04:19:37.149Z [LOG] [parse_extracted_emails.js] Parsed: parsed-INBOX-uid-6354.json
2026-04-21T04:19:37.149Z [LOG] [parse_extracted_emails.js] Parsed: parsed-INBOX-uid-6355.json
2026-04-21T04:19:37.149Z [LOG] [parse_extracted_emails.js] Parsed: parsed-INBOX-uid-6356.json
2026-04-21T04:19:37.149Z [LOG] [parse_extracted_emails.js] Parsed: parsed-INBOX-uid-6365.json
2026-04-21T04:19:37.149Z [LOG] [parse_extracted_emails.js] Parsed: parsed-INBOX-uid-6366.json
2026-04-21T04:19:37.149Z [LOG] [parse_extracted_emails.js] Parsed: parsed-INBOX-uid-6367.json
2026-04-21T04:19:37.149Z [LOG] [parse_extracted_emails.js] Parsed: parsed-INBOX-uid-6368.json
2026-04-21T04:19:37.149Z [LOG] [parse_extracted_emails.js] Parsed: parsed-INBOX-uid-6371.json
2026-04-21T04:19:37.149Z [LOG] [parse_extracted_emails.js] Parsed: parsed-INBOX-uid-6376.json
2026-04-21T04:19:37.149Z [LOG] [parse_extracted_emails.js] Parsed: parsed-INBOX-uid-6377.json
2026-04-21T04:19:37.149Z [LOG] [parse_extracted_emails.js] Parsed: parsed-INBOX-uid-6378.json
2026-04-21T04:19:37.149Z [LOG] [parse_extracted_emails.js] Parsed: parsed-INBOX-uid-6383.json
2026-04-21T04:19:37.149Z [LOG] [parse_extracted_emails.js] Parsed: parsed-INBOX-uid-6384.json
2026-04-21T04:19:37.149Z [LOG] [parse_extracted_emails.js] Parsed: parsed-INBOX-uid-6395.json
2026-04-21T04:19:37.149Z [LOG] [parse_extracted_emails.js] Parsed: parsed-INBOX-uid-6423.json
2026-04-21T04:19:37.149Z [LOG] [parse_extracted_emails.js] Parsed: parsed-INBOX-uid-6428.json
2026-04-21T04:19:37.149Z [LOG] [parse_extracted_emails.js] Parsed: parsed-INBOX-uid-6429.json
2026-04-21T04:19:37.149Z [LOG] [parse_extracted_emails.js] Parsed: parsed-INBOX-uid-6430.json
2026-04-21T04:19:37.149Z [LOG] [parse_extracted_emails.js] Parsed: parsed-INBOX-uid-6431.json
2026-04-21T04:19:37.149Z [LOG] [parse_extracted_emails.js] Parsed: parsed-INBOX-uid-6433.json
2026-04-21T04:19:37.149Z [LOG] [parse_extracted_emails.js] Parsed: parsed-INBOX-uid-6436.json
2026-04-21T04:19:37.149Z [LOG] [parse_extracted_emails.js] Parsed: parsed-INBOX-uid-6437.json
2026-04-21T04:19:37.149Z [LOG] [parse_extracted_emails.js] Parsed: parsed-INBOX-uid-6438.json
2026-04-21T04:19:37.149Z [LOG] [parse_extracted_emails.js] Parsed: parsed-INBOX-uid-6439.json
2026-04-21T04:19:37.149Z [LOG] [parse_extracted_emails.js] Parsed: parsed-INBOX-uid-6440.json
2026-04-21T04:19:37.149Z [LOG] [parse_extracted_emails.js] Parsed: parsed-INBOX-uid-6441.json
2026-04-21T04:19:37.149Z [LOG] [parse_extracted_emails.js] Parsed: parsed-INBOX-uid-6442.json
2026-04-21T04:19:37.149Z [LOG] [parse_extracted_emails.js] Parsed: parsed-INBOX-uid-6443.json
2026-04-21T04:19:37.149Z [LOG] [parse_extracted_emails.js] Parsed: parsed-INBOX-uid-6444.json
2026-04-21T04:19:37.149Z [LOG] [parse_extracted_emails.js] Parsed: parsed-INBOX-uid-6445.json
2026-04-21T04:19:37.149Z [LOG] [parse_extracted_emails.js] Parsed: parsed-INBOX-uid-6446.json
2026-04-21T04:19:37.149Z [LOG] [parse_extracted_emails.js] Parsed: parsed-INBOX-uid-6447.json
2026-04-21T04:19:37.149Z [LOG] [parse_extracted_emails.js] Parsed: parsed-INBOX-uid-6448.json
2026-04-21T04:19:37.149Z [LOG] [parse_extracted_emails.js] Parsed: parsed-INBOX-uid-6449.json
2026-04-21T04:19:37.149Z [LOG] [parse_extracted_emails.js] Parsed: parsed-INBOX-uid-6450.json
2026-04-21T04:19:37.149Z [LOG] [parse_extracted_emails.js] Parsed: parsed-INBOX-uid-6451.json
2026-04-21T04:19:37.149Z [LOG] [parse_extracted_emails.js] Parsed: parsed-INBOX-uid-6452.json
2026-04-21T04:19:37.149Z [LOG] [parse_extracted_emails.js] Parsed: parsed-INBOX-uid-6453.json
2026-04-21T04:19:37.149Z [LOG] [parse_extracted_emails.js] Parsed: parsed-INBOX-uid-6456.json
2026-04-21T04:19:37.149Z [LOG] [parse_extracted_emails.js] Parsed: parsed-INBOX-uid-6457.json
2026-04-21T04:19:37.149Z [LOG] [parse_extracted_emails.js] Parsed: parsed-INBOX-uid-6459.json
2026-04-21T04:19:37.149Z [LOG] [parse_extracted_emails.js] Parsed: parsed-INBOX-uid-6460.json
2026-04-21T04:19:37.149Z [LOG] [parse_extracted_emails.js] Parsed: parsed-INBOX-uid-6461.json
2026-04-21T04:19:37.149Z [LOG] [parse_extracted_emails.js] Parsed: parsed-INBOX-uid-6462.json
2026-04-21T04:19:37.149Z [LOG] [parse_extracted_emails.js] Parsed: parsed-INBOX-uid-6463.json
2026-04-21T04:19:37.149Z [LOG] [parse_extracted_emails.js] Parsed: parsed-INBOX-uid-6464.json
2026-04-21T04:19:37.149Z [LOG] [parse_extracted_emails.js] Parsed: parsed-INBOX-uid-6465.json
2026-04-21T04:19:37.149Z [LOG] [parse_extracted_emails.js] Parsed: parsed-INBOX-uid-6466.json
2026-04-21T04:19:37.149Z [LOG] [parse_extracted_emails.js] Parsed: parsed-INBOX-uid-6467.json
2026-04-21T04:19:37.149Z [LOG] [parse_extracted_emails.js] Parsed: parsed-INBOX-uid-6468.json
2026-04-21T04:19:37.149Z [LOG] [parse_extracted_emails.js] Parsed: parsed-INBOX-uid-6469.json
2026-04-21T04:19:37.149Z [LOG] [parse_extracted_emails.js] Parsed: parsed-INBOX-uid-6470.json
2026-04-21T04:19:37.149Z [LOG] [parse_extracted_emails.js] Parsed: parsed-INBOX-uid-6471.json
2026-04-21T04:19:37.149Z [LOG] [parse_extracted_emails.js] Parsed: parsed-INBOX-uid-6472.json
2026-04-21T04:19:37.149Z [LOG] [parse_extracted_emails.js] Parsed: parsed-INBOX-uid-6473.json
2026-04-21T04:19:37.149Z [LOG] [parse_extracted_emails.js] Parsed: parsed-INBOX-uid-6474.json
2026-04-21T04:19:37.149Z [LOG] [parse_extracted_emails.js] Parsed: parsed-INBOX-uid-6475.json
2026-04-21T04:19:37.149Z [LOG] [parse_extracted_emails.js] Parsed: parsed-INBOX-uid-6476.json
2026-04-21T04:19:37.149Z [LOG] [parse_extracted_emails.js] Parsed: parsed-INBOX-uid-6477.json
2026-04-21T04:19:37.149Z [LOG] [parse_extracted_emails.js] Parsed: parsed-INBOX-uid-6478.json
2026-04-21T04:19:37.149Z [LOG] [parse_extracted_emails.js] Parsed: parsed-INBOX-uid-6479.json
2026-04-21T04:19:37.149Z [LOG] [parse_extracted_emails.js] Parsed: parsed-INBOX-uid-6480.json
2026-04-21T04:19:37.149Z [LOG] [parse_extracted_emails.js] Parsed: parsed-INBOX-uid-6481.json
2026-04-21T04:19:37.149Z [LOG] [parse_extracted_emails.js] Parsed: parsed-INBOX-uid-6482.json
2026-04-21T04:19:37.149Z [LOG] [parse_extracted_emails.js] Parsed: parsed-INBOX-uid-6483.json
2026-04-21T04:19:37.149Z [LOG] [parse_extracted_emails.js] Parsed: parsed-INBOX-uid-6484.json
2026-04-21T04:19:37.149Z [LOG] [parse_extracted_emails.js] Parsed: parsed-INBOX-uid-6485.json
2026-04-21T04:19:37.149Z [LOG] [parse_extracted_emails.js] Parsed: parsed-INBOX-uid-6486.json
2026-04-21T04:19:37.149Z [LOG] [parse_extracted_emails.js] Parsed: parsed-INBOX-uid-6487.json
2026-04-21T04:19:37.149Z [LOG] [parse_extracted_emails.js] Parsed: parsed-INBOX-uid-6488.json
2026-04-21T04:19:37.149Z [LOG] [parse_extracted_emails.js] Parsed: parsed-INBOX-uid-6489.json
2026-04-21T04:19:37.149Z [LOG] [parse_extracted_emails.js] Parsed: parsed-INBOX-uid-6490.json
2026-04-21T04:19:37.149Z [LOG] [parse_extracted_emails.js] Parsed: parsed-INBOX-uid-6491.json
2026-04-21T04:19:37.149Z [LOG] [parse_extracted_emails.js] Parsed: parsed-INBOX-uid-6492.json
2026-04-21T04:19:37.149Z [LOG] [parse_extracted_emails.js] Parsed: parsed-INBOX-uid-6493.json
2026-04-21T04:19:37.149Z [LOG] [parse_extracted_emails.js] Parsed: parsed-INBOX-uid-6494.json
2026-04-21T04:19:37.150Z [LOG] [parse_extracted_emails.js] Parsed: parsed-INBOX-uid-6495.json
2026-04-21T04:19:37.150Z [LOG] [parse_extracted_emails.js] Parsed: parsed-INBOX-uid-6515.json
2026-04-21T04:19:37.150Z [LOG] [parse_extracted_emails.js] Parsed: parsed-INBOX-uid-6516.json
2026-04-21T04:19:37.150Z [LOG] [parse_extracted_emails.js] Parsed: parsed-INBOX-uid-6517.json
2026-04-21T04:19:37.150Z [LOG] [parse_extracted_emails.js] Parsed: parsed-INBOX-uid-6518.json
2026-04-21T04:19:37.150Z [LOG] [parse_extracted_emails.js] Parsed: parsed-INBOX-uid-6519.json
2026-04-21T04:19:37.150Z [LOG] [parse_extracted_emails.js] Parsed: parsed-INBOX-uid-6520.json
2026-04-21T04:19:37.150Z [LOG] [parse_extracted_emails.js] Parsed: parsed-INBOX-uid-6521.json
2026-04-21T04:19:37.150Z [LOG] [parse_extracted_emails.js] Parsed: parsed-INBOX-uid-6522.json
2026-04-21T04:19:37.150Z [LOG] [parse_extracted_emails.js] Parsed: parsed-INBOX-uid-6523.json
2026-04-21T04:19:37.150Z [LOG] [parse_extracted_emails.js] Parsed: parsed-INBOX-uid-6524.json
2026-04-21T04:19:37.150Z [LOG] [parse_extracted_emails.js] Parsed: parsed-INBOX-uid-6525.json
2026-04-21T04:19:37.150Z [LOG] [parse_extracted_emails.js] Parsed: parsed-INBOX-uid-6526.json
2026-04-21T04:19:37.150Z [LOG] [parse_extracted_emails.js] Parsed: parsed-INBOX-uid-6527.json
2026-04-21T04:19:37.150Z [LOG] [parse_extracted_emails.js] Parsed: parsed-INBOX-uid-6528.json
2026-04-21T04:19:37.150Z [LOG] [parse_extracted_emails.js] Parsed: parsed-INBOX-uid-6529.json
2026-04-21T04:19:37.150Z [LOG] [parse_extracted_emails.js] Parsed: parsed-INBOX-uid-6530.json
2026-04-21T04:19:37.150Z [LOG] [parse_extracted_emails.js] Parsed: parsed-INBOX-uid-6531.json
2026-04-21T04:19:37.150Z [LOG] [parse_extracted_emails.js] Parsed: parsed-INBOX-uid-6532.json
2026-04-21T04:19:37.150Z [LOG] [parse_extracted_emails.js] Parsed: parsed-INBOX-uid-6533.json
2026-04-21T04:19:37.150Z [LOG] [parse_extracted_emails.js] Parsed: parsed-INBOX-uid-6534.json
2026-04-21T04:19:37.150Z [LOG] [parse_extracted_emails.js] Parsed: parsed-INBOX-uid-6535.json
2026-04-21T04:19:37.150Z [LOG] [parse_extracted_emails.js] Parsed: parsed-INBOX-uid-6536.json
2026-04-21T04:19:37.150Z [LOG] [parse_extracted_emails.js] Parsed: parsed-INBOX-uid-6537.json
2026-04-21T04:19:37.150Z [LOG] [parse_extracted_emails.js] Parsed: parsed-INBOX-uid-6538.json
2026-04-21T04:19:37.150Z [LOG] [parse_extracted_emails.js] Parsed: parsed-INBOX-uid-6539.json
2026-04-21T04:19:37.150Z [LOG] [parse_extracted_emails.js] Parsed: parsed-INBOX-uid-6540.json
2026-04-21T04:19:37.150Z [LOG] [parse_extracted_emails.js] Parsed: parsed-INBOX-uid-6541.json
2026-04-21T04:19:37.150Z [LOG] [parse_extracted_emails.js] Parsed: parsed-INBOX-uid-6542.json
2026-04-21T04:19:37.150Z [LOG] [parse_extracted_emails.js] Parsed: parsed-INBOX-uid-6543.json
2026-04-21T04:19:37.150Z [LOG] [parse_extracted_emails.js] Parsed: parsed-INBOX-uid-6544.json
2026-04-21T04:19:37.150Z [LOG] [parse_extracted_emails.js] Parsed: parsed-INBOX-uid-6545.json
2026-04-21T04:19:37.150Z [LOG] [parse_extracted_emails.js] Parsed: parsed-INBOX-uid-6546.json
2026-04-21T04:19:37.150Z [LOG] [parse_extracted_emails.js] Parsed: parsed-INBOX-uid-6547.json
2026-04-21T04:19:37.150Z [LOG] [parse_extracted_emails.js] Parsed: parsed-INBOX-uid-6548.json
2026-04-21T04:19:37.150Z [LOG] [parse_extracted_emails.js] Parsed: parsed-INBOX-uid-6549.json
2026-04-21T04:19:37.150Z [LOG] [parse_extracted_emails.js] Parsed: parsed-INBOX-uid-6550.json
2026-04-21T04:19:37.150Z [LOG] [parse_extracted_emails.js] Parsed: parsed-INBOX-uid-6551.json
2026-04-21T04:19:37.150Z [LOG] [parse_extracted_emails.js] Parsed: parsed-INBOX-uid-6552.json
2026-04-21T04:19:37.150Z [LOG] [parse_extracted_emails.js] Parsed: parsed-INBOX-uid-6553.json
2026-04-21T04:19:37.150Z [LOG] [parse_extracted_emails.js] Parsed: parsed-INBOX-uid-6554.json
2026-04-21T04:19:37.150Z [LOG] [parse_extracted_emails.js] Parsed: parsed-INBOX-uid-6555.json
2026-04-21T04:19:37.150Z [LOG] [parse_extracted_emails.js] Parsed: parsed-INBOX-uid-6556.json
2026-04-21T04:19:37.150Z [LOG] [parse_extracted_emails.js] Parsed: parsed-INBOX-uid-6557.json
2026-04-21T04:19:37.150Z [LOG] [parse_extracted_emails.js] Parsed: parsed-INBOX-uid-6558.json
2026-04-21T04:19:37.150Z [LOG] [parse_extracted_emails.js] Parsed: parsed-INBOX-uid-6559.json
2026-04-21T04:19:37.150Z [LOG] [parse_extracted_emails.js] Parsed: parsed-INBOX-uid-6560.json
2026-04-21T04:19:37.150Z [LOG] [parse_extracted_emails.js] Parsed: parsed-INBOX-uid-6561.json
2026-04-21T04:19:37.150Z [LOG] [parse_extracted_emails.js] Parsed: parsed-INBOX-uid-6562.json
2026-04-21T04:19:37.150Z [LOG] [parse_extracted_emails.js] Parsed: parsed-INBOX-uid-6563.json
2026-04-21T04:19:37.150Z [LOG] [parse_extracted_emails.js] Parsed: parsed-INBOX-uid-6564.json
2026-04-21T04:19:37.150Z [LOG] [parse_extracted_emails.js] Parsed: parsed-INBOX-uid-6565.json
2026-04-21T04:19:37.150Z [LOG] [parse_extracted_emails.js] Parsed: parsed-INBOX-uid-6566.json
2026-04-21T04:19:37.150Z [LOG] [parse_extracted_emails.js] Parsed: parsed-INBOX-uid-6567.json
2026-04-21T04:19:37.150Z [LOG] [parse_extracted_emails.js] Parsed: parsed-INBOX-uid-6568.json
2026-04-21T04:19:37.150Z [LOG] [parse_extracted_emails.js] Parsed: parsed-INBOX-uid-6569.json
2026-04-21T04:19:37.150Z [LOG] [parse_extracted_emails.js] Parsed: parsed-INBOX-uid-6570.json
2026-04-21T04:19:37.150Z [LOG] [parse_extracted_emails.js] Parsed: parsed-INBOX-uid-6571.json
2026-04-21T04:19:37.150Z [LOG] [parse_extracted_emails.js] Parsed: parsed-INBOX-uid-6572.json
2026-04-21T04:19:37.150Z [LOG] [parse_extracted_emails.js] Parsed: parsed-INBOX-uid-6573.json
2026-04-21T04:19:37.150Z [LOG] [parse_extracted_emails.js] Parsed: parsed-INBOX-uid-6574.json
2026-04-21T04:19:37.150Z [LOG] [parse_extracted_emails.js] Parsed: parsed-INBOX-uid-6575.json
2026-04-21T04:19:37.150Z [LOG] [parse_extracted_emails.js] Parsed: parsed-INBOX-uid-6576.json
2026-04-21T04:19:37.150Z [LOG] [parse_extracted_emails.js] Parsed: parsed-INBOX-uid-6577.json
2026-04-21T04:19:37.150Z [LOG] [parse_extracted_emails.js] Parsed: parsed-INBOX-uid-6578.json
2026-04-21T04:19:37.150Z [LOG] [parse_extracted_emails.js] Parsed: parsed-INBOX-uid-6579.json
2026-04-21T04:19:37.150Z [LOG] [parse_extracted_emails.js] Parsed: parsed-INBOX-uid-6580.json
2026-04-21T04:19:37.150Z [LOG] [parse_extracted_emails.js] Parsed: parsed-INBOX-uid-6581.json
2026-04-21T04:19:37.150Z [LOG] [parse_extracted_emails.js] Parsed: parsed-INBOX-uid-6582.json
2026-04-21T04:19:37.150Z [LOG] [parse_extracted_emails.js] Parsed: parsed-INBOX-uid-6583.json
2026-04-21T04:19:37.150Z [LOG] [parse_extracted_emails.js] Parsed: parsed-INBOX-uid-6584.json
2026-04-21T04:19:37.150Z [LOG] [parse_extracted_emails.js] Parsed: parsed-INBOX-uid-6585.json
2026-04-21T04:19:37.150Z [LOG] [parse_extracted_emails.js] Parsed: parsed-INBOX-uid-6586.json
2026-04-21T04:19:37.150Z [LOG] [parse_extracted_emails.js] Parsed: parsed-INBOX-uid-6587.json
2026-04-21T04:19:37.150Z [LOG] [parse_extracted_emails.js] Parsed: parsed-INBOX-uid-6588.json
2026-04-21T04:19:37.150Z [LOG] [parse_extracted_emails.js] Parsed: parsed-INBOX-uid-6589.json
2026-04-21T04:19:37.150Z [LOG] [parse_extracted_emails.js] Parsed: parsed-INBOX-uid-6590.json
2026-04-21T04:19:37.150Z [LOG] [parse_extracted_emails.js] Parsed: parsed-INBOX-uid-6591.json
2026-04-21T04:19:37.150Z [LOG] [parse_extracted_emails.js] Parsed: parsed-INBOX-uid-6592.json
2026-04-21T04:19:37.150Z [LOG] [parse_extracted_emails.js] Parsed: parsed-INBOX-uid-6593.json
2026-04-21T04:19:37.150Z [LOG] [parse_extracted_emails.js] Parsed: parsed-INBOX-uid-6594.json
2026-04-21T04:19:37.150Z [LOG] [parse_extracted_emails.js] Parsed: parsed-INBOX-uid-6595.json
2026-04-21T04:19:37.150Z [LOG] [parse_extracted_emails.js] Parsed: parsed-INBOX-uid-6596.json
2026-04-21T04:19:37.150Z [LOG] [parse_extracted_emails.js] Parsed: parsed-INBOX-uid-6605.json
2026-04-21T04:19:37.150Z [LOG] [parse_extracted_emails.js] Parsed: parsed-INBOX-uid-6608.json
2026-04-21T04:19:37.150Z [LOG] [parse_extracted_emails.js] Parsed: parsed-INBOX-uid-6609.json
2026-04-21T04:19:37.150Z [LOG] [parse_extracted_emails.js] Parsed: parsed-INBOX-uid-6610.json
2026-04-21T04:19:37.150Z [LOG] [parse_extracted_emails.js] Parsed: parsed-INBOX-uid-6611.json
2026-04-21T04:19:37.150Z [LOG] [parse_extracted_emails.js] Parsed: parsed-INBOX-uid-6612.json
2026-04-21T04:19:37.150Z [LOG] [parse_extracted_emails.js] Parsed: parsed-INBOX-uid-6613.json
2026-04-21T04:19:37.150Z [LOG] [parse_extracted_emails.js] Parsed: parsed-INBOX-uid-6614.json
2026-04-21T04:19:37.150Z [LOG] [parse_extracted_emails.js] Parsed: parsed-INBOX-uid-6615.json
2026-04-21T04:19:37.150Z [LOG] [parse_extracted_emails.js] Parsed: parsed-INBOX-uid-6616.json
2026-04-21T04:19:37.150Z [LOG] [parse_extracted_emails.js] Parsed: parsed-INBOX-uid-6617.json
2026-04-21T04:19:37.150Z [LOG] [parse_extracted_emails.js] Parsed: parsed-INBOX-uid-6618.json
2026-04-21T04:19:37.150Z [LOG] [parse_extracted_emails.js] Parsed: parsed-INBOX-uid-6619.json
2026-04-21T04:19:37.150Z [LOG] [parse_extracted_emails.js] Parsed: parsed-INBOX-uid-6620.json
2026-04-21T04:19:37.150Z [LOG] [parse_extracted_emails.js] Parsed: parsed-INBOX-uid-6621.json
2026-04-21T04:19:37.150Z [LOG] [parse_extracted_emails.js] Parsed: parsed-INBOX-uid-6622.json
2026-04-21T04:19:37.150Z [LOG] [parse_extracted_emails.js] Parsed: parsed-INBOX-uid-6627.json
2026-04-21T04:19:37.150Z [LOG] [parse_extracted_emails.js] Parsed: parsed-INBOX-uid-6633.json
2026-04-21T04:19:37.150Z [LOG] [parse_extracted_emails.js] Parsed: parsed-INBOX-uid-6634.json
2026-04-21T04:19:37.150Z [LOG] [parse_extracted_emails.js] Parsed: parsed-INBOX-uid-6635.json
2026-04-21T04:19:37.150Z [LOG] [parse_extracted_emails.js] Parsed: parsed-INBOX-uid-6636.json
2026-04-21T04:19:37.150Z [LOG] [parse_extracted_emails.js] Parsed: parsed-INBOX-uid-6637.json
2026-04-21T04:19:37.150Z [LOG] [parse_extracted_emails.js] Parsed: parsed-INBOX-uid-6638.json
2026-04-21T04:19:37.150Z [LOG] [parse_extracted_emails.js] Parsed: parsed-INBOX-uid-6639.json
2026-04-21T04:19:37.150Z [LOG] [parse_extracted_emails.js] Parsed: parsed-INBOX-uid-6640.json
2026-04-21T04:19:37.150Z [LOG] [parse_extracted_emails.js] Parsed: parsed-INBOX-uid-6641.json
2026-04-21T04:19:37.150Z [LOG] [parse_extracted_emails.js] Parsed: parsed-INBOX-uid-6647.json
2026-04-21T04:19:37.150Z [LOG] [parse_extracted_emails.js] Parsed: parsed-INBOX-uid-6648.json
2026-04-21T04:19:37.150Z [LOG] [parse_extracted_emails.js] Parsed: parsed-INBOX-uid-6649.json
2026-04-21T04:19:37.150Z [LOG] [parse_extracted_emails.js] Parsed: parsed-INBOX-uid-6650.json
2026-04-21T04:19:37.150Z [LOG] [parse_extracted_emails.js] Parsed: parsed-INBOX-uid-6652.json
2026-04-21T04:19:37.150Z [LOG] [parse_extracted_emails.js] Parsed: parsed-INBOX-uid-6653.json
2026-04-21T04:19:37.150Z [LOG] [parse_extracted_emails.js] Parsed: parsed-INBOX-uid-6654.json
2026-04-21T04:19:37.150Z [LOG] [parse_extracted_emails.js] Parsed: parsed-INBOX-uid-6655.json
2026-04-21T04:19:37.150Z [LOG] [parse_extracted_emails.js] Parsed: parsed-INBOX-uid-6664.json
2026-04-21T04:19:37.150Z [LOG] [parse_extracted_emails.js] Parsed: parsed-INBOX-uid-6666.json
2026-04-21T04:19:37.150Z [LOG] [parse_extracted_emails.js] Parsed: parsed-INBOX-uid-6667.json
2026-04-21T04:19:37.150Z [LOG] [parse_extracted_emails.js] Parsed: parsed-INBOX-uid-6668.json
2026-04-21T04:19:37.150Z [LOG] [parse_extracted_emails.js] Parsed: parsed-INBOX-uid-6669.json
2026-04-21T04:19:37.150Z [LOG] [parse_extracted_emails.js] Parsed: parsed-INBOX-uid-6670.json
2026-04-21T04:19:37.150Z [LOG] [parse_extracted_emails.js] Parsed: parsed-INBOX-uid-6671.json
2026-04-21T04:19:37.150Z [LOG] [parse_extracted_emails.js] Parsed: parsed-INBOX-uid-6672.json
2026-04-21T04:19:37.150Z [LOG] [parse_extracted_emails.js] Parsed: parsed-INBOX-uid-6673.json
2026-04-21T04:19:37.150Z [LOG] [parse_extracted_emails.js] Parsed: parsed-INBOX-uid-6674.json
2026-04-21T04:19:37.150Z [LOG] [parse_extracted_emails.js] Parsed: parsed-INBOX-uid-6675.json
2026-04-21T04:19:37.150Z [LOG] [parse_extracted_emails.js] Parsed: parsed-INBOX-uid-6676.json
2026-04-21T04:19:37.150Z [LOG] [parse_extracted_emails.js] Parsed: parsed-INBOX-uid-6677.json
2026-04-21T04:19:37.150Z [LOG] [parse_extracted_emails.js] Parsed: parsed-INBOX-uid-6678.json
2026-04-21T04:19:37.150Z [LOG] [parse_extracted_emails.js] Parsed: parsed-INBOX-uid-6679.json
2026-04-21T04:19:37.150Z [LOG] [parse_extracted_emails.js] Parsed: parsed-INBOX-uid-6680.json
2026-04-21T04:19:37.150Z [LOG] [parse_extracted_emails.js] Parsed: parsed-INBOX-uid-6681.json
2026-04-21T04:19:37.150Z [LOG] [parse_extracted_emails.js] Parsed: parsed-INBOX-uid-6682.json
2026-04-21T04:19:37.150Z [LOG] [parse_extracted_emails.js] Parsed: parsed-INBOX-uid-6683.json
2026-04-21T04:19:37.150Z [LOG] [parse_extracted_emails.js] Parsed: parsed-INBOX-uid-6684.json
2026-04-21T04:19:37.150Z [LOG] [parse_extracted_emails.js] Parsed: parsed-INBOX-uid-6685.json
2026-04-21T04:19:37.150Z [LOG] [parse_extracted_emails.js] Parsed: parsed-INBOX-uid-6686.json
2026-04-21T04:19:37.150Z [LOG] [parse_extracted_emails.js] Parsed: parsed-INBOX-uid-6687.json
2026-04-21T04:19:37.150Z [LOG] [parse_extracted_emails.js] Parsed: parsed-INBOX-uid-6688.json
2026-04-21T04:19:37.150Z [LOG] [parse_extracted_emails.js] Parsed: parsed-INBOX-uid-6689.json
2026-04-21T04:19:37.150Z [LOG] [parse_extracted_emails.js] Parsed: parsed-INBOX-uid-6690.json
2026-04-21T04:19:37.150Z [LOG] [parse_extracted_emails.js] Parsed: parsed-INBOX-uid-6692.json
2026-04-21T04:19:37.150Z [LOG] [parse_extracted_emails.js] Parsed: parsed-INBOX-uid-6693.json
2026-04-21T04:19:37.150Z [LOG] [parse_extracted_emails.js] Parsed: parsed-INBOX-uid-6694.json
2026-04-21T04:19:37.150Z [LOG] [parse_extracted_emails.js] Parsed: parsed-INBOX-uid-6695.json
2026-04-21T04:19:37.150Z [LOG] [parse_extracted_emails.js] Parsed: parsed-INBOX-uid-6696.json
2026-04-21T04:19:37.150Z [LOG] [parse_extracted_emails.js] Parsed: parsed-INBOX-uid-6697.json
2026-04-21T04:19:37.150Z [LOG] [parse_extracted_emails.js] Parsed: parsed-INBOX-uid-6698.json
2026-04-21T04:19:37.150Z [LOG] [parse_extracted_emails.js] Parsed: parsed-INBOX-uid-6699.json
2026-04-21T04:19:37.150Z [LOG] [parse_extracted_emails.js] Parsed: parsed-INBOX-uid-6700.json
2026-04-21T04:19:37.150Z [LOG] [parse_extracted_emails.js] Parsed: parsed-INBOX-uid-6701.json
2026-04-21T04:19:37.150Z [LOG] [parse_extracted_emails.js] Parsed: parsed-INBOX-uid-6702.json
2026-04-21T04:19:37.150Z [LOG] [parse_extracted_emails.js] Parsed: parsed-INBOX-uid-6703.json
2026-04-21T04:19:37.150Z [LOG] [parse_extracted_emails.js] Parsed: parsed-INBOX-uid-6704.json
2026-04-21T04:19:37.150Z [LOG] [parse_extracted_emails.js] Parsed: parsed-INBOX-uid-6705.json
2026-04-21T04:19:37.150Z [LOG] [parse_extracted_emails.js] Parsed: parsed-INBOX-uid-6706.json
2026-04-21T04:19:37.150Z [LOG] [parse_extracted_emails.js] Parsed: parsed-INBOX-uid-6707.json
2026-04-21T04:19:37.150Z [LOG] [parse_extracted_emails.js] Parsed: parsed-INBOX-uid-6708.json
2026-04-21T04:19:37.150Z [LOG] [parse_extracted_emails.js] Parsed: parsed-INBOX-uid-6709.json
2026-04-21T04:19:37.150Z [LOG] [parse_extracted_emails.js] Parsed: parsed-INBOX-uid-6710.json
2026-04-21T04:19:37.150Z [LOG] [parse_extracted_emails.js] Parsed: parsed-INBOX-uid-6711.json
2026-04-21T04:19:37.150Z [LOG] [parse_extracted_emails.js] Parsed: parsed-INBOX-uid-6718.json
2026-04-21T04:19:37.150Z [LOG] [parse_extracted_emails.js] Parsed: parsed-INBOX-uid-6722.json
2026-04-21T04:19:37.150Z [LOG] [parse_extracted_emails.js] Parsed: parsed-INBOX-uid-6723.json
2026-04-21T04:19:37.150Z [LOG] [parse_extracted_emails.js] Parsed: parsed-INBOX-uid-6725.json
2026-04-21T04:19:37.150Z [LOG] [parse_extracted_emails.js] Parsed: parsed-INBOX-uid-6726.json
2026-04-21T04:19:37.150Z [LOG] [parse_extracted_emails.js] Parsed: parsed-INBOX-uid-6729.json
2026-04-21T04:19:37.150Z [LOG] [parse_extracted_emails.js] Parsed: parsed-INBOX-uid-6730.json
2026-04-21T04:19:37.150Z [LOG] [parse_extracted_emails.js] Parsed: parsed-INBOX-uid-6732.json
2026-04-21T04:19:37.150Z [LOG] [parse_extracted_emails.js] Parsed: parsed-INBOX-uid-6733.json
2026-04-21T04:19:37.150Z [LOG] [parse_extracted_emails.js] Parsed: parsed-INBOX-uid-6734.json
2026-04-21T04:19:37.150Z [LOG] [parse_extracted_emails.js] Parsed: parsed-INBOX-uid-6735.json
2026-04-21T04:19:37.150Z [LOG] [parse_extracted_emails.js] Parsed: parsed-INBOX-uid-6736.json
2026-04-21T04:19:37.150Z [LOG] [parse_extracted_emails.js] Parsed: parsed-INBOX-uid-6737.json
2026-04-21T04:19:37.150Z [LOG] [parse_extracted_emails.js] Parsed: parsed-INBOX-uid-6738.json
2026-04-21T04:19:37.150Z [LOG] [parse_extracted_emails.js] Parsed: parsed-INBOX-uid-6748.json
2026-04-21T04:19:37.151Z [LOG] [parse_extracted_emails.js] Parsed: parsed-INBOX-uid-6749.json
2026-04-21T04:19:37.151Z [LOG] [parse_extracted_emails.js] Parsed: parsed-INBOX-uid-6750.json
2026-04-21T04:19:37.151Z [LOG] [parse_extracted_emails.js] Parsed: parsed-INBOX-uid-6751.json
2026-04-21T04:19:37.151Z [LOG] [parse_extracted_emails.js] Parsed: parsed-INBOX-uid-6752.json
2026-04-21T04:19:37.151Z [LOG] [parse_extracted_emails.js] Parsed: parsed-INBOX-uid-6753.json
2026-04-21T04:19:37.151Z [LOG] [parse_extracted_emails.js] Parsed: parsed-INBOX-uid-6754.json
2026-04-21T04:19:37.151Z [LOG] [parse_extracted_emails.js] Parsed: parsed-INBOX-uid-6755.json
2026-04-21T04:19:37.151Z [LOG] [parse_extracted_emails.js] Parsed: parsed-INBOX-uid-6756.json
2026-04-21T04:19:37.151Z [LOG] [parse_extracted_emails.js] Parsed: parsed-INBOX-uid-6757.json
2026-04-21T04:19:37.151Z [LOG] [parse_extracted_emails.js] Parsed: parsed-INBOX-uid-6758.json
2026-04-21T04:19:37.151Z [LOG] [parse_extracted_emails.js] Parsed: parsed-INBOX-uid-6759.json
2026-04-21T04:19:37.151Z [LOG] [parse_extracted_emails.js] Parsed: parsed-INBOX-uid-6760.json
2026-04-21T04:19:37.151Z [LOG] [parse_extracted_emails.js] Parsed: parsed-INBOX-uid-6761.json
2026-04-21T04:19:37.151Z [LOG] [parse_extracted_emails.js] Parsed: parsed-INBOX-uid-6762.json
2026-04-21T04:19:37.151Z [LOG] [parse_extracted_emails.js] Parsed: parsed-INBOX-uid-6763.json
2026-04-21T04:19:37.151Z [LOG] [parse_extracted_emails.js] Parsed: parsed-INBOX-uid-6764.json
2026-04-21T04:19:37.151Z [LOG] [parse_extracted_emails.js] Parsed: parsed-INBOX-uid-6765.json
2026-04-21T04:19:37.151Z [LOG] [parse_extracted_emails.js] Parsed: parsed-INBOX-uid-6766.json
2026-04-21T04:19:37.151Z [LOG] [parse_extracted_emails.js] Parsed: parsed-INBOX-uid-6767.json
2026-04-21T04:19:37.151Z [LOG] [parse_extracted_emails.js] Parsed: parsed-INBOX-uid-6768.json
2026-04-21T04:19:37.151Z [LOG] [parse_extracted_emails.js] Parsed: parsed-INBOX-uid-6769.json
2026-04-21T04:19:37.151Z [LOG] [parse_extracted_emails.js] Parsed: parsed-INBOX-uid-6770.json
2026-04-21T04:19:37.151Z [LOG] [parse_extracted_emails.js] Parsed: parsed-INBOX-uid-6771.json
2026-04-21T04:19:37.151Z [LOG] [parse_extracted_emails.js] Parsed: parsed-INBOX-uid-6772.json
2026-04-21T04:19:37.151Z [LOG] [parse_extracted_emails.js] Parsed: parsed-INBOX-uid-6773.json
2026-04-21T04:19:37.151Z [LOG] [parse_extracted_emails.js] Parsed: parsed-INBOX-uid-6774.json
2026-04-21T04:19:37.151Z [LOG] [parse_extracted_emails.js] Parsed: parsed-INBOX-uid-6775.json
2026-04-21T04:19:37.151Z [LOG] [parse_extracted_emails.js] Parsed: parsed-INBOX-uid-6776.json
2026-04-21T04:19:37.151Z [LOG] [parse_extracted_emails.js] Parsed: parsed-INBOX-uid-6777.json
2026-04-21T04:19:37.151Z [LOG] [parse_extracted_emails.js] Parsed: parsed-INBOX-uid-6778.json
2026-04-21T04:19:37.151Z [LOG] [parse_extracted_emails.js] Parsed: parsed-INBOX-uid-6779.json
2026-04-21T04:19:37.151Z [LOG] [parse_extracted_emails.js] Parsed: parsed-INBOX-uid-6780.json
2026-04-21T04:19:37.151Z [LOG] [parse_extracted_emails.js] Parsed: parsed-INBOX-uid-6781.json
2026-04-21T04:19:37.151Z [LOG] [parse_extracted_emails.js] Parsed: parsed-INBOX-uid-6782.json
2026-04-21T04:19:37.151Z [LOG] [parse_extracted_emails.js] Parsed: parsed-INBOX-uid-6783.json
2026-04-21T04:19:37.151Z [LOG] [parse_extracted_emails.js] Parsed: parsed-INBOX-uid-6784.json
2026-04-21T04:19:37.151Z [LOG] [parse_extracted_emails.js] Parsed: parsed-INBOX-uid-6785.json
2026-04-21T04:19:37.151Z [LOG] [parse_extracted_emails.js] Parsed: parsed-INBOX-uid-6786.json
2026-04-21T04:19:37.151Z [LOG] [parse_extracted_emails.js] Parsed: parsed-INBOX-uid-6787.json
2026-04-21T04:19:37.151Z [LOG] [parse_extracted_emails.js] Parsed: parsed-INBOX-uid-6788.json
2026-04-21T04:19:37.151Z [LOG] [parse_extracted_emails.js] Parsed: parsed-INBOX-uid-6789.json
2026-04-21T04:19:37.151Z [LOG] [parse_extracted_emails.js] Parsed: parsed-INBOX-uid-6790.json
2026-04-21T04:19:37.151Z [LOG] [parse_extracted_emails.js] Parsed: parsed-INBOX-uid-6791.json
2026-04-21T04:19:37.151Z [LOG] [parse_extracted_emails.js] Parsed: parsed-INBOX-uid-6792.json
2026-04-21T04:19:37.151Z [LOG] [parse_extracted_emails.js] Parsed: parsed-INBOX-uid-6793.json
2026-04-21T04:19:37.151Z [LOG] [parse_extracted_emails.js] Parsed: parsed-INBOX-uid-6794.json
2026-04-21T04:19:37.151Z [LOG] [parse_extracted_emails.js] Parsed: parsed-INBOX-uid-6795.json
2026-04-21T04:19:37.151Z [LOG] [parse_extracted_emails.js] Parsed: parsed-INBOX-uid-6796.json
2026-04-21T04:19:37.151Z [LOG] [parse_extracted_emails.js] Parsed: parsed-INBOX-uid-6797.json
2026-04-21T04:19:37.151Z [LOG] [parse_extracted_emails.js] Parsed: parsed-INBOX-uid-6798.json
2026-04-21T04:19:37.151Z [LOG] [parse_extracted_emails.js] Parsed: parsed-INBOX-uid-6799.json
2026-04-21T04:19:37.151Z [LOG] [parse_extracted_emails.js] Parsed: parsed-INBOX-uid-6800.json
2026-04-21T04:19:37.151Z [LOG] [parse_extracted_emails.js] Parsed: parsed-INBOX-uid-6801.json
2026-04-21T04:19:37.151Z [LOG] [parse_extracted_emails.js] Parsed: parsed-INBOX-uid-6802.json
2026-04-21T04:19:37.151Z [LOG] [parse_extracted_emails.js] Parsed: parsed-INBOX-uid-6803.json
2026-04-21T04:19:37.151Z [LOG] [parse_extracted_emails.js] Parsed: parsed-INBOX-uid-6804.json
2026-04-21T04:19:37.151Z [LOG] [parse_extracted_emails.js] Parsed: parsed-INBOX-uid-6805.json
2026-04-21T04:19:37.151Z [LOG] [parse_extracted_emails.js] Parsed: parsed-INBOX-uid-6806.json
2026-04-21T04:19:37.151Z [LOG] [parse_extracted_emails.js] Parsed: parsed-INBOX-uid-6807.json
2026-04-21T04:19:37.151Z [LOG] [parse_extracted_emails.js] Parsed: parsed-INBOX-uid-6808.json
2026-04-21T04:19:37.151Z [LOG] [parse_extracted_emails.js] Parsed: parsed-INBOX-uid-6809.json
2026-04-21T04:19:37.151Z [LOG] [parse_extracted_emails.js] Parsed: parsed-INBOX-uid-6810.json
2026-04-21T04:19:37.151Z [LOG] [parse_extracted_emails.js] Parsed: parsed-INBOX-uid-6811.json
2026-04-21T04:19:37.151Z [LOG] [parse_extracted_emails.js] Parsed: parsed-INBOX-uid-6812.json
2026-04-21T04:19:37.151Z [LOG] [parse_extracted_emails.js] Parsed: parsed-INBOX-uid-6813.json
2026-04-21T04:19:37.151Z [LOG] [parse_extracted_emails.js] Parsed: parsed-INBOX-uid-6814.json
2026-04-21T04:19:37.151Z [LOG] [parse_extracted_emails.js] Parsed: parsed-INBOX-uid-6815.json
2026-04-21T04:19:37.151Z [LOG] [parse_extracted_emails.js] Parsed: parsed-INBOX-uid-6816.json
2026-04-21T04:19:37.151Z [LOG] [parse_extracted_emails.js] Parsed: parsed-INBOX-uid-6817.json
2026-04-21T04:19:37.151Z [LOG] [parse_extracted_emails.js] Parsed: parsed-INBOX-uid-6818.json
2026-04-21T04:19:37.151Z [LOG] [parse_extracted_emails.js] Parsed: parsed-INBOX-uid-6819.json
2026-04-21T04:19:37.151Z [LOG] [parse_extracted_emails.js] Parsed: parsed-INBOX-uid-6820.json
2026-04-21T04:19:37.151Z [LOG] [parse_extracted_emails.js] Parsed: parsed-INBOX-uid-6821.json
2026-04-21T04:19:37.151Z [LOG] [parse_extracted_emails.js] Parsed: parsed-INBOX-uid-6822.json
2026-04-21T04:19:37.151Z [LOG] [parse_extracted_emails.js] Parsed: parsed-INBOX-uid-6823.json
2026-04-21T04:19:37.151Z [LOG] [parse_extracted_emails.js] Parsed: parsed-INBOX-uid-6824.json
2026-04-21T04:19:37.151Z [LOG] [parse_extracted_emails.js] Parsed: parsed-INBOX-uid-6825.json
2026-04-21T04:19:37.151Z [LOG] [parse_extracted_emails.js] Parsed: parsed-INBOX-uid-6826.json
2026-04-21T04:19:37.151Z [LOG] [parse_extracted_emails.js] Parsed: parsed-INBOX-uid-6827.json
2026-04-21T04:19:37.151Z [LOG] [parse_extracted_emails.js] Parsed: parsed-INBOX-uid-6828.json
2026-04-21T04:19:37.151Z [LOG] [parse_extracted_emails.js] Parsed: parsed-INBOX-uid-6829.json
2026-04-21T04:19:37.151Z [LOG] [parse_extracted_emails.js] Parsed: parsed-INBOX-uid-6830.json
2026-04-21T04:19:37.151Z [LOG] [parse_extracted_emails.js] Parsed: parsed-INBOX-uid-6831.json
2026-04-21T04:19:37.151Z [LOG] [parse_extracted_emails.js] Parsed: parsed-INBOX-uid-6832.json
2026-04-21T04:19:37.151Z [LOG] [parse_extracted_emails.js] Parsed: parsed-INBOX-uid-6833.json
2026-04-21T04:19:37.151Z [LOG] [parse_extracted_emails.js] Parsed: parsed-INBOX-uid-6834.json
2026-04-21T04:19:37.151Z [LOG] [parse_extracted_emails.js] Parsed: parsed-INBOX-uid-6835.json
2026-04-21T04:19:37.151Z [LOG] [parse_extracted_emails.js] Parsed: parsed-INBOX-uid-6836.json
2026-04-21T04:19:37.151Z [LOG] [parse_extracted_emails.js] Parsed: parsed-INBOX-uid-6837.json
2026-04-21T04:19:37.151Z [LOG] [parse_extracted_emails.js] Parsed: parsed-INBOX-uid-6838.json
2026-04-21T04:19:37.151Z [LOG] [parse_extracted_emails.js] Parsed: parsed-INBOX-uid-6839.json
2026-04-21T04:19:37.151Z [LOG] [parse_extracted_emails.js] Parsed: parsed-INBOX-uid-6840.json
2026-04-21T04:19:37.151Z [LOG] [parse_extracted_emails.js] Parsed: parsed-INBOX-uid-6841.json
2026-04-21T04:19:37.151Z [LOG] [parse_extracted_emails.js] Parsed: parsed-INBOX-uid-6842.json
2026-04-21T04:19:37.151Z [LOG] [parse_extracted_emails.js] Parsed: parsed-INBOX-uid-6843.json
2026-04-21T04:19:37.151Z [LOG] [parse_extracted_emails.js] Parsed: parsed-INBOX-uid-6844.json
2026-04-21T04:19:37.151Z [LOG] [parse_extracted_emails.js] Parsed: parsed-INBOX-uid-6845.json
2026-04-21T04:19:37.151Z [LOG] [parse_extracted_emails.js] Parsed: parsed-INBOX-uid-6846.json
2026-04-21T04:19:37.151Z [LOG] [parse_extracted_emails.js] Parsed: parsed-INBOX-uid-6847.json
2026-04-21T04:19:37.151Z [LOG] [parse_extracted_emails.js] Parsed: parsed-INBOX-uid-6848.json
2026-04-21T04:19:37.151Z [LOG] [parse_extracted_emails.js] Parsed: parsed-INBOX-uid-6849.json
2026-04-21T04:19:37.151Z [LOG] [parse_extracted_emails.js] Parsed: parsed-INBOX-uid-6850.json
2026-04-21T04:19:37.151Z [LOG] [parse_extracted_emails.js] Parsed: parsed-INBOX-uid-6851.json
2026-04-21T04:19:37.151Z [LOG] [parse_extracted_emails.js] Parsed: parsed-INBOX-uid-6852.json
2026-04-21T04:19:37.151Z [LOG] [parse_extracted_emails.js] Parsed: parsed-INBOX-uid-6853.json
2026-04-21T04:19:37.151Z [LOG] [parse_extracted_emails.js] Parsed: parsed-INBOX-uid-6854.json
2026-04-21T04:19:37.151Z [LOG] [parse_extracted_emails.js] Parsed: parsed-INBOX-uid-6855.json
2026-04-21T04:19:37.151Z [LOG] [parse_extracted_emails.js] Parsed: parsed-INBOX-uid-6856.json
2026-04-21T04:19:37.151Z [LOG] [parse_extracted_emails.js] Parsed: parsed-INBOX-uid-6857.json
2026-04-21T04:19:37.151Z [LOG] [parse_extracted_emails.js] Parsed: parsed-INBOX-uid-6858.json
2026-04-21T04:19:37.151Z [LOG] [parse_extracted_emails.js] Parsed: parsed-INBOX-uid-6859.json
2026-04-21T04:19:37.151Z [LOG] [parse_extracted_emails.js] Parsed: parsed-INBOX-uid-6860.json
2026-04-21T04:19:37.151Z [LOG] [parse_extracted_emails.js] Parsed: parsed-INBOX-uid-6861.json
2026-04-21T04:19:37.229Z [LOG] [parse_extracted_emails.js] Parsed: parsed-INBOX-uid-6862.json
2026-04-21T04:19:37.229Z [LOG] [parse_extracted_emails.js] Parsed: parsed-INBOX-uid-6863.json
2026-04-21T04:19:37.229Z [LOG] [parse_extracted_emails.js] Parsed: parsed-INBOX-uid-6864.json
2026-04-21T04:19:37.229Z [LOG] [parse_extracted_emails.js] Parsed: parsed-INBOX-uid-6865.json
2026-04-21T04:19:37.229Z [LOG] [parse_extracted_emails.js] Parsed: parsed-INBOX-uid-6866.json
2026-04-21T04:19:37.229Z [LOG] [parse_extracted_emails.js] Parsed: parsed-INBOX-uid-6867.json
2026-04-21T04:19:37.229Z [LOG] [parse_extracted_emails.js] Parsed: parsed-INBOX-uid-6868.json
2026-04-21T04:19:37.229Z [LOG] [parse_extracted_emails.js] Parsed: parsed-INBOX-uid-6869.json
2026-04-21T04:19:37.229Z [LOG] [parse_extracted_emails.js] Parsed: parsed-INBOX-uid-6870.json
2026-04-21T04:19:37.229Z [LOG] [parse_extracted_emails.js] Parsed: parsed-INBOX-uid-6871.json
2026-04-21T04:19:37.229Z [LOG] [parse_extracted_emails.js] Parsed: parsed-INBOX-uid-6872.json
2026-04-21T04:19:37.229Z [LOG] [parse_extracted_emails.js] Parsed: parsed-INBOX-uid-6873.json
2026-04-21T04:19:37.229Z [LOG] [parse_extracted_emails.js] Parsed: parsed-INBOX-uid-6874.json
2026-04-21T04:19:37.229Z [LOG] [parse_extracted_emails.js] Parsed: parsed-INBOX-uid-6875.json
2026-04-21T04:19:37.229Z [LOG] [parse_extracted_emails.js] Parsed: parsed-INBOX-uid-6907.json
2026-04-21T04:19:37.229Z [LOG] [parse_extracted_emails.js] Parsed: parsed-INBOX-uid-6908.json
2026-04-21T04:19:37.229Z [LOG] [parse_extracted_emails.js] Parsed: parsed-INBOX-uid-6909.json
2026-04-21T04:19:37.229Z [LOG] [parse_extracted_emails.js] Parsed: parsed-INBOX-uid-6910.json
2026-04-21T04:19:37.229Z [LOG] [parse_extracted_emails.js] Parsed: parsed-INBOX-uid-6911.json
2026-04-21T04:19:37.229Z [LOG] [parse_extracted_emails.js] Parsed: parsed-INBOX-uid-6912.json
2026-04-21T04:19:37.229Z [LOG] [parse_extracted_emails.js] Parsed: parsed-INBOX-uid-6913.json
2026-04-21T04:19:37.229Z [LOG] [parse_extracted_emails.js] Parsed: parsed-INBOX-uid-6914.json
2026-04-21T04:19:37.229Z [LOG] [parse_extracted_emails.js] Parsed: parsed-INBOX-uid-6915.json
2026-04-21T04:19:37.229Z [LOG] [parse_extracted_emails.js] Parsed: parsed-INBOX-uid-6916.json
2026-04-21T04:19:37.229Z [LOG] [parse_extracted_emails.js] Parsed: parsed-INBOX-uid-6917.json
2026-04-21T04:19:37.229Z [LOG] [parse_extracted_emails.js] Parsed: parsed-INBOX-uid-6918.json
2026-04-21T04:19:37.229Z [LOG] [parse_extracted_emails.js] Parsed: parsed-INBOX-uid-6919.json
2026-04-21T04:19:37.229Z [LOG] [parse_extracted_emails.js] Parsed: parsed-INBOX-uid-6920.json
2026-04-21T04:19:37.229Z [LOG] [parse_extracted_emails.js] Parsed: parsed-INBOX-uid-6921.json
2026-04-21T04:19:37.229Z [LOG] [parse_extracted_emails.js] Parsed: parsed-INBOX-uid-6922.json
2026-04-21T04:19:37.229Z [LOG] [parse_extracted_emails.js] Parsed: parsed-INBOX-uid-6923.json
2026-04-21T04:19:37.229Z [LOG] [parse_extracted_emails.js] Parsed: parsed-INBOX-uid-6924.json
2026-04-21T04:19:37.229Z [LOG] [parse_extracted_emails.js] Parsed: parsed-INBOX-uid-6925.json
2026-04-21T04:19:37.229Z [LOG] [parse_extracted_emails.js] Parsed: parsed-INBOX-uid-6926.json
2026-04-21T04:19:37.229Z [LOG] [parse_extracted_emails.js] Parsed: parsed-INBOX-uid-6927.json
2026-04-21T04:19:37.229Z [LOG] [parse_extracted_emails.js] Parsed: parsed-INBOX-uid-6928.json
2026-04-21T04:19:37.229Z [LOG] [parse_extracted_emails.js] Parsed: parsed-INBOX-uid-6929.json
2026-04-21T04:19:37.229Z [LOG] [parse_extracted_emails.js] Parsed: parsed-INBOX-uid-6930.json
2026-04-21T04:19:37.229Z [LOG] [parse_extracted_emails.js] Parsed: parsed-INBOX-uid-6931.json
2026-04-21T04:19:37.229Z [LOG] [parse_extracted_emails.js] Parsed: parsed-INBOX-uid-6932.json
2026-04-21T04:19:37.229Z [LOG] [parse_extracted_emails.js] Parsed: parsed-INBOX-uid-6933.json
2026-04-21T04:19:37.229Z [LOG] [parse_extracted_emails.js] Parsed: parsed-INBOX-uid-6934.json
2026-04-21T04:19:37.229Z [LOG] [parse_extracted_emails.js] Parsed: parsed-INBOX-uid-6935.json
2026-04-21T04:19:37.229Z [LOG] [parse_extracted_emails.js] Parsed: parsed-INBOX-uid-6936.json
2026-04-21T04:19:37.229Z [LOG] [parse_extracted_emails.js] Parsed: parsed-INBOX-uid-6937.json
2026-04-21T04:19:37.229Z [LOG] [parse_extracted_emails.js] Parsed: parsed-INBOX-uid-6938.json
2026-04-21T04:19:37.229Z [LOG] [parse_extracted_emails.js] Parsed: parsed-INBOX-uid-6939.json
2026-04-21T04:19:37.229Z [LOG] [parse_extracted_emails.js] Parsed: parsed-INBOX-uid-6940.json
2026-04-21T04:19:37.229Z [LOG] [parse_extracted_emails.js] Parsed: parsed-INBOX-uid-6941.json
2026-04-21T04:19:37.229Z [LOG] [parse_extracted_emails.js] Parsed: parsed-INBOX-uid-6942.json
2026-04-21T04:19:37.229Z [LOG] [parse_extracted_emails.js] Parsed: parsed-INBOX-uid-6943.json
2026-04-21T04:19:37.229Z [LOG] [parse_extracted_emails.js] Parsed: parsed-INBOX-uid-6945.json
2026-04-21T04:19:37.229Z [LOG] [parse_extracted_emails.js] Parsed: parsed-INBOX-uid-6946.json
2026-04-21T04:19:37.229Z [LOG] [parse_extracted_emails.js] Parsed: parsed-INBOX-uid-6947.json
2026-04-21T04:19:37.229Z [LOG] [parse_extracted_emails.js] Parsed: parsed-INBOX-uid-6948.json
2026-04-21T04:19:37.229Z [LOG] [parse_extracted_emails.js] Parsed: parsed-INBOX-uid-6949.json
2026-04-21T04:19:37.229Z [LOG] [parse_extracted_emails.js] Parsed: parsed-INBOX-uid-6950.json
2026-04-21T04:19:37.229Z [LOG] [parse_extracted_emails.js] Parsed: parsed-INBOX-uid-6951.json
2026-04-21T04:19:37.229Z [LOG] [parse_extracted_emails.js] Parsed: parsed-INBOX-uid-6952.json
2026-04-21T04:19:37.229Z [LOG] [parse_extracted_emails.js] Parsed: parsed-INBOX-uid-6953.json
2026-04-21T04:19:37.229Z [LOG] [parse_extracted_emails.js] Parsed: parsed-INBOX-uid-6954.json
2026-04-21T04:19:37.229Z [LOG] [parse_extracted_emails.js] Parsed: parsed-INBOX-uid-6955.json
2026-04-21T04:19:37.229Z [LOG] [parse_extracted_emails.js] Parsed: parsed-INBOX-uid-6956.json
2026-04-21T04:19:37.229Z [LOG] [parse_extracted_emails.js] Parsed: parsed-INBOX-uid-6957.json
2026-04-21T04:19:37.229Z [LOG] [parse_extracted_emails.js] Parsed: parsed-INBOX-uid-6958.json
2026-04-21T04:19:37.229Z [LOG] [parse_extracted_emails.js] Parsed: parsed-INBOX-uid-6959.json
2026-04-21T04:19:37.229Z [LOG] [parse_extracted_emails.js] Parsed: parsed-INBOX-uid-6960.json
2026-04-21T04:19:37.229Z [LOG] [parse_extracted_emails.js] Parsed: parsed-INBOX-uid-6961.json
2026-04-21T04:19:37.229Z [LOG] [parse_extracted_emails.js] Parsed: parsed-INBOX-uid-6962.json
2026-04-21T04:19:37.229Z [LOG] [parse_extracted_emails.js] Parsed: parsed-INBOX-uid-6963.json
2026-04-21T04:19:37.229Z [LOG] [parse_extracted_emails.js] Parsed: parsed-INBOX-uid-6964.json
2026-04-21T04:19:37.229Z [LOG] [parse_extracted_emails.js] Parsed: parsed-INBOX-uid-6965.json
2026-04-21T04:19:37.229Z [LOG] [parse_extracted_emails.js] Parsed: parsed-INBOX-uid-6966.json
2026-04-21T04:19:37.229Z [LOG] [parse_extracted_emails.js] Parsed: parsed-INBOX-uid-6967.json
2026-04-21T04:19:37.229Z [LOG] [parse_extracted_emails.js] Parsed: parsed-INBOX-uid-6968.json
2026-04-21T04:19:37.229Z [LOG] [parse_extracted_emails.js] Parsed: parsed-INBOX-uid-6969.json
2026-04-21T04:19:37.229Z [LOG] [parse_extracted_emails.js] Parsed: parsed-INBOX-uid-6970.json
2026-04-21T04:19:37.229Z [LOG] [parse_extracted_emails.js] Parsed: parsed-INBOX-uid-6971.json
2026-04-21T04:19:37.229Z [LOG] [parse_extracted_emails.js] Parsed: parsed-INBOX-uid-6972.json
2026-04-21T04:19:37.229Z [LOG] [parse_extracted_emails.js] Parsed: parsed-INBOX-uid-6973.json
2026-04-21T04:19:37.229Z [LOG] [parse_extracted_emails.js] Parsed: parsed-INBOX-uid-6974.json
2026-04-21T04:19:37.229Z [LOG] [parse_extracted_emails.js] Parsed: parsed-INBOX-uid-6975.json
2026-04-21T04:19:37.229Z [LOG] [parse_extracted_emails.js] Parsed: parsed-INBOX-uid-6976.json
2026-04-21T04:19:37.229Z [LOG] [parse_extracted_emails.js] Parsed: parsed-INBOX-uid-6977.json
2026-04-21T04:19:37.230Z [LOG] [parse_extracted_emails.js] Parsed: parsed-INBOX-uid-6978.json
2026-04-21T04:19:37.230Z [LOG] [parse_extracted_emails.js] Parsed: parsed-INBOX-uid-6979.json
2026-04-21T04:19:37.230Z [LOG] [parse_extracted_emails.js] Parsed: parsed-INBOX-uid-6980.json
2026-04-21T04:19:37.230Z [LOG] [parse_extracted_emails.js] Parsed: parsed-INBOX-uid-6981.json
2026-04-21T04:19:37.230Z [LOG] [parse_extracted_emails.js] Parsed: parsed-INBOX-uid-6982.json
2026-04-21T04:19:37.230Z [LOG] [parse_extracted_emails.js] Parsed: parsed-INBOX-uid-6983.json
2026-04-21T04:19:37.230Z [LOG] [parse_extracted_emails.js] Parsed: parsed-INBOX-uid-6984.json
2026-04-21T04:19:37.230Z [LOG] [parse_extracted_emails.js] Parsed: parsed-INBOX-uid-6985.json
2026-04-21T04:19:37.230Z [LOG] [parse_extracted_emails.js] Parsed: parsed-INBOX-uid-6986.json
2026-04-21T04:19:37.230Z [LOG] [parse_extracted_emails.js] Parsed: parsed-INBOX-uid-6987.json
2026-04-21T04:19:37.230Z [LOG] [parse_extracted_emails.js] Parsed: parsed-INBOX-uid-6988.json
2026-04-21T04:19:37.230Z [LOG] [parse_extracted_emails.js] Parsed: parsed-INBOX-uid-6989.json
2026-04-21T04:19:37.230Z [LOG] [parse_extracted_emails.js] Parsed: parsed-INBOX-uid-6990.json
2026-04-21T04:19:37.230Z [LOG] [parse_extracted_emails.js] Parsed: parsed-INBOX-uid-6991.json
2026-04-21T04:19:37.230Z [LOG] [parse_extracted_emails.js] Parsed: parsed-INBOX-uid-6992.json
2026-04-21T04:19:37.230Z [LOG] [parse_extracted_emails.js] Parsed: parsed-INBOX-uid-6993.json
2026-04-21T04:19:37.230Z [LOG] [parse_extracted_emails.js] Parsed: parsed-INBOX-uid-6996.json
2026-04-21T04:19:37.230Z [LOG] [parse_extracted_emails.js] Parsed: parsed-INBOX-uid-7006.json
2026-04-21T04:19:37.230Z [LOG] [parse_extracted_emails.js] Parsed: parsed-INBOX-uid-7007.json
2026-04-21T04:19:37.230Z [LOG] [parse_extracted_emails.js] Parsed: parsed-INBOX-uid-7008.json
2026-04-21T04:19:37.230Z [LOG] [parse_extracted_emails.js] Parsed: parsed-INBOX-uid-7009.json
2026-04-21T04:19:37.230Z [LOG] [parse_extracted_emails.js] Parsed: parsed-INBOX-uid-7010.json
2026-04-21T04:19:37.230Z [LOG] [parse_extracted_emails.js] Parsed: parsed-INBOX-uid-7011.json
2026-04-21T04:19:37.230Z [LOG] [parse_extracted_emails.js] Parsed: parsed-INBOX-uid-7012.json
2026-04-21T04:19:37.230Z [LOG] [parse_extracted_emails.js] Parsed: parsed-INBOX-uid-7013.json
2026-04-21T04:19:37.230Z [LOG] [parse_extracted_emails.js] Parsed: parsed-INBOX-uid-7014.json
2026-04-21T04:19:37.230Z [LOG] [parse_extracted_emails.js] Parsed: parsed-INBOX-uid-7015.json
2026-04-21T04:19:37.230Z [LOG] [parse_extracted_emails.js] Parsed: parsed-INBOX-uid-7016.json
2026-04-21T04:19:37.230Z [LOG] [parse_extracted_emails.js] Parsed: parsed-INBOX-uid-7017.json
2026-04-21T04:19:37.230Z [LOG] [parse_extracted_emails.js] Parsed: parsed-INBOX-uid-7018.json
2026-04-21T04:19:37.230Z [LOG] [parse_extracted_emails.js] Parsed: parsed-INBOX-uid-7019.json
2026-04-21T04:19:37.230Z [LOG] [parse_extracted_emails.js] Parsed: parsed-INBOX-uid-7020.json
2026-04-21T04:19:37.230Z [LOG] [parse_extracted_emails.js] Parsed: parsed-INBOX-uid-7021.json
2026-04-21T04:19:37.230Z [LOG] [parse_extracted_emails.js] Parsed: parsed-INBOX-uid-7022.json
2026-04-21T04:19:37.230Z [LOG] [parse_extracted_emails.js] Parsed: parsed-INBOX-uid-7023.json
2026-04-21T04:19:37.230Z [LOG] [parse_extracted_emails.js] Parsed: parsed-INBOX-uid-7024.json
2026-04-21T04:19:37.230Z [LOG] [parse_extracted_emails.js] Parsed: parsed-INBOX-uid-7025.json
2026-04-21T04:19:37.230Z [LOG] [parse_extracted_emails.js] Parsed: parsed-INBOX-uid-7026.json
2026-04-21T04:19:37.230Z [LOG] [parse_extracted_emails.js] Parsed: parsed-INBOX-uid-7028.json
2026-04-21T04:19:37.230Z [LOG] [parse_extracted_emails.js] Parsed: parsed-INBOX-uid-7029.json
2026-04-21T04:19:37.230Z [LOG] [parse_extracted_emails.js] Parsed: parsed-INBOX-uid-7030.json
2026-04-21T04:19:37.230Z [LOG] [parse_extracted_emails.js] Parsed: parsed-INBOX-uid-7031.json
2026-04-21T04:19:37.230Z [LOG] [parse_extracted_emails.js] Parsed: parsed-INBOX-uid-7032.json
2026-04-21T04:19:37.230Z [LOG] [parse_extracted_emails.js] Parsed: parsed-INBOX-uid-7033.json
2026-04-21T04:19:37.230Z [LOG] [parse_extracted_emails.js] Parsed: parsed-INBOX-uid-7034.json
2026-04-21T04:19:37.230Z [LOG] [parse_extracted_emails.js] Parsed: parsed-INBOX-uid-7035.json
2026-04-21T04:19:37.230Z [LOG] [parse_extracted_emails.js] Parsed: parsed-INBOX-uid-7036.json
2026-04-21T04:19:37.230Z [LOG] [parse_extracted_emails.js] Parsed: parsed-INBOX-uid-7037.json
2026-04-21T04:19:37.230Z [LOG] [parse_extracted_emails.js] Parsed: parsed-INBOX-uid-7038.json
2026-04-21T04:19:37.230Z [LOG] [parse_extracted_emails.js] Parsed: parsed-INBOX-uid-7040.json
2026-04-21T04:19:37.230Z [LOG] [parse_extracted_emails.js] Parsed: parsed-INBOX-uid-7049.json
2026-04-21T04:19:37.230Z [LOG] [parse_extracted_emails.js] Parsed: parsed-INBOX-uid-7050.json
2026-04-21T04:19:37.230Z [LOG] [parse_extracted_emails.js] Parsed: parsed-INBOX-uid-7051.json
2026-04-21T04:19:37.230Z [LOG] [parse_extracted_emails.js] Parsed: parsed-INBOX-uid-7052.json
2026-04-21T04:19:37.230Z [LOG] [parse_extracted_emails.js] Parsed: parsed-INBOX-uid-7053.json
2026-04-21T04:19:37.230Z [LOG] [parse_extracted_emails.js] Parsed: parsed-INBOX-uid-7054.json
2026-04-21T04:19:37.230Z [LOG] [parse_extracted_emails.js] Parsed: parsed-INBOX-uid-7055.json
2026-04-21T04:19:37.230Z [LOG] [parse_extracted_emails.js] Parsed: parsed-INBOX-uid-7056.json
2026-04-21T04:19:37.230Z [LOG] [parse_extracted_emails.js] Parsed: parsed-INBOX-uid-7057.json
2026-04-21T04:19:37.230Z [LOG] [parse_extracted_emails.js] Parsed: parsed-INBOX-uid-7058.json
2026-04-21T04:19:37.230Z [LOG] [parse_extracted_emails.js] Parsed: parsed-INBOX-uid-7059.json
2026-04-21T04:19:37.230Z [LOG] [parse_extracted_emails.js] Parsed: parsed-INBOX-uid-7060.json
2026-04-21T04:19:37.230Z [LOG] [parse_extracted_emails.js] Parsed: parsed-INBOX-uid-7061.json
2026-04-21T04:19:37.230Z [LOG] [parse_extracted_emails.js] Parsed: parsed-INBOX-uid-7062.json
2026-04-21T04:19:37.230Z [LOG] [parse_extracted_emails.js] Parsed: parsed-INBOX-uid-7063.json
2026-04-21T04:19:37.131Z [LOG] parse summary: total=1870, parsed=1621, alreadyParsed=0, missingFields=249, invalidMessageType=0, missingParser=0, parseErrors=6
2026-04-21T04:19:37.230Z [LOG] [parse_extracted_emails.js] done
2026-04-21T04:19:37.230Z [LOG] [pipeline #1] new emails parsed: 1621
2026-04-21T04:19:37.230Z [LOG] [build_cfs_csv_mawb.js] starting…
2026-04-21T04:19:37.417Z [LOG] Written 401 rows to CFS_mawb.csv
2026-04-21T04:19:37.420Z [LOG]   Rows with no FFM match (no flight data): 3
2026-04-21T04:19:37.424Z [LOG] [build_cfs_csv_mawb.js] done
2026-04-21T04:19:37.424Z [LOG] [build_cfs_csv_uld.js] starting…
2026-04-21T04:19:37.625Z [LOG] [build_cfs_csv_uld.js] Written 721 rows to /home/wesleywu9/tolead/NCAParser/server/data/outputs/parsed_tables/CFS_uld.csv
2026-04-21T04:19:37.625Z [LOG] [build_cfs_csv_uld.js]   Rows with no FFM match: 3
2026-04-21T04:19:37.625Z [LOG] [build_cfs_csv_uld.js]   Extra rows from MAWBs split across multiple ULDs: 320
2026-04-21T04:19:37.625Z [LOG] [build_cfs_csv_uld.js] done
2026-04-21T04:19:37.625Z [LOG] [build_cfs_csv_hawb.js] starting…
2026-04-21T04:19:37.820Z [LOG] Written 812 rows to CFS_hawb.csv
2026-04-21T04:19:37.822Z [LOG]   HAWB rows: 719
2026-04-21T04:19:37.822Z [LOG]   MAWB-only rows: 93
2026-04-21T04:19:37.828Z [LOG] [build_cfs_csv_hawb.js] done
2026-04-21T04:19:37.828Z [LOG] [upload_tables_to_sheets.js] starting…
2026-04-21T04:19:37.906Z [LOG] [mawb] Clearing 'CFS_by_MAWB'!A:AZ …
2026-04-21T04:19:38.780Z [LOG] [mawb] Writing 402 rows → 'CFS_by_MAWB'!A1 …
2026-04-21T04:19:41.628Z [LOG] [mawb] Applied sheet formatting and sorting
2026-04-21T04:19:41.628Z [LOG] [mawb] Done — 401 data rows uploaded.
2026-04-21T04:19:41.630Z [LOG] [uld] Clearing 'CFS_by_ULD'!A:AZ …
2026-04-21T04:19:42.135Z [LOG] [uld] Writing 722 rows → 'CFS_by_ULD'!A1 …
2026-04-21T04:19:45.207Z [LOG] [uld] Applied sheet formatting and sorting
2026-04-21T04:19:46.537Z [LOG] [uld] Applied ULD grouping formatting (641 ULD blocks)
2026-04-21T04:19:46.537Z [LOG] [uld] Done — 721 data rows uploaded.
2026-04-21T04:19:46.541Z [LOG] [hawb] Clearing 'CFS_by_HAWB'!A:AZ …
2026-04-21T04:19:47.093Z [LOG] [hawb] Writing 813 rows → 'CFS_by_HAWB'!A1 …
2026-04-21T04:19:49.302Z [LOG] [hawb] Applied sheet formatting and sorting
2026-04-21T04:19:50.246Z [LOG] [hawb] Applied MAWB grouping formatting (402 MAWB blocks)
2026-04-21T04:19:50.246Z [LOG] [hawb] Done — 812 data rows uploaded.
2026-04-21T04:19:50.254Z [LOG] [upload_tables_to_sheets.js] done
2026-04-21T04:19:50.255Z [LOG] [pipeline #1] pipeline complete
2026-04-21T04:21:07.424Z [LOG] Pipeline polling every 300s. Press Ctrl+C to stop.
2026-04-21T04:21:07.426Z [LOG] ────────────────────────────────────────────────────────────
2026-04-21T04:21:07.426Z [LOG] [pipeline #1] 2026-04-21T04:21:07.426Z
2026-04-21T04:21:07.427Z [LOG] [extract_emails.js] starting…
2026-04-21T04:21:10.758Z [LOG] extracted 0 email(s) this run
2026-04-21T04:21:11.021Z [LOG] extraction finished
2026-04-21T04:21:11.030Z [LOG] [extract_emails.js] done
2026-04-21T04:21:11.030Z [LOG] [pipeline #1] new emails extracted: 0
2026-04-21T04:21:11.030Z [LOG] [parse_extracted_emails.js] starting…
2026-04-21T04:21:11.097Z [LOG] parse summary: total=1870, parsed=0, alreadyParsed=1621, missingFields=249, invalidMessageType=0, missingParser=0, parseErrors=0
2026-04-21T04:21:11.103Z [LOG] [parse_extracted_emails.js] done
2026-04-21T04:21:11.103Z [LOG] [pipeline #1] new emails parsed: 0
2026-04-21T04:21:11.103Z [LOG] [pipeline #1] no new data — skipping CSV rebuild and Sheets upload
2026-04-21T04:26:11.204Z [LOG] ────────────────────────────────────────────────────────────
2026-04-21T04:26:11.204Z [LOG] [pipeline #2] 2026-04-21T04:26:11.204Z
2026-04-21T04:26:11.204Z [LOG] [extract_emails.js] starting…
2026-04-21T04:26:15.289Z [LOG] extracted 0 email(s) this run
2026-04-21T04:26:15.552Z [LOG] extraction finished
2026-04-21T04:26:15.562Z [LOG] [extract_emails.js] done
2026-04-21T04:26:15.562Z [LOG] [pipeline #2] new emails extracted: 0
2026-04-21T04:26:15.562Z [LOG] [parse_extracted_emails.js] starting…
2026-04-21T04:26:15.629Z [LOG] parse summary: total=1870, parsed=0, alreadyParsed=1621, missingFields=249, invalidMessageType=0, missingParser=0, parseErrors=0
2026-04-21T04:26:15.637Z [LOG] [parse_extracted_emails.js] done
2026-04-21T04:26:15.637Z [LOG] [pipeline #2] new emails parsed: 0
2026-04-21T04:26:15.637Z [LOG] [pipeline #2] no new data — skipping CSV rebuild and Sheets upload
2026-04-21T04:31:11.209Z [LOG] ────────────────────────────────────────────────────────────
2026-04-21T04:31:11.209Z [LOG] [pipeline #3] 2026-04-21T04:31:11.209Z
2026-04-21T04:31:11.209Z [LOG] [extract_emails.js] starting…
2026-04-21T04:31:14.595Z [LOG] extracted 0 email(s) this run
2026-04-21T04:31:14.867Z [LOG] extraction finished
2026-04-21T04:31:14.875Z [LOG] [extract_emails.js] done
2026-04-21T04:31:14.875Z [LOG] [pipeline #3] new emails extracted: 0
2026-04-21T04:31:14.875Z [LOG] [parse_extracted_emails.js] starting…
2026-04-21T04:31:14.933Z [LOG] parse summary: total=1870, parsed=0, alreadyParsed=1621, missingFields=249, invalidMessageType=0, missingParser=0, parseErrors=0
2026-04-21T04:31:14.938Z [LOG] [parse_extracted_emails.js] done
2026-04-21T04:31:14.938Z [LOG] [pipeline #3] new emails parsed: 0
2026-04-21T04:31:14.938Z [LOG] [pipeline #3] no new data — skipping CSV rebuild and Sheets upload
2026-04-21T04:36:11.211Z [LOG] ────────────────────────────────────────────────────────────
2026-04-21T04:36:11.211Z [LOG] [pipeline #4] 2026-04-21T04:36:11.211Z
2026-04-21T04:36:11.211Z [LOG] [extract_emails.js] starting…
2026-04-21T04:36:14.643Z [LOG] extracted 0 email(s) this run
2026-04-21T04:36:14.872Z [LOG] extraction finished
2026-04-21T04:36:14.882Z [LOG] [extract_emails.js] done
2026-04-21T04:36:14.882Z [LOG] [pipeline #4] new emails extracted: 0
2026-04-21T04:36:14.882Z [LOG] [parse_extracted_emails.js] starting…
2026-04-21T04:36:14.938Z [LOG] parse summary: total=1870, parsed=0, alreadyParsed=1621, missingFields=249, invalidMessageType=0, missingParser=0, parseErrors=0
2026-04-21T04:36:14.944Z [LOG] [parse_extracted_emails.js] done
2026-04-21T04:36:14.944Z [LOG] [pipeline #4] new emails parsed: 0
2026-04-21T04:36:14.944Z [LOG] [pipeline #4] no new data — skipping CSV rebuild and Sheets upload
2026-04-21T04:41:11.216Z [LOG] ────────────────────────────────────────────────────────────
2026-04-21T04:41:11.216Z [LOG] [pipeline #5] 2026-04-21T04:41:11.216Z
2026-04-21T04:41:11.216Z [LOG] [extract_emails.js] starting…
2026-04-21T04:41:15.258Z [LOG] extracted 0 email(s) this run
2026-04-21T04:41:15.552Z [LOG] extraction finished
2026-04-21T04:41:15.561Z [LOG] [extract_emails.js] done
2026-04-21T04:41:15.561Z [LOG] [pipeline #5] new emails extracted: 0
2026-04-21T04:41:15.561Z [LOG] [parse_extracted_emails.js] starting…
2026-04-21T04:41:15.620Z [LOG] parse summary: total=1870, parsed=0, alreadyParsed=1621, missingFields=249, invalidMessageType=0, missingParser=0, parseErrors=0
2026-04-21T04:41:15.627Z [LOG] [parse_extracted_emails.js] done
2026-04-21T04:41:15.627Z [LOG] [pipeline #5] new emails parsed: 0
2026-04-21T04:41:15.627Z [LOG] [pipeline #5] no new data — skipping CSV rebuild and Sheets upload
2026-04-21T04:46:11.220Z [LOG] ────────────────────────────────────────────────────────────
2026-04-21T04:46:11.220Z [LOG] [pipeline #6] 2026-04-21T04:46:11.220Z
2026-04-21T04:46:11.220Z [LOG] [extract_emails.js] starting…
2026-04-21T04:46:14.693Z [LOG] extracted 0 email(s) this run
2026-04-21T04:46:14.967Z [LOG] extraction finished
2026-04-21T04:46:14.976Z [LOG] [extract_emails.js] done
2026-04-21T04:46:14.976Z [LOG] [pipeline #6] new emails extracted: 0
2026-04-21T04:46:14.976Z [LOG] [parse_extracted_emails.js] starting…
2026-04-21T04:46:15.029Z [LOG] parse summary: total=1870, parsed=0, alreadyParsed=1621, missingFields=249, invalidMessageType=0, missingParser=0, parseErrors=0
2026-04-21T04:46:15.036Z [LOG] [parse_extracted_emails.js] done
2026-04-21T04:46:15.036Z [LOG] [pipeline #6] new emails parsed: 0
2026-04-21T04:46:15.036Z [LOG] [pipeline #6] no new data — skipping CSV rebuild and Sheets upload
2026-04-21T04:51:11.223Z [LOG] ────────────────────────────────────────────────────────────
2026-04-21T04:51:11.224Z [LOG] [pipeline #7] 2026-04-21T04:51:11.224Z
2026-04-21T04:51:11.224Z [LOG] [extract_emails.js] starting…
2026-04-21T04:51:14.764Z [LOG] extracted 0 email(s) this run
2026-04-21T04:51:15.004Z [LOG] extraction finished
2026-04-21T04:51:15.014Z [LOG] [extract_emails.js] done
2026-04-21T04:51:15.014Z [LOG] [pipeline #7] new emails extracted: 0
2026-04-21T04:51:15.014Z [LOG] [parse_extracted_emails.js] starting…
2026-04-21T04:51:15.073Z [LOG] parse summary: total=1870, parsed=0, alreadyParsed=1621, missingFields=249, invalidMessageType=0, missingParser=0, parseErrors=0
2026-04-21T04:51:15.080Z [LOG] [parse_extracted_emails.js] done
2026-04-21T04:51:15.080Z [LOG] [pipeline #7] new emails parsed: 0
2026-04-21T04:51:15.080Z [LOG] [pipeline #7] no new data — skipping CSV rebuild and Sheets upload
2026-04-21T04:56:11.226Z [LOG] ────────────────────────────────────────────────────────────
2026-04-21T04:56:11.227Z [LOG] [pipeline #8] 2026-04-21T04:56:11.227Z
2026-04-21T04:56:11.227Z [LOG] [extract_emails.js] starting…
2026-04-21T04:56:15.304Z [LOG] extracted 0 email(s) this run
2026-04-21T04:56:15.649Z [LOG] extraction finished
2026-04-21T04:56:15.655Z [LOG] [extract_emails.js] done
2026-04-21T04:56:15.655Z [LOG] [pipeline #8] new emails extracted: 0
2026-04-21T04:56:15.655Z [LOG] [parse_extracted_emails.js] starting…
2026-04-21T04:56:15.697Z [LOG] parse summary: total=1870, parsed=0, alreadyParsed=1621, missingFields=249, invalidMessageType=0, missingParser=0, parseErrors=0
2026-04-21T04:56:15.701Z [LOG] [parse_extracted_emails.js] done
2026-04-21T04:56:15.701Z [LOG] [pipeline #8] new emails parsed: 0
2026-04-21T04:56:15.701Z [LOG] [pipeline #8] no new data — skipping CSV rebuild and Sheets upload
2026-04-21T05:01:11.228Z [LOG] ────────────────────────────────────────────────────────────
2026-04-21T05:01:11.229Z [LOG] [pipeline #9] 2026-04-21T05:01:11.229Z
2026-04-21T05:01:11.229Z [LOG] [extract_emails.js] starting…
2026-04-21T05:01:14.903Z [LOG] extracted 0 email(s) this run
2026-04-21T05:01:15.172Z [LOG] extraction finished
2026-04-21T05:01:15.179Z [LOG] [extract_emails.js] done
2026-04-21T05:01:15.179Z [LOG] [pipeline #9] new emails extracted: 0
2026-04-21T05:01:15.179Z [LOG] [parse_extracted_emails.js] starting…
2026-04-21T05:01:15.220Z [LOG] parse summary: total=1870, parsed=0, alreadyParsed=1621, missingFields=249, invalidMessageType=0, missingParser=0, parseErrors=0
2026-04-21T05:01:15.224Z [LOG] [parse_extracted_emails.js] done
2026-04-21T05:01:15.224Z [LOG] [pipeline #9] new emails parsed: 0
2026-04-21T05:01:15.224Z [LOG] [pipeline #9] no new data — skipping CSV rebuild and Sheets upload
2026-04-21T05:06:11.231Z [LOG] ────────────────────────────────────────────────────────────
2026-04-21T05:06:11.231Z [LOG] [pipeline #10] 2026-04-21T05:06:11.231Z
2026-04-21T05:06:11.231Z [LOG] [extract_emails.js] starting…
2026-04-21T05:06:15.318Z [LOG] extracted 0 email(s) this run
2026-04-21T05:06:15.615Z [LOG] extraction finished
2026-04-21T05:06:15.621Z [LOG] [extract_emails.js] done
2026-04-21T05:06:15.621Z [LOG] [pipeline #10] new emails extracted: 0
2026-04-21T05:06:15.621Z [LOG] [parse_extracted_emails.js] starting…
2026-04-21T05:06:15.661Z [LOG] parse summary: total=1870, parsed=0, alreadyParsed=1621, missingFields=249, invalidMessageType=0, missingParser=0, parseErrors=0
2026-04-21T05:06:15.665Z [LOG] [parse_extracted_emails.js] done
2026-04-21T05:06:15.665Z [LOG] [pipeline #10] new emails parsed: 0
2026-04-21T05:06:15.665Z [LOG] [pipeline #10] no new data — skipping CSV rebuild and Sheets upload
